{
  "overall": {
    "query_count": 46,
    "aligned_query_count": 46,
    "alignment_rate": 1.0,
    "mean_identity": 0.9995539276605313,
    "mean_coverage": 1.0000659121670492,
    "mean_mapq": 60.0,
    "mean_alignment_score": 128845.0
  },
  "per_gene": {
    "APP": {
      "sequence_count": 10,
      "aligned_sequences": 10,
      "mean_identity": 0.9997560160645831,
      "mean_coverage": 1.0000478355283762,
      "mean_mapq": 60.0,
      "mean_alignment_score": 290522.0
    },
    "PSEN1": {
      "sequence_count": 32,
      "aligned_sequences": 32,
      "mean_identity": 0.9994371889223328,
      "mean_coverage": 1.0001167290428568,
      "mean_mapq": 60.0,
      "mean_alignment_score": 87235.9375
    },
    "PSEN2": {
      "sequence_count": 4,
      "aligned_sequences": 4,
      "mean_identity": 0.9999826165559921,
      "mean_coverage": 0.9997045687572772,
      "mean_mapq": 60.0,
      "mean_alignment_score": 57525.0
    }
  }
}