{
  "query_fasta": "/home/avis/code/Pan-Aligner/data/healthy/psen2/PSEN2_H_1.fa",
  "selected_gene": "PSEN2",
  "prediction": "HEALTHY",
  "confidence": 4.346265106299241e-06,
  "healthy_score": 0.999881827502911,
  "unhealthy_score": 0.9998731360376875,
  "tie_like": false,
  "gene_detection": {},
  "combined_alignment": {
    "available": true,
    "query_name": "PSEN2_H_1",
    "normalized_score": 0.9997045687572772,
    "identity": 1.0,
    "coverage": 0.9997045687572772,
    "mapping_quality": 60,
    "path": ">ref|NC_000001.11|:226870184-226927726:0-415>PSEN2_H_1:415-416>ref|NC_000001.11|:226870184-226927726:416-57543",
    "traversed_nodes": [
      "ref|NC_000001.11|:226870184-226927726:0-415",
      "PSEN2_H_1:415-416",
      "ref|NC_000001.11|:226870184-226927726:416-57543"
    ],
    "path_span": 57526,
    "alignment_score": 57526.0
  },
  "class_alignments": {
    "HEALTHY": {
      "available": true,
      "query_name": "PSEN2_H_1",
      "normalized_score": 0.9997045687572772,
      "identity": 1.0,
      "coverage": 0.9997045687572772,
      "mapping_quality": 60,
      "path": ">ref|NC_000001.11|:226870184-226927726:0-415>PSEN2_H_1:415-416>ref|NC_000001.11|:226870184-226927726:416-57543",
      "traversed_nodes": [
        "ref|NC_000001.11|:226870184-226927726:0-415",
        "PSEN2_H_1:415-416",
        "ref|NC_000001.11|:226870184-226927726:416-57543"
      ],
      "path_span": 57526,
      "alignment_score": 57526.0
    },
    "UNHEALTHY": {
      "available": true,
      "query_name": "PSEN2_H_1",
      "normalized_score": 0.9996871904488817,
      "identity": 0.9999826165559921,
      "coverage": 0.9997045687572772,
      "mapping_quality": 60,
      "path": "ref|NC_000001.11|:226870184-226927726",
      "traversed_nodes": [
        "ref|NC_000001.11|:226870184-226927726"
      ],
      "path_span": 57526,
      "alignment_score": 57525.0
    }
  },
  "matched_regions": {
    "predicted_class_nodes": [
      "ref|NC_000001.11|:226870184-226927726:0-415",
      "PSEN2_H_1:415-416",
      "ref|NC_000001.11|:226870184-226927726:416-57543"
    ],
    "combined_graph_nodes": [
      "ref|NC_000001.11|:226870184-226927726:0-415",
      "PSEN2_H_1:415-416",
      "ref|NC_000001.11|:226870184-226927726:416-57543"
    ]
  },
  "explanation": "Gene inference selected PSEN2. The best healthy-graph alignment had higher composite evidence (healthy=0.9999, unhealthy=0.9999) using identity, coverage, MAPQ, and normalized alignment score."
}