source,target,haplotype_count,path_support_fraction,source_transition_agreement,consistency_score
n1,n13,4,1.0,1.0,1.0
n1,n2,4,1.0,1.0,1.0
n1,n4,4,1.0,1.0,1.0
n10,n817,3,0.75,1.0,0.875
n100,n314,4,1.0,1.0,1.0
n1000,n12,4,1.0,1.0,1.0
n10000,n2910,4,1.0,1.0,1.0
n10001,n9604,4,1.0,1.0,1.0
n10002,n11504,4,1.0,1.0,1.0
n10003,n3147,3,0.75,1.0,0.875
n10004,n12118,4,1.0,1.0,1.0
n10005,n9614,4,1.0,1.0,1.0
n10006,n3405,4,1.0,1.0,1.0
n10007,n8475,4,1.0,1.0,1.0
n10008,n13549,3,0.75,1.0,0.875
n10009,n3519,4,1.0,1.0,1.0
n1001,n3798,4,1.0,1.0,1.0
n10010,n9632,4,1.0,1.0,1.0
n10011,n3603,4,1.0,1.0,1.0
n10012,n1201,4,1.0,1.0,1.0
n10012,n1204,4,1.0,1.0,1.0
n10012,n8450,3,0.75,0.75,0.75
n10012,n8451,4,1.0,1.0,1.0
n10013,n9640,3,0.75,1.0,0.875
n10014,n9642,4,1.0,1.0,1.0
n10015,n14827,3,0.75,1.0,0.875
n10016,n7964,4,1.0,1.0,1.0
n10017,n3745,4,1.0,1.0,1.0
n10018,n9460,4,1.0,1.0,1.0
n10019,n9652,4,1.0,1.0,1.0
n1002,n381,4,1.0,1.0,1.0
n10020,n644,3,0.75,1.0,0.875
n10021,n935,3,0.75,1.0,0.875
n10022,n8550,4,1.0,1.0,1.0
n10023,n4263,4,1.0,1.0,1.0
n10024,n14458,4,1.0,1.0,1.0
n10025,n2010,3,0.75,1.0,0.875
n10026,n9685,4,1.0,1.0,1.0
n10027,n9692,3,0.75,1.0,0.875
n10028,n8921,4,1.0,1.0,1.0
n10029,n4551,3,0.75,1.0,0.875
n1003,n3806,3,0.75,1.0,0.875
n10030,n4617,4,1.0,1.0,1.0
n10031,n9914,4,1.0,1.0,1.0
n10032,n10387,3,0.75,1.0,0.875
n10033,n13840,3,0.75,1.0,0.875
n10034,n4784,4,1.0,1.0,1.0
n10035,n3168,4,1.0,1.0,1.0
n10036,n8690,3,0.75,1.0,0.875
n10037,n4901,3,0.75,1.0,0.875
n10038,n13792,3,0.75,1.0,0.875
n10039,n8716,4,1.0,1.0,1.0
n1004,n14396,3,0.75,1.0,0.875
n10040,n9726,3,0.75,1.0,0.875
n10041,n4979,3,0.75,1.0,0.875
n10042,n6276,3,0.75,1.0,0.875
n10043,n5228,3,0.75,1.0,0.875
n10044,n9509,4,1.0,1.0,1.0
n10045,n5263,4,1.0,1.0,1.0
n10046,n5359,4,1.0,1.0,1.0
n10047,n4145,4,1.0,1.0,1.0
n10048,n5196,3,0.75,1.0,0.875
n10049,n4776,3,0.75,1.0,0.875
n1005,n14437,4,1.0,1.0,1.0
n10050,n3394,4,1.0,1.0,1.0
n10051,n9767,3,0.75,1.0,0.875
n10052,n5624,4,1.0,1.0,1.0
n10053,n8636,3,0.75,1.0,0.875
n10054,n9776,4,1.0,1.0,1.0
n10055,n7152,4,1.0,1.0,1.0
n10056,n9770,4,1.0,1.0,1.0
n10057,n9815,4,1.0,1.0,1.0
n10058,n5717,3,0.75,1.0,0.875
n10059,n6908,3,0.75,1.0,0.875
n1006,n8437,4,1.0,1.0,1.0
n10060,n8982,3,0.75,1.0,0.875
n10061,n9625,4,1.0,1.0,1.0
n10062,n13977,4,1.0,1.0,1.0
n10063,n7184,4,1.0,1.0,1.0
n10064,n12104,3,0.75,1.0,0.875
n10065,n9809,4,1.0,1.0,1.0
n10066,n9023,4,1.0,1.0,1.0
n10067,n14069,3,0.75,1.0,0.875
n10068,n9032,3,0.75,1.0,0.875
n10069,n9827,3,0.75,1.0,0.875
n1007,n12133,4,1.0,1.0,1.0
n10070,n10110,4,1.0,1.0,1.0
n10071,n6291,4,1.0,1.0,1.0
n10072,n10394,4,1.0,1.0,1.0
n10072,n10399,4,1.0,1.0,1.0
n10073,n6356,3,0.75,1.0,0.875
n10074,n11996,3,0.75,1.0,0.875
n10075,n12130,3,0.75,1.0,0.875
n10075,n770,3,0.75,1.0,0.875
n10076,n6491,3,0.75,1.0,0.875
n10077,n12225,4,1.0,1.0,1.0
n10078,n4510,3,0.75,1.0,0.875
n10079,n4088,4,1.0,1.0,1.0
n1008,n12358,4,1.0,1.0,1.0
n10080,n9862,4,1.0,1.0,1.0
n10081,n12791,4,1.0,1.0,1.0
n10082,n9194,3,0.75,1.0,0.875
n10083,n9876,3,0.75,1.0,0.875
n10084,n8320,3,0.75,1.0,0.875
n10085,n8822,4,1.0,1.0,1.0
n10086,n13487,3,0.75,1.0,0.875
n10087,n9244,4,1.0,1.0,1.0
n10088,n9890,4,1.0,1.0,1.0
n10089,n9297,4,1.0,1.0,1.0
n1009,n3828,4,1.0,1.0,1.0
n10090,n9299,4,1.0,1.0,1.0
n10091,n11285,4,1.0,1.0,1.0
n10092,n14725,3,0.75,1.0,0.875
n10092,n9915,3,0.75,1.0,0.875
n10093,n9341,3,0.75,1.0,0.875
n10094,n9922,4,1.0,1.0,1.0
n10095,n9348,4,1.0,1.0,1.0
n10096,n9929,4,1.0,1.0,1.0
n10097,n2069,3,0.75,1.0,0.875
n10098,n627,3,0.75,1.0,0.875
n10099,n7659,4,1.0,1.0,1.0
n101,n11382,4,1.0,1.0,1.0
n101,n318,3,0.75,0.75,0.75
n1010,n15256,4,1.0,1.0,1.0
n10100,n1287,4,1.0,1.0,1.0
n10101,n9943,3,0.75,1.0,0.875
n10102,n9419,3,0.75,1.0,0.875
n10103,n9366,4,1.0,1.0,1.0
n10104,n9432,4,1.0,1.0,1.0
n10105,n9438,4,1.0,1.0,1.0
n10106,n1251,4,1.0,1.0,1.0
n10107,n7884,4,1.0,1.0,1.0
n10108,n1276,3,0.75,1.0,0.875
n10109,n7896,4,1.0,1.0,1.0
n1011,n12744,4,1.0,1.0,1.0
n10110,n9969,4,1.0,1.0,1.0
n10111,n8059,4,1.0,1.0,1.0
n10112,n2907,4,1.0,1.0,1.0
n10113,n4680,3,0.75,1.0,0.875
n10114,n9539,3,0.75,1.0,0.875
n10115,n7888,4,1.0,1.0,1.0
n10116,n9987,3,0.75,1.0,0.875
n10117,n2460,3,0.75,1.0,0.875
n10118,n8407,4,1.0,1.0,1.0
n10119,n8236,3,0.75,0.75,0.75
n10119,n9581,4,1.0,1.0,1.0
n1012,n7035,3,0.75,1.0,0.875
n10120,n10172,4,1.0,1.0,1.0
n10121,n11049,3,0.75,1.0,0.875
n10122,n10895,4,1.0,1.0,1.0
n10123,n8351,3,0.75,1.0,0.875
n10124,n3857,3,0.75,1.0,0.875
n10125,n3556,3,0.75,1.0,0.875
n10126,n14363,4,1.0,1.0,1.0
n10127,n3692,3,0.75,1.0,0.875
n10128,n3738,4,1.0,1.0,1.0
n10129,n3988,4,1.0,1.0,1.0
n1013,n13052,4,1.0,1.0,1.0
n10130,n10020,3,0.75,1.0,0.875
n10131,n8546,4,1.0,1.0,1.0
n10132,n4194,4,1.0,1.0,1.0
n10133,n6432,3,0.75,1.0,0.875
n10134,n8602,3,0.75,1.0,0.875
n10135,n10029,3,0.75,1.0,0.875
n10136,n10033,3,0.75,1.0,0.875
n10137,n4904,4,1.0,1.0,1.0
n10138,n8734,4,1.0,1.0,1.0
n10139,n4591,3,0.75,1.0,0.875
n1014,n14913,4,1.0,1.0,1.0
n10140,n5349,3,0.75,1.0,0.875
n10141,n9766,4,1.0,1.0,1.0
n10142,n10053,3,0.75,1.0,0.875
n10143,n6131,4,1.0,1.0,1.0
n10144,n9784,4,1.0,1.0,1.0
n10145,n13950,4,1.0,1.0,1.0
n10146,n9801,4,1.0,1.0,1.0
n10147,n10063,4,1.0,1.0,1.0
n10148,n10067,3,0.75,1.0,0.875
n10149,n8654,4,1.0,1.0,1.0
n1015,n9681,4,1.0,1.0,1.0
n10150,n15534,4,1.0,1.0,1.0
n10151,n6940,4,1.0,1.0,1.0
n10152,n9212,4,1.0,1.0,1.0
n10153,n13416,3,0.75,1.0,0.875
n10154,n11835,4,1.0,1.0,1.0
n10155,n9918,3,0.75,1.0,0.875
n10156,n14870,4,1.0,1.0,1.0
n10157,n4671,3,0.75,1.0,0.875
n10158,n3590,4,1.0,1.0,1.0
n10159,n9643,3,0.75,1.0,0.875
n1016,n3854,4,1.0,1.0,1.0
n10160,n8723,4,1.0,1.0,1.0
n10161,n10050,4,1.0,1.0,1.0
n10162,n10064,3,0.75,1.0,0.875
n10163,n10148,3,0.75,1.0,0.875
n10164,n10068,3,0.75,1.0,0.875
n10165,n10151,4,1.0,1.0,1.0
n10166,n9896,3,0.75,1.0,0.875
n10167,n10173,3,0.75,1.0,0.875
n10168,n10334,3,0.75,1.0,0.875
n10169,n10178,4,1.0,1.0,1.0
n1017,n9627,3,0.75,1.0,0.875
n10170,n13473,4,1.0,1.0,1.0
n10171,n10236,3,0.75,1.0,0.875
n10172,n10192,4,1.0,1.0,1.0
n10173,n4299,3,0.75,1.0,0.875
n10174,n10889,4,1.0,1.0,1.0
n10175,n10219,4,1.0,1.0,1.0
n10176,n10358,3,0.75,1.0,0.875
n10177,n13204,3,0.75,1.0,0.875
n10178,n10222,3,0.75,0.75,0.75
n10178,n10885,4,1.0,1.0,1.0
n10179,n10381,4,1.0,1.0,1.0
n1018,n14186,3,0.75,1.0,0.875
n10180,n11036,4,1.0,1.0,1.0
n10181,n10232,3,0.75,1.0,0.875
n10182,n10238,4,1.0,1.0,1.0
n10183,n3944,4,1.0,1.0,1.0
n10184,n6109,4,1.0,1.0,1.0
n10185,n14864,3,0.75,1.0,0.875
n10186,n13445,4,1.0,1.0,1.0
n10187,n15024,4,1.0,1.0,1.0
n10188,n10469,4,1.0,1.0,1.0
n10189,n13953,4,1.0,1.0,1.0
n1019,n14628,4,1.0,1.0,1.0
n10190,n380,4,1.0,1.0,1.0
n10191,n10262,4,1.0,1.0,1.0
n10192,n10274,4,1.0,1.0,1.0
n10193,n9262,4,1.0,1.0,1.0
n10194,n11978,4,1.0,1.0,1.0
n10195,n10329,4,1.0,1.0,1.0
n10196,n12012,4,1.0,1.0,1.0
n10197,n10641,4,1.0,1.0,1.0
n10198,n2171,3,0.75,1.0,0.875
n10199,n10306,3,0.75,1.0,0.875
n102,n3643,4,1.0,1.0,1.0
n1020,n15487,4,1.0,1.0,1.0
n1020,n5523,4,1.0,1.0,1.0
n10200,n2654,3,0.75,1.0,0.875
n10201,n12285,4,1.0,1.0,1.0
n10202,n5009,4,1.0,1.0,1.0
n10203,n10314,3,0.75,0.75,0.75
n10203,n10691,4,1.0,1.0,1.0
n10204,n12500,4,1.0,1.0,1.0
n10205,n10705,3,0.75,1.0,0.875
n10206,n10317,1,0.25,1.0,0.625
n10207,n10343,4,1.0,1.0,1.0
n10208,n12566,3,0.75,1.0,0.875
n10209,n5986,4,1.0,1.0,1.0
n1021,n6486,4,1.0,1.0,1.0
n10210,n7232,4,1.0,1.0,1.0
n10211,n6183,4,1.0,1.0,1.0
n10212,n6237,3,0.75,1.0,0.875
n10213,n5175,3,0.75,1.0,0.875
n10214,n6164,3,0.75,1.0,0.875
n10215,n10344,4,1.0,1.0,1.0
n10216,n7350,3,0.75,1.0,0.875
n10217,n7759,4,1.0,1.0,1.0
n10218,n7780,4,1.0,1.0,1.0
n10219,n1708,4,1.0,1.0,1.0
n1022,n15498,4,1.0,1.0,1.0
n10220,n2313,4,1.0,1.0,1.0
n10221,n8186,4,1.0,1.0,1.0
n10222,n9901,3,0.75,1.0,0.875
n10223,n10917,4,1.0,1.0,1.0
n10224,n4164,3,0.75,1.0,0.875
n10225,n13388,4,1.0,1.0,1.0
n10226,n10928,4,1.0,1.0,1.0
n10227,n10384,3,0.75,1.0,0.875
n10228,n9496,4,1.0,1.0,1.0
n10229,n2511,4,1.0,1.0,1.0
n1023,n3882,4,1.0,1.0,1.0
n10230,n9634,4,1.0,1.0,1.0
n10231,n8761,4,1.0,1.0,1.0
n10232,n10411,3,0.75,1.0,0.875
n10233,n10412,3,0.75,1.0,0.875
n10234,n10413,3,0.75,1.0,0.875
n10235,n10414,4,1.0,1.0,1.0
n10236,n10164,3,0.75,1.0,0.875
n10237,n11000,3,0.75,1.0,0.875
n10238,n11153,4,1.0,1.0,1.0
n10239,n14306,4,1.0,1.0,1.0
n1024,n3889,4,1.0,1.0,1.0
n10240,n14420,3,0.75,1.0,0.875
n10241,n7622,4,1.0,1.0,1.0
n10242,n4035,4,1.0,1.0,1.0
n10242,n638,4,1.0,1.0,1.0
n10243,n11061,4,1.0,1.0,1.0
n10244,n13064,4,1.0,1.0,1.0
n10245,n11250,4,1.0,1.0,1.0
n10246,n13366,4,1.0,1.0,1.0
n10247,n10464,4,1.0,1.0,1.0
n10248,n9706,3,0.75,1.0,0.875
n10249,n10468,3,0.75,1.0,0.875
n1025,n3897,4,1.0,1.0,1.0
n10250,n14580,4,1.0,1.0,1.0
n10251,n12293,3,0.75,1.0,0.875
n10252,n14659,4,1.0,1.0,1.0
n10253,n7666,3,0.75,1.0,0.875
n10254,n15310,4,1.0,1.0,1.0
n10255,n11338,4,1.0,1.0,1.0
n10256,n11355,4,1.0,1.0,1.0
n10257,n11356,4,1.0,1.0,1.0
n10257,n12240,4,1.0,1.0,1.0
n10258,n11365,4,1.0,1.0,1.0
n10259,n10498,4,1.0,1.0,1.0
n1026,n15066,4,1.0,1.0,1.0
n10260,n374,4,1.0,1.0,1.0
n10261,n11454,3,0.75,1.0,0.875
n10262,n7395,4,1.0,1.0,1.0
n10263,n718,3,0.75,1.0,0.875
n10264,n10929,4,1.0,1.0,1.0
n10265,n3318,4,1.0,1.0,1.0
n10266,n1191,4,1.0,1.0,1.0
n10267,n11629,4,1.0,1.0,1.0
n10268,n4923,3,0.75,1.0,0.875
n10269,n1342,3,0.75,1.0,0.875
n1027,n15433,4,1.0,1.0,1.0
n10270,n11671,3,0.75,1.0,0.875
n10271,n13162,4,1.0,1.0,1.0
n10272,n12865,4,1.0,1.0,1.0
n10273,n10552,4,1.0,1.0,1.0
n10274,n1664,4,1.0,1.0,1.0
n10275,n10553,4,1.0,1.0,1.0
n10276,n4791,4,1.0,1.0,1.0
n10277,n5258,3,0.75,1.0,0.875
n10278,n11778,4,1.0,1.0,1.0
n10279,n11781,4,1.0,1.0,1.0
n1028,n3140,4,1.0,1.0,1.0
n10280,n2595,4,1.0,1.0,1.0
n10281,n2636,4,1.0,1.0,1.0
n10282,n2695,3,0.75,1.0,0.875
n10283,n2893,3,0.75,1.0,0.875
n10284,n10591,4,1.0,1.0,1.0
n10285,n3216,4,1.0,1.0,1.0
n10286,n3236,4,1.0,1.0,1.0
n10287,n3329,4,1.0,1.0,1.0
n10288,n6761,4,1.0,1.0,1.0
n10289,n10606,4,1.0,1.0,1.0
n1029,n507,4,1.0,1.0,1.0
n10290,n8124,4,1.0,1.0,1.0
n10291,n8379,4,1.0,1.0,1.0
n10292,n14268,4,1.0,1.0,1.0
n10293,n12121,4,1.0,1.0,1.0
n10294,n4094,4,1.0,1.0,1.0
n10295,n1227,4,1.0,1.0,1.0
n10296,n4326,4,1.0,1.0,1.0
n10297,n14016,3,0.75,1.0,0.875
n10298,n10645,4,1.0,1.0,1.0
n10299,n1764,4,1.0,1.0,1.0
n103,n14745,4,1.0,1.0,1.0
n1030,n3925,4,1.0,1.0,1.0
n10300,n1800,4,1.0,1.0,1.0
n10301,n1917,4,1.0,1.0,1.0
n10302,n3157,4,1.0,1.0,1.0
n10303,n4467,4,1.0,1.0,1.0
n10304,n9008,4,1.0,1.0,1.0
n10305,n12238,4,1.0,1.0,1.0
n10306,n7389,3,0.75,1.0,0.875
n10307,n4581,4,1.0,1.0,1.0
n10308,n13640,4,1.0,1.0,1.0
n10309,n5010,4,1.0,1.0,1.0
n1031,n12357,4,1.0,1.0,1.0
n10310,n5018,4,1.0,1.0,1.0
n10311,n719,4,1.0,1.0,1.0
n10312,n15526,4,1.0,1.0,1.0
n10313,n475,3,0.75,1.0,0.875
n10314,n5440,3,0.75,1.0,0.875
n10315,n5928,4,1.0,1.0,1.0
n10316,n14921,4,1.0,1.0,1.0
n10317,n6206,1,0.25,1.0,0.625
n10318,n3417,4,1.0,1.0,1.0
n10319,n10716,4,1.0,1.0,1.0
n1032,n140,3,0.75,1.0,0.875
n10320,n6533,3,0.75,1.0,0.875
n10321,n10722,4,1.0,1.0,1.0
n10322,n5845,3,0.75,1.0,0.875
n10323,n13201,4,1.0,1.0,1.0
n10324,n10728,4,1.0,1.0,1.0
n10325,n7076,4,1.0,1.0,1.0
n10326,n10161,4,1.0,1.0,1.0
n10327,n7171,3,0.75,1.0,0.875
n10328,n7465,4,1.0,1.0,1.0
n10329,n14346,4,1.0,1.0,1.0
n1033,n472,4,1.0,1.0,1.0
n10330,n10746,4,1.0,1.0,1.0
n10331,n10747,4,1.0,1.0,1.0
n10332,n6870,4,1.0,1.0,1.0
n10333,n6223,3,0.75,1.0,0.875
n10334,n10753,3,0.75,1.0,0.875
n10335,n10748,4,1.0,1.0,1.0
n10336,n14222,4,1.0,1.0,1.0
n10337,n11305,4,1.0,1.0,1.0
n10338,n12753,4,1.0,1.0,1.0
n10339,n10766,3,0.75,1.0,0.875
n1034,n591,4,1.0,1.0,1.0
n10340,n10777,4,1.0,1.0,1.0
n10341,n6729,4,1.0,1.0,1.0
n10342,n12858,4,1.0,1.0,1.0
n10343,n8283,4,1.0,1.0,1.0
n10344,n6198,4,1.0,1.0,1.0
n10345,n14019,4,1.0,1.0,1.0
n10346,n14061,4,1.0,1.0,1.0
n10347,n10824,4,1.0,1.0,1.0
n10348,n13046,4,1.0,1.0,1.0
n10349,n10837,4,1.0,1.0,1.0
n1035,n2274,4,1.0,1.0,1.0
n10350,n10843,3,0.75,1.0,0.875
n10351,n13072,4,1.0,1.0,1.0
n10352,n277,4,1.0,1.0,1.0
n10353,n306,4,1.0,1.0,1.0
n10354,n10844,4,1.0,1.0,1.0
n10355,n8271,4,1.0,1.0,1.0
n10356,n10851,4,1.0,1.0,1.0
n10357,n11597,4,1.0,1.0,1.0
n10358,n517,3,0.75,1.0,0.875
n10359,n1124,4,1.0,1.0,1.0
n1036,n865,3,0.75,1.0,0.875
n10360,n8109,4,1.0,1.0,1.0
n10361,n5906,4,1.0,1.0,1.0
n10362,n8180,4,1.0,1.0,1.0
n10362,n9556,3,0.75,0.75,0.75
n10363,n2477,3,0.75,1.0,0.875
n10364,n8200,3,0.75,1.0,0.875
n10365,n10893,3,0.75,1.0,0.875
n10366,n12062,4,1.0,1.0,1.0
n10367,n12177,4,1.0,1.0,1.0
n10368,n8361,4,1.0,1.0,1.0
n10369,n13308,4,1.0,1.0,1.0
n1037,n3386,4,1.0,1.0,1.0
n10370,n14220,4,1.0,1.0,1.0
n10371,n10930,4,1.0,1.0,1.0
n10372,n11933,4,1.0,1.0,1.0
n10373,n8737,4,1.0,1.0,1.0
n10374,n10938,4,1.0,1.0,1.0
n10374,n2363,3,0.75,0.75,0.75
n10375,n13461,3,0.75,1.0,0.875
n10376,n5356,3,0.75,1.0,0.875
n10377,n8866,4,1.0,1.0,1.0
n10378,n6581,3,0.75,1.0,0.875
n10379,n8973,4,1.0,1.0,1.0
n1038,n13668,4,1.0,1.0,1.0
n10380,n10948,4,1.0,1.0,1.0
n10380,n5899,4,1.0,1.0,1.0
n10380,n6934,4,1.0,1.0,1.0
n10381,n10949,4,1.0,1.0,1.0
n10382,n10952,4,1.0,1.0,1.0
n10383,n10953,4,1.0,1.0,1.0
n10384,n13558,3,0.75,1.0,0.875
n10385,n4673,3,0.75,1.0,0.875
n10386,n5953,4,1.0,1.0,1.0
n10387,n9195,3,0.75,1.0,0.875
n10388,n9203,4,1.0,1.0,1.0
n10389,n13633,4,1.0,1.0,1.0
n1039,n3984,4,1.0,1.0,1.0
n10390,n1814,3,0.75,1.0,0.875
n10391,n10986,4,1.0,1.0,1.0
n10392,n9278,3,0.75,1.0,0.875
n10393,n8357,4,1.0,1.0,1.0
n10394,n11007,4,1.0,1.0,1.0
n10395,n9737,3,0.75,1.0,0.875
n10396,n13749,3,0.75,1.0,0.875
n10397,n5701,3,0.75,1.0,0.875
n10398,n11022,3,0.75,1.0,0.875
n10399,n10023,4,1.0,1.0,1.0
n104,n6401,4,1.0,1.0,1.0
n1040,n4297,4,1.0,1.0,1.0
n10400,n9852,4,1.0,1.0,1.0
n10401,n9180,4,1.0,1.0,1.0
n10402,n9925,4,1.0,1.0,1.0
n10403,n9516,4,1.0,1.0,1.0
n10404,n9990,4,1.0,1.0,1.0
n10405,n9586,4,1.0,1.0,1.0
n10405,n9994,4,1.0,1.0,1.0
n10406,n9997,4,1.0,1.0,1.0
n10407,n3654,4,1.0,1.0,1.0
n10408,n9666,3,0.75,1.0,0.875
n10409,n8693,4,1.0,1.0,1.0
n1041,n3987,4,1.0,1.0,1.0
n10410,n9818,4,1.0,1.0,1.0
n10411,n9266,3,0.75,1.0,0.875
n10412,n9932,3,0.75,1.0,0.875
n10413,n9525,3,0.75,1.0,0.875
n10414,n9238,4,1.0,1.0,1.0
n10415,n9444,3,0.75,1.0,0.875
n10416,n9707,3,0.75,1.0,0.875
n10417,n13884,4,1.0,1.0,1.0
n10418,n13900,3,0.75,1.0,0.875
n10419,n10404,4,1.0,1.0,1.0
n1042,n393,4,1.0,1.0,1.0
n10420,n13906,4,1.0,1.0,1.0
n10421,n10268,3,0.75,1.0,0.875
n10422,n2210,3,0.75,1.0,0.875
n10423,n11068,4,1.0,1.0,1.0
n10424,n10779,4,1.0,1.0,1.0
n10425,n11076,4,1.0,1.0,1.0
n10426,n13951,4,1.0,1.0,1.0
n10427,n11028,3,0.75,1.0,0.875
n10428,n10420,4,1.0,1.0,1.0
n10429,n14151,4,1.0,1.0,1.0
n1043,n9788,3,0.75,1.0,0.875
n10430,n13978,4,1.0,1.0,1.0
n10431,n12348,4,1.0,1.0,1.0
n10432,n12384,4,1.0,1.0,1.0
n10433,n10723,4,1.0,1.0,1.0
n10434,n11115,4,1.0,1.0,1.0
n10435,n13691,4,1.0,1.0,1.0
n10436,n11118,3,0.75,1.0,0.875
n10437,n13590,3,0.75,1.0,0.875
n10438,n13967,3,0.75,1.0,0.875
n10439,n15599,4,1.0,1.0,1.0
n1044,n1527,4,1.0,1.0,1.0
n10440,n14336,4,1.0,1.0,1.0
n10441,n11793,4,1.0,1.0,1.0
n10442,n11164,4,1.0,1.0,1.0
n10443,n11167,4,1.0,1.0,1.0
n10444,n8043,4,1.0,1.0,1.0
n10445,n11824,4,1.0,1.0,1.0
n10446,n14511,4,1.0,1.0,1.0
n10447,n11193,4,1.0,1.0,1.0
n10448,n12006,4,1.0,1.0,1.0
n10449,n11199,4,1.0,1.0,1.0
n1045,n12679,4,1.0,1.0,1.0
n10450,n3460,4,1.0,1.0,1.0
n10451,n4212,4,1.0,1.0,1.0
n10452,n4373,4,1.0,1.0,1.0
n10453,n14662,4,1.0,1.0,1.0
n10454,n5417,4,1.0,1.0,1.0
n10455,n12509,3,0.75,1.0,0.875
n10456,n11646,4,1.0,1.0,1.0
n10457,n6031,4,1.0,1.0,1.0
n10458,n12673,4,1.0,1.0,1.0
n10459,n12707,4,1.0,1.0,1.0
n1046,n4017,4,1.0,1.0,1.0
n10460,n12723,4,1.0,1.0,1.0
n10461,n11255,3,0.75,1.0,0.875
n10462,n8612,4,1.0,1.0,1.0
n10463,n11267,3,0.75,1.0,0.875
n10464,n14972,4,1.0,1.0,1.0
n10465,n13650,4,1.0,1.0,1.0
n10466,n8711,3,0.75,1.0,0.875
n10467,n9762,4,1.0,1.0,1.0
n10468,n10119,3,0.75,1.0,0.875
n10469,n11284,4,1.0,1.0,1.0
n1047,n553,4,1.0,1.0,1.0
n10470,n10573,3,0.75,1.0,0.875
n10471,n15079,3,0.75,1.0,0.875
n10472,n14190,4,1.0,1.0,1.0
n10473,n15122,4,1.0,1.0,1.0
n10474,n15176,4,1.0,1.0,1.0
n10475,n14624,4,1.0,1.0,1.0
n10476,n14677,4,1.0,1.0,1.0
n10477,n15236,4,1.0,1.0,1.0
n10478,n12727,4,1.0,1.0,1.0
n10479,n14851,4,1.0,1.0,1.0
n1048,n1892,4,1.0,1.0,1.0
n10480,n15302,4,1.0,1.0,1.0
n10481,n15372,4,1.0,1.0,1.0
n10482,n15418,3,0.75,1.0,0.875
n10483,n14228,3,0.75,1.0,0.875
n10484,n11337,3,0.75,1.0,0.875
n10485,n15464,4,1.0,1.0,1.0
n10486,n15535,3,0.75,0.75,0.75
n10486,n15592,4,1.0,1.0,1.0
n10487,n271,4,1.0,1.0,1.0
n10488,n87,4,1.0,1.0,1.0
n10489,n70,4,1.0,1.0,1.0
n1049,n561,4,1.0,1.0,1.0
n10490,n278,4,1.0,1.0,1.0
n10491,n344,4,1.0,1.0,1.0
n10492,n349,4,1.0,1.0,1.0
n10493,n365,4,1.0,1.0,1.0
n10494,n11419,3,0.75,1.0,0.875
n10495,n11421,4,1.0,1.0,1.0
n10496,n8857,4,1.0,1.0,1.0
n10497,n211,4,1.0,1.0,1.0
n10498,n9681,4,1.0,1.0,1.0
n10499,n756,4,1.0,1.0,1.0
n105,n6936,4,1.0,1.0,1.0
n1050,n1941,4,1.0,1.0,1.0
n10500,n10867,4,1.0,1.0,1.0
n10501,n11515,4,1.0,1.0,1.0
n10502,n6800,4,1.0,1.0,1.0
n10503,n3656,3,0.75,1.0,0.875
n10504,n4156,3,0.75,1.0,0.875
n10505,n4614,4,1.0,1.0,1.0
n10506,n2866,4,1.0,1.0,1.0
n10507,n448,4,1.0,1.0,1.0
n10508,n14431,3,0.75,1.0,0.875
n10509,n11479,4,1.0,1.0,1.0
n1051,n2117,4,1.0,1.0,1.0
n10510,n11033,4,1.0,1.0,1.0
n10511,n14639,4,1.0,1.0,1.0
n10512,n1964,4,1.0,1.0,1.0
n10513,n2446,4,1.0,1.0,1.0
n10514,n2587,4,1.0,1.0,1.0
n10515,n2638,4,1.0,1.0,1.0
n10516,n11513,4,1.0,1.0,1.0
n10517,n10376,3,0.75,1.0,0.875
n10518,n10395,3,0.75,1.0,0.875
n10519,n2819,3,0.75,1.0,0.875
n1052,n8714,4,1.0,1.0,1.0
n10520,n10985,4,1.0,1.0,1.0
n10521,n15448,4,1.0,1.0,1.0
n10522,n3119,3,0.75,1.0,0.875
n10523,n853,4,1.0,1.0,1.0
n10524,n871,4,1.0,1.0,1.0
n10525,n5233,4,1.0,1.0,1.0
n10525,n5428,4,1.0,1.0,1.0
n10525,n872,4,1.0,1.0,1.0
n10525,n873,4,1.0,1.0,1.0
n10526,n12568,4,1.0,1.0,1.0
n10527,n61,4,1.0,1.0,1.0
n10528,n5074,4,1.0,1.0,1.0
n10529,n6551,4,1.0,1.0,1.0
n1053,n9171,3,0.75,1.0,0.875
n10530,n14831,3,0.75,1.0,0.875
n10531,n15439,4,1.0,1.0,1.0
n10532,n7,4,1.0,1.0,1.0
n10533,n1066,4,1.0,1.0,1.0
n10534,n1125,4,1.0,1.0,1.0
n10535,n4447,4,1.0,1.0,1.0
n10536,n11613,3,0.75,1.0,0.875
n10537,n2771,4,1.0,1.0,1.0
n10538,n3965,4,1.0,1.0,1.0
n10539,n1341,4,1.0,1.0,1.0
n1054,n6809,4,1.0,1.0,1.0
n10540,n1351,4,1.0,1.0,1.0
n10541,n5547,4,1.0,1.0,1.0
n10542,n1995,4,1.0,1.0,1.0
n10543,n13315,4,1.0,1.0,1.0
n10544,n1471,4,1.0,1.0,1.0
n10545,n11669,4,1.0,1.0,1.0
n10546,n6114,4,1.0,1.0,1.0
n10547,n896,4,1.0,1.0,1.0
n10548,n10924,4,1.0,1.0,1.0
n10549,n11706,4,1.0,1.0,1.0
n1055,n2457,4,1.0,1.0,1.0
n10550,n3492,4,1.0,1.0,1.0
n10551,n6796,3,0.75,1.0,0.875
n10552,n11700,4,1.0,1.0,1.0
n10553,n7118,4,1.0,1.0,1.0
n10554,n11712,4,1.0,1.0,1.0
n10555,n11717,4,1.0,1.0,1.0
n10556,n12241,4,1.0,1.0,1.0
n10557,n503,3,0.75,1.0,0.875
n10558,n1060,3,0.75,1.0,0.875
n10559,n8738,4,1.0,1.0,1.0
n1056,n679,3,0.75,1.0,0.875
n10560,n2495,3,0.75,1.0,0.875
n10561,n11762,4,1.0,1.0,1.0
n10562,n14093,4,1.0,1.0,1.0
n10563,n11767,4,1.0,1.0,1.0
n10564,n2147,4,1.0,1.0,1.0
n10565,n2150,4,1.0,1.0,1.0
n10566,n4391,4,1.0,1.0,1.0
n10567,n4441,4,1.0,1.0,1.0
n10568,n14125,4,1.0,1.0,1.0
n10569,n15208,4,1.0,1.0,1.0
n1057,n4059,4,1.0,1.0,1.0
n10570,n5092,4,1.0,1.0,1.0
n10571,n11790,3,0.75,1.0,0.875
n10572,n11794,3,0.75,1.0,0.875
n10573,n11803,3,0.75,1.0,0.875
n10574,n9241,4,1.0,1.0,1.0
n10575,n11804,4,1.0,1.0,1.0
n10576,n9249,4,1.0,1.0,1.0
n10577,n2374,4,1.0,1.0,1.0
n10578,n8039,3,0.75,1.0,0.875
n10579,n8232,3,0.75,1.0,0.875
n1058,n10328,4,1.0,1.0,1.0
n10580,n8704,3,0.75,1.0,0.875
n10581,n2605,4,1.0,1.0,1.0
n10582,n9552,4,1.0,1.0,1.0
n10583,n2631,4,1.0,1.0,1.0
n10584,n7123,4,1.0,1.0,1.0
n10585,n11002,4,1.0,1.0,1.0
n10586,n10690,4,1.0,1.0,1.0
n10587,n12615,4,1.0,1.0,1.0
n10588,n13444,4,1.0,1.0,1.0
n10589,n13648,3,0.75,1.0,0.875
n1059,n4061,3,0.75,1.0,0.875
n10590,n11883,3,0.75,1.0,0.875
n10591,n2961,4,1.0,1.0,1.0
n10592,n11322,4,1.0,1.0,1.0
n10593,n11907,4,1.0,1.0,1.0
n10594,n12139,4,1.0,1.0,1.0
n10595,n11930,4,1.0,1.0,1.0
n10596,n3174,4,1.0,1.0,1.0
n10597,n3180,4,1.0,1.0,1.0
n10598,n5871,4,1.0,1.0,1.0
n10599,n2764,4,1.0,1.0,1.0
n106,n986,4,1.0,1.0,1.0
n1060,n4062,3,0.75,1.0,0.875
n10600,n2850,3,0.75,1.0,0.875
n10601,n3286,3,0.75,1.0,0.875
n10602,n12784,4,1.0,1.0,1.0
n10603,n12621,4,1.0,1.0,1.0
n10604,n13155,4,1.0,1.0,1.0
n10605,n15417,4,1.0,1.0,1.0
n10606,n463,4,1.0,1.0,1.0
n10607,n13301,4,1.0,1.0,1.0
n10608,n15463,4,1.0,1.0,1.0
n10609,n11822,4,1.0,1.0,1.0
n1061,n4065,4,1.0,1.0,1.0
n10610,n9315,4,1.0,1.0,1.0
n10611,n11023,4,1.0,1.0,1.0
n10612,n15315,4,1.0,1.0,1.0
n10613,n11019,4,1.0,1.0,1.0
n10614,n14200,4,1.0,1.0,1.0
n10615,n13733,4,1.0,1.0,1.0
n10616,n11434,4,1.0,1.0,1.0
n10617,n12748,4,1.0,1.0,1.0
n10618,n3690,4,1.0,1.0,1.0
n10619,n12449,4,1.0,1.0,1.0
n1062,n777,3,0.75,1.0,0.875
n10620,n12466,4,1.0,1.0,1.0
n10621,n14696,4,1.0,1.0,1.0
n10622,n12060,4,1.0,1.0,1.0
n10623,n14237,3,0.75,1.0,0.875
n10624,n180,4,1.0,1.0,1.0
n10625,n12069,3,0.75,1.0,0.875
n10626,n12056,4,1.0,1.0,1.0
n10627,n15182,4,1.0,1.0,1.0
n10628,n12094,4,1.0,1.0,1.0
n10629,n8147,4,1.0,1.0,1.0
n1063,n4074,4,1.0,1.0,1.0
n10630,n214,3,0.75,1.0,0.875
n10631,n1264,4,1.0,1.0,1.0
n10632,n4026,4,1.0,1.0,1.0
n10633,n6400,3,0.75,1.0,0.875
n10634,n9132,4,1.0,1.0,1.0
n10635,n757,4,1.0,1.0,1.0
n10636,n3983,4,1.0,1.0,1.0
n10637,n1111,4,1.0,1.0,1.0
n10638,n6125,3,0.75,1.0,0.875
n10639,n1211,4,1.0,1.0,1.0
n1064,n11149,4,1.0,1.0,1.0
n10640,n4192,4,1.0,1.0,1.0
n10641,n1462,4,1.0,1.0,1.0
n10642,n11658,4,1.0,1.0,1.0
n10643,n12653,4,1.0,1.0,1.0
n10644,n12934,3,0.75,1.0,0.875
n10645,n4346,4,1.0,1.0,1.0
n10646,n12197,4,1.0,1.0,1.0
n10647,n549,4,1.0,1.0,1.0
n10648,n7811,4,1.0,1.0,1.0
n10649,n1586,4,1.0,1.0,1.0
n1065,n2965,4,1.0,1.0,1.0
n10650,n12219,4,1.0,1.0,1.0
n10651,n2585,4,1.0,1.0,1.0
n10652,n10203,4,1.0,1.0,1.0
n10653,n2719,3,0.75,1.0,0.875
n10654,n12263,4,1.0,1.0,1.0
n10655,n12267,4,1.0,1.0,1.0
n10656,n7314,4,1.0,1.0,1.0
n10657,n4765,3,0.75,1.0,0.875
n10658,n2956,4,1.0,1.0,1.0
n10659,n15199,4,1.0,1.0,1.0
n1066,n999,4,1.0,1.0,1.0
n10660,n11773,4,1.0,1.0,1.0
n10661,n3231,4,1.0,1.0,1.0
n10662,n5145,4,1.0,1.0,1.0
n10663,n4855,3,0.75,1.0,0.875
n10664,n11783,3,0.75,1.0,0.875
n10665,n3499,4,1.0,1.0,1.0
n10666,n12321,4,1.0,1.0,1.0
n10666,n9549,4,1.0,1.0,1.0
n10667,n13271,4,1.0,1.0,1.0
n10667,n3748,4,1.0,1.0,1.0
n10668,n5015,4,1.0,1.0,1.0
n10669,n14609,3,0.75,1.0,0.875
n1067,n3038,4,1.0,1.0,1.0
n10670,n15540,4,1.0,1.0,1.0
n10671,n3946,4,1.0,1.0,1.0
n10672,n9311,4,1.0,1.0,1.0
n10673,n12372,4,1.0,1.0,1.0
n10674,n12374,4,1.0,1.0,1.0
n10675,n1039,4,1.0,1.0,1.0
n10676,n1096,3,0.75,1.0,0.875
n10677,n5108,3,0.75,1.0,0.875
n10678,n3357,3,0.75,1.0,0.875
n10679,n5367,4,1.0,1.0,1.0
n1068,n812,4,1.0,1.0,1.0
n10680,n1504,4,1.0,1.0,1.0
n10681,n5185,4,1.0,1.0,1.0
n10682,n5212,4,1.0,1.0,1.0
n10683,n12398,4,1.0,1.0,1.0
n10684,n6356,4,1.0,1.0,1.0
n10685,n4686,4,1.0,1.0,1.0
n10686,n12446,4,1.0,1.0,1.0
n10687,n4439,3,0.75,1.0,0.875
n10687,n8217,3,0.75,1.0,0.875
n10688,n2085,4,1.0,1.0,1.0
n10689,n2152,4,1.0,1.0,1.0
n1069,n4081,4,1.0,1.0,1.0
n10690,n4547,4,1.0,1.0,1.0
n10691,n2525,4,1.0,1.0,1.0
n10692,n4718,3,0.75,1.0,0.875
n10693,n5452,3,0.75,1.0,0.875
n10694,n5324,3,0.75,1.0,0.875
n10695,n5383,3,0.75,1.0,0.875
n10696,n4154,4,1.0,1.0,1.0
n10697,n4260,4,1.0,1.0,1.0
n10698,n2831,3,0.75,1.0,0.875
n10699,n12489,4,1.0,1.0,1.0
n107,n9307,3,0.75,1.0,0.875
n1070,n2474,4,1.0,1.0,1.0
n10700,n5378,3,0.75,1.0,0.875
n10701,n5391,4,1.0,1.0,1.0
n10702,n5488,4,1.0,1.0,1.0
n10703,n6629,3,0.75,1.0,0.875
n10704,n5890,4,1.0,1.0,1.0
n10705,n5621,3,0.75,1.0,0.875
n10706,n12533,3,0.75,1.0,0.875
n10707,n7447,4,1.0,1.0,1.0
n10708,n9993,4,1.0,1.0,1.0
n10709,n6216,4,1.0,1.0,1.0
n1071,n884,4,1.0,1.0,1.0
n10710,n11287,4,1.0,1.0,1.0
n10711,n6460,4,1.0,1.0,1.0
n10712,n6492,3,0.75,1.0,0.875
n10713,n12561,4,1.0,1.0,1.0
n10714,n4277,4,1.0,1.0,1.0
n10715,n12562,3,0.75,1.0,0.875
n10716,n6508,4,1.0,1.0,1.0
n10717,n12564,4,1.0,1.0,1.0
n10718,n12242,4,1.0,1.0,1.0
n10719,n12565,4,1.0,1.0,1.0
n1072,n3345,4,1.0,1.0,1.0
n10720,n12268,4,1.0,1.0,1.0
n10721,n5801,4,1.0,1.0,1.0
n10722,n12570,4,1.0,1.0,1.0
n10723,n6923,4,1.0,1.0,1.0
n10724,n6701,4,1.0,1.0,1.0
n10725,n14771,4,1.0,1.0,1.0
n10726,n761,4,1.0,1.0,1.0
n10727,n5876,4,1.0,1.0,1.0
n10728,n13412,4,1.0,1.0,1.0
n10729,n4643,3,0.75,1.0,0.875
n1073,n14311,4,1.0,1.0,1.0
n10730,n8923,3,0.75,1.0,0.875
n10731,n9916,4,1.0,1.0,1.0
n10732,n11464,4,1.0,1.0,1.0
n10733,n12606,4,1.0,1.0,1.0
n10734,n14433,4,1.0,1.0,1.0
n10735,n7217,4,1.0,1.0,1.0
n10736,n7299,3,0.75,1.0,0.875
n10737,n13523,4,1.0,1.0,1.0
n10738,n12632,4,1.0,1.0,1.0
n10739,n15101,4,1.0,1.0,1.0
n1074,n888,4,1.0,1.0,1.0
n10740,n12636,4,1.0,1.0,1.0
n10741,n12747,4,1.0,1.0,1.0
n10742,n7513,3,0.75,1.0,0.875
n10743,n931,4,1.0,1.0,1.0
n10744,n8041,4,1.0,1.0,1.0
n10745,n9125,4,1.0,1.0,1.0
n10746,n5270,4,1.0,1.0,1.0
n10747,n5787,4,1.0,1.0,1.0
n10748,n7276,4,1.0,1.0,1.0
n10749,n797,4,1.0,1.0,1.0
n1075,n7383,4,1.0,1.0,1.0
n10750,n6186,4,1.0,1.0,1.0
n10751,n4408,4,1.0,1.0,1.0
n10752,n13209,3,0.75,1.0,0.875
n10753,n9976,3,0.75,1.0,0.875
n10754,n11798,4,1.0,1.0,1.0
n10755,n313,4,1.0,1.0,1.0
n10756,n6409,3,0.75,1.0,0.875
n10757,n6412,3,0.75,1.0,0.875
n10758,n8991,3,0.75,1.0,0.875
n10759,n2903,4,1.0,1.0,1.0
n1076,n4092,4,1.0,1.0,1.0
n10760,n6448,3,0.75,1.0,0.875
n10761,n14182,4,1.0,1.0,1.0
n10762,n12732,4,1.0,1.0,1.0
n10763,n3833,4,1.0,1.0,1.0
n10764,n6711,4,1.0,1.0,1.0
n10765,n1612,4,1.0,1.0,1.0
n10766,n9615,3,0.75,1.0,0.875
n10767,n12760,4,1.0,1.0,1.0
n10768,n4863,4,1.0,1.0,1.0
n10769,n12316,3,0.75,1.0,0.875
n1077,n3456,4,1.0,1.0,1.0
n10770,n204,4,1.0,1.0,1.0
n10771,n5068,4,1.0,1.0,1.0
n10772,n1732,4,1.0,1.0,1.0
n10773,n5274,4,1.0,1.0,1.0
n10774,n12427,4,1.0,1.0,1.0
n10775,n6595,3,0.75,1.0,0.875
n10776,n6627,4,1.0,1.0,1.0
n10777,n12586,4,1.0,1.0,1.0
n10778,n6120,4,1.0,1.0,1.0
n10779,n3881,4,1.0,1.0,1.0
n1078,n3462,3,0.75,1.0,0.875
n10780,n12650,4,1.0,1.0,1.0
n10781,n9363,4,1.0,1.0,1.0
n10782,n11587,4,1.0,1.0,1.0
n10783,n6575,4,1.0,1.0,1.0
n10784,n6003,4,1.0,1.0,1.0
n10785,n6667,4,1.0,1.0,1.0
n10786,n12813,4,1.0,1.0,1.0
n10787,n7165,3,0.75,1.0,0.875
n10788,n12830,4,1.0,1.0,1.0
n10789,n12938,3,0.75,1.0,0.875
n1079,n9524,3,0.75,1.0,0.875
n10790,n12975,4,1.0,1.0,1.0
n10791,n12840,4,1.0,1.0,1.0
n10792,n886,3,0.75,1.0,0.875
n10793,n13146,4,1.0,1.0,1.0
n10794,n6784,4,1.0,1.0,1.0
n10795,n7977,4,1.0,1.0,1.0
n10796,n12857,4,1.0,1.0,1.0
n10797,n13357,4,1.0,1.0,1.0
n10798,n5478,3,0.75,1.0,0.875
n10799,n7409,4,1.0,1.0,1.0
n108,n14003,4,1.0,1.0,1.0
n1080,n7162,4,1.0,1.0,1.0
n10800,n12892,4,1.0,1.0,1.0
n10801,n7018,3,0.75,1.0,0.875
n10802,n677,3,0.75,1.0,0.875
n10803,n13956,4,1.0,1.0,1.0
n10804,n12918,4,1.0,1.0,1.0
n10805,n872,4,1.0,1.0,1.0
n10806,n14029,3,0.75,1.0,0.875
n10807,n10786,4,1.0,1.0,1.0
n10808,n7660,4,1.0,1.0,1.0
n10809,n13936,3,0.75,1.0,0.875
n1081,n3911,4,1.0,1.0,1.0
n10810,n7192,4,1.0,1.0,1.0
n10811,n12939,4,1.0,1.0,1.0
n10812,n7198,4,1.0,1.0,1.0
n10813,n11260,3,0.75,1.0,0.875
n10814,n15177,4,1.0,1.0,1.0
n10815,n14334,4,1.0,1.0,1.0
n10816,n2835,4,1.0,1.0,1.0
n10817,n12958,4,1.0,1.0,1.0
n10818,n12962,3,0.75,1.0,0.875
n10819,n12967,4,1.0,1.0,1.0
n1082,n4096,4,1.0,1.0,1.0
n10820,n12972,3,0.75,1.0,0.875
n10821,n7335,3,0.75,1.0,0.875
n10822,n7380,4,1.0,1.0,1.0
n10823,n8796,4,1.0,1.0,1.0
n10824,n13004,4,1.0,1.0,1.0
n10825,n7414,3,0.75,1.0,0.875
n10826,n7427,4,1.0,1.0,1.0
n10827,n13845,3,0.75,1.0,0.875
n10828,n13013,4,1.0,1.0,1.0
n10829,n7470,4,1.0,1.0,1.0
n1083,n1078,3,0.75,1.0,0.875
n10830,n15139,4,1.0,1.0,1.0
n10831,n14389,4,1.0,1.0,1.0
n10832,n11864,4,1.0,1.0,1.0
n10833,n7492,4,1.0,1.0,1.0
n10834,n13031,4,1.0,1.0,1.0
n10835,n7545,3,0.75,1.0,0.875
n10836,n11923,4,1.0,1.0,1.0
n10837,n15204,4,1.0,1.0,1.0
n10838,n12439,4,1.0,1.0,1.0
n10839,n104,4,1.0,1.0,1.0
n1084,n1080,4,1.0,1.0,1.0
n10840,n116,3,0.75,1.0,0.875
n10841,n4459,4,1.0,1.0,1.0
n10842,n7603,3,0.75,1.0,0.875
n10843,n200,3,0.75,1.0,0.875
n10844,n3580,4,1.0,1.0,1.0
n10845,n579,4,1.0,1.0,1.0
n10846,n13100,3,0.75,1.0,0.875
n10847,n7735,4,1.0,1.0,1.0
n10848,n9911,3,0.75,1.0,0.875
n10849,n2702,3,0.75,1.0,0.875
n1085,n4139,4,1.0,1.0,1.0
n10850,n11083,4,1.0,1.0,1.0
n10851,n798,4,1.0,1.0,1.0
n10852,n3055,4,1.0,1.0,1.0
n10853,n3716,4,1.0,1.0,1.0
n10854,n1014,4,1.0,1.0,1.0
n10855,n4009,4,1.0,1.0,1.0
n10856,n7861,4,1.0,1.0,1.0
n10857,n4307,3,0.75,1.0,0.875
n10858,n1317,3,0.75,1.0,0.875
n10859,n1331,4,1.0,1.0,1.0
n1086,n4697,3,0.75,1.0,0.875
n10860,n1438,3,0.75,1.0,0.875
n10861,n7933,4,1.0,1.0,1.0
n10862,n7959,4,1.0,1.0,1.0
n10863,n7966,4,1.0,1.0,1.0
n10864,n13174,4,1.0,1.0,1.0
n10865,n13185,3,0.75,1.0,0.875
n10866,n1834,4,1.0,1.0,1.0
n10867,n7750,4,1.0,1.0,1.0
n10868,n1864,4,1.0,1.0,1.0
n10869,n1897,4,1.0,1.0,1.0
n1087,n1911,4,1.0,1.0,1.0
n10870,n1296,4,1.0,1.0,1.0
n10871,n7921,4,1.0,1.0,1.0
n10872,n9267,4,1.0,1.0,1.0
n10873,n4229,4,1.0,1.0,1.0
n10874,n13225,4,1.0,1.0,1.0
n10875,n2669,4,1.0,1.0,1.0
n10876,n3276,4,1.0,1.0,1.0
n10877,n5371,3,0.75,1.0,0.875
n10878,n2232,4,1.0,1.0,1.0
n10879,n8897,4,1.0,1.0,1.0
n1088,n5789,3,0.75,1.0,0.875
n10880,n5660,4,1.0,1.0,1.0
n10881,n13239,4,1.0,1.0,1.0
n10882,n2435,4,1.0,1.0,1.0
n10883,n2546,4,1.0,1.0,1.0
n10884,n2560,4,1.0,1.0,1.0
n10885,n9209,4,1.0,1.0,1.0
n10885,n9873,4,1.0,1.0,1.0
n10886,n13266,4,1.0,1.0,1.0
n10887,n2610,4,1.0,1.0,1.0
n10888,n9980,4,1.0,1.0,1.0
n10889,n9613,4,1.0,1.0,1.0
n1089,n4799,3,0.75,1.0,0.875
n10890,n13272,3,0.75,1.0,0.875
n10891,n9702,4,1.0,1.0,1.0
n10892,n10419,4,1.0,1.0,1.0
n10893,n2713,3,0.75,1.0,0.875
n10894,n11071,4,1.0,1.0,1.0
n10895,n10456,4,1.0,1.0,1.0
n10896,n2808,3,0.75,1.0,0.875
n10897,n2824,4,1.0,1.0,1.0
n10898,n10743,4,1.0,1.0,1.0
n10899,n2857,4,1.0,1.0,1.0
n109,n337,4,1.0,1.0,1.0
n1090,n4188,4,1.0,1.0,1.0
n10900,n9924,4,1.0,1.0,1.0
n10901,n8300,4,1.0,1.0,1.0
n10902,n8366,4,1.0,1.0,1.0
n10903,n13313,4,1.0,1.0,1.0
n10904,n6453,4,1.0,1.0,1.0
n10905,n13318,3,0.75,1.0,0.875
n10906,n12873,4,1.0,1.0,1.0
n10907,n14254,3,0.75,1.0,0.875
n10908,n13657,4,1.0,1.0,1.0
n10909,n8409,4,1.0,1.0,1.0
n1091,n8664,3,0.75,1.0,0.875
n10910,n8434,4,1.0,1.0,1.0
n10911,n8444,4,1.0,1.0,1.0
n10912,n14482,4,1.0,1.0,1.0
n10913,n12793,4,1.0,1.0,1.0
n10914,n14147,3,0.75,1.0,0.875
n10915,n3865,3,0.75,1.0,0.875
n10916,n13370,4,1.0,1.0,1.0
n10917,n13380,4,1.0,1.0,1.0
n10918,n13381,4,1.0,1.0,1.0
n10919,n8530,4,1.0,1.0,1.0
n1092,n4945,4,1.0,1.0,1.0
n10920,n4115,3,0.75,1.0,0.875
n10921,n4117,4,1.0,1.0,1.0
n10922,n4224,4,1.0,1.0,1.0
n10923,n4284,3,0.75,1.0,0.875
n10924,n8762,4,1.0,1.0,1.0
n10925,n8632,4,1.0,1.0,1.0
n10926,n8648,3,0.75,1.0,0.875
n10927,n10111,4,1.0,1.0,1.0
n10928,n10180,4,1.0,1.0,1.0
n10929,n10863,4,1.0,1.0,1.0
n1093,n5105,3,0.75,1.0,0.875
n10930,n13778,4,1.0,1.0,1.0
n10930,n8672,4,1.0,1.0,1.0
n10931,n3101,4,1.0,1.0,1.0
n10932,n13430,3,0.75,1.0,0.875
n10933,n6913,4,1.0,1.0,1.0
n10934,n4907,3,0.75,1.0,0.875
n10935,n13806,4,1.0,1.0,1.0
n10936,n8715,4,1.0,1.0,1.0
n10937,n13439,4,1.0,1.0,1.0
n10938,n2388,4,1.0,1.0,1.0
n10939,n13460,4,1.0,1.0,1.0
n1094,n1303,4,1.0,1.0,1.0
n10940,n2519,3,0.75,1.0,0.875
n10941,n8838,3,0.75,1.0,0.875
n10942,n5443,3,0.75,1.0,0.875
n10943,n5469,4,1.0,1.0,1.0
n10944,n8872,4,1.0,1.0,1.0
n10945,n5696,4,1.0,1.0,1.0
n10946,n8937,3,0.75,1.0,0.875
n10947,n6530,4,1.0,1.0,1.0
n10948,n8980,4,1.0,1.0,1.0
n10949,n13520,4,1.0,1.0,1.0
n1095,n4206,3,0.75,1.0,0.875
n10950,n14413,3,0.75,1.0,0.875
n10951,n6037,4,1.0,1.0,1.0
n10952,n7579,4,1.0,1.0,1.0
n10953,n15373,4,1.0,1.0,1.0
n10954,n13540,3,0.75,1.0,0.875
n10955,n13541,4,1.0,1.0,1.0
n10956,n9100,3,0.75,1.0,0.875
n10957,n3240,4,1.0,1.0,1.0
n10958,n12170,3,0.75,1.0,0.875
n10959,n6527,3,0.75,1.0,0.875
n1096,n5257,3,0.75,1.0,0.875
n10960,n12255,4,1.0,1.0,1.0
n10961,n6214,4,1.0,1.0,1.0
n10962,n6359,3,0.75,1.0,0.875
n10963,n9173,4,1.0,1.0,1.0
n10964,n12905,4,1.0,1.0,1.0
n10965,n6802,4,1.0,1.0,1.0
n10966,n6841,4,1.0,1.0,1.0
n10967,n13588,3,0.75,1.0,0.875
n10968,n8647,4,1.0,1.0,1.0
n10969,n6999,4,1.0,1.0,1.0
n1097,n10060,3,0.75,1.0,0.875
n10970,n9897,3,0.75,1.0,0.875
n10971,n11703,4,1.0,1.0,1.0
n10972,n9323,3,0.75,1.0,0.875
n10973,n7339,4,1.0,1.0,1.0
n10974,n14757,4,1.0,1.0,1.0
n10975,n6781,4,1.0,1.0,1.0
n10976,n7362,3,0.75,1.0,0.875
n10977,n14988,4,1.0,1.0,1.0
n10978,n15133,4,1.0,1.0,1.0
n10979,n7647,4,1.0,1.0,1.0
n1098,n13764,3,0.75,1.0,0.875
n10980,n7522,4,1.0,1.0,1.0
n10981,n9424,4,1.0,1.0,1.0
n10982,n9618,4,1.0,1.0,1.0
n10983,n737,4,1.0,1.0,1.0
n10984,n7761,4,1.0,1.0,1.0
n10985,n869,4,1.0,1.0,1.0
n10986,n13651,4,1.0,1.0,1.0
n10987,n13652,4,1.0,1.0,1.0
n10988,n1019,4,1.0,1.0,1.0
n10989,n4400,4,1.0,1.0,1.0
n1099,n3751,4,1.0,1.0,1.0
n10990,n7880,4,1.0,1.0,1.0
n10991,n13663,4,1.0,1.0,1.0
n10992,n1611,4,1.0,1.0,1.0
n10993,n7900,4,1.0,1.0,1.0
n10994,n9503,4,1.0,1.0,1.0
n10995,n8259,3,0.75,1.0,0.875
n10996,n8107,4,1.0,1.0,1.0
n10997,n9562,3,0.75,1.0,0.875
n10998,n8190,4,1.0,1.0,1.0
n10999,n9598,4,1.0,1.0,1.0
n11,n90,4,1.0,1.0,1.0
n110,n14936,4,1.0,1.0,1.0
n1100,n5090,3,0.75,1.0,0.875
n11000,n13690,3,0.75,1.0,0.875
n11001,n8335,4,1.0,1.0,1.0
n11002,n13700,4,1.0,1.0,1.0
n11003,n12854,4,1.0,1.0,1.0
n11004,n13586,4,1.0,1.0,1.0
n11005,n9651,4,1.0,1.0,1.0
n11006,n13711,4,1.0,1.0,1.0
n11007,n1261,4,1.0,1.0,1.0
n11007,n1262,4,1.0,1.0,1.0
n11007,n4924,4,1.0,1.0,1.0
n11008,n1951,4,1.0,1.0,1.0
n11009,n275,4,1.0,1.0,1.0
n1101,n5380,4,1.0,1.0,1.0
n11010,n5109,4,1.0,1.0,1.0
n11011,n9745,4,1.0,1.0,1.0
n11012,n13742,4,1.0,1.0,1.0
n11013,n13743,4,1.0,1.0,1.0
n11014,n9754,3,0.75,1.0,0.875
n11015,n13745,4,1.0,1.0,1.0
n11016,n5313,4,1.0,1.0,1.0
n11017,n5343,3,0.75,1.0,0.875
n11018,n9759,4,1.0,1.0,1.0
n11019,n5496,4,1.0,1.0,1.0
n1102,n1408,4,1.0,1.0,1.0
n11020,n5850,4,1.0,1.0,1.0
n11021,n9790,4,1.0,1.0,1.0
n11022,n5945,3,0.75,1.0,0.875
n11023,n9082,4,1.0,1.0,1.0
n11024,n11678,4,1.0,1.0,1.0
n11025,n9852,4,1.0,1.0,1.0
n11026,n6497,4,1.0,1.0,1.0
n11027,n6501,3,0.75,1.0,0.875
n11028,n9261,3,0.75,1.0,0.875
n11029,n14373,4,1.0,1.0,1.0
n1103,n11458,4,1.0,1.0,1.0
n11030,n9912,4,1.0,1.0,1.0
n11031,n9336,4,1.0,1.0,1.0
n11032,n14925,4,1.0,1.0,1.0
n11033,n13802,4,1.0,1.0,1.0
n11034,n13807,3,0.75,1.0,0.875
n11035,n7907,3,0.75,1.0,0.875
n11036,n13818,4,1.0,1.0,1.0
n11037,n8293,4,1.0,1.0,1.0
n11038,n9975,4,1.0,1.0,1.0
n11039,n13822,4,1.0,1.0,1.0
n11039,n8185,4,1.0,1.0,1.0
n1104,n6548,3,0.75,1.0,0.875
n11040,n2545,4,1.0,1.0,1.0
n11041,n9596,4,1.0,1.0,1.0
n11042,n8291,4,1.0,1.0,1.0
n11043,n9616,3,0.75,1.0,0.875
n11044,n8413,4,1.0,1.0,1.0
n11045,n13836,4,1.0,1.0,1.0
n11046,n10028,4,1.0,1.0,1.0
n11047,n10043,3,0.75,1.0,0.875
n11048,n13843,4,1.0,1.0,1.0
n11048,n5616,4,1.0,1.0,1.0
n11049,n5794,3,0.75,1.0,0.875
n1105,n5981,4,1.0,1.0,1.0
n11050,n6961,4,1.0,1.0,1.0
n11051,n9998,4,1.0,1.0,1.0
n11052,n10126,4,1.0,1.0,1.0
n11053,n9680,3,0.75,1.0,0.875
n11054,n7732,3,0.75,1.0,0.875
n11055,n10108,3,0.75,1.0,0.875
n11056,n8673,3,0.75,1.0,0.875
n11057,n10051,3,0.75,1.0,0.875
n11058,n10163,3,0.75,1.0,0.875
n11059,n10157,3,0.75,1.0,0.875
n1106,n5749,4,1.0,1.0,1.0
n11060,n10175,4,1.0,1.0,1.0
n11061,n13879,4,1.0,1.0,1.0
n11062,n10455,3,0.75,1.0,0.875
n11063,n12846,4,1.0,1.0,1.0
n11064,n10802,3,0.75,1.0,0.875
n11065,n10493,4,1.0,1.0,1.0
n11066,n13914,3,0.75,1.0,0.875
n11067,n10273,4,1.0,1.0,1.0
n11068,n13926,4,1.0,1.0,1.0
n11069,n10281,4,1.0,1.0,1.0
n1107,n1448,4,1.0,1.0,1.0
n11070,n13927,4,1.0,1.0,1.0
n11071,n10287,4,1.0,1.0,1.0
n11072,n1407,4,1.0,1.0,1.0
n11073,n4794,4,1.0,1.0,1.0
n11074,n10733,4,1.0,1.0,1.0
n11075,n13140,4,1.0,1.0,1.0
n11076,n10359,4,1.0,1.0,1.0
n11077,n8684,4,1.0,1.0,1.0
n11078,n13955,3,0.75,1.0,0.875
n11079,n10397,3,0.75,1.0,0.875
n1108,n13236,4,1.0,1.0,1.0
n11080,n10406,4,1.0,1.0,1.0
n11081,n11050,4,1.0,1.0,1.0
n11082,n11057,3,0.75,1.0,0.875
n11083,n10790,4,1.0,1.0,1.0
n11084,n14556,4,1.0,1.0,1.0
n11085,n14721,4,1.0,1.0,1.0
n11086,n10471,3,0.75,1.0,0.875
n11087,n11360,4,1.0,1.0,1.0
n11088,n7885,4,1.0,1.0,1.0
n11089,n2778,4,1.0,1.0,1.0
n1109,n13780,3,0.75,1.0,0.875
n11090,n11570,4,1.0,1.0,1.0
n11091,n2048,4,1.0,1.0,1.0
n11092,n8098,3,0.75,1.0,0.875
n11093,n11843,4,1.0,1.0,1.0
n11094,n2940,4,1.0,1.0,1.0
n11095,n11966,4,1.0,1.0,1.0
n11096,n14040,4,1.0,1.0,1.0
n11097,n4458,4,1.0,1.0,1.0
n11098,n9960,3,0.75,1.0,0.875
n11099,n10382,4,1.0,1.0,1.0
n111,n15442,4,1.0,1.0,1.0
n1110,n7113,3,0.75,1.0,0.875
n11100,n12297,4,1.0,1.0,1.0
n11101,n10670,4,1.0,1.0,1.0
n11102,n10673,4,1.0,1.0,1.0
n11103,n10689,4,1.0,1.0,1.0
n11104,n5260,3,0.75,1.0,0.875
n11105,n5483,4,1.0,1.0,1.0
n11106,n14078,3,0.75,1.0,0.875
n11107,n10709,4,1.0,1.0,1.0
n11108,n10720,4,1.0,1.0,1.0
n11109,n6670,4,1.0,1.0,1.0
n1111,n4265,4,1.0,1.0,1.0
n11110,n10731,4,1.0,1.0,1.0
n11111,n10754,4,1.0,1.0,1.0
n11112,n11553,4,1.0,1.0,1.0
n11113,n1631,3,0.75,1.0,0.875
n11114,n2294,3,0.75,1.0,0.875
n11115,n3916,4,1.0,1.0,1.0
n11116,n10781,4,1.0,1.0,1.0
n11117,n12887,3,0.75,1.0,0.875
n11118,n13965,4,1.0,1.0,1.0
n11118,n7111,3,0.75,0.75,0.75
n11119,n14116,4,1.0,1.0,1.0
n1112,n7446,4,1.0,1.0,1.0
n11120,n15445,4,1.0,1.0,1.0
n11121,n7607,4,1.0,1.0,1.0
n11122,n1336,4,1.0,1.0,1.0
n11123,n14134,4,1.0,1.0,1.0
n11124,n2544,4,1.0,1.0,1.0
n11125,n13303,4,1.0,1.0,1.0
n11126,n8393,3,0.75,1.0,0.875
n11127,n13448,3,0.75,1.0,0.875
n11128,n8784,4,1.0,1.0,1.0
n11129,n14168,4,1.0,1.0,1.0
n1113,n6193,4,1.0,1.0,1.0
n11130,n9335,4,1.0,1.0,1.0
n11131,n2379,4,1.0,1.0,1.0
n11132,n8397,4,1.0,1.0,1.0
n11133,n10421,3,0.75,1.0,0.875
n11134,n13964,4,1.0,1.0,1.0
n11135,n6663,4,1.0,1.0,1.0
n11136,n10850,4,1.0,1.0,1.0
n11137,n14136,4,1.0,1.0,1.0
n11138,n11125,4,1.0,1.0,1.0
n11139,n14212,3,0.75,1.0,0.875
n1114,n5921,3,0.75,1.0,0.875
n11140,n11008,4,1.0,1.0,1.0
n11141,n10159,3,0.75,1.0,0.875
n11142,n14164,4,1.0,1.0,1.0
n11143,n11148,4,1.0,1.0,1.0
n11144,n11345,4,1.0,1.0,1.0
n11145,n3124,4,1.0,1.0,1.0
n11146,n14236,4,1.0,1.0,1.0
n11147,n2633,4,1.0,1.0,1.0
n11148,n12099,4,1.0,1.0,1.0
n11149,n11202,4,1.0,1.0,1.0
n1115,n9629,3,0.75,1.0,0.875
n11150,n14254,3,0.75,1.0,0.875
n11151,n12462,4,1.0,1.0,1.0
n11152,n12937,4,1.0,1.0,1.0
n11153,n14267,4,1.0,1.0,1.0
n11154,n13118,4,1.0,1.0,1.0
n11155,n13293,4,1.0,1.0,1.0
n11156,n11265,3,0.75,1.0,0.875
n11157,n14281,4,1.0,1.0,1.0
n11158,n14283,4,1.0,1.0,1.0
n11159,n14291,4,1.0,1.0,1.0
n1116,n1520,3,0.75,1.0,0.875
n11160,n15125,4,1.0,1.0,1.0
n11161,n96,4,1.0,1.0,1.0
n11162,n1562,4,1.0,1.0,1.0
n11163,n498,4,1.0,1.0,1.0
n11164,n1703,4,1.0,1.0,1.0
n11165,n334,4,1.0,1.0,1.0
n11166,n1767,4,1.0,1.0,1.0
n11167,n14352,4,1.0,1.0,1.0
n11168,n613,3,0.75,1.0,0.875
n11169,n2169,4,1.0,1.0,1.0
n1117,n14155,4,1.0,1.0,1.0
n11170,n11537,4,1.0,1.0,1.0
n11170,n608,4,1.0,1.0,1.0
n11171,n14374,3,0.75,1.0,0.875
n11172,n3792,4,1.0,1.0,1.0
n11173,n14375,4,1.0,1.0,1.0
n11174,n14107,4,1.0,1.0,1.0
n11175,n1692,4,1.0,1.0,1.0
n11176,n1168,4,1.0,1.0,1.0
n11177,n11641,4,1.0,1.0,1.0
n11178,n5813,3,0.75,1.0,0.875
n11179,n11701,3,0.75,1.0,0.875
n1118,n6467,4,1.0,1.0,1.0
n11180,n1784,4,1.0,1.0,1.0
n11181,n5252,4,1.0,1.0,1.0
n11182,n6315,4,1.0,1.0,1.0
n11183,n2362,3,0.75,1.0,0.875
n11184,n13973,4,1.0,1.0,1.0
n11185,n14459,4,1.0,1.0,1.0
n11186,n10285,4,1.0,1.0,1.0
n11187,n3136,4,1.0,1.0,1.0
n11188,n15428,4,1.0,1.0,1.0
n11189,n11942,4,1.0,1.0,1.0
n1119,n6503,4,1.0,1.0,1.0
n11190,n3291,3,0.75,1.0,0.875
n11191,n5927,4,1.0,1.0,1.0
n11192,n12547,3,0.75,1.0,0.875
n11193,n11979,4,1.0,1.0,1.0
n11194,n3608,4,1.0,1.0,1.0
n11195,n14209,4,1.0,1.0,1.0
n11196,n14546,4,1.0,1.0,1.0
n11197,n12103,4,1.0,1.0,1.0
n11198,n14555,3,0.75,1.0,0.875
n11199,n12108,4,1.0,1.0,1.0
n112,n3932,4,1.0,1.0,1.0
n1120,n7120,4,1.0,1.0,1.0
n11200,n10758,3,0.75,1.0,0.875
n11201,n4071,4,1.0,1.0,1.0
n11201,n772,4,1.0,1.0,1.0
n11202,n1117,4,1.0,1.0,1.0
n11203,n14570,4,1.0,1.0,1.0
n11204,n3360,4,1.0,1.0,1.0
n11205,n1326,4,1.0,1.0,1.0
n11206,n12165,4,1.0,1.0,1.0
n11207,n4360,4,1.0,1.0,1.0
n11208,n7844,4,1.0,1.0,1.0
n11209,n3374,4,1.0,1.0,1.0
n1121,n13299,4,1.0,1.0,1.0
n11210,n4456,4,1.0,1.0,1.0
n11211,n4621,4,1.0,1.0,1.0
n11212,n12126,3,0.75,1.0,0.875
n11213,n6788,4,1.0,1.0,1.0
n11214,n4875,4,1.0,1.0,1.0
n11215,n11118,4,1.0,1.0,1.0
n11216,n14631,4,1.0,1.0,1.0
n11217,n15069,4,1.0,1.0,1.0
n11218,n93,3,0.75,1.0,0.875
n11219,n14640,3,0.75,1.0,0.875
n1122,n7021,4,1.0,1.0,1.0
n11220,n4432,3,0.75,1.0,0.875
n11221,n2133,4,1.0,1.0,1.0
n11222,n12413,4,1.0,1.0,1.0
n11223,n11214,4,1.0,1.0,1.0
n11224,n3771,4,1.0,1.0,1.0
n11225,n14665,4,1.0,1.0,1.0
n11226,n5529,4,1.0,1.0,1.0
n11227,n5984,3,0.75,1.0,0.875
n11228,n7556,4,1.0,1.0,1.0
n11229,n7946,4,1.0,1.0,1.0
n1123,n7057,4,1.0,1.0,1.0
n11230,n5844,4,1.0,1.0,1.0
n11231,n14730,4,1.0,1.0,1.0
n11232,n3066,3,0.75,1.0,0.875
n11233,n12678,4,1.0,1.0,1.0
n11234,n10264,4,1.0,1.0,1.0
n11235,n6454,3,0.75,1.0,0.875
n11236,n4055,4,1.0,1.0,1.0
n11237,n12262,4,1.0,1.0,1.0
n11238,n4997,4,1.0,1.0,1.0
n11239,n6569,4,1.0,1.0,1.0
n1124,n7086,4,1.0,1.0,1.0
n11240,n6642,4,1.0,1.0,1.0
n11241,n100,4,1.0,1.0,1.0
n11241,n6785,4,1.0,1.0,1.0
n11242,n13644,4,1.0,1.0,1.0
n11243,n12923,4,1.0,1.0,1.0
n11244,n11009,4,1.0,1.0,1.0
n11245,n7180,4,1.0,1.0,1.0
n11246,n2389,4,1.0,1.0,1.0
n11247,n12981,4,1.0,1.0,1.0
n11247,n14835,4,1.0,1.0,1.0
n11248,n14839,4,1.0,1.0,1.0
n11249,n7650,4,1.0,1.0,1.0
n1125,n13889,4,1.0,1.0,1.0
n11250,n3632,4,1.0,1.0,1.0
n11251,n13182,4,1.0,1.0,1.0
n11252,n2286,4,1.0,1.0,1.0
n11253,n13282,4,1.0,1.0,1.0
n11254,n13284,4,1.0,1.0,1.0
n11255,n14902,3,0.75,1.0,0.875
n11256,n6641,4,1.0,1.0,1.0
n11257,n13323,4,1.0,1.0,1.0
n11258,n9149,3,0.75,1.0,0.875
n11259,n8415,4,1.0,1.0,1.0
n1126,n7117,4,1.0,1.0,1.0
n11260,n13765,3,0.75,1.0,0.875
n11261,n14919,4,1.0,1.0,1.0
n11262,n2093,4,1.0,1.0,1.0
n11263,n2723,4,1.0,1.0,1.0
n11264,n3721,3,0.75,1.0,0.875
n11265,n5251,4,1.0,1.0,1.0
n11265,n5252,3,0.75,0.75,0.75
n11266,n13486,3,0.75,1.0,0.875
n11267,n8988,3,0.75,1.0,0.875
n11268,n12815,4,1.0,1.0,1.0
n11269,n13584,4,1.0,1.0,1.0
n1127,n11350,3,0.75,1.0,0.875
n11270,n13898,4,1.0,1.0,1.0
n11271,n9283,4,1.0,1.0,1.0
n11272,n7194,4,1.0,1.0,1.0
n11273,n14600,3,0.75,1.0,0.875
n11274,n7524,4,1.0,1.0,1.0
n11275,n7640,4,1.0,1.0,1.0
n11276,n14982,4,1.0,1.0,1.0
n11277,n1130,4,1.0,1.0,1.0
n11278,n4730,4,1.0,1.0,1.0
n11279,n1318,3,0.75,1.0,0.875
n1128,n4354,4,1.0,1.0,1.0
n11280,n2087,3,0.75,1.0,0.875
n11281,n13773,4,1.0,1.0,1.0
n11282,n6501,4,1.0,1.0,1.0
n11283,n15017,3,0.75,1.0,0.875
n11284,n10007,4,1.0,1.0,1.0
n11285,n10474,4,1.0,1.0,1.0
n11286,n12286,4,1.0,1.0,1.0
n11287,n11444,4,1.0,1.0,1.0
n11288,n10510,4,1.0,1.0,1.0
n11289,n14001,3,0.75,1.0,0.875
n1129,n11410,3,0.75,1.0,0.875
n11290,n9152,4,1.0,1.0,1.0
n11291,n11897,4,1.0,1.0,1.0
n11292,n10776,4,1.0,1.0,1.0
n11293,n7098,4,1.0,1.0,1.0
n11294,n13346,4,1.0,1.0,1.0
n11295,n10742,3,0.75,1.0,0.875
n11296,n12232,4,1.0,1.0,1.0
n11297,n15100,4,1.0,1.0,1.0
n11298,n11275,4,1.0,1.0,1.0
n11299,n14292,3,0.75,1.0,0.875
n113,n925,4,1.0,1.0,1.0
n1130,n6035,4,1.0,1.0,1.0
n11300,n14393,4,1.0,1.0,1.0
n11301,n14841,3,0.75,1.0,0.875
n11302,n25,4,1.0,1.0,1.0
n11303,n15146,4,1.0,1.0,1.0
n11304,n14410,4,1.0,1.0,1.0
n11305,n6605,4,1.0,1.0,1.0
n11306,n14422,4,1.0,1.0,1.0
n11307,n14426,4,1.0,1.0,1.0
n11308,n11821,4,1.0,1.0,1.0
n11309,n15161,4,1.0,1.0,1.0
n1131,n7000,4,1.0,1.0,1.0
n11310,n10945,4,1.0,1.0,1.0
n11311,n15171,4,1.0,1.0,1.0
n11312,n15172,4,1.0,1.0,1.0
n11313,n12327,4,1.0,1.0,1.0
n11314,n6902,4,1.0,1.0,1.0
n11315,n14523,3,0.75,1.0,0.875
n11316,n13427,3,0.75,1.0,0.875
n11317,n1348,4,1.0,1.0,1.0
n11317,n5357,4,1.0,1.0,1.0
n11318,n4241,4,1.0,1.0,1.0
n11319,n12349,3,0.75,1.0,0.875
n1132,n7478,4,1.0,1.0,1.0
n11320,n14650,3,0.75,1.0,0.875
n11321,n15251,3,0.75,1.0,0.875
n11322,n6578,4,1.0,1.0,1.0
n11323,n14764,4,1.0,1.0,1.0
n11324,n6598,4,1.0,1.0,1.0
n11325,n8255,4,1.0,1.0,1.0
n11326,n7215,4,1.0,1.0,1.0
n11327,n15282,4,1.0,1.0,1.0
n11328,n12955,4,1.0,1.0,1.0
n11329,n15295,4,1.0,1.0,1.0
n1133,n12461,3,0.75,0.75,0.75
n1133,n4367,4,1.0,1.0,1.0
n11330,n257,4,1.0,1.0,1.0
n11331,n2970,4,1.0,1.0,1.0
n11332,n13168,4,1.0,1.0,1.0
n11333,n8100,4,1.0,1.0,1.0
n11334,n13246,4,1.0,1.0,1.0
n11335,n9470,4,1.0,1.0,1.0
n11336,n15337,4,1.0,1.0,1.0
n11337,n4494,3,0.75,1.0,0.875
n11338,n5859,4,1.0,1.0,1.0
n11339,n9523,3,0.75,1.0,0.875
n1134,n4369,4,1.0,1.0,1.0
n11340,n10710,4,1.0,1.0,1.0
n11341,n13800,4,1.0,1.0,1.0
n11342,n15044,4,1.0,1.0,1.0
n11343,n10760,3,0.75,1.0,0.875
n11344,n11003,4,1.0,1.0,1.0
n11345,n14223,4,1.0,1.0,1.0
n11346,n14243,3,0.75,1.0,0.875
n11347,n15420,4,1.0,1.0,1.0
n11348,n217,4,1.0,1.0,1.0
n11349,n15134,4,1.0,1.0,1.0
n1135,n4371,3,0.75,1.0,0.875
n11350,n15148,3,0.75,1.0,0.875
n11351,n15451,4,1.0,1.0,1.0
n11352,n15458,4,1.0,1.0,1.0
n11353,n2789,4,1.0,1.0,1.0
n11354,n3517,4,1.0,1.0,1.0
n11355,n15185,4,1.0,1.0,1.0
n11356,n2134,4,1.0,1.0,1.0
n11357,n5513,3,0.75,1.0,0.875
n11358,n6079,3,0.75,1.0,0.875
n11359,n6474,4,1.0,1.0,1.0
n1136,n4379,4,1.0,1.0,1.0
n11360,n12750,4,1.0,1.0,1.0
n11361,n14777,4,1.0,1.0,1.0
n11362,n15510,3,0.75,1.0,0.875
n11363,n14892,4,1.0,1.0,1.0
n11364,n8678,4,1.0,1.0,1.0
n11365,n5357,4,1.0,1.0,1.0
n11365,n8828,4,1.0,1.0,1.0
n11366,n9252,4,1.0,1.0,1.0
n11367,n13626,3,0.75,1.0,0.875
n11368,n9454,4,1.0,1.0,1.0
n11369,n9937,3,0.75,1.0,0.875
n1137,n486,3,0.75,1.0,0.875
n11370,n15550,4,1.0,1.0,1.0
n11371,n14684,4,1.0,1.0,1.0
n11372,n15509,4,1.0,1.0,1.0
n11373,n13537,4,1.0,1.0,1.0
n11374,n15352,4,1.0,1.0,1.0
n11375,n11885,4,1.0,1.0,1.0
n11376,n15279,4,1.0,1.0,1.0
n11377,n15422,3,0.75,1.0,0.875
n11378,n15538,4,1.0,1.0,1.0
n11379,n15398,4,1.0,1.0,1.0
n1138,n7010,4,1.0,1.0,1.0
n11380,n15582,4,1.0,1.0,1.0
n11381,n6,4,1.0,1.0,1.0
n11382,n41,4,1.0,1.0,1.0
n11383,n44,4,1.0,1.0,1.0
n11384,n15,3,0.75,1.0,0.875
n11385,n269,4,1.0,1.0,1.0
n11386,n4956,4,1.0,1.0,1.0
n11387,n5161,4,1.0,1.0,1.0
n11388,n420,4,1.0,1.0,1.0
n11389,n550,4,1.0,1.0,1.0
n1139,n1864,4,1.0,1.0,1.0
n11390,n9121,4,1.0,1.0,1.0
n11391,n255,4,1.0,1.0,1.0
n11392,n38,4,1.0,1.0,1.0
n11393,n47,4,1.0,1.0,1.0
n11394,n49,4,1.0,1.0,1.0
n11395,n126,3,0.75,1.0,0.875
n11396,n1436,4,1.0,1.0,1.0
n11397,n1492,4,1.0,1.0,1.0
n11398,n163,3,0.75,1.0,0.875
n11399,n64,4,1.0,1.0,1.0
n114,n8420,4,1.0,1.0,1.0
n1140,n1993,4,1.0,1.0,1.0
n11400,n659,4,1.0,1.0,1.0
n11401,n13600,4,1.0,1.0,1.0
n11402,n74,4,1.0,1.0,1.0
n11403,n71,4,1.0,1.0,1.0
n11404,n252,4,1.0,1.0,1.0
n11405,n3050,4,1.0,1.0,1.0
n11406,n84,4,1.0,1.0,1.0
n11407,n11682,4,1.0,1.0,1.0
n11408,n3481,4,1.0,1.0,1.0
n11409,n13145,4,1.0,1.0,1.0
n1141,n4388,4,1.0,1.0,1.0
n11410,n13426,3,0.75,1.0,0.875
n11411,n335,4,1.0,1.0,1.0
n11412,n2047,4,1.0,1.0,1.0
n11413,n3824,4,1.0,1.0,1.0
n11414,n1183,4,1.0,1.0,1.0
n11415,n402,4,1.0,1.0,1.0
n11416,n13039,4,1.0,1.0,1.0
n11417,n226,4,1.0,1.0,1.0
n11418,n1585,4,1.0,1.0,1.0
n11419,n9114,3,0.75,1.0,0.875
n1142,n4395,4,1.0,1.0,1.0
n11420,n7582,3,0.75,1.0,0.875
n11421,n185,4,1.0,1.0,1.0
n11422,n2177,3,0.75,1.0,0.875
n11423,n2018,4,1.0,1.0,1.0
n11424,n8340,4,1.0,1.0,1.0
n11425,n2098,4,1.0,1.0,1.0
n11426,n8594,4,1.0,1.0,1.0
n11427,n201,4,1.0,1.0,1.0
n11428,n218,4,1.0,1.0,1.0
n11429,n219,4,1.0,1.0,1.0
n1143,n7789,4,1.0,1.0,1.0
n11430,n12194,4,1.0,1.0,1.0
n11431,n753,4,1.0,1.0,1.0
n11432,n769,4,1.0,1.0,1.0
n11433,n250,4,1.0,1.0,1.0
n11434,n11400,4,1.0,1.0,1.0
n11435,n813,4,1.0,1.0,1.0
n11436,n11947,4,1.0,1.0,1.0
n11437,n881,4,1.0,1.0,1.0
n11438,n3341,4,1.0,1.0,1.0
n11439,n916,4,1.0,1.0,1.0
n1144,n3103,3,0.75,1.0,0.875
n11440,n9092,4,1.0,1.0,1.0
n11441,n10497,4,1.0,1.0,1.0
n11442,n3572,4,1.0,1.0,1.0
n11443,n945,4,1.0,1.0,1.0
n11444,n3625,4,1.0,1.0,1.0
n11445,n317,4,1.0,1.0,1.0
n11446,n1379,4,1.0,1.0,1.0
n11447,n4781,4,1.0,1.0,1.0
n11448,n993,4,1.0,1.0,1.0
n11449,n1024,4,1.0,1.0,1.0
n1145,n3750,3,0.75,1.0,0.875
n11450,n15572,4,1.0,1.0,1.0
n11451,n346,4,1.0,1.0,1.0
n11452,n3546,4,1.0,1.0,1.0
n11453,n371,4,1.0,1.0,1.0
n11454,n12853,3,0.75,1.0,0.875
n11455,n1144,3,0.75,1.0,0.875
n11456,n1153,4,1.0,1.0,1.0
n11457,n5831,3,0.75,1.0,0.875
n11458,n1239,4,1.0,1.0,1.0
n11459,n3426,4,1.0,1.0,1.0
n1146,n1883,4,1.0,1.0,1.0
n11460,n12761,4,1.0,1.0,1.0
n11461,n14599,4,1.0,1.0,1.0
n11462,n1290,4,1.0,1.0,1.0
n11463,n5051,4,1.0,1.0,1.0
n11464,n4332,4,1.0,1.0,1.0
n11465,n1796,4,1.0,1.0,1.0
n11466,n2731,4,1.0,1.0,1.0
n11467,n1349,3,0.75,1.0,0.875
n11467,n1350,3,0.75,1.0,0.875
n11468,n3894,3,0.75,0.75,0.75
n11468,n5037,4,1.0,1.0,1.0
n11469,n1223,4,1.0,1.0,1.0
n1147,n4409,4,1.0,1.0,1.0
n11470,n444,4,1.0,1.0,1.0
n11471,n7371,4,1.0,1.0,1.0
n11472,n8406,3,0.75,1.0,0.875
n11473,n2950,3,0.75,1.0,0.875
n11474,n467,4,1.0,1.0,1.0
n11475,n468,4,1.0,1.0,1.0
n11476,n473,4,1.0,1.0,1.0
n11477,n474,4,1.0,1.0,1.0
n11478,n2269,4,1.0,1.0,1.0
n11479,n488,4,1.0,1.0,1.0
n1148,n7952,4,1.0,1.0,1.0
n11480,n1622,4,1.0,1.0,1.0
n11481,n11327,4,1.0,1.0,1.0
n11482,n5281,4,1.0,1.0,1.0
n11483,n520,4,1.0,1.0,1.0
n11484,n52,4,1.0,1.0,1.0
n11485,n7602,4,1.0,1.0,1.0
n11486,n1822,4,1.0,1.0,1.0
n11487,n2391,3,0.75,1.0,0.875
n11488,n539,4,1.0,1.0,1.0
n11489,n546,4,1.0,1.0,1.0
n1149,n625,3,0.75,1.0,0.875
n11490,n5483,4,1.0,1.0,1.0
n11491,n558,4,1.0,1.0,1.0
n11492,n8086,3,0.75,1.0,0.875
n11493,n2008,4,1.0,1.0,1.0
n11494,n10496,4,1.0,1.0,1.0
n11495,n2059,4,1.0,1.0,1.0
n11496,n605,4,1.0,1.0,1.0
n11497,n609,4,1.0,1.0,1.0
n11498,n628,4,1.0,1.0,1.0
n11499,n8841,4,1.0,1.0,1.0
n115,n4054,4,1.0,1.0,1.0
n1150,n4420,4,1.0,1.0,1.0
n11500,n2244,3,0.75,1.0,0.875
n11501,n2271,4,1.0,1.0,1.0
n11502,n648,4,1.0,1.0,1.0
n11503,n2343,4,1.0,1.0,1.0
n11504,n652,4,1.0,1.0,1.0
n11505,n9339,4,1.0,1.0,1.0
n11506,n664,4,1.0,1.0,1.0
n11507,n7734,4,1.0,1.0,1.0
n11508,n7947,4,1.0,1.0,1.0
n11509,n5057,4,1.0,1.0,1.0
n1151,n2025,4,1.0,1.0,1.0
n11510,n2542,3,0.75,1.0,0.875
n11511,n10014,4,1.0,1.0,1.0
n11512,n10077,4,1.0,1.0,1.0
n11513,n2652,4,1.0,1.0,1.0
n11514,n10128,4,1.0,1.0,1.0
n11515,n729,4,1.0,1.0,1.0
n11516,n10335,4,1.0,1.0,1.0
n11517,n2737,3,0.75,1.0,0.875
n11518,n740,4,1.0,1.0,1.0
n11519,n11483,4,1.0,1.0,1.0
n1152,n8285,4,1.0,1.0,1.0
n11520,n748,4,1.0,1.0,1.0
n11521,n2804,4,1.0,1.0,1.0
n11522,n10621,4,1.0,1.0,1.0
n11523,n763,4,1.0,1.0,1.0
n11524,n768,3,0.75,1.0,0.875
n11525,n13471,3,0.75,1.0,0.875
n11526,n2898,4,1.0,1.0,1.0
n11527,n2927,4,1.0,1.0,1.0
n11528,n11091,4,1.0,1.0,1.0
n11529,n3877,4,1.0,1.0,1.0
n1153,n3779,4,1.0,1.0,1.0
n11530,n2973,4,1.0,1.0,1.0
n11531,n11261,4,1.0,1.0,1.0
n11531,n14918,3,0.75,0.75,0.75
n11532,n15435,4,1.0,1.0,1.0
n11533,n471,4,1.0,1.0,1.0
n11534,n947,4,1.0,1.0,1.0
n11535,n121,4,1.0,1.0,1.0
n11536,n492,4,1.0,1.0,1.0
n11537,n2165,4,1.0,1.0,1.0
n11538,n3056,3,0.75,1.0,0.875
n11539,n13153,4,1.0,1.0,1.0
n1154,n4468,4,1.0,1.0,1.0
n11540,n15345,4,1.0,1.0,1.0
n11541,n7448,4,1.0,1.0,1.0
n11542,n834,4,1.0,1.0,1.0
n11543,n11912,4,1.0,1.0,1.0
n11544,n3145,4,1.0,1.0,1.0
n11545,n14296,4,1.0,1.0,1.0
n11546,n12029,4,1.0,1.0,1.0
n11547,n4663,4,1.0,1.0,1.0
n11548,n3259,4,1.0,1.0,1.0
n11549,n12459,4,1.0,1.0,1.0
n1155,n2119,4,1.0,1.0,1.0
n11550,n6326,3,0.75,1.0,0.875
n11551,n3311,4,1.0,1.0,1.0
n11552,n7317,4,1.0,1.0,1.0
n11553,n3381,4,1.0,1.0,1.0
n11554,n150,4,1.0,1.0,1.0
n11555,n567,3,0.75,1.0,0.875
n11556,n13330,3,0.75,1.0,0.875
n11557,n3454,4,1.0,1.0,1.0
n11558,n13338,3,0.75,1.0,0.875
n11559,n13608,4,1.0,1.0,1.0
n1156,n485,4,1.0,1.0,1.0
n11560,n926,4,1.0,1.0,1.0
n11561,n3524,4,1.0,1.0,1.0
n11562,n9475,4,1.0,1.0,1.0
n11563,n14081,4,1.0,1.0,1.0
n11564,n954,3,0.75,1.0,0.875
n11565,n957,4,1.0,1.0,1.0
n11566,n2182,4,1.0,1.0,1.0
n11567,n3630,4,1.0,1.0,1.0
n11568,n970,4,1.0,1.0,1.0
n11569,n7381,4,1.0,1.0,1.0
n11569,n983,4,1.0,1.0,1.0
n1157,n4482,4,1.0,1.0,1.0
n11570,n3035,4,1.0,1.0,1.0
n11571,n13689,4,1.0,1.0,1.0
n11572,n1000,4,1.0,1.0,1.0
n11573,n1008,4,1.0,1.0,1.0
n11574,n5889,3,0.75,1.0,0.875
n11575,n1011,4,1.0,1.0,1.0
n11576,n14826,4,1.0,1.0,1.0
n11577,n14380,4,1.0,1.0,1.0
n11578,n14323,3,0.75,0.75,0.75
n11578,n15429,4,1.0,1.0,1.0
n11579,n15273,4,1.0,1.0,1.0
n1158,n2160,4,1.0,1.0,1.0
n11580,n15399,4,1.0,1.0,1.0
n11581,n3902,4,1.0,1.0,1.0
n11582,n3906,4,1.0,1.0,1.0
n11583,n15574,4,1.0,1.0,1.0
n11583,n15590,4,1.0,1.0,1.0
n11584,n33,3,0.75,1.0,0.875
n11585,n1030,4,1.0,1.0,1.0
n11586,n322,4,1.0,1.0,1.0
n11587,n3935,4,1.0,1.0,1.0
n11588,n1717,4,1.0,1.0,1.0
n11589,n3013,4,1.0,1.0,1.0
n1159,n4489,4,1.0,1.0,1.0
n11590,n3980,3,0.75,1.0,0.875
n11591,n9644,4,1.0,1.0,1.0
n11592,n1059,3,0.75,1.0,0.875
n11593,n2932,4,1.0,1.0,1.0
n11594,n1063,4,1.0,1.0,1.0
n11595,n832,4,1.0,1.0,1.0
n11596,n11017,3,0.75,1.0,0.875
n11597,n4131,4,1.0,1.0,1.0
n11598,n1945,3,0.75,1.0,0.875
n11599,n4169,4,1.0,1.0,1.0
n116,n738,3,0.75,1.0,0.875
n1160,n10941,3,0.75,1.0,0.875
n11600,n2777,3,0.75,1.0,0.875
n11601,n4178,4,1.0,1.0,1.0
n11602,n1089,3,0.75,1.0,0.875
n11603,n4555,4,1.0,1.0,1.0
n11604,n5224,3,0.75,1.0,0.875
n11605,n1116,3,0.75,1.0,0.875
n11606,n1129,3,0.75,1.0,0.875
n11607,n2802,4,1.0,1.0,1.0
n11608,n7916,4,1.0,1.0,1.0
n11609,n10794,4,1.0,1.0,1.0
n1161,n11052,4,1.0,1.0,1.0
n11610,n8377,3,0.75,1.0,0.875
n11611,n8388,3,0.75,1.0,0.875
n11612,n2140,4,1.0,1.0,1.0
n11613,n1160,3,0.75,1.0,0.875
n11614,n4295,4,1.0,1.0,1.0
n11615,n5825,4,1.0,1.0,1.0
n11616,n2359,4,1.0,1.0,1.0
n11617,n8536,4,1.0,1.0,1.0
n11618,n8568,3,0.75,1.0,0.875
n11619,n4900,3,0.75,1.0,0.875
n1162,n11273,3,0.75,1.0,0.875
n11620,n1198,4,1.0,1.0,1.0
n11621,n4688,4,1.0,1.0,1.0
n11622,n1200,4,1.0,1.0,1.0
n11623,n1206,3,0.75,1.0,0.875
n11624,n1209,4,1.0,1.0,1.0
n11625,n2872,3,0.75,1.0,0.875
n11626,n4775,4,1.0,1.0,1.0
n11627,n18,4,1.0,1.0,1.0
n11628,n3036,3,0.75,1.0,0.875
n11629,n4797,4,1.0,1.0,1.0
n1163,n4500,3,0.75,1.0,0.875
n11630,n960,4,1.0,1.0,1.0
n11631,n3081,4,1.0,1.0,1.0
n11632,n12046,4,1.0,1.0,1.0
n11633,n1238,4,1.0,1.0,1.0
n11634,n4929,4,1.0,1.0,1.0
n11635,n9607,3,0.75,1.0,0.875
n11636,n3592,4,1.0,1.0,1.0
n11637,n4964,3,0.75,1.0,0.875
n11638,n14256,3,0.75,1.0,0.875
n11639,n1270,4,1.0,1.0,1.0
n1164,n8867,3,0.75,1.0,0.875
n11640,n12826,4,1.0,1.0,1.0
n11641,n14529,4,1.0,1.0,1.0
n11642,n416,4,1.0,1.0,1.0
n11643,n1112,4,1.0,1.0,1.0
n11644,n5515,4,1.0,1.0,1.0
n11645,n4259,4,1.0,1.0,1.0
n11646,n1307,4,1.0,1.0,1.0
n11647,n2067,4,1.0,1.0,1.0
n11648,n1330,4,1.0,1.0,1.0
n11649,n1333,4,1.0,1.0,1.0
n1165,n4521,4,1.0,1.0,1.0
n11650,n5468,3,0.75,1.0,0.875
n11651,n4912,4,1.0,1.0,1.0
n11652,n13994,4,1.0,1.0,1.0
n11653,n2640,4,1.0,1.0,1.0
n11654,n5450,4,1.0,1.0,1.0
n11655,n5511,4,1.0,1.0,1.0
n11656,n1414,4,1.0,1.0,1.0
n11657,n5490,4,1.0,1.0,1.0
n11658,n5821,4,1.0,1.0,1.0
n11659,n15387,4,1.0,1.0,1.0
n1166,n5726,4,1.0,1.0,1.0
n11660,n9239,3,0.75,1.0,0.875
n11661,n6197,3,0.75,1.0,0.875
n11662,n6503,4,1.0,1.0,1.0
n11663,n6548,3,0.75,1.0,0.875
n11664,n5835,3,0.75,1.0,0.875
n11665,n13036,4,1.0,1.0,1.0
n11666,n13411,3,0.75,1.0,0.875
n11667,n9838,3,0.75,1.0,0.875
n11668,n7075,4,1.0,1.0,1.0
n11669,n11465,4,1.0,1.0,1.0
n1167,n4535,4,1.0,1.0,1.0
n11670,n4109,4,1.0,1.0,1.0
n11671,n12314,3,0.75,1.0,0.875
n11672,n3802,4,1.0,1.0,1.0
n11673,n7920,3,0.75,1.0,0.875
n11674,n1495,4,1.0,1.0,1.0
n11675,n3063,4,1.0,1.0,1.0
n11676,n9620,4,1.0,1.0,1.0
n11677,n9714,4,1.0,1.0,1.0
n11678,n12305,4,1.0,1.0,1.0
n11679,n122,4,1.0,1.0,1.0
n1168,n6073,4,1.0,1.0,1.0
n11680,n4275,4,1.0,1.0,1.0
n11681,n11423,4,1.0,1.0,1.0
n11682,n1641,4,1.0,1.0,1.0
n11683,n6444,4,1.0,1.0,1.0
n11684,n1558,4,1.0,1.0,1.0
n11685,n12593,4,1.0,1.0,1.0
n11686,n2135,4,1.0,1.0,1.0
n11687,n6570,4,1.0,1.0,1.0
n11688,n1979,4,1.0,1.0,1.0
n11689,n12428,4,1.0,1.0,1.0
n1169,n2291,4,1.0,1.0,1.0
n11690,n1594,4,1.0,1.0,1.0
n11691,n1595,4,1.0,1.0,1.0
n11692,n6323,4,1.0,1.0,1.0
n11693,n12722,4,1.0,1.0,1.0
n11694,n6366,4,1.0,1.0,1.0
n11695,n7663,4,1.0,1.0,1.0
n11696,n6892,4,1.0,1.0,1.0
n11697,n8831,3,0.75,1.0,0.875
n11698,n7068,4,1.0,1.0,1.0
n11699,n1620,4,1.0,1.0,1.0
n117,n13192,4,1.0,1.0,1.0
n1170,n9913,3,0.75,1.0,0.875
n11700,n7030,4,1.0,1.0,1.0
n11701,n9500,3,0.75,1.0,0.875
n11702,n10013,3,0.75,1.0,0.875
n11703,n13935,4,1.0,1.0,1.0
n11704,n1688,3,0.75,1.0,0.875
n11705,n13715,4,1.0,1.0,1.0
n11706,n11121,4,1.0,1.0,1.0
n11707,n14171,4,1.0,1.0,1.0
n11708,n14583,4,1.0,1.0,1.0
n11709,n12660,4,1.0,1.0,1.0
n1171,n4562,4,1.0,1.0,1.0
n11710,n7224,3,0.75,1.0,0.875
n11711,n1555,4,1.0,1.0,1.0
n11712,n7301,4,1.0,1.0,1.0
n11713,n1735,3,0.75,1.0,0.875
n11714,n1740,4,1.0,1.0,1.0
n11715,n8046,4,1.0,1.0,1.0
n11716,n9504,3,0.75,1.0,0.875
n11717,n7456,4,1.0,1.0,1.0
n11718,n7504,4,1.0,1.0,1.0
n11719,n14926,4,1.0,1.0,1.0
n1172,n13866,3,0.75,1.0,0.875
n11720,n15008,4,1.0,1.0,1.0
n11721,n13482,4,1.0,1.0,1.0
n11722,n14894,4,1.0,1.0,1.0
n11723,n15602,3,0.75,1.0,0.875
n11724,n4069,4,1.0,1.0,1.0
n11725,n135,4,1.0,1.0,1.0
n11726,n7619,3,0.75,1.0,0.875
n11727,n796,4,1.0,1.0,1.0
n11728,n251,4,1.0,1.0,1.0
n11728,n801,4,1.0,1.0,1.0
n11729,n7669,4,1.0,1.0,1.0
n1173,n9269,4,1.0,1.0,1.0
n11730,n7688,4,1.0,1.0,1.0
n11731,n8105,4,1.0,1.0,1.0
n11732,n7736,4,1.0,1.0,1.0
n11733,n3411,3,0.75,1.0,0.875
n11734,n9026,4,1.0,1.0,1.0
n11735,n4687,4,1.0,1.0,1.0
n11736,n3411,3,0.75,1.0,0.875
n11737,n5363,4,1.0,1.0,1.0
n11738,n6407,4,1.0,1.0,1.0
n11739,n973,3,0.75,1.0,0.875
n1174,n12254,4,1.0,1.0,1.0
n11740,n7161,4,1.0,1.0,1.0
n11741,n7810,4,1.0,1.0,1.0
n11742,n1954,4,1.0,1.0,1.0
n11743,n4758,4,1.0,1.0,1.0
n11743,n7879,4,1.0,1.0,1.0
n11744,n1920,4,1.0,1.0,1.0
n11744,n7942,4,1.0,1.0,1.0
n11745,n8091,4,1.0,1.0,1.0
n11746,n13872,3,0.75,0.75,0.75
n11746,n13885,4,1.0,1.0,1.0
n11746,n3543,4,1.0,1.0,1.0
n11747,n2196,4,1.0,1.0,1.0
n11748,n7051,4,1.0,1.0,1.0
n11749,n2376,4,1.0,1.0,1.0
n1175,n14678,4,1.0,1.0,1.0
n11750,n8158,3,0.75,1.0,0.875
n11751,n8211,4,1.0,1.0,1.0
n11752,n2011,3,0.75,1.0,0.875
n11753,n2674,4,1.0,1.0,1.0
n11754,n8249,4,1.0,1.0,1.0
n11755,n10647,4,1.0,1.0,1.0
n11756,n2868,4,1.0,1.0,1.0
n11757,n13382,4,1.0,1.0,1.0
n11758,n2041,4,1.0,1.0,1.0
n11759,n731,4,1.0,1.0,1.0
n1176,n4572,3,0.75,1.0,0.875
n11760,n3294,4,1.0,1.0,1.0
n11761,n3324,3,0.75,1.0,0.875
n11762,n14707,4,1.0,1.0,1.0
n11763,n3444,4,1.0,1.0,1.0
n11764,n2073,4,1.0,1.0,1.0
n11765,n14032,4,1.0,1.0,1.0
n11766,n2092,4,1.0,1.0,1.0
n11767,n15034,4,1.0,1.0,1.0
n11768,n45,4,1.0,1.0,1.0
n11769,n2063,3,0.75,1.0,0.875
n1177,n7568,4,1.0,1.0,1.0
n11770,n2143,3,0.75,1.0,0.875
n11771,n688,4,1.0,1.0,1.0
n11772,n1898,4,1.0,1.0,1.0
n11773,n8598,4,1.0,1.0,1.0
n11774,n10101,3,0.75,1.0,0.875
n11775,n11159,4,1.0,1.0,1.0
n11776,n8756,4,1.0,1.0,1.0
n11777,n4103,4,1.0,1.0,1.0
n11778,n5156,4,1.0,1.0,1.0
n11779,n5242,4,1.0,1.0,1.0
n1178,n776,4,1.0,1.0,1.0
n11780,n2222,4,1.0,1.0,1.0
n11781,n3796,4,1.0,1.0,1.0
n11782,n5494,3,0.75,1.0,0.875
n11783,n2243,3,0.75,1.0,0.875
n11784,n8916,4,1.0,1.0,1.0
n11785,n10635,4,1.0,1.0,1.0
n11786,n2258,4,1.0,1.0,1.0
n11787,n8971,3,0.75,1.0,0.875
n11788,n5120,4,1.0,1.0,1.0
n11789,n9034,4,1.0,1.0,1.0
n1179,n4582,4,1.0,1.0,1.0
n11790,n2318,3,0.75,1.0,0.875
n11791,n6421,4,1.0,1.0,1.0
n11792,n12082,4,1.0,1.0,1.0
n11793,n1279,4,1.0,1.0,1.0
n11794,n4808,3,0.75,1.0,0.875
n11795,n4309,4,1.0,1.0,1.0
n11796,n2329,4,1.0,1.0,1.0
n11797,n6494,4,1.0,1.0,1.0
n11798,n2335,4,1.0,1.0,1.0
n11799,n7332,4,1.0,1.0,1.0
n118,n3978,3,0.75,1.0,0.875
n118,n4119,3,0.75,1.0,0.875
n1180,n8210,4,1.0,1.0,1.0
n11800,n12988,4,1.0,1.0,1.0
n11801,n13244,4,1.0,1.0,1.0
n11802,n13477,4,1.0,1.0,1.0
n11803,n9237,3,0.75,1.0,0.875
n11804,n7677,4,1.0,1.0,1.0
n11805,n8355,4,1.0,1.0,1.0
n11806,n2368,4,1.0,1.0,1.0
n11807,n13905,4,1.0,1.0,1.0
n11808,n7348,3,0.75,1.0,0.875
n11809,n7422,4,1.0,1.0,1.0
n1181,n11140,4,1.0,1.0,1.0
n11810,n2402,4,1.0,1.0,1.0
n11811,n2403,4,1.0,1.0,1.0
n11812,n7303,4,1.0,1.0,1.0
n11813,n7405,4,1.0,1.0,1.0
n11814,n1971,4,1.0,1.0,1.0
n11815,n8869,4,1.0,1.0,1.0
n11816,n8197,4,1.0,1.0,1.0
n11817,n2478,4,1.0,1.0,1.0
n11818,n806,4,1.0,1.0,1.0
n11819,n2483,3,0.75,1.0,0.875
n1182,n3109,4,1.0,1.0,1.0
n11820,n4517,3,0.75,1.0,0.875
n11821,n2499,4,1.0,1.0,1.0
n11822,n2503,4,1.0,1.0,1.0
n11823,n8735,3,0.75,1.0,0.875
n11824,n9011,4,1.0,1.0,1.0
n11825,n9102,4,1.0,1.0,1.0
n11826,n6765,4,1.0,1.0,1.0
n11827,n6864,4,1.0,1.0,1.0
n11828,n2586,3,0.75,1.0,0.875
n11829,n12279,4,1.0,1.0,1.0
n1183,n8562,4,1.0,1.0,1.0
n11830,n9928,4,1.0,1.0,1.0
n11831,n2611,4,1.0,1.0,1.0
n11832,n3901,3,0.75,1.0,0.875
n11833,n4991,4,1.0,1.0,1.0
n11834,n10087,4,1.0,1.0,1.0
n11835,n2664,4,1.0,1.0,1.0
n11836,n10366,4,1.0,1.0,1.0
n11837,n2670,4,1.0,1.0,1.0
n11838,n10218,4,1.0,1.0,1.0
n11839,n13784,4,1.0,1.0,1.0
n1184,n8565,4,1.0,1.0,1.0
n11840,n867,4,1.0,1.0,1.0
n11841,n14602,4,1.0,1.0,1.0
n11842,n10293,4,1.0,1.0,1.0
n11843,n12154,4,1.0,1.0,1.0
n11844,n10649,4,1.0,1.0,1.0
n11845,n5475,4,1.0,1.0,1.0
n11846,n10321,4,1.0,1.0,1.0
n11847,n6625,4,1.0,1.0,1.0
n11848,n13782,4,1.0,1.0,1.0
n11849,n10815,4,1.0,1.0,1.0
n1185,n8579,3,0.75,1.0,0.875
n11850,n7816,4,1.0,1.0,1.0
n11851,n5555,4,1.0,1.0,1.0
n11852,n13578,4,1.0,1.0,1.0
n11853,n9091,4,1.0,1.0,1.0
n11854,n11032,4,1.0,1.0,1.0
n11855,n10351,4,1.0,1.0,1.0
n11856,n2740,4,1.0,1.0,1.0
n11857,n4080,3,0.75,1.0,0.875
n11858,n14362,4,1.0,1.0,1.0
n11859,n15254,4,1.0,1.0,1.0
n1186,n2088,3,0.75,1.0,0.875
n11860,n188,3,0.75,1.0,0.875
n11861,n2101,4,1.0,1.0,1.0
n11862,n11526,4,1.0,1.0,1.0
n11863,n11233,4,1.0,1.0,1.0
n11864,n8615,4,1.0,1.0,1.0
n11865,n4701,3,0.75,1.0,0.875
n11866,n11868,4,1.0,1.0,1.0
n11867,n2800,4,1.0,1.0,1.0
n11868,n2814,4,1.0,1.0,1.0
n11869,n10646,4,1.0,1.0,1.0
n1187,n9080,4,1.0,1.0,1.0
n1187,n9834,4,1.0,1.0,1.0
n11870,n10672,4,1.0,1.0,1.0
n11871,n4684,3,0.75,1.0,0.875
n11872,n6218,4,1.0,1.0,1.0
n11873,n6236,4,1.0,1.0,1.0
n11874,n10817,4,1.0,1.0,1.0
n11875,n12692,4,1.0,1.0,1.0
n11876,n10864,4,1.0,1.0,1.0
n11877,n13262,4,1.0,1.0,1.0
n11878,n10892,4,1.0,1.0,1.0
n11879,n12002,4,1.0,1.0,1.0
n1188,n12844,4,1.0,1.0,1.0
n11880,n7088,4,1.0,1.0,1.0
n11881,n9190,4,1.0,1.0,1.0
n11882,n5093,4,1.0,1.0,1.0
n11883,n13763,3,0.75,1.0,0.875
n11884,n11062,3,0.75,1.0,0.875
n11885,n14101,4,1.0,1.0,1.0
n11886,n12900,3,0.75,1.0,0.875
n11887,n11521,4,1.0,1.0,1.0
n11888,n1222,4,1.0,1.0,1.0
n11889,n2957,4,1.0,1.0,1.0
n1189,n9954,4,1.0,1.0,1.0
n11890,n11229,4,1.0,1.0,1.0
n11891,n13333,4,1.0,1.0,1.0
n11892,n9964,4,1.0,1.0,1.0
n11893,n10478,4,1.0,1.0,1.0
n11894,n14536,4,1.0,1.0,1.0
n11895,n14627,4,1.0,1.0,1.0
n11896,n9887,4,1.0,1.0,1.0
n11897,n3004,4,1.0,1.0,1.0
n11898,n11353,4,1.0,1.0,1.0
n11899,n15462,4,1.0,1.0,1.0
n119,n359,4,1.0,1.0,1.0
n1190,n2606,4,1.0,1.0,1.0
n11900,n15132,4,1.0,1.0,1.0
n11901,n11379,4,1.0,1.0,1.0
n11902,n4251,4,1.0,1.0,1.0
n11903,n141,4,1.0,1.0,1.0
n11904,n590,4,1.0,1.0,1.0
n11905,n2288,3,0.75,1.0,0.875
n11906,n3080,3,0.75,1.0,0.875
n11907,n11442,4,1.0,1.0,1.0
n11908,n6385,4,1.0,1.0,1.0
n11909,n11492,3,0.75,1.0,0.875
n1191,n7967,4,1.0,1.0,1.0
n11910,n8591,4,1.0,1.0,1.0
n11911,n822,4,1.0,1.0,1.0
n11912,n3467,4,1.0,1.0,1.0
n11913,n4835,4,1.0,1.0,1.0
n11914,n3082,4,1.0,1.0,1.0
n11915,n1300,4,1.0,1.0,1.0
n11916,n12834,4,1.0,1.0,1.0
n11917,n3099,4,1.0,1.0,1.0
n11918,n1848,3,0.75,1.0,0.875
n11919,n3633,3,0.75,1.0,0.875
n1192,n4634,3,0.75,1.0,0.875
n11920,n7986,4,1.0,1.0,1.0
n11921,n8395,4,1.0,1.0,1.0
n11922,n8600,4,1.0,1.0,1.0
n11923,n3117,4,1.0,1.0,1.0
n11924,n9236,3,0.75,1.0,0.875
n11925,n11812,4,1.0,1.0,1.0
n11926,n2295,4,1.0,1.0,1.0
n11927,n11987,4,1.0,1.0,1.0
n11928,n11225,4,1.0,1.0,1.0
n11929,n2390,4,1.0,1.0,1.0
n1193,n9568,3,0.75,1.0,0.875
n11930,n11915,4,1.0,1.0,1.0
n11931,n3173,4,1.0,1.0,1.0
n11932,n3143,4,1.0,1.0,1.0
n11933,n12066,4,1.0,1.0,1.0
n11934,n3258,4,1.0,1.0,1.0
n11935,n11973,3,0.75,1.0,0.875
n11936,n13243,4,1.0,1.0,1.0
n11937,n8733,4,1.0,1.0,1.0
n11938,n3163,4,1.0,1.0,1.0
n11939,n3166,3,0.75,1.0,0.875
n1194,n2663,3,0.75,1.0,0.875
n11940,n10354,4,1.0,1.0,1.0
n11941,n11926,4,1.0,1.0,1.0
n11942,n12055,4,1.0,1.0,1.0
n11943,n12896,4,1.0,1.0,1.0
n11944,n11060,4,1.0,1.0,1.0
n11945,n3184,3,0.75,1.0,0.875
n11946,n3862,4,1.0,1.0,1.0
n11947,n3896,4,1.0,1.0,1.0
n11948,n3971,4,1.0,1.0,1.0
n11949,n1786,4,1.0,1.0,1.0
n1195,n10203,3,0.75,1.0,0.875
n11950,n3201,4,1.0,1.0,1.0
n11951,n12134,4,1.0,1.0,1.0
n11952,n710,4,1.0,1.0,1.0
n11953,n6557,4,1.0,1.0,1.0
n11954,n2809,3,0.75,1.0,0.875
n11955,n11548,4,1.0,1.0,1.0
n11956,n15400,4,1.0,1.0,1.0
n11957,n5062,4,1.0,1.0,1.0
n11958,n3261,4,1.0,1.0,1.0
n11959,n5354,4,1.0,1.0,1.0
n1196,n4676,3,0.75,1.0,0.875
n11960,n1744,3,0.75,1.0,0.875
n11961,n12523,4,1.0,1.0,1.0
n11962,n6318,4,1.0,1.0,1.0
n11963,n12583,4,1.0,1.0,1.0
n11964,n6911,4,1.0,1.0,1.0
n11965,n13506,4,1.0,1.0,1.0
n11966,n5998,4,1.0,1.0,1.0
n11967,n12432,4,1.0,1.0,1.0
n11968,n14233,4,1.0,1.0,1.0
n11969,n3316,4,1.0,1.0,1.0
n1197,n10504,3,0.75,1.0,0.875
n11970,n6307,3,0.75,1.0,0.875
n11971,n12690,3,0.75,1.0,0.875
n11972,n3009,4,1.0,1.0,1.0
n11973,n6382,3,0.75,1.0,0.875
n11974,n3323,4,1.0,1.0,1.0
n11975,n6510,4,1.0,1.0,1.0
n11976,n12654,4,1.0,1.0,1.0
n11977,n12831,4,1.0,1.0,1.0
n11978,n12899,4,1.0,1.0,1.0
n11979,n3362,4,1.0,1.0,1.0
n1198,n10290,4,1.0,1.0,1.0
n11980,n14837,4,1.0,1.0,1.0
n11981,n10114,3,0.75,1.0,0.875
n11982,n14660,4,1.0,1.0,1.0
n11983,n13132,4,1.0,1.0,1.0
n11984,n4880,3,0.75,1.0,0.875
n11985,n8269,4,1.0,1.0,1.0
n11986,n13292,3,0.75,1.0,0.875
n11987,n3875,4,1.0,1.0,1.0
n11988,n8427,4,1.0,1.0,1.0
n11989,n15061,4,1.0,1.0,1.0
n1199,n2700,3,0.75,1.0,0.875
n11990,n13367,4,1.0,1.0,1.0
n11991,n1986,4,1.0,1.0,1.0
n11992,n3742,4,1.0,1.0,1.0
n11993,n5571,3,0.75,1.0,0.875
n11994,n9007,4,1.0,1.0,1.0
n11995,n13552,4,1.0,1.0,1.0
n11996,n12157,3,0.75,1.0,0.875
n11997,n6728,4,1.0,1.0,1.0
n11998,n13354,3,0.75,1.0,0.875
n11999,n13609,4,1.0,1.0,1.0
n12,n37,4,1.0,1.0,1.0
n120,n1094,4,1.0,1.0,1.0
n1200,n8875,4,1.0,1.0,1.0
n12000,n3488,3,0.75,1.0,0.875
n12001,n13635,4,1.0,1.0,1.0
n12002,n7835,4,1.0,1.0,1.0
n12003,n9653,4,1.0,1.0,1.0
n12004,n13728,4,1.0,1.0,1.0
n12005,n13761,4,1.0,1.0,1.0
n12006,n13770,4,1.0,1.0,1.0
n12007,n10042,3,0.75,1.0,0.875
n12008,n2722,3,0.75,1.0,0.875
n12009,n13954,4,1.0,1.0,1.0
n1201,n4698,4,1.0,1.0,1.0
n12010,n6379,4,1.0,1.0,1.0
n12011,n6558,4,1.0,1.0,1.0
n12012,n10832,4,1.0,1.0,1.0
n12013,n14115,4,1.0,1.0,1.0
n12014,n3146,4,1.0,1.0,1.0
n12015,n11084,4,1.0,1.0,1.0
n12016,n3611,4,1.0,1.0,1.0
n12017,n14050,4,1.0,1.0,1.0
n12018,n10814,4,1.0,1.0,1.0
n12019,n3615,4,1.0,1.0,1.0
n1202,n2728,4,1.0,1.0,1.0
n12020,n14258,4,1.0,1.0,1.0
n12021,n12920,4,1.0,1.0,1.0
n12022,n11383,4,1.0,1.0,1.0
n12023,n568,4,1.0,1.0,1.0
n12024,n109,4,1.0,1.0,1.0
n12025,n940,4,1.0,1.0,1.0
n12026,n11445,4,1.0,1.0,1.0
n12027,n3642,4,1.0,1.0,1.0
n12028,n11593,4,1.0,1.0,1.0
n12029,n4681,4,1.0,1.0,1.0
n1203,n11099,4,1.0,1.0,1.0
n12030,n3658,4,1.0,1.0,1.0
n12031,n1642,3,0.75,1.0,0.875
n12032,n7481,4,1.0,1.0,1.0
n12033,n1879,4,1.0,1.0,1.0
n12034,n2056,4,1.0,1.0,1.0
n12035,n2189,3,0.75,1.0,0.875
n12036,n14452,4,1.0,1.0,1.0
n12037,n2729,4,1.0,1.0,1.0
n12038,n2874,4,1.0,1.0,1.0
n12039,n3688,4,1.0,1.0,1.0
n1204,n2733,4,1.0,1.0,1.0
n1204,n2735,4,1.0,1.0,1.0
n12040,n12113,4,1.0,1.0,1.0
n12041,n12122,4,1.0,1.0,1.0
n12042,n14565,4,1.0,1.0,1.0
n12043,n14572,4,1.0,1.0,1.0
n12044,n14576,4,1.0,1.0,1.0
n12045,n8386,4,1.0,1.0,1.0
n12046,n3697,4,1.0,1.0,1.0
n12047,n4841,4,1.0,1.0,1.0
n12048,n6946,3,0.75,1.0,0.875
n12049,n6324,4,1.0,1.0,1.0
n1205,n11205,4,1.0,1.0,1.0
n12050,n12616,4,1.0,1.0,1.0
n12051,n3722,4,1.0,1.0,1.0
n12052,n3724,4,1.0,1.0,1.0
n12053,n12670,4,1.0,1.0,1.0
n12054,n14749,4,1.0,1.0,1.0
n12055,n9119,4,1.0,1.0,1.0
n12056,n14819,4,1.0,1.0,1.0
n12057,n12954,4,1.0,1.0,1.0
n12058,n7567,4,1.0,1.0,1.0
n12059,n13990,4,1.0,1.0,1.0
n1206,n2761,3,0.75,1.0,0.875
n12060,n975,4,1.0,1.0,1.0
n12061,n15002,4,1.0,1.0,1.0
n12062,n15043,4,1.0,1.0,1.0
n12063,n15088,4,1.0,1.0,1.0
n12064,n15074,4,1.0,1.0,1.0
n12065,n3809,4,1.0,1.0,1.0
n12066,n2482,4,1.0,1.0,1.0
n12067,n15167,4,1.0,1.0,1.0
n12068,n15184,4,1.0,1.0,1.0
n12069,n14641,3,0.75,1.0,0.875
n1207,n11455,3,0.75,1.0,0.875
n12070,n15154,4,1.0,1.0,1.0
n12071,n3831,4,1.0,1.0,1.0
n12072,n3838,3,0.75,1.0,0.875
n12073,n15271,4,1.0,1.0,1.0
n12074,n3849,3,0.75,1.0,0.875
n12075,n14933,4,1.0,1.0,1.0
n12076,n3852,4,1.0,1.0,1.0
n12077,n15395,4,1.0,1.0,1.0
n12078,n12003,4,1.0,1.0,1.0
n12079,n15457,3,0.75,1.0,0.875
n1208,n2780,4,1.0,1.0,1.0
n12080,n15459,4,1.0,1.0,1.0
n12081,n15190,4,1.0,1.0,1.0
n12082,n3872,4,1.0,1.0,1.0
n12083,n14765,3,0.75,1.0,0.875
n12084,n6756,4,1.0,1.0,1.0
n12085,n15504,4,1.0,1.0,1.0
n12086,n15294,4,1.0,1.0,1.0
n12087,n15514,4,1.0,1.0,1.0
n12088,n15353,4,1.0,1.0,1.0
n12089,n9528,4,1.0,1.0,1.0
n1209,n10559,4,1.0,1.0,1.0
n12090,n15032,4,1.0,1.0,1.0
n12091,n14002,4,1.0,1.0,1.0
n12092,n14471,3,0.75,0.75,0.75
n12092,n15459,4,1.0,1.0,1.0
n12093,n15470,4,1.0,1.0,1.0
n12094,n12153,4,1.0,1.0,1.0
n12095,n3899,4,1.0,1.0,1.0
n12096,n165,4,1.0,1.0,1.0
n12097,n176,4,1.0,1.0,1.0
n12098,n3915,4,1.0,1.0,1.0
n12099,n1119,4,1.0,1.0,1.0
n121,n1113,4,1.0,1.0,1.0
n1210,n4716,4,1.0,1.0,1.0
n12100,n3919,4,1.0,1.0,1.0
n12101,n6479,4,1.0,1.0,1.0
n12102,n643,4,1.0,1.0,1.0
n12103,n3936,4,1.0,1.0,1.0
n12104,n1199,3,0.75,1.0,0.875
n12105,n1734,3,0.75,1.0,0.875
n12106,n2109,4,1.0,1.0,1.0
n12107,n3963,3,0.75,1.0,0.875
n12108,n875,4,1.0,1.0,1.0
n12109,n9016,4,1.0,1.0,1.0
n1211,n12778,4,1.0,1.0,1.0
n12110,n15064,4,1.0,1.0,1.0
n12111,n3993,4,1.0,1.0,1.0
n12112,n1447,4,1.0,1.0,1.0
n12113,n4007,4,1.0,1.0,1.0
n12114,n4016,4,1.0,1.0,1.0
n12115,n1785,4,1.0,1.0,1.0
n12116,n1930,4,1.0,1.0,1.0
n12117,n2406,4,1.0,1.0,1.0
n12118,n3478,4,1.0,1.0,1.0
n12119,n8936,4,1.0,1.0,1.0
n1212,n10785,4,1.0,1.0,1.0
n12120,n4034,4,1.0,1.0,1.0
n12121,n2439,4,1.0,1.0,1.0
n12122,n8766,4,1.0,1.0,1.0
n12123,n714,4,1.0,1.0,1.0
n12124,n2724,3,0.75,1.0,0.875
n12125,n10489,4,1.0,1.0,1.0
n12126,n2785,3,0.75,1.0,0.875
n12127,n10571,3,0.75,1.0,0.875
n12128,n10588,4,1.0,1.0,1.0
n12129,n764,3,0.75,1.0,0.875
n1213,n13098,3,0.75,1.0,0.875
n12130,n13309,3,0.75,1.0,0.875
n12131,n11170,4,1.0,1.0,1.0
n12132,n12323,4,1.0,1.0,1.0
n12133,n7850,4,1.0,1.0,1.0
n12134,n4102,4,1.0,1.0,1.0
n12135,n11092,3,0.75,1.0,0.875
n12136,n971,4,1.0,1.0,1.0
n12137,n1021,4,1.0,1.0,1.0
n12138,n4125,4,1.0,1.0,1.0
n12139,n4126,4,1.0,1.0,1.0
n1214,n4737,3,0.75,1.0,0.875
n12140,n4129,4,1.0,1.0,1.0
n12141,n4138,4,1.0,1.0,1.0
n12142,n4207,3,0.75,1.0,0.875
n12143,n1099,4,1.0,1.0,1.0
n12144,n1356,4,1.0,1.0,1.0
n12145,n4150,4,1.0,1.0,1.0
n12146,n1580,4,1.0,1.0,1.0
n12147,n1649,3,0.75,1.0,0.875
n12148,n1138,4,1.0,1.0,1.0
n12149,n1163,3,0.75,1.0,0.875
n1215,n13418,3,0.75,1.0,0.875
n1215,n13419,3,0.75,1.0,0.875
n12150,n11262,4,1.0,1.0,1.0
n12151,n4817,4,1.0,1.0,1.0
n12152,n4820,4,1.0,1.0,1.0
n12153,n4187,4,1.0,1.0,1.0
n12154,n4916,4,1.0,1.0,1.0
n12155,n4976,4,1.0,1.0,1.0
n12156,n3665,4,1.0,1.0,1.0
n12157,n14630,3,0.75,1.0,0.875
n12158,n4285,3,0.75,1.0,0.875
n12159,n5151,4,1.0,1.0,1.0
n1216,n11024,4,1.0,1.0,1.0
n12160,n3181,4,1.0,1.0,1.0
n12161,n1363,4,1.0,1.0,1.0
n12162,n5533,4,1.0,1.0,1.0
n12163,n1395,4,1.0,1.0,1.0
n12164,n1405,4,1.0,1.0,1.0
n12165,n1421,4,1.0,1.0,1.0
n12166,n6258,4,1.0,1.0,1.0
n12167,n5778,3,0.75,1.0,0.875
n12168,n12603,4,1.0,1.0,1.0
n12169,n1465,4,1.0,1.0,1.0
n1217,n4754,4,1.0,1.0,1.0
n12170,n7026,3,0.75,1.0,0.875
n12171,n14744,4,1.0,1.0,1.0
n12172,n8442,3,0.75,1.0,0.875
n12173,n8997,4,1.0,1.0,1.0
n12174,n12663,3,0.75,1.0,0.875
n12175,n2000,3,0.75,1.0,0.875
n12176,n12124,3,0.75,1.0,0.875
n12177,n6494,4,1.0,1.0,1.0
n12178,n4303,3,0.75,1.0,0.875
n12179,n6546,4,1.0,1.0,1.0
n1218,n11124,4,1.0,1.0,1.0
n12180,n12448,3,0.75,1.0,0.875
n12181,n12764,4,1.0,1.0,1.0
n12182,n4316,4,1.0,1.0,1.0
n12183,n1747,4,1.0,1.0,1.0
n12184,n4318,3,0.75,1.0,0.875
n12185,n13295,4,1.0,1.0,1.0
n12186,n4001,3,0.75,1.0,0.875
n12187,n13375,4,1.0,1.0,1.0
n12188,n8518,4,1.0,1.0,1.0
n12189,n13472,4,1.0,1.0,1.0
n1219,n10921,4,1.0,1.0,1.0
n12190,n1640,4,1.0,1.0,1.0
n12191,n9402,4,1.0,1.0,1.0
n12192,n1680,3,0.75,1.0,0.875
n12193,n13755,4,1.0,1.0,1.0
n12194,n1696,4,1.0,1.0,1.0
n12195,n11499,4,1.0,1.0,1.0
n12196,n4356,4,1.0,1.0,1.0
n12197,n1704,4,1.0,1.0,1.0
n12197,n7256,4,1.0,1.0,1.0
n12198,n14446,4,1.0,1.0,1.0
n12199,n4357,4,1.0,1.0,1.0
n122,n1121,4,1.0,1.0,1.0
n1220,n15335,4,1.0,1.0,1.0
n12200,n4361,4,1.0,1.0,1.0
n12201,n7407,4,1.0,1.0,1.0
n12202,n4368,4,1.0,1.0,1.0
n12203,n4375,4,1.0,1.0,1.0
n12204,n2840,4,1.0,1.0,1.0
n12205,n1856,4,1.0,1.0,1.0
n12206,n3338,4,1.0,1.0,1.0
n12207,n15481,4,1.0,1.0,1.0
n12208,n8028,3,0.75,1.0,0.875
n12209,n4421,4,1.0,1.0,1.0
n1221,n15240,4,1.0,1.0,1.0
n12210,n7988,4,1.0,1.0,1.0
n12211,n2142,4,1.0,1.0,1.0
n12212,n1997,3,0.75,1.0,0.875
n12213,n2440,3,0.75,1.0,0.875
n12214,n10052,4,1.0,1.0,1.0
n12215,n10152,4,1.0,1.0,1.0
n12216,n10259,4,1.0,1.0,1.0
n12217,n8394,4,1.0,1.0,1.0
n12218,n3429,4,1.0,1.0,1.0
n12219,n3468,4,1.0,1.0,1.0
n1222,n1288,4,1.0,1.0,1.0
n12220,n11740,4,1.0,1.0,1.0
n12221,n3973,4,1.0,1.0,1.0
n12222,n8505,3,0.75,1.0,0.875
n12223,n4075,4,1.0,1.0,1.0
n12223,n8524,3,0.75,0.75,0.75
n12224,n8134,4,1.0,1.0,1.0
n12225,n2180,4,1.0,1.0,1.0
n12226,n4497,3,0.75,1.0,0.875
n12227,n1525,4,1.0,1.0,1.0
n12228,n4508,4,1.0,1.0,1.0
n12229,n12455,4,1.0,1.0,1.0
n12229,n2263,4,1.0,1.0,1.0
n12229,n8950,3,0.75,0.75,0.75
n12229,n8952,4,1.0,1.0,1.0
n1223,n3033,4,1.0,1.0,1.0
n12230,n2265,4,1.0,1.0,1.0
n12231,n6815,3,0.75,1.0,0.875
n12232,n14124,4,1.0,1.0,1.0
n12233,n15508,3,0.75,1.0,0.875
n12234,n8303,4,1.0,1.0,1.0
n12235,n500,4,1.0,1.0,1.0
n12236,n2316,4,1.0,1.0,1.0
n12237,n12187,4,1.0,1.0,1.0
n12237,n4325,4,1.0,1.0,1.0
n12238,n4563,4,1.0,1.0,1.0
n12239,n10200,3,0.75,1.0,0.875
n1224,n11534,4,1.0,1.0,1.0
n12240,n2386,4,1.0,1.0,1.0
n12241,n14037,4,1.0,1.0,1.0
n12242,n9386,4,1.0,1.0,1.0
n12243,n612,3,0.75,1.0,0.875
n12244,n4809,4,1.0,1.0,1.0
n12245,n2032,4,1.0,1.0,1.0
n12246,n8207,3,0.75,1.0,0.875
n12247,n8346,4,1.0,1.0,1.0
n12248,n3312,4,1.0,1.0,1.0
n12249,n4647,4,1.0,1.0,1.0
n1225,n11546,4,1.0,1.0,1.0
n12250,n4658,3,0.75,1.0,0.875
n12251,n4660,3,0.75,1.0,0.875
n12252,n9141,4,1.0,1.0,1.0
n12253,n2649,4,1.0,1.0,1.0
n12254,n2655,4,1.0,1.0,1.0
n12255,n10433,4,1.0,1.0,1.0
n12256,n1329,4,1.0,1.0,1.0
n12257,n10655,4,1.0,1.0,1.0
n12258,n12596,4,1.0,1.0,1.0
n12259,n12758,4,1.0,1.0,1.0
n1226,n1597,4,1.0,1.0,1.0
n12260,n10906,4,1.0,1.0,1.0
n12260,n13321,4,1.0,1.0,1.0
n12261,n11137,4,1.0,1.0,1.0
n12262,n10446,4,1.0,1.0,1.0
n12263,n2678,4,1.0,1.0,1.0
n12264,n933,3,0.75,1.0,0.875
n12265,n11636,4,1.0,1.0,1.0
n12266,n3635,4,1.0,1.0,1.0
n12267,n12369,4,1.0,1.0,1.0
n12268,n10737,4,1.0,1.0,1.0
n12269,n12917,4,1.0,1.0,1.0
n1227,n5075,4,1.0,1.0,1.0
n12270,n2864,4,1.0,1.0,1.0
n12271,n6163,3,0.75,1.0,0.875
n12272,n2904,4,1.0,1.0,1.0
n12273,n8580,4,1.0,1.0,1.0
n12274,n4753,4,1.0,1.0,1.0
n12275,n10444,4,1.0,1.0,1.0
n12276,n4763,4,1.0,1.0,1.0
n12277,n14361,4,1.0,1.0,1.0
n12278,n2964,4,1.0,1.0,1.0
n12279,n15065,4,1.0,1.0,1.0
n1228,n6457,4,1.0,1.0,1.0
n12280,n14153,4,1.0,1.0,1.0
n12281,n3010,4,1.0,1.0,1.0
n12282,n11404,4,1.0,1.0,1.0
n12283,n351,4,1.0,1.0,1.0
n12284,n412,4,1.0,1.0,1.0
n12285,n2107,4,1.0,1.0,1.0
n12286,n11390,4,1.0,1.0,1.0
n12287,n3045,4,1.0,1.0,1.0
n12288,n4804,4,1.0,1.0,1.0
n12289,n6031,4,1.0,1.0,1.0
n1229,n7672,4,1.0,1.0,1.0
n12290,n11679,4,1.0,1.0,1.0
n12291,n1541,3,0.75,1.0,0.875
n12292,n1652,4,1.0,1.0,1.0
n12293,n9485,3,0.75,1.0,0.875
n12294,n11306,4,1.0,1.0,1.0
n12295,n3185,4,1.0,1.0,1.0
n12296,n3186,3,0.75,1.0,0.875
n12297,n12207,4,1.0,1.0,1.0
n12298,n4854,3,0.75,1.0,0.875
n12299,n12684,3,0.75,1.0,0.875
n123,n14270,4,1.0,1.0,1.0
n1230,n1900,4,1.0,1.0,1.0
n12300,n12694,3,0.75,1.0,0.875
n12301,n878,4,1.0,1.0,1.0
n12302,n4864,4,1.0,1.0,1.0
n12303,n12381,4,1.0,1.0,1.0
n12304,n4869,4,1.0,1.0,1.0
n12305,n7262,4,1.0,1.0,1.0
n12306,n4879,3,0.75,1.0,0.875
n12307,n4891,4,1.0,1.0,1.0
n12308,n1105,4,1.0,1.0,1.0
n12309,n4894,4,1.0,1.0,1.0
n1231,n2367,4,1.0,1.0,1.0
n12310,n4896,4,1.0,1.0,1.0
n12311,n8220,4,1.0,1.0,1.0
n12312,n506,4,1.0,1.0,1.0
n12313,n8656,3,0.75,1.0,0.875
n12314,n2975,3,0.75,1.0,0.875
n12315,n3461,3,0.75,1.0,0.875
n12316,n13525,4,1.0,1.0,1.0
n12317,n3474,4,1.0,1.0,1.0
n12318,n13572,4,1.0,1.0,1.0
n12319,n13656,3,0.75,1.0,0.875
n1232,n8644,4,1.0,1.0,1.0
n12320,n3523,3,0.75,1.0,0.875
n12321,n13825,4,1.0,1.0,1.0
n12322,n10125,3,0.75,1.0,0.875
n12323,n4942,4,1.0,1.0,1.0
n12324,n4943,4,1.0,1.0,1.0
n12325,n4944,4,1.0,1.0,1.0
n12326,n15344,4,1.0,1.0,1.0
n12327,n3571,4,1.0,1.0,1.0
n12328,n3583,4,1.0,1.0,1.0
n12329,n14098,4,1.0,1.0,1.0
n1233,n4814,4,1.0,1.0,1.0
n12330,n14123,4,1.0,1.0,1.0
n12331,n10971,4,1.0,1.0,1.0
n12332,n4961,4,1.0,1.0,1.0
n12333,n11463,4,1.0,1.0,1.0
n12334,n543,4,1.0,1.0,1.0
n12335,n11505,4,1.0,1.0,1.0
n12336,n11863,4,1.0,1.0,1.0
n12337,n4985,4,1.0,1.0,1.0
n12338,n14522,4,1.0,1.0,1.0
n12339,n14535,4,1.0,1.0,1.0
n1234,n3118,4,1.0,1.0,1.0
n12340,n14548,4,1.0,1.0,1.0
n12341,n4995,4,1.0,1.0,1.0
n12342,n3723,4,1.0,1.0,1.0
n12343,n5001,4,1.0,1.0,1.0
n12344,n4996,4,1.0,1.0,1.0
n12345,n3767,4,1.0,1.0,1.0
n12346,n389,4,1.0,1.0,1.0
n12347,n3815,4,1.0,1.0,1.0
n12348,n6064,4,1.0,1.0,1.0
n12349,n14740,3,0.75,1.0,0.875
n1235,n3139,4,1.0,1.0,1.0
n12350,n3837,4,1.0,1.0,1.0
n12351,n12919,3,0.75,1.0,0.875
n12352,n7359,3,0.75,1.0,0.875
n12353,n15333,4,1.0,1.0,1.0
n12354,n15361,4,1.0,1.0,1.0
n12355,n3864,3,0.75,1.0,0.875
n12356,n12822,4,1.0,1.0,1.0
n12357,n3891,4,1.0,1.0,1.0
n12358,n148,4,1.0,1.0,1.0
n12359,n5047,4,1.0,1.0,1.0
n1236,n11976,4,1.0,1.0,1.0
n12360,n3558,4,1.0,1.0,1.0
n12361,n5052,4,1.0,1.0,1.0
n12362,n10925,4,1.0,1.0,1.0
n12363,n11143,4,1.0,1.0,1.0
n12364,n5059,4,1.0,1.0,1.0
n12365,n12980,3,0.75,1.0,0.875
n12366,n5065,4,1.0,1.0,1.0
n12367,n1873,4,1.0,1.0,1.0
n12368,n5069,4,1.0,1.0,1.0
n12369,n6722,4,1.0,1.0,1.0
n1237,n3175,4,1.0,1.0,1.0
n12370,n1967,4,1.0,1.0,1.0
n12371,n2185,3,0.75,1.0,0.875
n12372,n5082,4,1.0,1.0,1.0
n12373,n3113,4,1.0,1.0,1.0
n12374,n857,4,1.0,1.0,1.0
n12375,n4108,4,1.0,1.0,1.0
n12376,n3829,4,1.0,1.0,1.0
n12377,n3871,4,1.0,1.0,1.0
n12378,n5116,3,0.75,1.0,0.875
n12379,n5305,4,1.0,1.0,1.0
n1238,n4827,4,1.0,1.0,1.0
n12380,n5668,4,1.0,1.0,1.0
n12381,n6174,4,1.0,1.0,1.0
n12382,n14450,4,1.0,1.0,1.0
n12383,n6025,4,1.0,1.0,1.0
n12384,n13227,4,1.0,1.0,1.0
n12385,n6941,4,1.0,1.0,1.0
n12386,n4333,4,1.0,1.0,1.0
n12387,n1713,4,1.0,1.0,1.0
n12388,n14674,4,1.0,1.0,1.0
n12389,n4382,4,1.0,1.0,1.0
n1239,n6122,4,1.0,1.0,1.0
n12390,n4390,3,0.75,1.0,0.875
n12391,n5186,3,0.75,1.0,0.875
n12392,n1146,4,1.0,1.0,1.0
n12393,n5202,4,1.0,1.0,1.0
n12394,n2081,4,1.0,1.0,1.0
n12395,n2114,4,1.0,1.0,1.0
n12396,n4152,4,1.0,1.0,1.0
n12397,n8670,4,1.0,1.0,1.0
n12398,n8939,4,1.0,1.0,1.0
n12399,n5985,3,0.75,0.75,0.75
n12399,n5989,4,1.0,1.0,1.0
n124,n14905,4,1.0,1.0,1.0
n1240,n6787,4,1.0,1.0,1.0
n12400,n7461,3,0.75,1.0,0.875
n12401,n9051,3,0.75,1.0,0.875
n12402,n5230,3,0.75,1.0,0.875
n12403,n12365,3,0.75,1.0,0.875
n12404,n4566,4,1.0,1.0,1.0
n12405,n14113,4,1.0,1.0,1.0
n12406,n9439,4,1.0,1.0,1.0
n12407,n7901,4,1.0,1.0,1.0
n12408,n4594,4,1.0,1.0,1.0
n12409,n2492,4,1.0,1.0,1.0
n1241,n4329,4,1.0,1.0,1.0
n12410,n8462,4,1.0,1.0,1.0
n12411,n9814,3,0.75,1.0,0.875
n12412,n9891,3,0.75,1.0,0.875
n12413,n8595,4,1.0,1.0,1.0
n12414,n9730,3,0.75,1.0,0.875
n12415,n10225,4,1.0,1.0,1.0
n12416,n10231,4,1.0,1.0,1.0
n12417,n12315,3,0.75,1.0,0.875
n12418,n13867,4,1.0,1.0,1.0
n12419,n2788,4,1.0,1.0,1.0
n1242,n3255,4,1.0,1.0,1.0
n12420,n5291,4,1.0,1.0,1.0
n12421,n11085,4,1.0,1.0,1.0
n12422,n5296,4,1.0,1.0,1.0
n12423,n5297,4,1.0,1.0,1.0
n12424,n2962,4,1.0,1.0,1.0
n12425,n8048,4,1.0,1.0,1.0
n12426,n4810,4,1.0,1.0,1.0
n12427,n5317,4,1.0,1.0,1.0
n12428,n3230,4,1.0,1.0,1.0
n12429,n12272,4,1.0,1.0,1.0
n1243,n5465,4,1.0,1.0,1.0
n12430,n5204,4,1.0,1.0,1.0
n12431,n3280,4,1.0,1.0,1.0
n12432,n5667,4,1.0,1.0,1.0
n12433,n4853,4,1.0,1.0,1.0
n12434,n12742,4,1.0,1.0,1.0
n12435,n15341,4,1.0,1.0,1.0
n12436,n5338,4,1.0,1.0,1.0
n12437,n3439,4,1.0,1.0,1.0
n12438,n13470,3,0.75,1.0,0.875
n12439,n3487,4,1.0,1.0,1.0
n1244,n5538,4,1.0,1.0,1.0
n12440,n9903,3,0.75,1.0,0.875
n12441,n5350,3,0.75,1.0,0.875
n12442,n5351,3,0.75,1.0,0.875
n12443,n4968,3,0.75,1.0,0.875
n12444,n11298,4,1.0,1.0,1.0
n12445,n2502,4,1.0,1.0,1.0
n12446,n14734,4,1.0,1.0,1.0
n12447,n3735,4,1.0,1.0,1.0
n12448,n13474,3,0.75,1.0,0.875
n12449,n3788,4,1.0,1.0,1.0
n1245,n5759,3,0.75,1.0,0.875
n12450,n11413,4,1.0,1.0,1.0
n12451,n15257,4,1.0,1.0,1.0
n12452,n15137,3,0.75,1.0,0.875
n12453,n5046,4,1.0,1.0,1.0
n12454,n3941,4,1.0,1.0,1.0
n12455,n162,4,1.0,1.0,1.0
n12456,n5386,3,0.75,1.0,0.875
n12457,n3957,4,1.0,1.0,1.0
n12458,n1074,4,1.0,1.0,1.0
n12459,n1134,4,1.0,1.0,1.0
n1246,n5856,4,1.0,1.0,1.0
n12460,n5925,4,1.0,1.0,1.0
n12461,n4044,3,0.75,1.0,0.875
n12462,n921,4,1.0,1.0,1.0
n12463,n4104,4,1.0,1.0,1.0
n12464,n5407,3,0.75,1.0,0.875
n12465,n6519,4,1.0,1.0,1.0
n12466,n5142,4,1.0,1.0,1.0
n12467,n6049,4,1.0,1.0,1.0
n12468,n7518,4,1.0,1.0,1.0
n12469,n10142,3,0.75,1.0,0.875
n1247,n6026,4,1.0,1.0,1.0
n12470,n5150,4,1.0,1.0,1.0
n12471,n205,4,1.0,1.0,1.0
n12472,n4385,4,1.0,1.0,1.0
n12473,n7968,4,1.0,1.0,1.0
n12474,n4271,4,1.0,1.0,1.0
n12475,n5424,4,1.0,1.0,1.0
n12476,n4859,4,1.0,1.0,1.0
n12477,n5265,4,1.0,1.0,1.0
n12478,n10263,3,0.75,1.0,0.875
n12479,n5454,4,1.0,1.0,1.0
n1248,n4852,4,1.0,1.0,1.0
n12480,n4793,4,1.0,1.0,1.0
n12481,n5308,4,1.0,1.0,1.0
n12482,n5360,4,1.0,1.0,1.0
n12483,n5089,4,1.0,1.0,1.0
n12484,n3938,4,1.0,1.0,1.0
n12485,n1958,4,1.0,1.0,1.0
n12486,n2699,4,1.0,1.0,1.0
n12487,n2892,3,0.75,1.0,0.875
n12488,n5498,3,0.75,1.0,0.875
n12489,n5464,4,1.0,1.0,1.0
n1249,n4857,4,1.0,1.0,1.0
n12490,n5342,4,1.0,1.0,1.0
n12491,n15346,4,1.0,1.0,1.0
n12492,n5491,4,1.0,1.0,1.0
n12493,n2588,4,1.0,1.0,1.0
n12494,n5510,4,1.0,1.0,1.0
n12495,n7464,4,1.0,1.0,1.0
n12496,n5657,4,1.0,1.0,1.0
n12497,n5528,4,1.0,1.0,1.0
n12498,n5588,4,1.0,1.0,1.0
n12499,n13275,4,1.0,1.0,1.0
n125,n7653,4,1.0,1.0,1.0
n1250,n12724,4,1.0,1.0,1.0
n12500,n5543,4,1.0,1.0,1.0
n12501,n5635,4,1.0,1.0,1.0
n12502,n15007,4,1.0,1.0,1.0
n12503,n10576,4,1.0,1.0,1.0
n12503,n8268,4,1.0,1.0,1.0
n12504,n12251,3,0.75,1.0,0.875
n12505,n5553,3,0.75,1.0,0.875
n12506,n5676,4,1.0,1.0,1.0
n12507,n7226,4,1.0,1.0,1.0
n12508,n9313,4,1.0,1.0,1.0
n12509,n9053,3,0.75,1.0,0.875
n1251,n12473,4,1.0,1.0,1.0
n12510,n5708,3,0.75,0.75,0.75
n12510,n6238,4,1.0,1.0,1.0
n12511,n10631,4,1.0,1.0,1.0
n12512,n11708,4,1.0,1.0,1.0
n12513,n5325,3,0.75,1.0,0.875
n12514,n5733,3,0.75,1.0,0.875
n12515,n6381,3,0.75,1.0,0.875
n12516,n3804,4,1.0,1.0,1.0
n12517,n12226,3,0.75,1.0,0.875
n12518,n6541,4,1.0,1.0,1.0
n12519,n4046,4,1.0,1.0,1.0
n1252,n6808,3,0.75,1.0,0.875
n12520,n5786,3,0.75,1.0,0.875
n12521,n5262,4,1.0,1.0,1.0
n12522,n5670,4,1.0,1.0,1.0
n12523,n5811,4,1.0,1.0,1.0
n12524,n11178,3,0.75,1.0,0.875
n12525,n12782,4,1.0,1.0,1.0
n12526,n12915,4,1.0,1.0,1.0
n12527,n7813,3,0.75,1.0,0.875
n12528,n3477,3,0.75,1.0,0.875
n12529,n5606,3,0.75,1.0,0.875
n1253,n8800,4,1.0,1.0,1.0
n12530,n5613,4,1.0,1.0,1.0
n12531,n13717,4,1.0,1.0,1.0
n12532,n5629,4,1.0,1.0,1.0
n12533,n7169,3,0.75,1.0,0.875
n12534,n5632,3,0.75,1.0,0.875
n12535,n6009,4,1.0,1.0,1.0
n12536,n13179,3,0.75,1.0,0.875
n12537,n10481,4,1.0,1.0,1.0
n12538,n14402,4,1.0,1.0,1.0
n12539,n7517,3,0.75,1.0,0.875
n1254,n7212,4,1.0,1.0,1.0
n12540,n14117,4,1.0,1.0,1.0
n12541,n10823,4,1.0,1.0,1.0
n12542,n8400,4,1.0,1.0,1.0
n12543,n6149,4,1.0,1.0,1.0
n12544,n6328,4,1.0,1.0,1.0
n12545,n7740,4,1.0,1.0,1.0
n12546,n3424,4,1.0,1.0,1.0
n12547,n9945,3,0.75,1.0,0.875
n12548,n6260,3,0.75,1.0,0.875
n12549,n8728,3,0.75,1.0,0.875
n1255,n3363,3,0.75,1.0,0.875
n12550,n320,4,1.0,1.0,1.0
n12551,n1079,3,0.75,1.0,0.875
n12552,n6345,4,1.0,1.0,1.0
n12553,n843,4,1.0,1.0,1.0
n12554,n1327,4,1.0,1.0,1.0
n12555,n12777,4,1.0,1.0,1.0
n12556,n3334,3,0.75,1.0,0.875
n12557,n4457,4,1.0,1.0,1.0
n12558,n5755,3,0.75,1.0,0.875
n12559,n6485,3,0.75,1.0,0.875
n1256,n7399,4,1.0,1.0,1.0
n12560,n4172,3,0.75,1.0,0.875
n12561,n6495,4,1.0,1.0,1.0
n12562,n4338,3,0.75,1.0,0.875
n12562,n6979,3,0.75,1.0,0.875
n12563,n6520,3,0.75,1.0,0.875
n12564,n2338,4,1.0,1.0,1.0
n12565,n5772,4,1.0,1.0,1.0
n12566,n3786,3,0.75,1.0,0.875
n12566,n6563,3,0.75,1.0,0.875
n12567,n5790,4,1.0,1.0,1.0
n12568,n12465,4,1.0,1.0,1.0
n12568,n5796,4,1.0,1.0,1.0
n12569,n5433,3,0.75,1.0,0.875
n1257,n13176,4,1.0,1.0,1.0
n12570,n6615,4,1.0,1.0,1.0
n12571,n5744,4,1.0,1.0,1.0
n12572,n6636,4,1.0,1.0,1.0
n12573,n12601,4,1.0,1.0,1.0
n12574,n14173,4,1.0,1.0,1.0
n12575,n6669,3,0.75,1.0,0.875
n12576,n15107,4,1.0,1.0,1.0
n12577,n5828,4,1.0,1.0,1.0
n12578,n12714,4,1.0,1.0,1.0
n12579,n5832,4,1.0,1.0,1.0
n1258,n631,4,1.0,1.0,1.0
n12580,n13051,4,1.0,1.0,1.0
n12581,n13320,4,1.0,1.0,1.0
n12582,n5846,4,1.0,1.0,1.0
n12583,n5854,4,1.0,1.0,1.0
n12584,n12961,3,0.75,1.0,0.875
n12585,n14822,4,1.0,1.0,1.0
n12586,n13122,4,1.0,1.0,1.0
n12587,n5867,4,1.0,1.0,1.0
n12588,n4404,3,0.75,1.0,0.875
n12589,n13165,4,1.0,1.0,1.0
n1259,n4914,3,0.75,1.0,0.875
n12590,n7980,4,1.0,1.0,1.0
n12591,n9314,3,0.75,1.0,0.875
n12592,n6891,3,0.75,1.0,0.875
n12593,n6898,4,1.0,1.0,1.0
n12594,n4664,3,0.75,1.0,0.875
n12595,n6939,4,1.0,1.0,1.0
n12596,n6948,4,1.0,1.0,1.0
n12597,n7960,3,0.75,1.0,0.875
n12598,n7043,3,0.75,1.0,0.875
n12599,n13716,4,1.0,1.0,1.0
n126,n8238,3,0.75,1.0,0.875
n1260,n2516,4,1.0,1.0,1.0
n12600,n5933,4,1.0,1.0,1.0
n12601,n13803,4,1.0,1.0,1.0
n12602,n7092,4,1.0,1.0,1.0
n12603,n13913,4,1.0,1.0,1.0
n12604,n5967,3,0.75,1.0,0.875
n12605,n12053,4,1.0,1.0,1.0
n12606,n5972,4,1.0,1.0,1.0
n12607,n5974,4,1.0,1.0,1.0
n12608,n10726,4,1.0,1.0,1.0
n12609,n14088,4,1.0,1.0,1.0
n1261,n5743,4,1.0,1.0,1.0
n12610,n5978,4,1.0,1.0,1.0
n12611,n14104,3,0.75,1.0,0.875
n12612,n13579,4,1.0,1.0,1.0
n12613,n5990,4,1.0,1.0,1.0
n12614,n15397,4,1.0,1.0,1.0
n12615,n15446,4,1.0,1.0,1.0
n12616,n7250,4,1.0,1.0,1.0
n12617,n2040,4,1.0,1.0,1.0
n12618,n14581,4,1.0,1.0,1.0
n12619,n2235,4,1.0,1.0,1.0
n1262,n13525,4,1.0,1.0,1.0
n12620,n12629,4,1.0,1.0,1.0
n12621,n12683,4,1.0,1.0,1.0
n12622,n12867,4,1.0,1.0,1.0
n12623,n14885,3,0.75,1.0,0.875
n12624,n8712,4,1.0,1.0,1.0
n12625,n13459,4,1.0,1.0,1.0
n12626,n8003,3,0.75,1.0,0.875
n12627,n9686,4,1.0,1.0,1.0
n12628,n13769,4,1.0,1.0,1.0
n12629,n14047,4,1.0,1.0,1.0
n1263,n13917,3,0.75,1.0,0.875
n12630,n6053,4,1.0,1.0,1.0
n12631,n11166,4,1.0,1.0,1.0
n12632,n6055,4,1.0,1.0,1.0
n12633,n7475,4,1.0,1.0,1.0
n12634,n7476,4,1.0,1.0,1.0
n12635,n6066,4,1.0,1.0,1.0
n12636,n6067,4,1.0,1.0,1.0
n12637,n15231,4,1.0,1.0,1.0
n12638,n15323,4,1.0,1.0,1.0
n12639,n7535,3,0.75,1.0,0.875
n1264,n10353,4,1.0,1.0,1.0
n1264,n13066,4,1.0,1.0,1.0
n1264,n13945,4,1.0,1.0,1.0
n1264,n13946,4,1.0,1.0,1.0
n12640,n15151,4,1.0,1.0,1.0
n12641,n15477,4,1.0,1.0,1.0
n12642,n6090,4,1.0,1.0,1.0
n12643,n6096,4,1.0,1.0,1.0
n12644,n1899,4,1.0,1.0,1.0
n12645,n332,4,1.0,1.0,1.0
n12646,n6110,3,0.75,1.0,0.875
n12647,n4024,4,1.0,1.0,1.0
n12648,n8972,3,0.75,1.0,0.875
n12649,n8628,3,0.75,1.0,0.875
n1265,n4947,3,0.75,1.0,0.875
n12650,n9287,4,1.0,1.0,1.0
n12651,n6158,4,1.0,1.0,1.0
n12652,n6772,4,1.0,1.0,1.0
n12653,n6173,4,1.0,1.0,1.0
n12654,n3428,4,1.0,1.0,1.0
n12655,n110,4,1.0,1.0,1.0
n12656,n6181,4,1.0,1.0,1.0
n12657,n7817,4,1.0,1.0,1.0
n12658,n9455,4,1.0,1.0,1.0
n12659,n10099,4,1.0,1.0,1.0
n1266,n11051,4,1.0,1.0,1.0
n12660,n9522,4,1.0,1.0,1.0
n12661,n651,4,1.0,1.0,1.0
n12662,n9664,3,0.75,1.0,0.875
n12663,n6552,3,0.75,1.0,0.875
n12664,n1721,3,0.75,1.0,0.875
n12665,n10137,4,1.0,1.0,1.0
n12666,n10198,3,0.75,1.0,0.875
n12667,n10224,3,0.75,1.0,0.875
n12668,n10373,4,1.0,1.0,1.0
n12669,n8538,4,1.0,1.0,1.0
n1267,n3637,4,1.0,1.0,1.0
n12670,n6245,4,1.0,1.0,1.0
n12671,n11047,3,0.75,1.0,0.875
n12672,n2168,4,1.0,1.0,1.0
n12673,n11433,4,1.0,1.0,1.0
n12674,n6549,4,1.0,1.0,1.0
n12675,n14657,4,1.0,1.0,1.0
n12676,n12189,4,1.0,1.0,1.0
n12677,n2190,4,1.0,1.0,1.0
n12678,n11073,4,1.0,1.0,1.0
n12679,n6261,4,1.0,1.0,1.0
n1268,n11895,4,1.0,1.0,1.0
n12680,n8304,4,1.0,1.0,1.0
n12681,n13775,4,1.0,1.0,1.0
n12682,n6288,3,0.75,1.0,0.875
n12683,n10080,4,1.0,1.0,1.0
n12684,n14519,3,0.75,1.0,0.875
n12685,n12592,3,0.75,1.0,0.875
n12686,n14799,3,0.75,1.0,0.875
n12687,n11257,4,1.0,1.0,1.0
n12688,n6310,3,0.75,1.0,0.875
n12689,n13353,4,1.0,1.0,1.0
n1269,n11711,4,1.0,1.0,1.0
n12690,n6316,3,0.75,1.0,0.875
n12691,n936,4,1.0,1.0,1.0
n12692,n13347,4,1.0,1.0,1.0
n12693,n341,4,1.0,1.0,1.0
n12694,n1399,3,0.75,1.0,0.875
n12695,n6525,4,1.0,1.0,1.0
n12696,n493,4,1.0,1.0,1.0
n12697,n9508,4,1.0,1.0,1.0
n12698,n9775,4,1.0,1.0,1.0
n12699,n11516,4,1.0,1.0,1.0
n127,n3373,4,1.0,1.0,1.0
n1270,n14339,4,1.0,1.0,1.0
n12700,n6339,4,1.0,1.0,1.0
n12701,n6340,3,0.75,1.0,0.875
n12702,n15455,4,1.0,1.0,1.0
n12703,n11585,4,1.0,1.0,1.0
n12704,n1143,4,1.0,1.0,1.0
n12705,n6371,4,1.0,1.0,1.0
n12706,n5223,4,1.0,1.0,1.0
n12707,n6374,4,1.0,1.0,1.0
n12708,n6544,4,1.0,1.0,1.0
n12709,n6089,4,1.0,1.0,1.0
n1271,n12218,4,1.0,1.0,1.0
n12710,n1537,4,1.0,1.0,1.0
n12711,n6352,4,1.0,1.0,1.0
n12712,n12587,4,1.0,1.0,1.0
n12713,n7594,4,1.0,1.0,1.0
n12714,n14671,4,1.0,1.0,1.0
n12715,n14912,4,1.0,1.0,1.0
n12716,n6393,4,1.0,1.0,1.0
n12717,n7601,4,1.0,1.0,1.0
n12718,n1799,4,1.0,1.0,1.0
n12719,n11728,4,1.0,1.0,1.0
n1272,n14626,4,1.0,1.0,1.0
n12720,n7993,4,1.0,1.0,1.0
n12721,n9752,3,0.75,1.0,0.875
n12722,n3089,4,1.0,1.0,1.0
n12723,n6417,4,1.0,1.0,1.0
n12724,n6422,4,1.0,1.0,1.0
n12725,n11841,4,1.0,1.0,1.0
n12726,n11858,4,1.0,1.0,1.0
n12727,n10548,4,1.0,1.0,1.0
n12728,n2958,3,0.75,1.0,0.875
n12729,n11302,4,1.0,1.0,1.0
n1273,n3718,3,0.75,1.0,0.875
n12730,n3058,4,1.0,1.0,1.0
n12731,n13463,4,1.0,1.0,1.0
n12732,n11277,4,1.0,1.0,1.0
n12733,n11495,4,1.0,1.0,1.0
n12734,n12028,4,1.0,1.0,1.0
n12735,n3369,4,1.0,1.0,1.0
n12736,n6469,4,1.0,1.0,1.0
n12737,n3762,4,1.0,1.0,1.0
n12738,n14485,4,1.0,1.0,1.0
n12739,n15304,4,1.0,1.0,1.0
n1274,n6070,4,1.0,1.0,1.0
n12740,n15503,4,1.0,1.0,1.0
n12741,n15389,4,1.0,1.0,1.0
n12742,n6480,4,1.0,1.0,1.0
n12743,n3932,3,0.75,1.0,0.875
n12744,n1182,4,1.0,1.0,1.0
n12745,n6493,4,1.0,1.0,1.0
n12746,n12182,4,1.0,1.0,1.0
n12747,n4351,4,1.0,1.0,1.0
n12748,n4365,4,1.0,1.0,1.0
n12749,n4386,4,1.0,1.0,1.0
n1275,n3728,4,1.0,1.0,1.0
n12750,n4402,4,1.0,1.0,1.0
n12751,n6509,4,1.0,1.0,1.0
n12752,n8405,3,0.75,1.0,0.875
n12753,n3495,4,1.0,1.0,1.0
n12754,n8746,4,1.0,1.0,1.0
n12755,n2248,4,1.0,1.0,1.0
n12756,n6518,4,1.0,1.0,1.0
n12757,n12236,4,1.0,1.0,1.0
n12757,n6521,3,0.75,0.75,0.75
n12758,n9848,4,1.0,1.0,1.0
n12759,n9986,4,1.0,1.0,1.0
n1276,n14797,3,0.75,1.0,0.875
n12760,n4789,4,1.0,1.0,1.0
n12761,n12290,4,1.0,1.0,1.0
n12762,n11906,3,0.75,1.0,0.875
n12763,n12302,4,1.0,1.0,1.0
n12764,n4868,4,1.0,1.0,1.0
n12765,n3364,4,1.0,1.0,1.0
n12766,n3606,4,1.0,1.0,1.0
n12767,n6562,4,1.0,1.0,1.0
n12768,n6564,4,1.0,1.0,1.0
n12769,n12351,3,0.75,1.0,0.875
n1277,n5909,4,1.0,1.0,1.0
n12770,n5061,4,1.0,1.0,1.0
n12771,n4033,4,1.0,1.0,1.0
n12772,n6572,4,1.0,1.0,1.0
n12773,n4287,3,0.75,1.0,0.875
n12774,n6577,4,1.0,1.0,1.0
n12775,n6584,4,1.0,1.0,1.0
n12776,n12174,3,0.75,1.0,0.875
n12777,n12431,4,1.0,1.0,1.0
n12777,n5322,4,1.0,1.0,1.0
n12778,n12436,4,1.0,1.0,1.0
n12779,n4962,3,0.75,1.0,0.875
n1278,n14999,4,1.0,1.0,1.0
n12780,n12443,3,0.75,1.0,0.875
n12781,n5076,4,1.0,1.0,1.0
n12782,n4358,4,1.0,1.0,1.0
n12783,n4987,4,1.0,1.0,1.0
n12784,n5521,4,1.0,1.0,1.0
n12785,n12504,3,0.75,1.0,0.875
n12786,n6925,4,1.0,1.0,1.0
n12787,n5710,4,1.0,1.0,1.0
n12788,n51,4,1.0,1.0,1.0
n12789,n6535,4,1.0,1.0,1.0
n1279,n10046,4,1.0,1.0,1.0
n12790,n6635,4,1.0,1.0,1.0
n12791,n6993,4,1.0,1.0,1.0
n12792,n6646,4,1.0,1.0,1.0
n12793,n6649,4,1.0,1.0,1.0
n12794,n6976,4,1.0,1.0,1.0
n12795,n6034,4,1.0,1.0,1.0
n12796,n1590,3,0.75,1.0,0.875
n12797,n9594,4,1.0,1.0,1.0
n12798,n6130,4,1.0,1.0,1.0
n12799,n6143,4,1.0,1.0,1.0
n128,n3554,3,0.75,1.0,0.875
n1280,n14080,4,1.0,1.0,1.0
n12800,n6676,4,1.0,1.0,1.0
n12801,n10196,4,1.0,1.0,1.0
n12802,n6682,4,1.0,1.0,1.0
n12803,n15426,4,1.0,1.0,1.0
n12804,n10,3,0.75,1.0,0.875
n12805,n6688,4,1.0,1.0,1.0
n12806,n11741,4,1.0,1.0,1.0
n12807,n11844,4,1.0,1.0,1.0
n12808,n2762,4,1.0,1.0,1.0
n12809,n6587,4,1.0,1.0,1.0
n1281,n14273,4,1.0,1.0,1.0
n12810,n5514,4,1.0,1.0,1.0
n12811,n5715,3,0.75,1.0,0.875
n12812,n12799,4,1.0,1.0,1.0
n12813,n6716,4,1.0,1.0,1.0
n12814,n12904,4,1.0,1.0,1.0
n12815,n12852,4,1.0,1.0,1.0
n12816,n13291,3,0.75,0.75,0.75
n12816,n6867,4,1.0,1.0,1.0
n12817,n6901,4,1.0,1.0,1.0
n12818,n8751,4,1.0,1.0,1.0
n12819,n8845,3,0.75,1.0,0.875
n1282,n11471,4,1.0,1.0,1.0
n12820,n13506,4,1.0,1.0,1.0
n12821,n6985,4,1.0,1.0,1.0
n12822,n7011,4,1.0,1.0,1.0
n12823,n12894,4,1.0,1.0,1.0
n12824,n9952,4,1.0,1.0,1.0
n12825,n12912,4,1.0,1.0,1.0
n12826,n14007,4,1.0,1.0,1.0
n12827,n12809,4,1.0,1.0,1.0
n12828,n13077,3,0.75,1.0,0.875
n12829,n12933,4,1.0,1.0,1.0
n1283,n11621,4,1.0,1.0,1.0
n12830,n7179,4,1.0,1.0,1.0
n12831,n14289,4,1.0,1.0,1.0
n12832,n14898,3,0.75,1.0,0.875
n12833,n7338,3,0.75,1.0,0.875
n12834,n12906,4,1.0,1.0,1.0
n12834,n7366,4,1.0,1.0,1.0
n12835,n13057,3,0.75,1.0,0.875
n12836,n7679,4,1.0,1.0,1.0
n12837,n8006,4,1.0,1.0,1.0
n12838,n13006,4,1.0,1.0,1.0
n12839,n12199,4,1.0,1.0,1.0
n1284,n3845,4,1.0,1.0,1.0
n12840,n13050,4,1.0,1.0,1.0
n12841,n6783,4,1.0,1.0,1.0
n12842,n7611,4,1.0,1.0,1.0
n12843,n13081,4,1.0,1.0,1.0
n12844,n6790,4,1.0,1.0,1.0
n12845,n6794,4,1.0,1.0,1.0
n12846,n7754,4,1.0,1.0,1.0
n12847,n13113,3,0.75,1.0,0.875
n12848,n13114,4,1.0,1.0,1.0
n12849,n6801,4,1.0,1.0,1.0
n1285,n10247,4,1.0,1.0,1.0
n12850,n6812,4,1.0,1.0,1.0
n12851,n2290,3,0.75,1.0,0.875
n12852,n4415,4,1.0,1.0,1.0
n12853,n4569,3,0.75,1.0,0.875
n12854,n7908,4,1.0,1.0,1.0
n12855,n5587,3,0.75,1.0,0.875
n12856,n6537,4,1.0,1.0,1.0
n12857,n8443,4,1.0,1.0,1.0
n12858,n13224,4,1.0,1.0,1.0
n12859,n6846,4,1.0,1.0,1.0
n1286,n15484,4,1.0,1.0,1.0
n12860,n13235,3,0.75,1.0,0.875
n12861,n8206,4,1.0,1.0,1.0
n12862,n10272,4,1.0,1.0,1.0
n12863,n8241,4,1.0,1.0,1.0
n12864,n6865,4,1.0,1.0,1.0
n12865,n8282,4,1.0,1.0,1.0
n12866,n8499,4,1.0,1.0,1.0
n12867,n522,4,1.0,1.0,1.0
n12868,n6909,3,0.75,1.0,0.875
n12869,n3791,4,1.0,1.0,1.0
n1287,n3884,4,1.0,1.0,1.0
n12870,n6932,4,1.0,1.0,1.0
n12871,n8776,3,0.75,1.0,0.875
n12872,n3903,4,1.0,1.0,1.0
n12873,n5409,4,1.0,1.0,1.0
n12874,n5640,3,0.75,1.0,0.875
n12875,n8903,4,1.0,1.0,1.0
n12876,n12492,4,1.0,1.0,1.0
n12877,n6955,4,1.0,1.0,1.0
n12878,n13172,3,0.75,1.0,0.875
n12879,n5910,4,1.0,1.0,1.0
n1288,n79,4,1.0,1.0,1.0
n12880,n7079,4,1.0,1.0,1.0
n12881,n13524,4,1.0,1.0,1.0
n12882,n7442,4,1.0,1.0,1.0
n12883,n9270,4,1.0,1.0,1.0
n12884,n10342,4,1.0,1.0,1.0
n12885,n10545,4,1.0,1.0,1.0
n12886,n9326,3,0.75,1.0,0.875
n12887,n14712,3,0.75,1.0,0.875
n12888,n9342,4,1.0,1.0,1.0
n12889,n15283,4,1.0,1.0,1.0
n1289,n117,4,1.0,1.0,1.0
n12890,n7015,4,1.0,1.0,1.0
n12891,n13641,3,0.75,1.0,0.875
n12892,n1590,4,1.0,1.0,1.0
n12892,n1592,4,1.0,1.0,1.0
n12893,n3700,4,1.0,1.0,1.0
n12894,n1169,4,1.0,1.0,1.0
n12894,n7866,4,1.0,1.0,1.0
n12895,n13665,4,1.0,1.0,1.0
n12896,n8063,4,1.0,1.0,1.0
n12897,n7032,4,1.0,1.0,1.0
n12898,n13683,4,1.0,1.0,1.0
n12899,n13722,4,1.0,1.0,1.0
n129,n5187,3,0.75,1.0,0.875
n1290,n5238,4,1.0,1.0,1.0
n12900,n9709,3,0.75,1.0,0.875
n12901,n6128,4,1.0,1.0,1.0
n12902,n10257,4,1.0,1.0,1.0
n12903,n9077,3,0.75,1.0,0.875
n12904,n13494,4,1.0,1.0,1.0
n12905,n9884,4,1.0,1.0,1.0
n12906,n7279,4,1.0,1.0,1.0
n12907,n15370,4,1.0,1.0,1.0
n12908,n8234,4,1.0,1.0,1.0
n12909,n5201,3,0.75,1.0,0.875
n1291,n3078,4,1.0,1.0,1.0
n12910,n9967,4,1.0,1.0,1.0
n12911,n7087,4,1.0,1.0,1.0
n12912,n10299,4,1.0,1.0,1.0
n12913,n10598,4,1.0,1.0,1.0
n12914,n15339,4,1.0,1.0,1.0
n12915,n4749,4,1.0,1.0,1.0
n12916,n9228,3,0.75,1.0,0.875
n12917,n10428,4,1.0,1.0,1.0
n12918,n11496,4,1.0,1.0,1.0
n12919,n11218,3,0.75,1.0,0.875
n1292,n4708,4,1.0,1.0,1.0
n12920,n7125,4,1.0,1.0,1.0
n12921,n3084,4,1.0,1.0,1.0
n12922,n14014,4,1.0,1.0,1.0
n12923,n10562,4,1.0,1.0,1.0
n12924,n3832,4,1.0,1.0,1.0
n12925,n4218,4,1.0,1.0,1.0
n12926,n14074,4,1.0,1.0,1.0
n12927,n7151,4,1.0,1.0,1.0
n12928,n14090,3,0.75,0.75,0.75
n12928,n8843,4,1.0,1.0,1.0
n12929,n14097,3,0.75,1.0,0.875
n1293,n396,4,1.0,1.0,1.0
n12930,n13506,4,1.0,1.0,1.0
n12931,n395,4,1.0,1.0,1.0
n12932,n14120,3,0.75,1.0,0.875
n12933,n14121,4,1.0,1.0,1.0
n12934,n10934,3,0.75,1.0,0.875
n12935,n13522,4,1.0,1.0,1.0
n12936,n11053,3,0.75,1.0,0.875
n12937,n10935,4,1.0,1.0,1.0
n12938,n14177,3,0.75,1.0,0.875
n12939,n14298,4,1.0,1.0,1.0
n1294,n4073,4,1.0,1.0,1.0
n12940,n14238,4,1.0,1.0,1.0
n12941,n7213,4,1.0,1.0,1.0
n12942,n14260,3,0.75,1.0,0.875
n12943,n8694,3,0.75,1.0,0.875
n12944,n11300,4,1.0,1.0,1.0
n12945,n7231,4,1.0,1.0,1.0
n12946,n11328,4,1.0,1.0,1.0
n12947,n15489,4,1.0,1.0,1.0
n12948,n15347,3,0.75,1.0,0.875
n12949,n11368,4,1.0,1.0,1.0
n1295,n4089,4,1.0,1.0,1.0
n12950,n387,4,1.0,1.0,1.0
n12951,n11489,4,1.0,1.0,1.0
n12952,n2131,4,1.0,1.0,1.0
n12953,n11650,3,0.75,1.0,0.875
n12954,n6355,4,1.0,1.0,1.0
n12955,n6442,4,1.0,1.0,1.0
n12956,n6954,4,1.0,1.0,1.0
n12957,n14442,4,1.0,1.0,1.0
n12958,n7278,4,1.0,1.0,1.0
n12959,n3135,4,1.0,1.0,1.0
n1296,n4099,4,1.0,1.0,1.0
n12960,n7283,4,1.0,1.0,1.0
n12961,n4244,3,0.75,1.0,0.875
n12962,n6884,3,0.75,1.0,0.875
n12963,n12213,3,0.75,1.0,0.875
n12964,n7305,3,0.75,1.0,0.875
n12965,n12276,4,1.0,1.0,1.0
n12966,n3465,4,1.0,1.0,1.0
n12967,n14651,4,1.0,1.0,1.0
n12968,n12417,3,0.75,1.0,0.875
n12969,n4774,4,1.0,1.0,1.0
n1297,n4113,4,1.0,1.0,1.0
n12970,n7320,4,1.0,1.0,1.0
n12971,n5217,4,1.0,1.0,1.0
n12972,n12487,3,0.75,1.0,0.875
n12973,n7336,4,1.0,1.0,1.0
n12974,n5843,3,0.75,1.0,0.875
n12975,n13798,4,1.0,1.0,1.0
n12976,n7344,3,0.75,1.0,0.875
n12977,n11760,4,1.0,1.0,1.0
n12978,n6416,4,1.0,1.0,1.0
n12979,n6522,4,1.0,1.0,1.0
n1298,n1372,4,1.0,1.0,1.0
n12980,n6693,3,0.75,1.0,0.875
n12981,n6594,4,1.0,1.0,1.0
n12982,n6643,4,1.0,1.0,1.0
n12983,n7360,3,0.75,1.0,0.875
n12984,n9019,4,1.0,1.0,1.0
n12985,n14830,4,1.0,1.0,1.0
n12986,n14703,4,1.0,1.0,1.0
n12987,n7369,4,1.0,1.0,1.0
n12988,n15102,4,1.0,1.0,1.0
n12989,n15170,4,1.0,1.0,1.0
n1299,n1181,4,1.0,1.0,1.0
n12990,n14845,3,0.75,1.0,0.875
n12991,n128,3,0.75,1.0,0.875
n12992,n13137,4,1.0,1.0,1.0
n12993,n7387,3,0.75,1.0,0.875
n12994,n8026,3,0.75,1.0,0.875
n12995,n8133,4,1.0,1.0,1.0
n12996,n2045,4,1.0,1.0,1.0
n12997,n8085,4,1.0,1.0,1.0
n12998,n13283,4,1.0,1.0,1.0
n12999,n3300,3,0.75,1.0,0.875
n13,n3672,4,1.0,1.0,1.0
n13,n964,4,1.0,1.0,1.0
n130,n10774,4,1.0,1.0,1.0
n1300,n2996,4,1.0,1.0,1.0
n13000,n13377,4,1.0,1.0,1.0
n13001,n7404,3,0.75,1.0,0.875
n13002,n5372,4,1.0,1.0,1.0
n13003,n8908,4,1.0,1.0,1.0
n13004,n9118,4,1.0,1.0,1.0
n13005,n14980,4,1.0,1.0,1.0
n13006,n7424,4,1.0,1.0,1.0
n13007,n3003,4,1.0,1.0,1.0
n13008,n7430,4,1.0,1.0,1.0
n13009,n8852,4,1.0,1.0,1.0
n1301,n1234,4,1.0,1.0,1.0
n13010,n13777,4,1.0,1.0,1.0
n13010,n6501,4,1.0,1.0,1.0
n13011,n13787,3,0.75,1.0,0.875
n13012,n8553,4,1.0,1.0,1.0
n13013,n7444,4,1.0,1.0,1.0
n13014,n11503,4,1.0,1.0,1.0
n13015,n10535,4,1.0,1.0,1.0
n13016,n12345,4,1.0,1.0,1.0
n13017,n11078,3,0.75,1.0,0.875
n13018,n13974,4,1.0,1.0,1.0
n13019,n14004,4,1.0,1.0,1.0
n1302,n3631,3,0.75,1.0,0.875
n13020,n15051,4,1.0,1.0,1.0
n13021,n14022,4,1.0,1.0,1.0
n13022,n3310,4,1.0,1.0,1.0
n13023,n4072,4,1.0,1.0,1.0
n13024,n10861,4,1.0,1.0,1.0
n13025,n14530,3,0.75,1.0,0.875
n13026,n7482,4,1.0,1.0,1.0
n13027,n1216,4,1.0,1.0,1.0
n13028,n1749,4,1.0,1.0,1.0
n13029,n11728,4,1.0,1.0,1.0
n1303,n5115,4,1.0,1.0,1.0
n13030,n2603,4,1.0,1.0,1.0
n13031,n7493,4,1.0,1.0,1.0
n13032,n3991,4,1.0,1.0,1.0
n13033,n14595,4,1.0,1.0,1.0
n13034,n15217,4,1.0,1.0,1.0
n13035,n14642,4,1.0,1.0,1.0
n13036,n7502,4,1.0,1.0,1.0
n13037,n15232,4,1.0,1.0,1.0
n13038,n15235,4,1.0,1.0,1.0
n13039,n14727,4,1.0,1.0,1.0
n1304,n4926,4,1.0,1.0,1.0
n13040,n6747,4,1.0,1.0,1.0
n13041,n6856,3,0.75,1.0,0.875
n13042,n14816,4,1.0,1.0,1.0
n13043,n7606,4,1.0,1.0,1.0
n13044,n13069,4,1.0,1.0,1.0
n13045,n8132,3,0.75,1.0,0.875
n13046,n13422,4,1.0,1.0,1.0
n13047,n7531,4,1.0,1.0,1.0
n13048,n10374,4,1.0,1.0,1.0
n13049,n11466,4,1.0,1.0,1.0
n1305,n7553,4,1.0,1.0,1.0
n13050,n10584,4,1.0,1.0,1.0
n13051,n2213,4,1.0,1.0,1.0
n13052,n15194,4,1.0,1.0,1.0
n13053,n14692,4,1.0,1.0,1.0
n13054,n15495,4,1.0,1.0,1.0
n13055,n15152,4,1.0,1.0,1.0
n13056,n14507,4,1.0,1.0,1.0
n13057,n7572,3,0.75,1.0,0.875
n13058,n12638,4,1.0,1.0,1.0
n13059,n15287,3,0.75,1.0,0.875
n1306,n8552,4,1.0,1.0,1.0
n13060,n7575,4,1.0,1.0,1.0
n13061,n15597,4,1.0,1.0,1.0
n13061,n15602,4,1.0,1.0,1.0
n13062,n16,4,1.0,1.0,1.0
n13063,n7591,4,1.0,1.0,1.0
n13064,n3737,4,1.0,1.0,1.0
n13065,n1179,4,1.0,1.0,1.0
n13066,n137,4,1.0,1.0,1.0
n13067,n11990,4,1.0,1.0,1.0
n13068,n7614,4,1.0,1.0,1.0
n13069,n7624,4,1.0,1.0,1.0
n1307,n6048,4,1.0,1.0,1.0
n13070,n5671,4,1.0,1.0,1.0
n13071,n210,4,1.0,1.0,1.0
n13072,n2447,4,1.0,1.0,1.0
n13073,n681,4,1.0,1.0,1.0
n13074,n213,4,1.0,1.0,1.0
n13075,n2747,3,0.75,1.0,0.875
n13076,n11359,4,1.0,1.0,1.0
n13077,n232,3,0.75,1.0,0.875
n13078,n7630,4,1.0,1.0,1.0
n13079,n12289,4,1.0,1.0,1.0
n1308,n1510,3,0.75,1.0,0.875
n13080,n7638,4,1.0,1.0,1.0
n13081,n13630,4,1.0,1.0,1.0
n13082,n3509,4,1.0,1.0,1.0
n13083,n3670,4,1.0,1.0,1.0
n13084,n1726,4,1.0,1.0,1.0
n13085,n1269,4,1.0,1.0,1.0
n13086,n404,4,1.0,1.0,1.0
n13087,n1309,4,1.0,1.0,1.0
n13088,n5255,4,1.0,1.0,1.0
n13089,n5098,4,1.0,1.0,1.0
n1309,n6499,4,1.0,1.0,1.0
n13090,n4656,4,1.0,1.0,1.0
n13091,n1409,4,1.0,1.0,1.0
n13091,n1410,4,1.0,1.0,1.0
n13092,n7670,3,0.75,1.0,0.875
n13093,n7675,3,0.75,1.0,0.875
n13094,n1526,3,0.75,1.0,0.875
n13095,n1590,4,1.0,1.0,1.0
n13095,n1591,4,1.0,1.0,1.0
n13096,n1593,4,1.0,1.0,1.0
n13097,n534,4,1.0,1.0,1.0
n13098,n7694,3,0.75,1.0,0.875
n13099,n7702,3,0.75,1.0,0.875
n131,n5369,4,1.0,1.0,1.0
n1310,n5427,4,1.0,1.0,1.0
n13100,n2014,3,0.75,1.0,0.875
n13101,n937,4,1.0,1.0,1.0
n13102,n639,4,1.0,1.0,1.0
n13103,n2326,4,1.0,1.0,1.0
n13104,n657,4,1.0,1.0,1.0
n13105,n663,4,1.0,1.0,1.0
n13106,n8722,4,1.0,1.0,1.0
n13107,n7741,4,1.0,1.0,1.0
n13108,n7743,3,0.75,1.0,0.875
n13109,n7751,4,1.0,1.0,1.0
n1311,n1600,4,1.0,1.0,1.0
n13110,n10140,3,0.75,1.0,0.875
n13111,n7755,4,1.0,1.0,1.0
n13112,n2730,4,1.0,1.0,1.0
n13113,n10461,3,0.75,1.0,0.875
n13114,n10636,4,1.0,1.0,1.0
n13115,n7768,4,1.0,1.0,1.0
n13116,n7770,4,1.0,1.0,1.0
n13117,n8675,4,1.0,1.0,1.0
n13118,n10943,4,1.0,1.0,1.0
n13119,n11044,4,1.0,1.0,1.0
n1312,n7241,4,1.0,1.0,1.0
n13120,n15485,4,1.0,1.0,1.0
n13121,n11559,4,1.0,1.0,1.0
n13122,n11612,4,1.0,1.0,1.0
n13123,n838,4,1.0,1.0,1.0
n13124,n846,4,1.0,1.0,1.0
n13125,n7792,4,1.0,1.0,1.0
n13126,n855,4,1.0,1.0,1.0
n13127,n12013,4,1.0,1.0,1.0
n13128,n12041,4,1.0,1.0,1.0
n13129,n3203,4,1.0,1.0,1.0
n1313,n6958,3,0.75,1.0,0.875
n13130,n12408,4,1.0,1.0,1.0
n13131,n12850,4,1.0,1.0,1.0
n13132,n13896,4,1.0,1.0,1.0
n13133,n927,4,1.0,1.0,1.0
n13134,n11042,4,1.0,1.0,1.0
n13135,n12774,4,1.0,1.0,1.0
n13136,n13623,3,0.75,1.0,0.875
n13137,n994,4,1.0,1.0,1.0
n13138,n14953,3,0.75,1.0,0.875
n13139,n634,4,1.0,1.0,1.0
n1314,n9958,4,1.0,1.0,1.0
n13140,n3927,4,1.0,1.0,1.0
n13141,n3039,4,1.0,1.0,1.0
n13142,n7776,4,1.0,1.0,1.0
n13143,n7837,4,1.0,1.0,1.0
n13144,n4805,4,1.0,1.0,1.0
n13145,n1103,4,1.0,1.0,1.0
n13146,n13788,4,1.0,1.0,1.0
n13147,n2339,4,1.0,1.0,1.0
n13148,n1176,3,0.75,1.0,0.875
n13149,n9547,4,1.0,1.0,1.0
n1315,n883,4,1.0,1.0,1.0
n13150,n10652,4,1.0,1.0,1.0
n13151,n2914,3,0.75,1.0,0.875
n13152,n11914,4,1.0,1.0,1.0
n13153,n1236,4,1.0,1.0,1.0
n13154,n4843,4,1.0,1.0,1.0
n13155,n7893,4,1.0,1.0,1.0
n13156,n5042,4,1.0,1.0,1.0
n13157,n2486,4,1.0,1.0,1.0
n13158,n1364,4,1.0,1.0,1.0
n13159,n7917,3,0.75,1.0,0.875
n1316,n4416,3,0.75,1.0,0.875
n13160,n5645,4,1.0,1.0,1.0
n13161,n12107,3,0.75,1.0,0.875
n13162,n12140,4,1.0,1.0,1.0
n13163,n9199,4,1.0,1.0,1.0
n13164,n5739,4,1.0,1.0,1.0
n13165,n6684,4,1.0,1.0,1.0
n13166,n1255,3,0.75,1.0,0.875
n13167,n6299,4,1.0,1.0,1.0
n13168,n11693,4,1.0,1.0,1.0
n13169,n7091,4,1.0,1.0,1.0
n1317,n3074,3,0.75,1.0,0.875
n13170,n4165,3,0.75,1.0,0.875
n13171,n7962,4,1.0,1.0,1.0
n13172,n7971,3,0.75,1.0,0.875
n13173,n6688,4,1.0,1.0,1.0
n13174,n1909,4,1.0,1.0,1.0
n13175,n13331,3,0.75,1.0,0.875
n13176,n13625,4,1.0,1.0,1.0
n13177,n9498,3,0.75,1.0,0.875
n13178,n1659,4,1.0,1.0,1.0
n13179,n13772,3,0.75,1.0,0.875
n1318,n12072,3,0.75,1.0,0.875
n13180,n9811,3,0.75,1.0,0.875
n13181,n1663,4,1.0,1.0,1.0
n13182,n7987,4,1.0,1.0,1.0
n13183,n11729,4,1.0,1.0,1.0
n13184,n14249,4,1.0,1.0,1.0
n13185,n1720,3,0.75,1.0,0.875
n13186,n13595,4,1.0,1.0,1.0
n13187,n12681,4,1.0,1.0,1.0
n13188,n15401,4,1.0,1.0,1.0
n13189,n15461,4,1.0,1.0,1.0
n1319,n2238,4,1.0,1.0,1.0
n13190,n14896,3,0.75,1.0,0.875
n13191,n46,4,1.0,1.0,1.0
n13192,n7598,4,1.0,1.0,1.0
n13193,n7604,4,1.0,1.0,1.0
n13194,n1304,4,1.0,1.0,1.0
n13195,n1808,4,1.0,1.0,1.0
n13196,n3940,4,1.0,1.0,1.0
n13197,n7674,3,0.75,1.0,0.875
n13198,n1827,4,1.0,1.0,1.0
n13199,n2395,3,0.75,1.0,0.875
n132,n246,4,1.0,1.0,1.0
n1320,n6182,3,0.75,1.0,0.875
n13200,n13601,3,0.75,1.0,0.875
n13201,n1902,4,1.0,1.0,1.0
n13202,n1913,4,1.0,1.0,1.0
n13203,n1613,4,1.0,1.0,1.0
n13204,n1942,3,0.75,1.0,0.875
n13205,n7681,4,1.0,1.0,1.0
n13206,n2027,3,0.75,1.0,0.875
n13207,n8062,4,1.0,1.0,1.0
n13208,n5106,3,0.75,1.0,0.875
n13209,n2237,3,0.75,1.0,0.875
n1321,n6814,4,1.0,1.0,1.0
n13210,n1998,4,1.0,1.0,1.0
n13211,n2475,3,0.75,1.0,0.875
n13212,n2005,3,0.75,1.0,0.875
n13213,n9719,3,0.75,1.0,0.875
n13214,n2543,4,1.0,1.0,1.0
n13215,n8233,4,1.0,1.0,1.0
n13216,n8071,3,0.75,1.0,0.875
n13217,n8327,4,1.0,1.0,1.0
n13218,n12143,4,1.0,1.0,1.0
n13219,n3242,4,1.0,1.0,1.0
n1322,n4542,4,1.0,1.0,1.0
n13220,n5924,4,1.0,1.0,1.0
n13221,n8423,4,1.0,1.0,1.0
n13222,n2094,3,0.75,1.0,0.875
n13223,n2100,4,1.0,1.0,1.0
n13224,n15483,4,1.0,1.0,1.0
n13225,n1965,4,1.0,1.0,1.0
n13226,n2174,4,1.0,1.0,1.0
n13227,n721,4,1.0,1.0,1.0
n13228,n1242,4,1.0,1.0,1.0
n13229,n8780,4,1.0,1.0,1.0
n1323,n13048,4,1.0,1.0,1.0
n13230,n8783,4,1.0,1.0,1.0
n13231,n5394,4,1.0,1.0,1.0
n13232,n4243,3,0.75,1.0,0.875
n13233,n8130,3,0.75,1.0,0.875
n13234,n5920,3,0.75,1.0,0.875
n13235,n6279,3,0.75,1.0,0.875
n13236,n8948,4,1.0,1.0,1.0
n13237,n2298,3,0.75,1.0,0.875
n13238,n6219,4,1.0,1.0,1.0
n13239,n3441,4,1.0,1.0,1.0
n1324,n8471,4,1.0,1.0,1.0
n13240,n6505,4,1.0,1.0,1.0
n13241,n2330,4,1.0,1.0,1.0
n13242,n7723,3,0.75,1.0,0.875
n13243,n6839,4,1.0,1.0,1.0
n13244,n7014,4,1.0,1.0,1.0
n13245,n2375,3,0.75,1.0,0.875
n13246,n7744,4,1.0,1.0,1.0
n13247,n5954,3,0.75,1.0,0.875
n13248,n1896,4,1.0,1.0,1.0
n13249,n2463,4,1.0,1.0,1.0
n1325,n2607,4,1.0,1.0,1.0
n13250,n8181,4,1.0,1.0,1.0
n13251,n818,4,1.0,1.0,1.0
n13252,n2520,4,1.0,1.0,1.0
n13253,n8192,4,1.0,1.0,1.0
n13254,n4158,4,1.0,1.0,1.0
n13255,n8198,3,0.75,1.0,0.875
n13256,n4426,4,1.0,1.0,1.0
n13257,n9750,4,1.0,1.0,1.0
n13258,n2549,4,1.0,1.0,1.0
n13259,n8969,4,1.0,1.0,1.0
n1326,n5272,4,1.0,1.0,1.0
n13260,n6430,4,1.0,1.0,1.0
n13261,n9224,4,1.0,1.0,1.0
n13262,n8219,4,1.0,1.0,1.0
n13263,n9417,4,1.0,1.0,1.0
n13264,n7832,3,0.75,1.0,0.875
n13265,n1265,3,0.75,1.0,0.875
n13266,n2604,4,1.0,1.0,1.0
n13267,n9494,4,1.0,1.0,1.0
n13268,n2632,4,1.0,1.0,1.0
n13269,n8879,4,1.0,1.0,1.0
n1327,n2697,4,1.0,1.0,1.0
n13270,n5611,4,1.0,1.0,1.0
n13271,n6274,4,1.0,1.0,1.0
n13272,n8227,4,1.0,1.0,1.0
n13272,n8228,3,0.75,0.75,0.75
n13273,n7680,3,0.75,1.0,0.875
n13274,n9708,4,1.0,1.0,1.0
n13275,n10189,4,1.0,1.0,1.0
n13276,n12823,4,1.0,1.0,1.0
n13277,n2688,4,1.0,1.0,1.0
n13278,n7496,4,1.0,1.0,1.0
n13279,n10505,4,1.0,1.0,1.0
n1328,n2714,4,1.0,1.0,1.0
n13280,n585,4,1.0,1.0,1.0
n13281,n8267,3,0.75,1.0,0.875
n13282,n2791,4,1.0,1.0,1.0
n13283,n10575,4,1.0,1.0,1.0
n13283,n8268,4,1.0,1.0,1.0
n13284,n361,4,1.0,1.0,1.0
n13285,n4247,4,1.0,1.0,1.0
n13286,n2820,4,1.0,1.0,1.0
n13287,n10692,3,0.75,1.0,0.875
n13288,n8274,3,0.75,1.0,0.875
n13289,n8277,4,1.0,1.0,1.0
n1329,n10386,4,1.0,1.0,1.0
n13290,n2849,4,1.0,1.0,1.0
n13291,n12886,3,0.75,1.0,0.875
n13292,n10848,3,0.75,1.0,0.875
n13293,n7762,4,1.0,1.0,1.0
n13294,n2877,4,1.0,1.0,1.0
n13295,n2916,4,1.0,1.0,1.0
n13296,n13564,4,1.0,1.0,1.0
n13297,n8307,3,0.75,1.0,0.875
n13298,n2966,4,1.0,1.0,1.0
n13299,n15591,4,1.0,1.0,1.0
n133,n4362,4,1.0,1.0,1.0
n1330,n2799,4,1.0,1.0,1.0
n13300,n350,4,1.0,1.0,1.0
n13301,n3058,4,1.0,1.0,1.0
n13302,n15265,4,1.0,1.0,1.0
n13303,n8347,4,1.0,1.0,1.0
n13304,n8348,4,1.0,1.0,1.0
n13305,n3101,4,1.0,1.0,1.0
n13306,n13385,4,1.0,1.0,1.0
n13307,n3699,3,0.75,1.0,0.875
n13308,n3256,4,1.0,1.0,1.0
n13309,n5140,3,0.75,1.0,0.875
n1331,n8044,4,1.0,1.0,1.0
n13310,n3273,4,1.0,1.0,1.0
n13311,n8370,4,1.0,1.0,1.0
n13312,n12538,4,1.0,1.0,1.0
n13313,n3287,4,1.0,1.0,1.0
n13314,n13592,4,1.0,1.0,1.0
n13315,n3302,4,1.0,1.0,1.0
n13316,n7938,4,1.0,1.0,1.0
n13317,n3314,3,0.75,1.0,0.875
n13318,n10920,3,0.75,1.0,0.875
n13319,n6349,3,0.75,1.0,0.875
n1332,n13634,4,1.0,1.0,1.0
n13320,n3322,4,1.0,1.0,1.0
n13321,n8802,4,1.0,1.0,1.0
n13322,n13876,4,1.0,1.0,1.0
n13323,n8385,4,1.0,1.0,1.0
n13324,n8387,4,1.0,1.0,1.0
n13325,n15039,4,1.0,1.0,1.0
n13326,n7543,4,1.0,1.0,1.0
n13327,n369,4,1.0,1.0,1.0
n13328,n4834,3,0.75,1.0,0.875
n13329,n1842,4,1.0,1.0,1.0
n1333,n2953,4,1.0,1.0,1.0
n13330,n2498,3,0.75,1.0,0.875
n13331,n8323,3,0.75,1.0,0.875
n13332,n268,4,1.0,1.0,1.0
n13333,n3446,4,1.0,1.0,1.0
n13334,n8402,3,0.75,1.0,0.875
n13335,n8965,4,1.0,1.0,1.0
n13336,n15325,4,1.0,1.0,1.0
n13337,n3506,4,1.0,1.0,1.0
n13338,n8410,3,0.75,1.0,0.875
n13339,n9619,4,1.0,1.0,1.0
n1334,n3065,4,1.0,1.0,1.0
n13340,n13723,4,1.0,1.0,1.0
n13341,n8743,4,1.0,1.0,1.0
n13342,n8417,4,1.0,1.0,1.0
n13343,n3614,4,1.0,1.0,1.0
n13344,n14417,4,1.0,1.0,1.0
n13345,n3661,4,1.0,1.0,1.0
n13346,n8453,4,1.0,1.0,1.0
n13347,n11801,4,1.0,1.0,1.0
n13348,n3636,3,0.75,1.0,0.875
n13349,n8457,4,1.0,1.0,1.0
n1335,n4803,4,1.0,1.0,1.0
n13350,n3727,4,1.0,1.0,1.0
n13351,n12936,3,0.75,1.0,0.875
n13352,n3731,4,1.0,1.0,1.0
n13353,n3744,4,1.0,1.0,1.0
n13354,n2127,3,0.75,1.0,0.875
n13355,n9036,3,0.75,1.0,0.875
n13356,n9469,4,1.0,1.0,1.0
n13357,n8426,4,1.0,1.0,1.0
n13358,n10683,4,1.0,1.0,1.0
n13359,n11065,4,1.0,1.0,1.0
n1336,n7629,4,1.0,1.0,1.0
n13360,n8466,3,0.75,1.0,0.875
n13361,n2398,4,1.0,1.0,1.0
n13362,n4636,4,1.0,1.0,1.0
n13363,n8483,3,0.75,1.0,0.875
n13364,n1036,3,0.75,1.0,0.875
n13365,n382,3,0.75,1.0,0.875
n13366,n8494,4,1.0,1.0,1.0
n13367,n3953,4,1.0,1.0,1.0
n13368,n3956,4,1.0,1.0,1.0
n13369,n3974,4,1.0,1.0,1.0
n1337,n4966,4,1.0,1.0,1.0
n13370,n1122,4,1.0,1.0,1.0
n13371,n5331,4,1.0,1.0,1.0
n13372,n3994,4,1.0,1.0,1.0
n13373,n1450,4,1.0,1.0,1.0
n13374,n4000,4,1.0,1.0,1.0
n13374,n8508,4,1.0,1.0,1.0
n13375,n1738,4,1.0,1.0,1.0
n13376,n4029,4,1.0,1.0,1.0
n13377,n2690,4,1.0,1.0,1.0
n13378,n734,4,1.0,1.0,1.0
n13379,n11551,4,1.0,1.0,1.0
n1338,n12334,4,1.0,1.0,1.0
n13380,n3129,4,1.0,1.0,1.0
n13381,n3195,4,1.0,1.0,1.0
n13382,n3527,4,1.0,1.0,1.0
n13383,n14039,4,1.0,1.0,1.0
n13384,n4107,4,1.0,1.0,1.0
n13385,n692,4,1.0,1.0,1.0
n13386,n4063,4,1.0,1.0,1.0
n13387,n4141,4,1.0,1.0,1.0
n13388,n3030,4,1.0,1.0,1.0
n13389,n3840,3,0.75,1.0,0.875
n1339,n5321,4,1.0,1.0,1.0
n13390,n8549,3,0.75,1.0,0.875
n13391,n4345,4,1.0,1.0,1.0
n13392,n7508,4,1.0,1.0,1.0
n13393,n4263,4,1.0,1.0,1.0
n13394,n1522,4,1.0,1.0,1.0
n13395,n1528,3,0.75,1.0,0.875
n13396,n13890,4,1.0,1.0,1.0
n13397,n8575,3,0.75,1.0,0.875
n13398,n4352,3,0.75,1.0,0.875
n13399,n8582,4,1.0,1.0,1.0
n134,n1391,4,1.0,1.0,1.0
n1340,n12511,4,1.0,1.0,1.0
n13400,n86,4,1.0,1.0,1.0
n13401,n7585,3,0.75,1.0,0.875
n13402,n1850,4,1.0,1.0,1.0
n13403,n8106,3,0.75,1.0,0.875
n13404,n2348,4,1.0,1.0,1.0
n13404,n8146,4,1.0,1.0,1.0
n13405,n8199,3,0.75,1.0,0.875
n13406,n4449,3,0.75,1.0,0.875
n13407,n4453,4,1.0,1.0,1.0
n13408,n8884,4,1.0,1.0,1.0
n13409,n4519,3,0.75,1.0,0.875
n1341,n5335,4,1.0,1.0,1.0
n13410,n8621,3,0.75,1.0,0.875
n13411,n6573,3,0.75,1.0,0.875
n13412,n2345,4,1.0,1.0,1.0
n13413,n7354,4,1.0,1.0,1.0
n13414,n1023,4,1.0,1.0,1.0
n13415,n3508,3,0.75,1.0,0.875
n13416,n9638,3,0.75,1.0,0.875
n13417,n4620,4,1.0,1.0,1.0
n13418,n2620,3,0.75,1.0,0.875
n13419,n4667,3,0.75,1.0,0.875
n1342,n4816,3,0.75,1.0,0.875
n13420,n10488,4,1.0,1.0,1.0
n13421,n11363,4,1.0,1.0,1.0
n13422,n4728,4,1.0,1.0,1.0
n13423,n8038,4,1.0,1.0,1.0
n13424,n2911,4,1.0,1.0,1.0
n13425,n10473,4,1.0,1.0,1.0
n13426,n4788,3,0.75,1.0,0.875
n13427,n11468,3,0.75,1.0,0.875
n13428,n11542,4,1.0,1.0,1.0
n13429,n3813,4,1.0,1.0,1.0
n1343,n5426,4,1.0,1.0,1.0
n13430,n4342,3,0.75,1.0,0.875
n13431,n12516,4,1.0,1.0,1.0
n13432,n4881,4,1.0,1.0,1.0
n13433,n13539,3,0.75,1.0,0.875
n13434,n4940,3,0.75,1.0,0.875
n13435,n4973,4,1.0,1.0,1.0
n13436,n8727,4,1.0,1.0,1.0
n13437,n3653,4,1.0,1.0,1.0
n13438,n8732,4,1.0,1.0,1.0
n13439,n3797,4,1.0,1.0,1.0
n1344,n3471,4,1.0,1.0,1.0
n1344,n5935,4,1.0,1.0,1.0
n13440,n8741,4,1.0,1.0,1.0
n13441,n15305,4,1.0,1.0,1.0
n13442,n8752,4,1.0,1.0,1.0
n13443,n8753,4,1.0,1.0,1.0
n13444,n8667,4,1.0,1.0,1.0
n13445,n4052,4,1.0,1.0,1.0
n13446,n4070,4,1.0,1.0,1.0
n13447,n4560,4,1.0,1.0,1.0
n13448,n2578,3,0.75,1.0,0.875
n13449,n4183,3,0.75,1.0,0.875
n1345,n14068,4,1.0,1.0,1.0
n13450,n8764,4,1.0,1.0,1.0
n13451,n1308,3,0.75,1.0,0.875
n13452,n1345,4,1.0,1.0,1.0
n13453,n8774,3,0.75,1.0,0.875
n13454,n5157,4,1.0,1.0,1.0
n13455,n1565,4,1.0,1.0,1.0
n13456,n14944,4,1.0,1.0,1.0
n13457,n5183,4,1.0,1.0,1.0
n13458,n8793,4,1.0,1.0,1.0
n13459,n5234,4,1.0,1.0,1.0
n1346,n3600,4,1.0,1.0,1.0
n13460,n8808,4,1.0,1.0,1.0
n13461,n9393,3,0.75,1.0,0.875
n13462,n7991,3,0.75,1.0,0.875
n13463,n2512,4,1.0,1.0,1.0
n13464,n10171,3,0.75,1.0,0.875
n13465,n10810,4,1.0,1.0,1.0
n13466,n5288,4,1.0,1.0,1.0
n13467,n11869,4,1.0,1.0,1.0
n13468,n8821,3,0.75,1.0,0.875
n13469,n5337,4,1.0,1.0,1.0
n1347,n5355,4,1.0,1.0,1.0
n13470,n5008,3,0.75,1.0,0.875
n13471,n5389,3,0.75,1.0,0.875
n13472,n5395,4,1.0,1.0,1.0
n13473,n5438,4,1.0,1.0,1.0
n13474,n5251,4,1.0,1.0,1.0
n13474,n5252,4,1.0,1.0,1.0
n13475,n8847,4,1.0,1.0,1.0
n13476,n4982,3,0.75,1.0,0.875
n13477,n5425,4,1.0,1.0,1.0
n13478,n4780,4,1.0,1.0,1.0
n13479,n5136,4,1.0,1.0,1.0
n1348,n4972,4,1.0,1.0,1.0
n13480,n5948,4,1.0,1.0,1.0
n13481,n5517,4,1.0,1.0,1.0
n13482,n5535,4,1.0,1.0,1.0
n13483,n6023,4,1.0,1.0,1.0
n13484,n8873,4,1.0,1.0,1.0
n13485,n5580,3,0.75,1.0,0.875
n13486,n9904,3,0.75,1.0,0.875
n13487,n5704,3,0.75,1.0,0.875
n13488,n4951,4,1.0,1.0,1.0
n13489,n12524,3,0.75,1.0,0.875
n1349,n766,3,0.75,1.0,0.875
n13490,n7145,4,1.0,1.0,1.0
n13491,n8891,4,1.0,1.0,1.0
n13492,n8888,4,1.0,1.0,1.0
n13493,n5917,4,1.0,1.0,1.0
n13494,n5636,3,0.75,0.75,0.75
n13494,n8901,4,1.0,1.0,1.0
n13495,n8902,4,1.0,1.0,1.0
n13496,n8905,4,1.0,1.0,1.0
n13497,n8333,4,1.0,1.0,1.0
n13498,n5692,3,0.75,1.0,0.875
n13499,n7838,4,1.0,1.0,1.0
n135,n5526,4,1.0,1.0,1.0
n1350,n11531,3,0.75,1.0,0.875
n13500,n8918,4,1.0,1.0,1.0
n13501,n7135,4,1.0,1.0,1.0
n13502,n8927,4,1.0,1.0,1.0
n13503,n6411,4,1.0,1.0,1.0
n13504,n12149,3,0.75,1.0,0.875
n13505,n6515,4,1.0,1.0,1.0
n13506,n6516,4,1.0,1.0,1.0
n13506,n6517,4,1.0,1.0,1.0
n13507,n5708,4,1.0,1.0,1.0
n13508,n6733,4,1.0,1.0,1.0
n13509,n8963,4,1.0,1.0,1.0
n1351,n14424,4,1.0,1.0,1.0
n13510,n7863,4,1.0,1.0,1.0
n13511,n8976,3,0.75,1.0,0.875
n13512,n6907,4,1.0,1.0,1.0
n13513,n8625,3,0.75,1.0,0.875
n13514,n4787,4,1.0,1.0,1.0
n13515,n6924,3,0.75,1.0,0.875
n13516,n5412,3,0.75,1.0,0.875
n13517,n13488,4,1.0,1.0,1.0
n13518,n6968,3,0.75,1.0,0.875
n13519,n13556,4,1.0,1.0,1.0
n1352,n3570,4,1.0,1.0,1.0
n13520,n8151,4,1.0,1.0,1.0
n13521,n8907,4,1.0,1.0,1.0
n13522,n7066,4,1.0,1.0,1.0
n13523,n5946,4,1.0,1.0,1.0
n13524,n10352,4,1.0,1.0,1.0
n13525,n10525,4,1.0,1.0,1.0
n13526,n14161,4,1.0,1.0,1.0
n13527,n14210,4,1.0,1.0,1.0
n13528,n14266,4,1.0,1.0,1.0
n13529,n6002,3,0.75,1.0,0.875
n1353,n5361,4,1.0,1.0,1.0
n13530,n13216,3,0.75,1.0,0.875
n13531,n9013,4,1.0,1.0,1.0
n13532,n14430,4,1.0,1.0,1.0
n13533,n13632,4,1.0,1.0,1.0
n13534,n11030,4,1.0,1.0,1.0
n13535,n6119,4,1.0,1.0,1.0
n13536,n1417,3,0.75,1.0,0.875
n13537,n9591,4,1.0,1.0,1.0
n13538,n6111,4,1.0,1.0,1.0
n13539,n6915,3,0.75,1.0,0.875
n1354,n5366,4,1.0,1.0,1.0
n13540,n6176,3,0.75,1.0,0.875
n13541,n9050,4,1.0,1.0,1.0
n13542,n3279,4,1.0,1.0,1.0
n13543,n9052,4,1.0,1.0,1.0
n13544,n6196,4,1.0,1.0,1.0
n13545,n5575,3,0.75,1.0,0.875
n13546,n6303,3,0.75,1.0,0.875
n13547,n9580,3,0.75,1.0,0.875
n13548,n9062,4,1.0,1.0,1.0
n13549,n9073,3,0.75,1.0,0.875
n1355,n13783,4,1.0,1.0,1.0
n13550,n13551,4,1.0,1.0,1.0
n13551,n11138,4,1.0,1.0,1.0
n13552,n14950,4,1.0,1.0,1.0
n13553,n6356,4,1.0,1.0,1.0
n13553,n6357,4,1.0,1.0,1.0
n13554,n9104,4,1.0,1.0,1.0
n13555,n6392,4,1.0,1.0,1.0
n13556,n3730,4,1.0,1.0,1.0
n13557,n9015,3,0.75,1.0,0.875
n13558,n7875,3,0.75,1.0,0.875
n13559,n13368,4,1.0,1.0,1.0
n1356,n5381,4,1.0,1.0,1.0
n13560,n3856,4,1.0,1.0,1.0
n13561,n9131,4,1.0,1.0,1.0
n13562,n9148,4,1.0,1.0,1.0
n13563,n4889,4,1.0,1.0,1.0
n13564,n12471,4,1.0,1.0,1.0
n13565,n12567,4,1.0,1.0,1.0
n13565,n5791,4,1.0,1.0,1.0
n13566,n5820,4,1.0,1.0,1.0
n13567,n6664,3,0.75,1.0,0.875
n13568,n6062,4,1.0,1.0,1.0
n13569,n9165,3,0.75,1.0,0.875
n1357,n145,4,1.0,1.0,1.0
n13570,n12706,4,1.0,1.0,1.0
n13571,n3758,4,1.0,1.0,1.0
n13572,n12578,4,1.0,1.0,1.0
n13573,n6712,4,1.0,1.0,1.0
n13574,n9181,3,0.75,1.0,0.875
n13575,n12871,3,0.75,1.0,0.875
n13576,n12947,4,1.0,1.0,1.0
n13577,n12797,4,1.0,1.0,1.0
n13578,n6771,4,1.0,1.0,1.0
n13579,n7551,4,1.0,1.0,1.0
n1358,n3964,4,1.0,1.0,1.0
n1358,n5387,4,1.0,1.0,1.0
n13580,n339,3,0.75,1.0,0.875
n13581,n7840,4,1.0,1.0,1.0
n13582,n7953,4,1.0,1.0,1.0
n13583,n9202,3,0.75,1.0,0.875
n13584,n1950,4,1.0,1.0,1.0
n13585,n13207,4,1.0,1.0,1.0
n13586,n6843,4,1.0,1.0,1.0
n13587,n2705,3,0.75,1.0,0.875
n13588,n1056,3,0.75,1.0,0.875
n13589,n8585,3,0.75,1.0,0.875
n1359,n5072,4,1.0,1.0,1.0
n13590,n8593,3,0.75,1.0,0.875
n13591,n9230,4,1.0,1.0,1.0
n13592,n6018,4,1.0,1.0,1.0
n13593,n9083,3,0.75,1.0,0.875
n13594,n6335,4,1.0,1.0,1.0
n13595,n9248,4,1.0,1.0,1.0
n13596,n13658,4,1.0,1.0,1.0
n13597,n1582,4,1.0,1.0,1.0
n13598,n5776,4,1.0,1.0,1.0
n13599,n7073,3,0.75,1.0,0.875
n136,n5942,4,1.0,1.0,1.0
n1360,n580,4,1.0,1.0,1.0
n13600,n9262,4,1.0,1.0,1.0
n13601,n10557,3,0.75,1.0,0.875
n13602,n9272,4,1.0,1.0,1.0
n13603,n9275,4,1.0,1.0,1.0
n13604,n7112,3,0.75,1.0,0.875
n13605,n10454,4,1.0,1.0,1.0
n13606,n11339,3,0.75,1.0,0.875
n13607,n11424,4,1.0,1.0,1.0
n13608,n897,4,1.0,1.0,1.0
n13609,n9285,4,1.0,1.0,1.0
n1361,n5104,3,0.75,1.0,0.875
n13610,n7164,4,1.0,1.0,1.0
n13611,n14135,4,1.0,1.0,1.0
n13612,n9289,4,1.0,1.0,1.0
n13613,n14225,4,1.0,1.0,1.0
n13614,n9298,4,1.0,1.0,1.0
n13615,n9302,4,1.0,1.0,1.0
n13616,n9303,4,1.0,1.0,1.0
n13617,n7240,3,0.75,1.0,0.875
n13618,n9312,4,1.0,1.0,1.0
n13619,n14525,4,1.0,1.0,1.0
n1362,n5128,4,1.0,1.0,1.0
n13620,n2257,3,0.75,1.0,0.875
n13621,n7304,4,1.0,1.0,1.0
n13622,n4844,3,0.75,1.0,0.875
n13623,n14719,3,0.75,1.0,0.875
n13624,n6287,3,0.75,1.0,0.875
n13625,n12767,4,1.0,1.0,1.0
n13626,n14788,3,0.75,1.0,0.875
n13627,n9333,4,1.0,1.0,1.0
n13628,n7365,4,1.0,1.0,1.0
n13629,n13091,4,1.0,1.0,1.0
n1363,n5408,4,1.0,1.0,1.0
n13630,n9345,4,1.0,1.0,1.0
n13631,n7450,3,0.75,1.0,0.875
n13632,n10624,4,1.0,1.0,1.0
n13633,n12956,4,1.0,1.0,1.0
n13634,n15377,4,1.0,1.0,1.0
n13635,n11737,4,1.0,1.0,1.0
n13636,n9368,4,1.0,1.0,1.0
n13637,n9371,4,1.0,1.0,1.0
n13638,n15549,4,1.0,1.0,1.0
n13639,n3880,4,1.0,1.0,1.0
n1364,n7537,4,1.0,1.0,1.0
n13640,n712,4,1.0,1.0,1.0
n13641,n374,3,0.75,1.0,0.875
n13642,n4546,3,0.75,1.0,0.875
n13643,n9405,4,1.0,1.0,1.0
n13644,n2128,4,1.0,1.0,1.0
n13645,n7720,4,1.0,1.0,1.0
n13646,n7722,3,0.75,1.0,0.875
n13647,n704,4,1.0,1.0,1.0
n13648,n711,3,0.75,1.0,0.875
n13648,n7746,3,0.75,1.0,0.875
n13649,n10445,4,1.0,1.0,1.0
n1365,n358,4,1.0,1.0,1.0
n13650,n9430,4,1.0,1.0,1.0
n13651,n9443,4,1.0,1.0,1.0
n13652,n9447,4,1.0,1.0,1.0
n13653,n11849,4,1.0,1.0,1.0
n13654,n14066,4,1.0,1.0,1.0
n13655,n7845,3,0.75,1.0,0.875
n13656,n7846,3,0.75,1.0,0.875
n13657,n4263,4,1.0,1.0,1.0
n13658,n7853,4,1.0,1.0,1.0
n13659,n2380,3,0.75,1.0,0.875
n1366,n5180,4,1.0,1.0,1.0
n13660,n9458,4,1.0,1.0,1.0
n13661,n5814,3,0.75,1.0,0.875
n13661,n9471,3,0.75,1.0,0.875
n13662,n6017,3,0.75,1.0,0.875
n13663,n9476,4,1.0,1.0,1.0
n13664,n6375,3,0.75,1.0,0.875
n13665,n1605,4,1.0,1.0,1.0
n13666,n9487,4,1.0,1.0,1.0
n13667,n7995,3,0.75,1.0,0.875
n13668,n7673,4,1.0,1.0,1.0
n13669,n1840,4,1.0,1.0,1.0
n1367,n5193,4,1.0,1.0,1.0
n1367,n5421,4,1.0,1.0,1.0
n13670,n7887,3,0.75,1.0,0.875
n13671,n1923,4,1.0,1.0,1.0
n13672,n7969,4,1.0,1.0,1.0
n13673,n8076,4,1.0,1.0,1.0
n13674,n2053,4,1.0,1.0,1.0
n13675,n8662,4,1.0,1.0,1.0
n13676,n6386,4,1.0,1.0,1.0
n13677,n9235,4,1.0,1.0,1.0
n13678,n2405,3,0.75,1.0,0.875
n13679,n8175,4,1.0,1.0,1.0
n1368,n5206,3,0.75,1.0,0.875
n13680,n8527,4,1.0,1.0,1.0
n13681,n9572,3,0.75,1.0,0.875
n13682,n2570,3,0.75,1.0,0.875
n13683,n2576,4,1.0,1.0,1.0
n13684,n2646,3,0.75,1.0,0.875
n13685,n10094,4,1.0,1.0,1.0
n13686,n8231,4,1.0,1.0,1.0
n13687,n8248,4,1.0,1.0,1.0
n13688,n10699,4,1.0,1.0,1.0
n13689,n2855,4,1.0,1.0,1.0
n1369,n4487,3,0.75,1.0,0.875
n13690,n8301,3,0.75,1.0,0.875
n13691,n8308,4,1.0,1.0,1.0
n13692,n11242,4,1.0,1.0,1.0
n13693,n14586,4,1.0,1.0,1.0
n13694,n15406,4,1.0,1.0,1.0
n13695,n9606,4,1.0,1.0,1.0
n13696,n11488,4,1.0,1.0,1.0
n13697,n11877,4,1.0,1.0,1.0
n13698,n11964,4,1.0,1.0,1.0
n13699,n14087,4,1.0,1.0,1.0
n137,n14099,4,1.0,1.0,1.0
n1370,n5213,3,0.75,1.0,0.875
n13700,n12304,4,1.0,1.0,1.0
n13701,n3296,3,0.75,1.0,0.875
n13702,n9623,4,1.0,1.0,1.0
n13703,n7928,3,0.75,1.0,0.875
n13704,n13457,4,1.0,1.0,1.0
n13705,n10599,4,1.0,1.0,1.0
n13706,n3639,4,1.0,1.0,1.0
n13707,n14574,4,1.0,1.0,1.0
n13708,n6370,4,1.0,1.0,1.0
n13709,n9647,4,1.0,1.0,1.0
n1371,n4514,4,1.0,1.0,1.0
n1371,n4516,4,1.0,1.0,1.0
n13710,n13183,4,1.0,1.0,1.0
n13711,n15014,4,1.0,1.0,1.0
n13712,n15405,4,1.0,1.0,1.0
n13713,n9655,4,1.0,1.0,1.0
n13714,n8487,4,1.0,1.0,1.0
n13715,n914,4,1.0,1.0,1.0
n13716,n9659,4,1.0,1.0,1.0
n13717,n9663,4,1.0,1.0,1.0
n13718,n9668,4,1.0,1.0,1.0
n13719,n13904,4,1.0,1.0,1.0
n1372,n5427,4,1.0,1.0,1.0
n13720,n4403,4,1.0,1.0,1.0
n13721,n13493,4,1.0,1.0,1.0
n13722,n8584,4,1.0,1.0,1.0
n13723,n8590,4,1.0,1.0,1.0
n13724,n3589,3,0.75,1.0,0.875
n13725,n2608,4,1.0,1.0,1.0
n13726,n8652,3,0.75,1.0,0.875
n13727,n13455,4,1.0,1.0,1.0
n13728,n4764,4,1.0,1.0,1.0
n13729,n4782,4,1.0,1.0,1.0
n1373,n2349,3,0.75,1.0,0.875
n13730,n8699,3,0.75,1.0,0.875
n13731,n8703,4,1.0,1.0,1.0
n13732,n8721,4,1.0,1.0,1.0
n13733,n14321,4,1.0,1.0,1.0
n13734,n496,4,1.0,1.0,1.0
n13735,n8757,4,1.0,1.0,1.0
n13736,n4137,4,1.0,1.0,1.0
n13737,n4216,4,1.0,1.0,1.0
n13738,n6241,4,1.0,1.0,1.0
n13739,n1828,4,1.0,1.0,1.0
n1374,n4604,4,1.0,1.0,1.0
n13740,n8790,4,1.0,1.0,1.0
n13741,n8792,4,1.0,1.0,1.0
n13742,n8986,4,1.0,1.0,1.0
n13743,n8811,4,1.0,1.0,1.0
n13744,n8813,3,0.75,0.75,0.75
n13744,n9751,4,1.0,1.0,1.0
n13745,n4815,4,1.0,1.0,1.0
n13746,n12566,3,0.75,1.0,0.875
n13747,n14473,4,1.0,1.0,1.0
n13748,n14561,4,1.0,1.0,1.0
n13749,n5522,3,0.75,1.0,0.875
n1375,n4632,4,1.0,1.0,1.0
n13750,n6440,3,0.75,1.0,0.875
n13751,n5624,4,1.0,1.0,1.0
n13752,n1264,4,1.0,1.0,1.0
n13753,n8934,4,1.0,1.0,1.0
n13754,n5824,3,0.75,1.0,0.875
n13755,n6953,4,1.0,1.0,1.0
n13756,n7084,4,1.0,1.0,1.0
n13757,n13944,4,1.0,1.0,1.0
n13758,n7247,4,1.0,1.0,1.0
n13759,n9803,3,0.75,1.0,0.875
n1376,n5252,4,1.0,1.0,1.0
n13760,n9808,4,1.0,1.0,1.0
n13761,n1709,4,1.0,1.0,1.0
n13762,n8044,3,0.75,1.0,0.875
n13763,n5337,3,0.75,1.0,0.875
n13764,n9823,3,0.75,1.0,0.875
n13765,n9829,3,0.75,1.0,0.875
n13766,n9832,4,1.0,1.0,1.0
n13767,n12746,4,1.0,1.0,1.0
n13768,n9081,4,1.0,1.0,1.0
n13769,n6272,4,1.0,1.0,1.0
n1377,n5261,3,0.75,1.0,0.875
n13770,n14118,4,1.0,1.0,1.0
n13771,n9841,4,1.0,1.0,1.0
n13772,n1377,3,0.75,1.0,0.875
n13773,n9113,4,1.0,1.0,1.0
n13774,n11833,4,1.0,1.0,1.0
n13775,n11995,4,1.0,1.0,1.0
n13776,n6461,4,1.0,1.0,1.0
n13777,n12188,4,1.0,1.0,1.0
n13777,n1638,3,0.75,0.75,0.75
n13778,n12316,4,1.0,1.0,1.0
n13778,n9857,4,1.0,1.0,1.0
n13779,n9145,4,1.0,1.0,1.0
n1378,n10677,3,0.75,1.0,0.875
n13780,n6565,3,0.75,1.0,0.875
n13781,n6628,4,1.0,1.0,1.0
n13782,n9869,4,1.0,1.0,1.0
n13783,n12805,4,1.0,1.0,1.0
n13784,n6746,4,1.0,1.0,1.0
n13785,n6758,4,1.0,1.0,1.0
n13786,n7593,4,1.0,1.0,1.0
n13787,n13094,3,0.75,1.0,0.875
n13788,n6833,4,1.0,1.0,1.0
n13789,n9216,4,1.0,1.0,1.0
n1379,n12801,4,1.0,1.0,1.0
n1379,n2856,4,1.0,1.0,1.0
n13790,n3768,3,0.75,1.0,0.875
n13791,n6938,4,1.0,1.0,1.0
n13792,n7173,3,0.75,1.0,0.875
n13793,n11139,3,0.75,1.0,0.875
n13794,n9310,4,1.0,1.0,1.0
n13795,n9317,4,1.0,1.0,1.0
n13796,n14607,4,1.0,1.0,1.0
n13797,n14690,3,0.75,1.0,0.875
n13798,n7527,4,1.0,1.0,1.0
n13799,n14958,4,1.0,1.0,1.0
n138,n6836,4,1.0,1.0,1.0
n1380,n11486,4,1.0,1.0,1.0
n13800,n15506,4,1.0,1.0,1.0
n13801,n14948,4,1.0,1.0,1.0
n13802,n15000,4,1.0,1.0,1.0
n13803,n130,4,1.0,1.0,1.0
n13804,n9384,3,0.75,1.0,0.875
n13805,n680,4,1.0,1.0,1.0
n13806,n1639,4,1.0,1.0,1.0
n13807,n2179,3,0.75,1.0,0.875
n13808,n7769,4,1.0,1.0,1.0
n13809,n7777,4,1.0,1.0,1.0
n1381,n8747,4,1.0,1.0,1.0
n13810,n15386,4,1.0,1.0,1.0
n13811,n7841,4,1.0,1.0,1.0
n13812,n1093,3,0.75,1.0,0.875
n13813,n9955,4,1.0,1.0,1.0
n13814,n9457,4,1.0,1.0,1.0
n13815,n7944,4,1.0,1.0,1.0
n13816,n9480,4,1.0,1.0,1.0
n13817,n9483,3,0.75,1.0,0.875
n13818,n1515,4,1.0,1.0,1.0
n13819,n9504,3,0.75,1.0,0.875
n1382,n3739,4,1.0,1.0,1.0
n13820,n9973,3,0.75,1.0,0.875
n13821,n9513,4,1.0,1.0,1.0
n13822,n8359,4,1.0,1.0,1.0
n13823,n9574,4,1.0,1.0,1.0
n13824,n9577,4,1.0,1.0,1.0
n13824,n9877,4,1.0,1.0,1.0
n13825,n2594,4,1.0,1.0,1.0
n13826,n3000,4,1.0,1.0,1.0
n13827,n3132,4,1.0,1.0,1.0
n13828,n8399,4,1.0,1.0,1.0
n13829,n13957,3,0.75,1.0,0.875
n1383,n3823,4,1.0,1.0,1.0
n13830,n14397,3,0.75,1.0,0.875
n13831,n14559,4,1.0,1.0,1.0
n13832,n10018,4,1.0,1.0,1.0
n13833,n8504,4,1.0,1.0,1.0
n13833,n9660,4,1.0,1.0,1.0
n13834,n752,4,1.0,1.0,1.0
n13835,n8540,4,1.0,1.0,1.0
n13836,n9677,4,1.0,1.0,1.0
n13837,n9678,3,0.75,1.0,0.875
n13838,n2225,4,1.0,1.0,1.0
n13839,n13247,3,0.75,1.0,0.875
n1384,n5035,4,1.0,1.0,1.0
n13840,n10039,4,1.0,1.0,1.0
n13840,n10040,3,0.75,0.75,0.75
n13841,n4276,4,1.0,1.0,1.0
n13842,n9768,4,1.0,1.0,1.0
n13843,n10054,4,1.0,1.0,1.0
n13844,n9780,4,1.0,1.0,1.0
n13845,n10059,3,0.75,1.0,0.875
n13846,n9003,4,1.0,1.0,1.0
n13847,n10197,4,1.0,1.0,1.0
n13848,n13902,3,0.75,1.0,0.875
n13849,n10075,3,0.75,1.0,0.875
n1385,n992,4,1.0,1.0,1.0
n13850,n10079,4,1.0,1.0,1.0
n13851,n12399,3,0.75,1.0,0.875
n13852,n12676,4,1.0,1.0,1.0
n13853,n9874,4,1.0,1.0,1.0
n13854,n9352,4,1.0,1.0,1.0
n13855,n7132,4,1.0,1.0,1.0
n13856,n12495,4,1.0,1.0,1.0
n13857,n15312,3,0.75,1.0,0.875
n13858,n10103,4,1.0,1.0,1.0
n13859,n4274,3,0.75,1.0,0.875
n1386,n5481,4,1.0,1.0,1.0
n13860,n2104,4,1.0,1.0,1.0
n13861,n2267,3,0.75,1.0,0.875
n13862,n10118,4,1.0,1.0,1.0
n13863,n2627,4,1.0,1.0,1.0
n13864,n11347,4,1.0,1.0,1.0
n13865,n8391,4,1.0,1.0,1.0
n13866,n10139,3,0.75,1.0,0.875
n13867,n10141,4,1.0,1.0,1.0
n13868,n7056,4,1.0,1.0,1.0
n13869,n9880,3,0.75,1.0,0.875
n1387,n4234,3,0.75,1.0,0.875
n13870,n1369,3,0.75,1.0,0.875
n13871,n9995,3,0.75,1.0,0.875
n13872,n8045,3,0.75,1.0,0.875
n13873,n10212,3,0.75,1.0,0.875
n13874,n10176,3,0.75,1.0,0.875
n13875,n10410,4,1.0,1.0,1.0
n13876,n10194,4,1.0,1.0,1.0
n13877,n10890,3,0.75,1.0,0.875
n13878,n10226,4,1.0,1.0,1.0
n13879,n10229,4,1.0,1.0,1.0
n1388,n5434,4,1.0,1.0,1.0
n13880,n13881,4,1.0,1.0,1.0
n13881,n10432,4,1.0,1.0,1.0
n13882,n11114,3,0.75,1.0,0.875
n13883,n10183,4,1.0,1.0,1.0
n13884,n14635,4,1.0,1.0,1.0
n13885,n10258,4,1.0,1.0,1.0
n13886,n7520,3,0.75,1.0,0.875
n13887,n12631,4,1.0,1.0,1.0
n13888,n4615,4,1.0,1.0,1.0
n13889,n10702,4,1.0,1.0,1.0
n1389,n2661,3,0.75,1.0,0.875
n13890,n10341,4,1.0,1.0,1.0
n13891,n1069,4,1.0,1.0,1.0
n13892,n1949,3,0.75,1.0,0.875
n13893,n10364,3,0.75,1.0,0.875
n13894,n2601,4,1.0,1.0,1.0
n13895,n3021,4,1.0,1.0,1.0
n13896,n9161,4,1.0,1.0,1.0
n13897,n7178,4,1.0,1.0,1.0
n13898,n10993,4,1.0,1.0,1.0
n13899,n9610,4,1.0,1.0,1.0
n139,n7065,4,1.0,1.0,1.0
n1390,n4856,3,0.75,1.0,0.875
n13900,n9888,3,0.75,1.0,0.875
n13901,n13894,4,1.0,1.0,1.0
n13902,n10237,3,0.75,1.0,0.875
n13902,n10415,3,0.75,1.0,0.875
n13903,n10426,4,1.0,1.0,1.0
n13904,n13827,4,1.0,1.0,1.0
n13905,n13964,4,1.0,1.0,1.0
n13906,n11431,4,1.0,1.0,1.0
n13907,n10241,4,1.0,1.0,1.0
n13908,n11820,3,0.75,1.0,0.875
n13909,n4028,4,1.0,1.0,1.0
n1391,n5499,4,1.0,1.0,1.0
n13910,n5879,4,1.0,1.0,1.0
n13911,n14908,3,0.75,1.0,0.875
n13912,n11664,3,0.75,1.0,0.875
n13913,n10257,4,1.0,1.0,1.0
n13914,n10494,3,0.75,1.0,0.875
n13915,n11448,4,1.0,1.0,1.0
n13916,n3776,3,0.75,1.0,0.875
n13917,n784,3,0.75,1.0,0.875
n13918,n10529,4,1.0,1.0,1.0
n13919,n3785,4,1.0,1.0,1.0
n1392,n5477,4,1.0,1.0,1.0
n13920,n10538,4,1.0,1.0,1.0
n13921,n5302,4,1.0,1.0,1.0
n13922,n1667,4,1.0,1.0,1.0
n13923,n1893,4,1.0,1.0,1.0
n13924,n8016,4,1.0,1.0,1.0
n13925,n10561,4,1.0,1.0,1.0
n13926,n10582,4,1.0,1.0,1.0
n13927,n11845,4,1.0,1.0,1.0
n13928,n10480,4,1.0,1.0,1.0
n13929,n4674,4,1.0,1.0,1.0
n1393,n5466,4,1.0,1.0,1.0
n13930,n10286,4,1.0,1.0,1.0
n13931,n13310,4,1.0,1.0,1.0
n13932,n11146,4,1.0,1.0,1.0
n13933,n10628,4,1.0,1.0,1.0
n13934,n5271,4,1.0,1.0,1.0
n13935,n10302,4,1.0,1.0,1.0
n13936,n4678,3,0.75,1.0,0.875
n13937,n10308,4,1.0,1.0,1.0
n13938,n10313,3,0.75,1.0,0.875
n13939,n9088,3,0.75,1.0,0.875
n1394,n5518,4,1.0,1.0,1.0
n13940,n12576,4,1.0,1.0,1.0
n13941,n12680,4,1.0,1.0,1.0
n13942,n10756,3,0.75,1.0,0.875
n13943,n14169,4,1.0,1.0,1.0
n13944,n7373,4,1.0,1.0,1.0
n13945,n134,4,1.0,1.0,1.0
n13945,n429,4,1.0,1.0,1.0
n13946,n151,4,1.0,1.0,1.0
n13947,n13106,4,1.0,1.0,1.0
n13948,n13175,3,0.75,1.0,0.875
n13949,n10908,4,1.0,1.0,1.0
n1395,n6705,4,1.0,1.0,1.0
n13950,n10910,4,1.0,1.0,1.0
n13951,n3895,4,1.0,1.0,1.0
n13952,n10923,3,0.75,1.0,0.875
n13953,n8814,4,1.0,1.0,1.0
n13954,n5700,4,1.0,1.0,1.0
n13955,n10962,3,0.75,1.0,0.875
n13956,n9451,4,1.0,1.0,1.0
n13957,n7910,3,0.75,1.0,0.875
n13958,n10393,4,1.0,1.0,1.0
n13959,n7772,3,0.75,1.0,0.875
n1396,n5539,4,1.0,1.0,1.0
n13960,n10405,4,1.0,1.0,1.0
n13961,n10416,3,0.75,1.0,0.875
n13961,n11056,3,0.75,1.0,0.875
n13962,n12901,4,1.0,1.0,1.0
n13963,n11079,3,0.75,1.0,0.875
n13964,n10429,4,1.0,1.0,1.0
n13964,n11130,4,1.0,1.0,1.0
n13965,n11210,4,1.0,1.0,1.0
n13966,n12718,4,1.0,1.0,1.0
n13967,n10769,3,0.75,1.0,0.875
n13968,n10932,3,0.75,1.0,0.875
n13969,n11939,3,0.75,1.0,0.875
n1397,n5655,3,0.75,1.0,0.875
n13970,n11162,4,1.0,1.0,1.0
n13971,n14357,4,1.0,1.0,1.0
n13972,n11188,4,1.0,1.0,1.0
n13973,n14547,4,1.0,1.0,1.0
n13974,n14587,4,1.0,1.0,1.0
n13975,n10452,4,1.0,1.0,1.0
n13976,n7285,3,0.75,1.0,0.875
n13977,n13009,4,1.0,1.0,1.0
n13978,n5045,4,1.0,1.0,1.0
n13979,n10992,4,1.0,1.0,1.0
n1398,n5664,3,0.75,1.0,0.875
n13980,n10472,4,1.0,1.0,1.0
n13981,n14301,3,0.75,1.0,0.875
n13982,n11303,4,1.0,1.0,1.0
n13983,n10475,4,1.0,1.0,1.0
n13984,n10487,4,1.0,1.0,1.0
n13985,n11903,4,1.0,1.0,1.0
n13986,n15529,4,1.0,1.0,1.0
n13987,n95,4,1.0,1.0,1.0
n13988,n11399,4,1.0,1.0,1.0
n13989,n3970,4,1.0,1.0,1.0
n1399,n12147,3,0.75,1.0,0.875
n13990,n2322,4,1.0,1.0,1.0
n13991,n9489,4,1.0,1.0,1.0
n13992,n2501,4,1.0,1.0,1.0
n13993,n10502,4,1.0,1.0,1.0
n13994,n11468,4,1.0,1.0,1.0
n13995,n6737,4,1.0,1.0,1.0
n13996,n510,3,0.75,1.0,0.875
n13997,n7926,3,0.75,1.0,0.875
n13998,n690,4,1.0,1.0,1.0
n13999,n10516,4,1.0,1.0,1.0
n14,n1353,4,1.0,1.0,1.0
n140,n1974,3,0.75,1.0,0.875
n1400,n5576,3,0.75,1.0,0.875
n14000,n732,3,0.75,1.0,0.875
n14001,n10519,3,0.75,1.0,0.875
n14002,n11533,4,1.0,1.0,1.0
n14003,n11460,4,1.0,1.0,1.0
n14004,n3158,4,1.0,1.0,1.0
n14005,n12071,4,1.0,1.0,1.0
n14006,n11552,4,1.0,1.0,1.0
n14007,n10527,4,1.0,1.0,1.0
n14008,n13987,4,1.0,1.0,1.0
n14009,n11575,4,1.0,1.0,1.0
n1401,n5596,4,1.0,1.0,1.0
n14010,n81,4,1.0,1.0,1.0
n14011,n3990,4,1.0,1.0,1.0
n14012,n11591,4,1.0,1.0,1.0
n14013,n2746,4,1.0,1.0,1.0
n14014,n12132,4,1.0,1.0,1.0
n14015,n1455,4,1.0,1.0,1.0
n14016,n11666,3,0.75,1.0,0.875
n14017,n7254,3,0.75,1.0,0.875
n14018,n6789,3,0.75,1.0,0.875
n14019,n489,4,1.0,1.0,1.0
n1402,n13150,4,1.0,1.0,1.0
n14020,n1490,3,0.75,1.0,0.875
n14021,n11746,4,1.0,1.0,1.0
n14022,n4098,4,1.0,1.0,1.0
n14023,n10568,4,1.0,1.0,1.0
n14024,n11805,4,1.0,1.0,1.0
n14025,n2430,4,1.0,1.0,1.0
n14026,n9966,4,1.0,1.0,1.0
n14027,n668,4,1.0,1.0,1.0
n14028,n12757,4,1.0,1.0,1.0
n14029,n11884,3,0.75,1.0,0.875
n1403,n5602,4,1.0,1.0,1.0
n14030,n14079,3,0.75,1.0,0.875
n14031,n537,4,1.0,1.0,1.0
n14032,n1067,4,1.0,1.0,1.0
n14033,n3155,4,1.0,1.0,1.0
n14034,n10596,4,1.0,1.0,1.0
n14035,n11951,4,1.0,1.0,1.0
n14036,n11956,4,1.0,1.0,1.0
n14037,n11972,4,1.0,1.0,1.0
n14038,n3359,4,1.0,1.0,1.0
n14039,n13089,4,1.0,1.0,1.0
n1404,n7028,4,1.0,1.0,1.0
n14040,n1150,4,1.0,1.0,1.0
n14041,n8097,4,1.0,1.0,1.0
n14042,n3493,3,0.75,1.0,0.875
n14043,n10614,4,1.0,1.0,1.0
n14044,n3648,4,1.0,1.0,1.0
n14045,n14527,4,1.0,1.0,1.0
n14046,n3711,4,1.0,1.0,1.0
n14047,n3747,4,1.0,1.0,1.0
n14048,n8842,4,1.0,1.0,1.0
n14049,n9398,4,1.0,1.0,1.0
n1405,n14299,4,1.0,1.0,1.0
n14050,n9905,4,1.0,1.0,1.0
n14051,n15206,4,1.0,1.0,1.0
n14052,n15329,4,1.0,1.0,1.0
n14053,n12089,4,1.0,1.0,1.0
n14054,n10629,4,1.0,1.0,1.0
n14055,n1171,4,1.0,1.0,1.0
n14056,n12192,3,0.75,1.0,0.875
n14057,n12220,4,1.0,1.0,1.0
n14058,n2112,4,1.0,1.0,1.0
n14059,n4642,4,1.0,1.0,1.0
n1406,n7965,4,1.0,1.0,1.0
n14060,n2704,4,1.0,1.0,1.0
n14061,n10872,4,1.0,1.0,1.0
n14062,n10887,4,1.0,1.0,1.0
n14063,n12300,3,0.75,1.0,0.875
n14064,n12324,4,1.0,1.0,1.0
n14064,n3552,4,1.0,1.0,1.0
n14065,n5006,4,1.0,1.0,1.0
n14066,n15524,4,1.0,1.0,1.0
n14067,n3187,4,1.0,1.0,1.0
n14068,n10684,4,1.0,1.0,1.0
n14069,n12414,3,0.75,1.0,0.875
n1407,n5558,4,1.0,1.0,1.0
n14070,n10685,4,1.0,1.0,1.0
n14071,n674,4,1.0,1.0,1.0
n14072,n5248,4,1.0,1.0,1.0
n14073,n10701,4,1.0,1.0,1.0
n14074,n5714,4,1.0,1.0,1.0
n14075,n5614,3,0.75,1.0,0.875
n14076,n5586,4,1.0,1.0,1.0
n14077,n5609,4,1.0,1.0,1.0
n14078,n10706,3,0.75,1.0,0.875
n14079,n6191,3,0.75,1.0,0.875
n1408,n3778,4,1.0,1.0,1.0
n14080,n10711,4,1.0,1.0,1.0
n14081,n6488,4,1.0,1.0,1.0
n14082,n10717,4,1.0,1.0,1.0
n14083,n13489,3,0.75,1.0,0.875
n14084,n6001,4,1.0,1.0,1.0
n14085,n14474,4,1.0,1.0,1.0
n14086,n12227,4,1.0,1.0,1.0
n14087,n10740,4,1.0,1.0,1.0
n14088,n9738,4,1.0,1.0,1.0
n14089,n4811,4,1.0,1.0,1.0
n1409,n5564,4,1.0,1.0,1.0
n14090,n5251,4,1.0,1.0,1.0
n14091,n6249,3,0.75,1.0,0.875
n14092,n15427,3,0.75,1.0,0.875
n14093,n14367,4,1.0,1.0,1.0
n14094,n6483,4,1.0,1.0,1.0
n14095,n5534,4,1.0,1.0,1.0
n14096,n5641,4,1.0,1.0,1.0
n14097,n12685,3,0.75,1.0,0.875
n14098,n12691,4,1.0,1.0,1.0
n14099,n12710,4,1.0,1.0,1.0
n141,n8317,4,1.0,1.0,1.0
n1410,n9589,4,1.0,1.0,1.0
n14100,n6704,3,0.75,1.0,0.875
n14101,n12965,4,1.0,1.0,1.0
n14102,n6782,4,1.0,1.0,1.0
n14103,n13340,4,1.0,1.0,1.0
n14104,n6927,3,0.75,1.0,0.875
n14105,n12889,4,1.0,1.0,1.0
n14106,n10801,3,0.75,1.0,0.875
n14107,n7029,4,1.0,1.0,1.0
n14108,n13919,4,1.0,1.0,1.0
n14109,n7131,3,0.75,1.0,0.875
n1411,n10109,4,1.0,1.0,1.0
n14110,n7263,4,1.0,1.0,1.0
n14111,n10816,4,1.0,1.0,1.0
n14112,n14553,4,1.0,1.0,1.0
n14113,n7370,4,1.0,1.0,1.0
n14114,n15077,4,1.0,1.0,1.0
n14115,n10834,4,1.0,1.0,1.0
n14115,n15199,4,1.0,1.0,1.0
n14116,n13042,4,1.0,1.0,1.0
n14117,n13053,4,1.0,1.0,1.0
n14118,n15388,4,1.0,1.0,1.0
n14119,n15591,4,1.0,1.0,1.0
n1412,n5705,3,0.75,1.0,0.875
n14120,n1389,3,0.75,1.0,0.875
n14121,n2399,4,1.0,1.0,1.0
n14122,n13120,4,1.0,1.0,1.0
n14123,n12138,4,1.0,1.0,1.0
n14124,n13143,4,1.0,1.0,1.0
n14125,n2445,4,1.0,1.0,1.0
n14126,n7877,4,1.0,1.0,1.0
n14127,n5050,4,1.0,1.0,1.0
n14128,n10857,3,0.75,1.0,0.875
n14129,n6107,3,0.75,1.0,0.875
n1413,n6267,3,0.75,1.0,0.875
n14130,n11560,4,1.0,1.0,1.0
n14131,n13171,4,1.0,1.0,1.0
n14132,n13364,3,0.75,1.0,0.875
n14133,n7997,4,1.0,1.0,1.0
n14134,n13229,4,1.0,1.0,1.0
n14134,n8775,4,1.0,1.0,1.0
n14135,n10878,4,1.0,1.0,1.0
n14136,n5773,4,1.0,1.0,1.0
n14137,n7700,3,0.75,1.0,0.875
n14138,n13258,4,1.0,1.0,1.0
n14139,n10886,4,1.0,1.0,1.0
n1414,n10783,4,1.0,1.0,1.0
n14140,n2706,3,0.75,1.0,0.875
n14141,n13285,4,1.0,1.0,1.0
n14142,n2982,3,0.75,1.0,0.875
n14143,n13306,4,1.0,1.0,1.0
n14144,n13307,3,0.75,1.0,0.875
n14145,n13317,3,0.75,1.0,0.875
n14146,n10907,3,0.75,1.0,0.875
n14147,n13334,3,0.75,1.0,0.875
n14148,n13336,4,1.0,1.0,1.0
n14149,n3695,3,0.75,1.0,0.875
n1415,n7658,4,1.0,1.0,1.0
n14150,n13383,4,1.0,1.0,1.0
n14151,n13393,4,1.0,1.0,1.0
n14152,n6148,3,0.75,1.0,0.875
n14153,n13394,4,1.0,1.0,1.0
n14154,n9845,3,0.75,1.0,0.875
n14155,n8720,4,1.0,1.0,1.0
n14156,n3763,4,1.0,1.0,1.0
n14157,n5083,4,1.0,1.0,1.0
n14158,n4322,3,0.75,1.0,0.875
n14159,n8890,3,0.75,1.0,0.875
n1416,n6571,4,1.0,1.0,1.0
n14160,n5959,4,1.0,1.0,1.0
n14161,n5857,4,1.0,1.0,1.0
n14162,n9010,4,1.0,1.0,1.0
n14163,n10951,4,1.0,1.0,1.0
n14164,n13550,4,1.0,1.0,1.0
n14165,n10956,3,0.75,1.0,0.875
n14166,n11823,3,0.75,1.0,0.875
n14167,n10960,4,1.0,1.0,1.0
n14168,n10961,4,1.0,1.0,1.0
n14169,n13573,4,1.0,1.0,1.0
n1417,n5788,3,0.75,1.0,0.875
n14170,n6921,3,0.75,1.0,0.875
n14171,n13596,4,1.0,1.0,1.0
n14172,n13627,4,1.0,1.0,1.0
n14173,n10977,4,1.0,1.0,1.0
n14174,n10980,4,1.0,1.0,1.0
n14175,n7808,4,1.0,1.0,1.0
n14176,n6247,3,0.75,1.0,0.875
n14177,n7994,3,0.75,1.0,0.875
n14178,n1894,4,1.0,1.0,1.0
n14179,n13688,4,1.0,1.0,1.0
n1418,n12419,4,1.0,1.0,1.0
n14180,n13694,4,1.0,1.0,1.0
n14181,n11004,4,1.0,1.0,1.0
n14182,n9645,4,1.0,1.0,1.0
n14183,n11013,4,1.0,1.0,1.0
n14184,n13751,4,1.0,1.0,1.0
n14185,n13762,3,0.75,1.0,0.875
n14186,n9045,3,0.75,1.0,0.875
n14187,n6304,4,1.0,1.0,1.0
n14188,n9373,4,1.0,1.0,1.0
n14189,n1981,3,0.75,1.0,0.875
n1419,n6607,3,0.75,1.0,0.875
n14190,n11046,4,1.0,1.0,1.0
n14191,n10507,4,1.0,1.0,1.0
n14192,n11595,4,1.0,1.0,1.0
n14193,n10316,4,1.0,1.0,1.0
n14194,n8882,4,1.0,1.0,1.0
n14195,n15229,3,0.75,1.0,0.875
n14196,n11090,4,1.0,1.0,1.0
n14197,n1064,4,1.0,1.0,1.0
n14198,n11094,4,1.0,1.0,1.0
n14199,n11898,4,1.0,1.0,1.0
n142,n2767,4,1.0,1.0,1.0
n1420,n5582,4,1.0,1.0,1.0
n14200,n11941,4,1.0,1.0,1.0
n14201,n1243,4,1.0,1.0,1.0
n14202,n12373,4,1.0,1.0,1.0
n14203,n12498,4,1.0,1.0,1.0
n14204,n11108,4,1.0,1.0,1.0
n14205,n6851,3,0.75,1.0,0.875
n14206,n14085,4,1.0,1.0,1.0
n14207,n11112,4,1.0,1.0,1.0
n14208,n10826,4,1.0,1.0,1.0
n14209,n10854,4,1.0,1.0,1.0
n1421,n5593,4,1.0,1.0,1.0
n14210,n14127,4,1.0,1.0,1.0
n14211,n14132,3,0.75,1.0,0.875
n14212,n4491,3,0.75,1.0,0.875
n14213,n6415,4,1.0,1.0,1.0
n14214,n11005,4,1.0,1.0,1.0
n14215,n13810,4,1.0,1.0,1.0
n14216,n11041,4,1.0,1.0,1.0
n14217,n10919,4,1.0,1.0,1.0
n14218,n14197,4,1.0,1.0,1.0
n14219,n11093,4,1.0,1.0,1.0
n1422,n5595,4,1.0,1.0,1.0
n14220,n11135,4,1.0,1.0,1.0
n14221,n11136,4,1.0,1.0,1.0
n14222,n11142,4,1.0,1.0,1.0
n14222,n14218,4,1.0,1.0,1.0
n14223,n11251,4,1.0,1.0,1.0
n14224,n14286,3,0.75,1.0,0.875
n14225,n11272,4,1.0,1.0,1.0
n14226,n13933,4,1.0,1.0,1.0
n14227,n11311,4,1.0,1.0,1.0
n14228,n11316,3,0.75,1.0,0.875
n14229,n11361,4,1.0,1.0,1.0
n14229,n15266,4,1.0,1.0,1.0
n1423,n7077,3,0.75,1.0,0.875
n14230,n11481,4,1.0,1.0,1.0
n14231,n11509,4,1.0,1.0,1.0
n14232,n11170,4,1.0,1.0,1.0
n14233,n11539,4,1.0,1.0,1.0
n14234,n11174,4,1.0,1.0,1.0
n14235,n11177,4,1.0,1.0,1.0
n14236,n11684,4,1.0,1.0,1.0
n14237,n1724,3,0.75,1.0,0.875
n14238,n4541,4,1.0,1.0,1.0
n14239,n11779,4,1.0,1.0,1.0
n1424,n9957,4,1.0,1.0,1.0
n14240,n11183,3,0.75,1.0,0.875
n14241,n7187,4,1.0,1.0,1.0
n14242,n2859,4,1.0,1.0,1.0
n14243,n11192,3,0.75,1.0,0.875
n14244,n14255,4,1.0,1.0,1.0
n14245,n14528,4,1.0,1.0,1.0
n14246,n3638,4,1.0,1.0,1.0
n14247,n1359,4,1.0,1.0,1.0
n14248,n14558,3,0.75,1.0,0.875
n14249,n5021,4,1.0,1.0,1.0
n1425,n13888,4,1.0,1.0,1.0
n14250,n2741,4,1.0,1.0,1.0
n14251,n4876,4,1.0,1.0,1.0
n14252,n14625,3,0.75,1.0,0.875
n14253,n12331,4,1.0,1.0,1.0
n14254,n11219,3,0.75,1.0,0.875
n14254,n12371,3,0.75,1.0,0.875
n14255,n5392,4,1.0,1.0,1.0
n14256,n5605,3,0.75,1.0,0.875
n14257,n14728,4,1.0,1.0,1.0
n14258,n14739,4,1.0,1.0,1.0
n14259,n6414,4,1.0,1.0,1.0
n1426,n14403,4,1.0,1.0,1.0
n14260,n11235,3,0.75,1.0,0.875
n14261,n11237,4,1.0,1.0,1.0
n14262,n6658,4,1.0,1.0,1.0
n14263,n12623,3,0.75,1.0,0.875
n14264,n12948,3,0.75,1.0,0.875
n14265,n8243,4,1.0,1.0,1.0
n14266,n7016,4,1.0,1.0,1.0
n14267,n9948,4,1.0,1.0,1.0
n14268,n7172,4,1.0,1.0,1.0
n14269,n11245,4,1.0,1.0,1.0
n1427,n5642,4,1.0,1.0,1.0
n14270,n11247,4,1.0,1.0,1.0
n14271,n14866,4,1.0,1.0,1.0
n14272,n7878,4,1.0,1.0,1.0
n14273,n14899,4,1.0,1.0,1.0
n14274,n11256,4,1.0,1.0,1.0
n14275,n14920,4,1.0,1.0,1.0
n14276,n3859,4,1.0,1.0,1.0
n14277,n4583,3,0.75,1.0,0.875
n14278,n11265,4,1.0,1.0,1.0
n14279,n5806,4,1.0,1.0,1.0
n1428,n12969,4,1.0,1.0,1.0
n14280,n11278,4,1.0,1.0,1.0
n14281,n9649,4,1.0,1.0,1.0
n14282,n13725,4,1.0,1.0,1.0
n14283,n7684,4,1.0,1.0,1.0
n14284,n10297,3,0.75,1.0,0.875
n14285,n11241,4,1.0,1.0,1.0
n14286,n10486,3,0.75,1.0,0.875
n14287,n12728,3,0.75,1.0,0.875
n14288,n14139,4,1.0,1.0,1.0
n14289,n13404,4,1.0,1.0,1.0
n1429,n13222,3,0.75,1.0,0.875
n14290,n13835,4,1.0,1.0,1.0
n14291,n11314,4,1.0,1.0,1.0
n14292,n15298,3,0.75,1.0,0.875
n14293,n11301,3,0.75,1.0,0.875
n14294,n15115,4,1.0,1.0,1.0
n14295,n3687,4,1.0,1.0,1.0
n14296,n1529,4,1.0,1.0,1.0
n14297,n11695,4,1.0,1.0,1.0
n14298,n14534,4,1.0,1.0,1.0
n14299,n15190,4,1.0,1.0,1.0
n143,n466,4,1.0,1.0,1.0
n1430,n9232,4,1.0,1.0,1.0
n14300,n14550,4,1.0,1.0,1.0
n14301,n4783,3,0.75,1.0,0.875
n14302,n6363,4,1.0,1.0,1.0
n14303,n5800,3,0.75,1.0,0.875
n14304,n15267,3,0.75,1.0,0.875
n14305,n14814,3,0.75,1.0,0.875
n14306,n14416,4,1.0,1.0,1.0
n14307,n11331,4,1.0,1.0,1.0
n14308,n11334,4,1.0,1.0,1.0
n14309,n9247,4,1.0,1.0,1.0
n1431,n10325,4,1.0,1.0,1.0
n14310,n15081,3,0.75,1.0,0.875
n14311,n14202,4,1.0,1.0,1.0
n14312,n11346,3,0.75,1.0,0.875
n14313,n11378,4,1.0,1.0,1.0
n14313,n15430,4,1.0,1.0,1.0
n14314,n14353,4,1.0,1.0,1.0
n14315,n15153,3,0.75,1.0,0.875
n14316,n14465,4,1.0,1.0,1.0
n14317,n15469,4,1.0,1.0,1.0
n14318,n12363,4,1.0,1.0,1.0
n14319,n11357,3,0.75,1.0,0.875
n1432,n5709,3,0.75,1.0,0.875
n14320,n14789,4,1.0,1.0,1.0
n14321,n15505,4,1.0,1.0,1.0
n14322,n15357,4,1.0,1.0,1.0
n14323,n11367,3,0.75,1.0,0.875
n14324,n14005,4,1.0,1.0,1.0
n14325,n15056,4,1.0,1.0,1.0
n14326,n15542,4,1.0,1.0,1.0
n14327,n11380,4,1.0,1.0,1.0
n14328,n37,3,0.75,1.0,0.875
n14329,n11386,4,1.0,1.0,1.0
n1433,n8839,4,1.0,1.0,1.0
n14330,n3395,4,1.0,1.0,1.0
n14331,n42,4,1.0,1.0,1.0
n14332,n178,4,1.0,1.0,1.0
n14333,n7578,4,1.0,1.0,1.0
n14334,n2878,4,1.0,1.0,1.0
n14335,n12106,4,1.0,1.0,1.0
n14336,n12783,4,1.0,1.0,1.0
n14337,n237,4,1.0,1.0,1.0
n14338,n243,3,0.75,1.0,0.875
n14339,n1619,4,1.0,1.0,1.0
n1434,n14239,4,1.0,1.0,1.0
n14340,n11447,4,1.0,1.0,1.0
n14341,n1003,3,0.75,1.0,0.875
n14342,n3404,4,1.0,1.0,1.0
n14343,n1101,4,1.0,1.0,1.0
n14344,n391,4,1.0,1.0,1.0
n14345,n1245,3,0.75,1.0,0.875
n14346,n6377,4,1.0,1.0,1.0
n14347,n10858,3,0.75,1.0,0.875
n14348,n480,4,1.0,1.0,1.0
n14349,n7139,4,1.0,1.0,1.0
n1435,n11578,4,1.0,1.0,1.0
n14350,n11482,4,1.0,1.0,1.0
n14351,n15143,4,1.0,1.0,1.0
n14352,n54,4,1.0,1.0,1.0
n14353,n551,4,1.0,1.0,1.0
n14354,n1295,4,1.0,1.0,1.0
n14355,n11491,4,1.0,1.0,1.0
n14356,n1626,4,1.0,1.0,1.0
n14357,n2002,4,1.0,1.0,1.0
n14358,n1324,4,1.0,1.0,1.0
n14359,n11502,4,1.0,1.0,1.0
n1436,n11686,4,1.0,1.0,1.0
n14360,n2371,3,0.75,1.0,0.875
n14361,n695,4,1.0,1.0,1.0
n14362,n725,4,1.0,1.0,1.0
n14363,n726,4,1.0,1.0,1.0
n14364,n10312,4,1.0,1.0,1.0
n14365,n750,4,1.0,1.0,1.0
n14366,n2790,4,1.0,1.0,1.0
n14367,n2838,4,1.0,1.0,1.0
n14368,n2592,4,1.0,1.0,1.0
n14369,n11522,4,1.0,1.0,1.0
n1437,n11705,4,1.0,1.0,1.0
n14370,n11540,4,1.0,1.0,1.0
n14371,n4112,4,1.0,1.0,1.0
n14372,n830,4,1.0,1.0,1.0
n14373,n844,4,1.0,1.0,1.0
n14374,n3161,3,0.75,1.0,0.875
n14375,n1543,4,1.0,1.0,1.0
n14376,n3299,3,0.75,1.0,0.875
n14377,n13519,4,1.0,1.0,1.0
n14378,n9949,4,1.0,1.0,1.0
n14379,n14245,4,1.0,1.0,1.0
n1438,n5746,3,0.75,1.0,0.875
n14380,n3645,4,1.0,1.0,1.0
n14381,n11911,4,1.0,1.0,1.0
n14382,n3679,4,1.0,1.0,1.0
n14383,n11569,4,1.0,1.0,1.0
n14384,n15274,4,1.0,1.0,1.0
n14385,n11578,3,0.75,1.0,0.875
n14386,n11583,4,1.0,1.0,1.0
n14387,n1038,4,1.0,1.0,1.0
n14388,n8683,4,1.0,1.0,1.0
n14389,n15369,4,1.0,1.0,1.0
n1439,n6404,4,1.0,1.0,1.0
n14390,n1086,3,0.75,1.0,0.875
n14391,n6697,4,1.0,1.0,1.0
n14392,n1656,4,1.0,1.0,1.0
n14393,n1682,4,1.0,1.0,1.0
n14394,n310,4,1.0,1.0,1.0
n14395,n11609,4,1.0,1.0,1.0
n14396,n9340,3,0.75,1.0,0.875
n14397,n11637,3,0.75,1.0,0.875
n14398,n3729,3,0.75,1.0,0.875
n14399,n15137,4,1.0,1.0,1.0
n144,n6336,4,1.0,1.0,1.0
n1440,n9174,3,0.75,1.0,0.875
n14400,n4713,4,1.0,1.0,1.0
n14401,n5328,4,1.0,1.0,1.0
n14402,n1352,4,1.0,1.0,1.0
n14403,n11654,4,1.0,1.0,1.0
n14404,n11764,4,1.0,1.0,1.0
n14405,n3593,4,1.0,1.0,1.0
n14406,n1449,4,1.0,1.0,1.0
n14407,n11665,4,1.0,1.0,1.0
n14408,n8454,4,1.0,1.0,1.0
n14409,n1479,3,0.75,1.0,0.875
n1441,n6434,4,1.0,1.0,1.0
n14410,n11670,4,1.0,1.0,1.0
n14411,n1487,3,0.75,1.0,0.875
n14412,n15449,4,1.0,1.0,1.0
n14413,n6210,3,0.75,1.0,0.875
n14414,n12625,4,1.0,1.0,1.0
n14415,n3268,4,1.0,1.0,1.0
n14416,n1574,4,1.0,1.0,1.0
n14417,n4003,4,1.0,1.0,1.0
n14418,n1795,4,1.0,1.0,1.0
n14419,n6917,4,1.0,1.0,1.0
n1442,n11847,4,1.0,1.0,1.0
n14420,n14100,3,0.75,1.0,0.875
n14421,n11709,4,1.0,1.0,1.0
n14422,n7248,4,1.0,1.0,1.0
n14423,n4185,4,1.0,1.0,1.0
n14424,n12842,4,1.0,1.0,1.0
n14425,n11715,4,1.0,1.0,1.0
n14426,n1754,4,1.0,1.0,1.0
n14427,n12627,4,1.0,1.0,1.0
n14428,n11721,4,1.0,1.0,1.0
n14429,n11723,3,0.75,1.0,0.875
n1443,n11935,3,0.75,1.0,0.875
n14430,n7613,4,1.0,1.0,1.0
n14431,n11726,3,0.75,1.0,0.875
n14432,n7698,4,1.0,1.0,1.0
n14433,n3368,4,1.0,1.0,1.0
n14434,n1170,3,0.75,1.0,0.875
n14435,n5612,4,1.0,1.0,1.0
n14436,n6962,4,1.0,1.0,1.0
n14437,n8000,4,1.0,1.0,1.0
n14438,n11750,3,0.75,1.0,0.875
n14439,n11753,4,1.0,1.0,1.0
n1444,n12145,4,1.0,1.0,1.0
n14440,n12628,4,1.0,1.0,1.0
n14441,n11765,4,1.0,1.0,1.0
n14442,n11766,4,1.0,1.0,1.0
n14443,n156,4,1.0,1.0,1.0
n14444,n2521,3,0.75,1.0,0.875
n14445,n4237,3,0.75,1.0,0.875
n14446,n11557,4,1.0,1.0,1.0
n14447,n4031,4,1.0,1.0,1.0
n14448,n8803,4,1.0,1.0,1.0
n14449,n8961,3,0.75,1.0,0.875
n1445,n6528,4,1.0,1.0,1.0
n14450,n5858,4,1.0,1.0,1.0
n14451,n11795,4,1.0,1.0,1.0
n14452,n9221,4,1.0,1.0,1.0
n14453,n11807,4,1.0,1.0,1.0
n14454,n14183,4,1.0,1.0,1.0
n14455,n2427,3,0.75,1.0,0.875
n14456,n7771,4,1.0,1.0,1.0
n14457,n2651,3,0.75,1.0,0.875
n14458,n8296,4,1.0,1.0,1.0
n14459,n13533,4,1.0,1.0,1.0
n1446,n6566,4,1.0,1.0,1.0
n14460,n4646,4,1.0,1.0,1.0
n14461,n9856,4,1.0,1.0,1.0
n14462,n6606,3,0.75,1.0,0.875
n14463,n11830,4,1.0,1.0,1.0
n14464,n9861,3,0.75,1.0,0.875
n14465,n2662,4,1.0,1.0,1.0
n14466,n6078,4,1.0,1.0,1.0
n14467,n11848,4,1.0,1.0,1.0
n14468,n11850,4,1.0,1.0,1.0
n14469,n11859,4,1.0,1.0,1.0
n1447,n5384,4,1.0,1.0,1.0
n14470,n262,3,0.75,1.0,0.875
n14471,n10558,3,0.75,0.75,0.75
n14471,n11744,4,1.0,1.0,1.0
n14472,n11870,4,1.0,1.0,1.0
n14473,n5414,4,1.0,1.0,1.0
n14474,n2860,4,1.0,1.0,1.0
n14475,n14579,4,1.0,1.0,1.0
n14476,n11213,4,1.0,1.0,1.0
n14477,n13840,4,1.0,1.0,1.0
n14478,n11892,4,1.0,1.0,1.0
n14479,n14652,4,1.0,1.0,1.0
n1448,n5418,4,1.0,1.0,1.0
n14480,n15437,4,1.0,1.0,1.0
n14481,n3023,4,1.0,1.0,1.0
n14482,n11426,4,1.0,1.0,1.0
n14483,n11446,4,1.0,1.0,1.0
n14484,n5827,4,1.0,1.0,1.0
n14485,n3041,4,1.0,1.0,1.0
n14486,n9541,4,1.0,1.0,1.0
n14487,n3054,4,1.0,1.0,1.0
n14488,n3686,4,1.0,1.0,1.0
n14489,n4829,4,1.0,1.0,1.0
n1449,n5999,4,1.0,1.0,1.0
n14490,n11759,4,1.0,1.0,1.0
n14491,n2538,3,0.75,1.0,0.875
n14492,n2867,4,1.0,1.0,1.0
n14493,n2939,3,0.75,1.0,0.875
n14494,n12092,3,0.75,1.0,0.875
n14495,n3924,4,1.0,1.0,1.0
n14496,n11948,4,1.0,1.0,1.0
n14497,n3198,3,0.75,1.0,0.875
n14498,n12111,4,1.0,1.0,1.0
n14499,n5771,4,1.0,1.0,1.0
n145,n1546,4,1.0,1.0,1.0
n1450,n977,4,1.0,1.0,1.0
n14500,n9729,4,1.0,1.0,1.0
n14501,n1322,4,1.0,1.0,1.0
n14502,n3260,4,1.0,1.0,1.0
n14503,n5283,4,1.0,1.0,1.0
n14504,n5362,4,1.0,1.0,1.0
n14505,n5040,4,1.0,1.0,1.0
n14506,n12481,4,1.0,1.0,1.0
n14507,n5422,4,1.0,1.0,1.0
n14508,n6098,3,0.75,1.0,0.875
n14509,n6427,4,1.0,1.0,1.0
n1451,n5504,4,1.0,1.0,1.0
n14510,n5940,3,0.75,1.0,0.875
n14511,n13781,4,1.0,1.0,1.0
n14512,n10518,3,0.75,1.0,0.875
n14513,n3355,4,1.0,1.0,1.0
n14514,n14593,4,1.0,1.0,1.0
n14515,n3366,4,1.0,1.0,1.0
n14516,n13828,4,1.0,1.0,1.0
n14517,n576,4,1.0,1.0,1.0
n14518,n11983,4,1.0,1.0,1.0
n14519,n11984,3,0.75,1.0,0.875
n1452,n6740,4,1.0,1.0,1.0
n14520,n3420,4,1.0,1.0,1.0
n14521,n9223,3,0.75,1.0,0.875
n14522,n3618,4,1.0,1.0,1.0
n14523,n13642,3,0.75,1.0,0.875
n14524,n13687,4,1.0,1.0,1.0
n14525,n10898,4,1.0,1.0,1.0
n14526,n12027,4,1.0,1.0,1.0
n14527,n143,4,1.0,1.0,1.0
n14528,n11437,4,1.0,1.0,1.0
n14529,n11532,4,1.0,1.0,1.0
n1453,n9324,4,1.0,1.0,1.0
n14530,n11600,3,0.75,1.0,0.875
n14531,n12031,3,0.75,1.0,0.875
n14532,n3664,4,1.0,1.0,1.0
n14533,n3165,4,1.0,1.0,1.0
n14534,n12005,4,1.0,1.0,1.0
n14535,n14386,4,1.0,1.0,1.0
n14536,n12030,4,1.0,1.0,1.0
n14537,n4796,4,1.0,1.0,1.0
n14538,n8266,4,1.0,1.0,1.0
n14539,n14956,4,1.0,1.0,1.0
n1454,n7166,3,0.75,1.0,0.875
n14540,n12067,4,1.0,1.0,1.0
n14541,n3290,4,1.0,1.0,1.0
n14542,n12070,4,1.0,1.0,1.0
n14543,n4214,4,1.0,1.0,1.0
n14544,n3870,4,1.0,1.0,1.0
n14545,n15194,4,1.0,1.0,1.0
n14546,n12085,4,1.0,1.0,1.0
n14547,n12088,4,1.0,1.0,1.0
n14548,n12090,4,1.0,1.0,1.0
n14549,n14551,4,1.0,1.0,1.0
n14549,n15194,3,0.75,0.75,0.75
n1455,n15009,4,1.0,1.0,1.0
n14550,n15532,4,1.0,1.0,1.0
n14551,n15587,4,1.0,1.0,1.0
n14552,n443,4,1.0,1.0,1.0
n14553,n1921,4,1.0,1.0,1.0
n14554,n724,4,1.0,1.0,1.0
n14555,n10530,3,0.75,1.0,0.875
n14556,n279,4,1.0,1.0,1.0
n14557,n15221,4,1.0,1.0,1.0
n14558,n4018,3,0.75,1.0,0.875
n14559,n2186,4,1.0,1.0,1.0
n1456,n6777,4,1.0,1.0,1.0
n14560,n624,4,1.0,1.0,1.0
n14561,n4045,4,1.0,1.0,1.0
n14562,n4320,4,1.0,1.0,1.0
n14563,n953,4,1.0,1.0,1.0
n14564,n12602,4,1.0,1.0,1.0
n14565,n3769,4,1.0,1.0,1.0
n14566,n14787,4,1.0,1.0,1.0
n14567,n15368,4,1.0,1.0,1.0
n14568,n4122,4,1.0,1.0,1.0
n14569,n4101,4,1.0,1.0,1.0
n1457,n7642,4,1.0,1.0,1.0
n14570,n4151,4,1.0,1.0,1.0
n14571,n4419,4,1.0,1.0,1.0
n14572,n8633,4,1.0,1.0,1.0
n14573,n4163,3,0.75,1.0,0.875
n14574,n1165,4,1.0,1.0,1.0
n14575,n4612,4,1.0,1.0,1.0
n14576,n12150,4,1.0,1.0,1.0
n14577,n3234,4,1.0,1.0,1.0
n14578,n12945,4,1.0,1.0,1.0
n14579,n4935,4,1.0,1.0,1.0
n1458,n7742,4,1.0,1.0,1.0
n14580,n12159,4,1.0,1.0,1.0
n14581,n5280,4,1.0,1.0,1.0
n14582,n4215,4,1.0,1.0,1.0
n14583,n4254,4,1.0,1.0,1.0
n14584,n4291,4,1.0,1.0,1.0
n14585,n12178,3,0.75,1.0,0.875
n14586,n12182,4,1.0,1.0,1.0
n14587,n8514,4,1.0,1.0,1.0
n14588,n1719,4,1.0,1.0,1.0
n14589,n12200,4,1.0,1.0,1.0
n1459,n5874,4,1.0,1.0,1.0
n14590,n13713,4,1.0,1.0,1.0
n14591,n4372,4,1.0,1.0,1.0
n14592,n536,4,1.0,1.0,1.0
n14593,n1838,4,1.0,1.0,1.0
n14594,n7827,4,1.0,1.0,1.0
n14595,n7899,4,1.0,1.0,1.0
n14596,n4430,4,1.0,1.0,1.0
n14597,n11453,4,1.0,1.0,1.0
n14598,n3267,4,1.0,1.0,1.0
n14599,n2198,4,1.0,1.0,1.0
n146,n477,4,1.0,1.0,1.0
n1460,n5875,4,1.0,1.0,1.0
n14600,n9633,3,0.75,1.0,0.875
n14601,n2334,4,1.0,1.0,1.0
n14602,n1802,4,1.0,1.0,1.0
n14603,n4593,4,1.0,1.0,1.0
n14604,n9543,4,1.0,1.0,1.0
n14605,n4640,3,0.75,1.0,0.875
n14606,n8306,4,1.0,1.0,1.0
n14607,n10978,4,1.0,1.0,1.0
n14608,n4773,3,0.75,1.0,0.875
n14609,n15567,3,0.75,1.0,0.875
n1461,n6847,3,0.75,1.0,0.875
n14610,n1397,3,0.75,1.0,0.875
n14611,n12291,3,0.75,1.0,0.875
n14612,n11993,3,0.75,1.0,0.875
n14613,n4826,4,1.0,1.0,1.0
n14614,n554,3,0.75,1.0,0.875
n14615,n3266,4,1.0,1.0,1.0
n14616,n12444,4,1.0,1.0,1.0
n14617,n4848,3,0.75,1.0,0.875
n14618,n12301,4,1.0,1.0,1.0
n14619,n12306,3,0.75,1.0,0.875
n1462,n8252,4,1.0,1.0,1.0
n14620,n12989,4,1.0,1.0,1.0
n14621,n13019,4,1.0,1.0,1.0
n14622,n4886,4,1.0,1.0,1.0
n14623,n227,4,1.0,1.0,1.0
n14624,n2757,4,1.0,1.0,1.0
n14625,n2798,3,0.75,1.0,0.875
n14626,n8458,4,1.0,1.0,1.0
n14627,n8736,4,1.0,1.0,1.0
n14628,n13510,4,1.0,1.0,1.0
n14629,n3500,3,0.75,1.0,0.875
n1463,n3283,3,0.75,1.0,0.875
n14630,n3522,3,0.75,1.0,0.875
n14631,n12339,4,1.0,1.0,1.0
n14632,n12144,4,1.0,1.0,1.0
n14633,n5002,4,1.0,1.0,1.0
n14634,n12352,3,0.75,1.0,0.875
n14635,n3951,4,1.0,1.0,1.0
n14636,n222,4,1.0,1.0,1.0
n14637,n3975,4,1.0,1.0,1.0
n14638,n4015,4,1.0,1.0,1.0
n14639,n577,4,1.0,1.0,1.0
n1464,n4217,3,0.75,1.0,0.875
n14640,n8689,3,0.75,1.0,0.875
n14641,n9732,3,0.75,1.0,0.875
n14642,n11881,4,1.0,1.0,1.0
n14643,n12376,4,1.0,1.0,1.0
n14644,n4455,4,1.0,1.0,1.0
n14645,n6875,4,1.0,1.0,1.0
n14646,n12382,4,1.0,1.0,1.0
n14647,n5143,3,0.75,1.0,0.875
n14648,n11089,4,1.0,1.0,1.0
n14649,n5158,4,1.0,1.0,1.0
n1465,n8760,4,1.0,1.0,1.0
n14650,n7128,3,0.75,1.0,0.875
n14651,n7590,4,1.0,1.0,1.0
n14652,n1818,4,1.0,1.0,1.0
n14653,n12402,3,0.75,1.0,0.875
n14654,n4561,4,1.0,1.0,1.0
n14655,n9609,4,1.0,1.0,1.0
n14656,n2626,4,1.0,1.0,1.0
n14657,n5298,4,1.0,1.0,1.0
n14658,n4798,4,1.0,1.0,1.0
n14659,n3064,4,1.0,1.0,1.0
n1466,n5905,4,1.0,1.0,1.0
n1466,n6942,4,1.0,1.0,1.0
n14660,n12076,4,1.0,1.0,1.0
n14661,n12445,4,1.0,1.0,1.0
n14662,n14769,4,1.0,1.0,1.0
n14663,n5368,3,0.75,1.0,0.875
n14664,n12447,4,1.0,1.0,1.0
n14665,n15058,4,1.0,1.0,1.0
n14665,n15060,4,1.0,1.0,1.0
n14666,n5375,4,1.0,1.0,1.0
n14667,n12453,4,1.0,1.0,1.0
n14668,n5091,4,1.0,1.0,1.0
n14669,n5125,4,1.0,1.0,1.0
n1467,n7170,4,1.0,1.0,1.0
n14670,n4423,4,1.0,1.0,1.0
n14671,n9671,4,1.0,1.0,1.0
n14672,n2742,4,1.0,1.0,1.0
n14672,n5279,3,0.75,0.75,0.75
n14673,n5461,3,0.75,1.0,0.875
n14674,n1249,4,1.0,1.0,1.0
n14674,n5480,4,1.0,1.0,1.0
n14675,n5163,4,1.0,1.0,1.0
n14676,n2806,4,1.0,1.0,1.0
n14677,n4971,4,1.0,1.0,1.0
n14678,n5377,4,1.0,1.0,1.0
n14679,n12493,4,1.0,1.0,1.0
n1468,n7321,3,0.75,1.0,0.875
n14680,n12496,4,1.0,1.0,1.0
n14681,n11507,4,1.0,1.0,1.0
n14682,n5570,4,1.0,1.0,1.0
n14683,n5532,4,1.0,1.0,1.0
n14684,n5537,4,1.0,1.0,1.0
n14685,n6795,3,0.75,1.0,0.875
n14686,n5546,4,1.0,1.0,1.0
n14687,n6080,3,0.75,1.0,0.875
n14688,n6487,4,1.0,1.0,1.0
n14689,n5592,3,0.75,1.0,0.875
n1469,n5923,4,1.0,1.0,1.0
n14690,n13213,3,0.75,1.0,0.875
n14691,n6970,4,1.0,1.0,1.0
n14692,n9188,4,1.0,1.0,1.0
n14693,n10261,3,0.75,1.0,0.875
n14694,n14111,4,1.0,1.0,1.0
n14695,n7177,4,1.0,1.0,1.0
n14696,n6072,4,1.0,1.0,1.0
n14697,n14887,4,1.0,1.0,1.0
n14698,n9624,3,0.75,1.0,0.875
n14699,n6121,4,1.0,1.0,1.0
n147,n10019,4,1.0,1.0,1.0
n1470,n9839,4,1.0,1.0,1.0
n14700,n8892,4,1.0,1.0,1.0
n14701,n12550,4,1.0,1.0,1.0
n14702,n469,4,1.0,1.0,1.0
n14703,n491,4,1.0,1.0,1.0
n14704,n2984,4,1.0,1.0,1.0
n14705,n12337,4,1.0,1.0,1.0
n14706,n12344,4,1.0,1.0,1.0
n14706,n3752,3,0.75,0.75,0.75
n14707,n5792,4,1.0,1.0,1.0
n14708,n7101,4,1.0,1.0,1.0
n14709,n12579,4,1.0,1.0,1.0
n1471,n9854,4,1.0,1.0,1.0
n14710,n5865,4,1.0,1.0,1.0
n14711,n5866,4,1.0,1.0,1.0
n14712,n12591,3,0.75,1.0,0.875
n14713,n13289,4,1.0,1.0,1.0
n14714,n13483,4,1.0,1.0,1.0
n14715,n13736,4,1.0,1.0,1.0
n14716,n5937,3,0.75,1.0,0.875
n14717,n12040,4,1.0,1.0,1.0
n14718,n5976,4,1.0,1.0,1.0
n14719,n11117,3,0.75,1.0,0.875
n1472,n7064,4,1.0,1.0,1.0
n14720,n17,4,1.0,1.0,1.0
n14721,n12223,4,1.0,1.0,1.0
n14722,n12863,4,1.0,1.0,1.0
n14723,n6033,4,1.0,1.0,1.0
n14724,n13054,4,1.0,1.0,1.0
n14725,n9590,3,0.75,1.0,0.875
n14726,n7434,4,1.0,1.0,1.0
n14727,n14483,4,1.0,1.0,1.0
n14728,n13435,4,1.0,1.0,1.0
n14729,n12643,4,1.0,1.0,1.0
n1473,n8950,4,1.0,1.0,1.0
n14730,n1905,4,1.0,1.0,1.0
n14731,n6165,4,1.0,1.0,1.0
n14732,n7142,3,0.75,1.0,0.875
n14733,n8942,4,1.0,1.0,1.0
n14734,n5829,4,1.0,1.0,1.0
n14735,n6213,4,1.0,1.0,1.0
n14736,n10912,4,1.0,1.0,1.0
n14737,n13343,4,1.0,1.0,1.0
n14738,n11152,4,1.0,1.0,1.0
n14739,n11165,4,1.0,1.0,1.0
n1474,n13546,3,0.75,1.0,0.875
n14740,n14224,3,0.75,1.0,0.875
n14741,n12687,4,1.0,1.0,1.0
n14742,n6319,4,1.0,1.0,1.0
n14743,n2812,4,1.0,1.0,1.0
n14744,n667,4,1.0,1.0,1.0
n14745,n12698,4,1.0,1.0,1.0
n14746,n12701,3,0.75,1.0,0.875
n14747,n12720,4,1.0,1.0,1.0
n14748,n12721,3,0.75,1.0,0.875
n14749,n10495,4,1.0,1.0,1.0
n1475,n13976,3,0.75,1.0,0.875
n14750,n11241,4,1.0,1.0,1.0
n14751,n3123,4,1.0,1.0,1.0
n14752,n12734,4,1.0,1.0,1.0
n14753,n6465,4,1.0,1.0,1.0
n14754,n6471,4,1.0,1.0,1.0
n14755,n12716,4,1.0,1.0,1.0
n14756,n6475,4,1.0,1.0,1.0
n14757,n3958,4,1.0,1.0,1.0
n14758,n4317,4,1.0,1.0,1.0
n14759,n4777,4,1.0,1.0,1.0
n1476,n10602,4,1.0,1.0,1.0
n14760,n12296,3,0.75,0.75,0.75
n14760,n6545,4,1.0,1.0,1.0
n14761,n6553,4,1.0,1.0,1.0
n14762,n4949,4,1.0,1.0,1.0
n14763,n12769,3,0.75,1.0,0.875
n14764,n12415,4,1.0,1.0,1.0
n14765,n6589,3,0.75,1.0,0.875
n14766,n5404,3,0.75,1.0,0.875
n14767,n12490,4,1.0,1.0,1.0
n14768,n6603,4,1.0,1.0,1.0
n14769,n5520,4,1.0,1.0,1.0
n1477,n4223,4,1.0,1.0,1.0
n14770,n12517,3,0.75,1.0,0.875
n14771,n7039,4,1.0,1.0,1.0
n14772,n13698,4,1.0,1.0,1.0
n14773,n14752,4,1.0,1.0,1.0
n14774,n6671,4,1.0,1.0,1.0
n14775,n9276,4,1.0,1.0,1.0
n14776,n12802,4,1.0,1.0,1.0
n14777,n12803,4,1.0,1.0,1.0
n14778,n12745,4,1.0,1.0,1.0
n14779,n12521,4,1.0,1.0,1.0
n1478,n7160,4,1.0,1.0,1.0
n14780,n12812,4,1.0,1.0,1.0
n14781,n6752,4,1.0,1.0,1.0
n14782,n7201,4,1.0,1.0,1.0
n14782,n7202,4,1.0,1.0,1.0
n14783,n6753,4,1.0,1.0,1.0
n14784,n11216,4,1.0,1.0,1.0
n14785,n7295,4,1.0,1.0,1.0
n14786,n14368,4,1.0,1.0,1.0
n14787,n13035,4,1.0,1.0,1.0
n14788,n7515,3,0.75,1.0,0.875
n14789,n7529,4,1.0,1.0,1.0
n1479,n13996,3,0.75,1.0,0.875
n14790,n2841,4,1.0,1.0,1.0
n14791,n13195,4,1.0,1.0,1.0
n14792,n4123,4,1.0,1.0,1.0
n14793,n4401,4,1.0,1.0,1.0
n14794,n12876,4,1.0,1.0,1.0
n14795,n6685,4,1.0,1.0,1.0
n14796,n13508,4,1.0,1.0,1.0
n14797,n13545,3,0.75,1.0,0.875
n14798,n13585,4,1.0,1.0,1.0
n14799,n6997,3,0.75,1.0,0.875
n148,n1575,4,1.0,1.0,1.0
n1480,n11436,4,1.0,1.0,1.0
n14800,n12885,4,1.0,1.0,1.0
n14801,n7396,4,1.0,1.0,1.0
n14802,n7034,4,1.0,1.0,1.0
n14803,n8196,4,1.0,1.0,1.0
n14804,n9223,4,1.0,1.0,1.0
n14805,n10092,3,0.75,1.0,0.875
n14806,n10201,4,1.0,1.0,1.0
n14807,n10244,4,1.0,1.0,1.0
n14808,n10402,4,1.0,1.0,1.0
n14809,n14585,3,0.75,1.0,0.875
n1481,n7223,3,0.75,1.0,0.875
n14810,n10486,4,1.0,1.0,1.0
n14811,n10594,4,1.0,1.0,1.0
n14812,n14054,4,1.0,1.0,1.0
n14813,n7149,4,1.0,1.0,1.0
n14814,n12929,3,0.75,1.0,0.875
n14815,n10799,4,1.0,1.0,1.0
n14816,n12935,4,1.0,1.0,1.0
n14817,n7185,3,0.75,1.0,0.875
n14818,n7209,4,1.0,1.0,1.0
n14818,n7210,3,0.75,0.75,0.75
n14819,n11228,4,1.0,1.0,1.0
n1482,n4792,4,1.0,1.0,1.0
n14820,n14741,4,1.0,1.0,1.0
n14821,n15426,4,1.0,1.0,1.0
n14822,n14329,4,1.0,1.0,1.0
n14823,n14400,4,1.0,1.0,1.0
n14824,n14415,4,1.0,1.0,1.0
n14825,n1801,4,1.0,1.0,1.0
n14826,n7271,4,1.0,1.0,1.0
n14827,n12964,3,0.75,1.0,0.875
n14828,n2665,3,0.75,1.0,0.875
n14829,n7327,3,0.75,1.0,0.875
n1483,n2426,4,1.0,1.0,1.0
n14830,n7330,4,1.0,1.0,1.0
n14831,n12974,3,0.75,1.0,0.875
n14832,n5863,4,1.0,1.0,1.0
n14833,n7345,4,1.0,1.0,1.0
n14834,n7347,4,1.0,1.0,1.0
n14835,n12982,4,1.0,1.0,1.0
n14836,n14853,4,1.0,1.0,1.0
n14837,n14010,4,1.0,1.0,1.0
n14838,n14024,4,1.0,1.0,1.0
n14839,n7471,4,1.0,1.0,1.0
n1484,n5503,4,1.0,1.0,1.0
n14840,n476,4,1.0,1.0,1.0
n14841,n1602,3,0.75,1.0,0.875
n14842,n14504,4,1.0,1.0,1.0
n14843,n4548,4,1.0,1.0,1.0
n14843,n4573,4,1.0,1.0,1.0
n14844,n7104,4,1.0,1.0,1.0
n14845,n13011,3,0.75,1.0,0.875
n14846,n14853,4,1.0,1.0,1.0
n14847,n13043,4,1.0,1.0,1.0
n14848,n13049,4,1.0,1.0,1.0
n14849,n14043,4,1.0,1.0,1.0
n1485,n10729,3,0.75,1.0,0.875
n14850,n15407,4,1.0,1.0,1.0
n14851,n13026,4,1.0,1.0,1.0
n14851,n15290,4,1.0,1.0,1.0
n14852,n14235,4,1.0,1.0,1.0
n14853,n13061,4,1.0,1.0,1.0
n14854,n7597,4,1.0,1.0,1.0
n14855,n350,4,1.0,1.0,1.0
n14856,n13074,4,1.0,1.0,1.0
n14857,n13076,4,1.0,1.0,1.0
n14858,n3098,4,1.0,1.0,1.0
n14859,n13080,4,1.0,1.0,1.0
n1486,n7462,4,1.0,1.0,1.0
n14860,n326,4,1.0,1.0,1.0
n14861,n7648,4,1.0,1.0,1.0
n14862,n1231,4,1.0,1.0,1.0
n14863,n390,4,1.0,1.0,1.0
n14864,n432,3,0.75,1.0,0.875
n14865,n7391,4,1.0,1.0,1.0
n14866,n1769,4,1.0,1.0,1.0
n14867,n599,3,0.75,1.0,0.875
n14868,n7713,4,1.0,1.0,1.0
n14869,n8817,4,1.0,1.0,1.0
n1487,n14746,3,0.75,1.0,0.875
n14870,n13115,4,1.0,1.0,1.0
n14871,n13116,4,1.0,1.0,1.0
n14872,n3403,4,1.0,1.0,1.0
n14873,n3182,4,1.0,1.0,1.0
n14874,n3375,4,1.0,1.0,1.0
n14875,n3397,4,1.0,1.0,1.0
n14876,n686,3,0.75,1.0,0.875
n14877,n7864,3,0.75,1.0,0.875
n14878,n4184,4,1.0,1.0,1.0
n14879,n7918,4,1.0,1.0,1.0
n1488,n15344,4,1.0,1.0,1.0
n14880,n1561,4,1.0,1.0,1.0
n14881,n8001,3,0.75,1.0,0.875
n14882,n8015,4,1.0,1.0,1.0
n14883,n13194,4,1.0,1.0,1.0
n14884,n739,4,1.0,1.0,1.0
n14885,n8022,3,0.75,1.0,0.875
n14886,n7859,4,1.0,1.0,1.0
n14887,n1571,4,1.0,1.0,1.0
n14888,n7974,4,1.0,1.0,1.0
n14889,n13693,4,1.0,1.0,1.0
n14889,n13695,4,1.0,1.0,1.0
n14889,n2079,3,0.75,0.75,0.75
n1489,n15355,4,1.0,1.0,1.0
n14890,n2090,4,1.0,1.0,1.0
n14891,n8094,4,1.0,1.0,1.0
n14892,n1741,4,1.0,1.0,1.0
n14893,n5760,4,1.0,1.0,1.0
n14894,n2270,4,1.0,1.0,1.0
n14895,n9096,4,1.0,1.0,1.0
n14896,n13245,3,0.75,1.0,0.875
n14897,n13251,4,1.0,1.0,1.0
n14898,n13255,3,0.75,1.0,0.875
n14899,n6325,4,1.0,1.0,1.0
n149,n12318,4,1.0,1.0,1.0
n1490,n6075,3,0.75,1.0,0.875
n14900,n13278,4,1.0,1.0,1.0
n14901,n11746,4,1.0,1.0,1.0
n14902,n4161,3,0.75,1.0,0.875
n14903,n2834,4,1.0,1.0,1.0
n14904,n8316,3,0.75,1.0,0.875
n14905,n13298,4,1.0,1.0,1.0
n14906,n8324,4,1.0,1.0,1.0
n14907,n11373,4,1.0,1.0,1.0
n14908,n3037,3,0.75,1.0,0.875
n14909,n4795,4,1.0,1.0,1.0
n1491,n3392,4,1.0,1.0,1.0
n14910,n12257,4,1.0,1.0,1.0
n14911,n8365,3,0.75,1.0,0.875
n14912,n3301,4,1.0,1.0,1.0
n14913,n12607,4,1.0,1.0,1.0
n14914,n13316,4,1.0,1.0,1.0
n14915,n14562,4,1.0,1.0,1.0
n14916,n9168,4,1.0,1.0,1.0
n14917,n13344,4,1.0,1.0,1.0
n14918,n13348,3,0.75,1.0,0.875
n14919,n5379,4,1.0,1.0,1.0
n1492,n10537,4,1.0,1.0,1.0
n14920,n13352,4,1.0,1.0,1.0
n14920,n14824,4,1.0,1.0,1.0
n14921,n3755,4,1.0,1.0,1.0
n14922,n15019,3,0.75,1.0,0.875
n14923,n8485,4,1.0,1.0,1.0
n14924,n35,4,1.0,1.0,1.0
n14925,n199,4,1.0,1.0,1.0
n14926,n8501,4,1.0,1.0,1.0
n14927,n8509,4,1.0,1.0,1.0
n14928,n8512,4,1.0,1.0,1.0
n14929,n8531,4,1.0,1.0,1.0
n1493,n7288,4,1.0,1.0,1.0
n14930,n4324,4,1.0,1.0,1.0
n14931,n13399,4,1.0,1.0,1.0
n14932,n2009,4,1.0,1.0,1.0
n14933,n5171,4,1.0,1.0,1.0
n14934,n8827,4,1.0,1.0,1.0
n14935,n13409,3,0.75,1.0,0.875
n14936,n8623,4,1.0,1.0,1.0
n14937,n4576,4,1.0,1.0,1.0
n14938,n13423,4,1.0,1.0,1.0
n14939,n8679,3,0.75,1.0,0.875
n1494,n6106,3,0.75,1.0,0.875
n14940,n3112,4,1.0,1.0,1.0
n14941,n13434,3,0.75,1.0,0.875
n14942,n15260,3,0.75,1.0,0.875
n14943,n13456,4,1.0,1.0,1.0
n14944,n8795,4,1.0,1.0,1.0
n14945,n2539,4,1.0,1.0,1.0
n14946,n5285,3,0.75,1.0,0.875
n14947,n3926,4,1.0,1.0,1.0
n14948,n5084,4,1.0,1.0,1.0
n14949,n4313,4,1.0,1.0,1.0
n1495,n8184,4,1.0,1.0,1.0
n14950,n13480,4,1.0,1.0,1.0
n14951,n8900,4,1.0,1.0,1.0
n14952,n5799,4,1.0,1.0,1.0
n14953,n13092,3,0.75,1.0,0.875
n14954,n13517,4,1.0,1.0,1.0
n14955,n6995,4,1.0,1.0,1.0
n14956,n14369,4,1.0,1.0,1.0
n14957,n14676,4,1.0,1.0,1.0
n14958,n6030,4,1.0,1.0,1.0
n14959,n13538,4,1.0,1.0,1.0
n1496,n9938,4,1.0,1.0,1.0
n14960,n2184,4,1.0,1.0,1.0
n14961,n2755,4,1.0,1.0,1.0
n14962,n747,4,1.0,1.0,1.0
n14963,n6709,4,1.0,1.0,1.0
n14964,n14261,4,1.0,1.0,1.0
n14965,n13577,4,1.0,1.0,1.0
n14966,n7992,3,0.75,1.0,0.875
n14967,n3743,4,1.0,1.0,1.0
n14968,n14048,4,1.0,1.0,1.0
n14969,n13610,4,1.0,1.0,1.0
n1497,n9941,4,1.0,1.0,1.0
n14970,n9288,4,1.0,1.0,1.0
n14971,n9338,4,1.0,1.0,1.0
n14972,n14015,4,1.0,1.0,1.0
n14973,n10610,4,1.0,1.0,1.0
n14974,n7458,4,1.0,1.0,1.0
n14975,n15181,4,1.0,1.0,1.0
n14976,n9357,4,1.0,1.0,1.0
n14977,n4786,4,1.0,1.0,1.0
n14978,n7683,4,1.0,1.0,1.0
n14979,n1728,4,1.0,1.0,1.0
n1498,n8328,4,1.0,1.0,1.0
n14980,n2408,4,1.0,1.0,1.0
n14981,n13647,4,1.0,1.0,1.0
n14982,n741,4,1.0,1.0,1.0
n14983,n7922,3,0.75,1.0,0.875
n14984,n8055,4,1.0,1.0,1.0
n14985,n9514,3,0.75,1.0,0.875
n14986,n4130,4,1.0,1.0,1.0
n14987,n8122,4,1.0,1.0,1.0
n14988,n7295,4,1.0,1.0,1.0
n14989,n9553,4,1.0,1.0,1.0
n1499,n6126,4,1.0,1.0,1.0
n14990,n2698,4,1.0,1.0,1.0
n14991,n10812,4,1.0,1.0,1.0
n14992,n13706,4,1.0,1.0,1.0
n14993,n13714,4,1.0,1.0,1.0
n14994,n8513,4,1.0,1.0,1.0
n14995,n4019,4,1.0,1.0,1.0
n14996,n7728,4,1.0,1.0,1.0
n14997,n13726,3,0.75,1.0,0.875
n14998,n2918,3,0.75,1.0,0.875
n14999,n571,4,1.0,1.0,1.0
n15,n538,3,0.75,1.0,0.875
n150,n12434,4,1.0,1.0,1.0
n1500,n1523,4,1.0,1.0,1.0
n15000,n9757,4,1.0,1.0,1.0
n15001,n5373,4,1.0,1.0,1.0
n15002,n8861,4,1.0,1.0,1.0
n15003,n5798,4,1.0,1.0,1.0
n15003,n8949,4,1.0,1.0,1.0
n15004,n12664,3,0.75,1.0,0.875
n15005,n8989,4,1.0,1.0,1.0
n15006,n9804,4,1.0,1.0,1.0
n15007,n15006,4,1.0,1.0,1.0
n15008,n9807,4,1.0,1.0,1.0
n15009,n3784,4,1.0,1.0,1.0
n1501,n4417,3,0.75,1.0,0.875
n15010,n9871,3,0.75,1.0,0.875
n15011,n7573,3,0.75,1.0,0.875
n15012,n7717,4,1.0,1.0,1.0
n15013,n9422,4,1.0,1.0,1.0
n15014,n13813,4,1.0,1.0,1.0
n15015,n13817,3,0.75,1.0,0.875
n15016,n1623,3,0.75,1.0,0.875
n15017,n9511,3,0.75,1.0,0.875
n15018,n8197,4,1.0,1.0,1.0
n15019,n10003,3,0.75,1.0,0.875
n1502,n4989,3,0.75,1.0,0.875
n15020,n3822,4,1.0,1.0,1.0
n15021,n10065,4,1.0,1.0,1.0
n15022,n7099,4,1.0,1.0,1.0
n15023,n10105,4,1.0,1.0,1.0
n15024,n9961,4,1.0,1.0,1.0
n15025,n9492,4,1.0,1.0,1.0
n15026,n9981,3,0.75,1.0,0.875
n15027,n13863,4,1.0,1.0,1.0
n15028,n10122,4,1.0,1.0,1.0
n15029,n10158,4,1.0,1.0,1.0
n1503,n7047,4,1.0,1.0,1.0
n15030,n13673,4,1.0,1.0,1.0
n15031,n14637,4,1.0,1.0,1.0
n15032,n502,4,1.0,1.0,1.0
n15033,n11524,3,0.75,1.0,0.875
n15034,n10534,4,1.0,1.0,1.0
n15035,n10549,4,1.0,1.0,1.0
n15036,n13925,4,1.0,1.0,1.0
n15037,n10651,4,1.0,1.0,1.0
n15038,n13940,4,1.0,1.0,1.0
n15039,n13428,4,1.0,1.0,1.0
n1504,n7275,4,1.0,1.0,1.0
n15040,n8951,4,1.0,1.0,1.0
n15041,n9442,4,1.0,1.0,1.0
n15042,n10254,4,1.0,1.0,1.0
n15043,n11163,4,1.0,1.0,1.0
n15044,n11105,4,1.0,1.0,1.0
n15045,n14337,4,1.0,1.0,1.0
n15046,n13984,4,1.0,1.0,1.0
n15047,n15450,4,1.0,1.0,1.0
n15048,n26,4,1.0,1.0,1.0
n15049,n11506,4,1.0,1.0,1.0
n1505,n5987,3,0.75,1.0,0.875
n15050,n14000,3,0.75,1.0,0.875
n15051,n1862,4,1.0,1.0,1.0
n15052,n1588,3,0.75,1.0,0.875
n15053,n842,4,1.0,1.0,1.0
n15054,n1924,4,1.0,1.0,1.0
n15055,n11744,4,1.0,1.0,1.0
n15056,n15556,4,1.0,1.0,1.0
n15057,n14036,4,1.0,1.0,1.0
n15058,n8319,4,1.0,1.0,1.0
n15059,n10615,4,1.0,1.0,1.0
n1506,n9833,4,1.0,1.0,1.0
n15060,n3629,4,1.0,1.0,1.0
n15061,n3810,4,1.0,1.0,1.0
n15062,n2199,3,0.75,1.0,0.875
n15063,n10803,4,1.0,1.0,1.0
n15064,n12468,4,1.0,1.0,1.0
n15065,n14084,4,1.0,1.0,1.0
n15066,n10744,4,1.0,1.0,1.0
n15067,n14090,4,1.0,1.0,1.0
n15068,n4168,4,1.0,1.0,1.0
n15069,n10764,4,1.0,1.0,1.0
n1507,n9079,4,1.0,1.0,1.0
n15070,n12913,4,1.0,1.0,1.0
n15071,n10632,4,1.0,1.0,1.0
n15072,n15474,3,0.75,1.0,0.875
n15073,n10839,4,1.0,1.0,1.0
n15074,n10841,4,1.0,1.0,1.0
n15075,n1185,3,0.75,1.0,0.875
n15076,n14126,4,1.0,1.0,1.0
n15077,n13296,4,1.0,1.0,1.0
n15078,n12543,4,1.0,1.0,1.0
n15079,n13328,3,0.75,1.0,0.875
n1508,n1419,3,0.75,1.0,0.875
n15080,n14737,4,1.0,1.0,1.0
n15081,n8998,3,0.75,1.0,0.875
n15082,n14162,4,1.0,1.0,1.0
n15083,n11001,4,1.0,1.0,1.0
n15084,n9376,3,0.75,1.0,0.875
n15085,n11063,4,1.0,1.0,1.0
n15086,n10377,4,1.0,1.0,1.0
n15087,n13983,4,1.0,1.0,1.0
n15088,n14216,4,1.0,1.0,1.0
n15089,n10595,4,1.0,1.0,1.0
n1509,n7054,3,0.75,1.0,0.875
n15090,n14247,4,1.0,1.0,1.0
n15091,n14259,4,1.0,1.0,1.0
n15092,n15541,4,1.0,1.0,1.0
n15093,n11677,4,1.0,1.0,1.0
n15094,n11690,4,1.0,1.0,1.0
n15095,n15570,4,1.0,1.0,1.0
n15096,n4627,3,0.75,1.0,0.875
n15097,n14250,4,1.0,1.0,1.0
n15098,n14693,3,0.75,1.0,0.875
n15099,n14257,4,1.0,1.0,1.0
n151,n6622,4,1.0,1.0,1.0
n1510,n10073,3,0.75,1.0,0.875
n15100,n13252,4,1.0,1.0,1.0
n15101,n14269,4,1.0,1.0,1.0
n15102,n7821,4,1.0,1.0,1.0
n15103,n13359,4,1.0,1.0,1.0
n15104,n14981,4,1.0,1.0,1.0
n15105,n9919,4,1.0,1.0,1.0
n15106,n10703,3,0.75,1.0,0.875
n15107,n14290,4,1.0,1.0,1.0
n15108,n15367,3,0.75,1.0,0.875
n15109,n13729,4,1.0,1.0,1.0
n1511,n11601,4,1.0,1.0,1.0
n15110,n11354,4,1.0,1.0,1.0
n15111,n15225,4,1.0,1.0,1.0
n15112,n15512,4,1.0,1.0,1.0
n15113,n15362,3,0.75,1.0,0.875
n15114,n14314,4,1.0,1.0,1.0
n15115,n413,4,1.0,1.0,1.0
n15116,n75,4,1.0,1.0,1.0
n15117,n11391,4,1.0,1.0,1.0
n15118,n108,4,1.0,1.0,1.0
n15119,n11394,4,1.0,1.0,1.0
n1512,n7869,4,1.0,1.0,1.0
n15120,n526,4,1.0,1.0,1.0
n15121,n69,4,1.0,1.0,1.0
n15122,n114,4,1.0,1.0,1.0
n15123,n545,4,1.0,1.0,1.0
n15124,n207,4,1.0,1.0,1.0
n15125,n2945,4,1.0,1.0,1.0
n15126,n259,4,1.0,1.0,1.0
n15127,n14343,4,1.0,1.0,1.0
n15128,n14345,3,0.75,1.0,0.875
n15129,n5926,4,1.0,1.0,1.0
n1513,n2863,1,0.25,1.0,0.625
n15130,n14348,4,1.0,1.0,1.0
n15131,n1776,4,1.0,1.0,1.0
n15132,n8137,4,1.0,1.0,1.0
n15133,n14358,4,1.0,1.0,1.0
n15134,n6105,4,1.0,1.0,1.0
n15135,n698,4,1.0,1.0,1.0
n15136,n10294,4,1.0,1.0,1.0
n15137,n11517,3,0.75,0.75,0.75
n15137,n11518,4,1.0,1.0,1.0
n15138,n14384,4,1.0,1.0,1.0
n15139,n11577,4,1.0,1.0,1.0
n1514,n1047,4,1.0,1.0,1.0
n15140,n1020,4,1.0,1.0,1.0
n15141,n11582,4,1.0,1.0,1.0
n15142,n4984,3,0.75,1.0,0.875
n15143,n14394,4,1.0,1.0,1.0
n15144,n1140,4,1.0,1.0,1.0
n15145,n4706,4,1.0,1.0,1.0
n15146,n912,4,1.0,1.0,1.0
n15147,n5029,4,1.0,1.0,1.0
n15148,n5887,3,0.75,1.0,0.875
n15149,n14408,4,1.0,1.0,1.0
n1515,n9933,4,1.0,1.0,1.0
n15150,n14414,4,1.0,1.0,1.0
n15151,n11680,4,1.0,1.0,1.0
n15152,n1621,4,1.0,1.0,1.0
n15153,n1788,3,0.75,1.0,0.875
n15154,n11743,4,1.0,1.0,1.0
n15155,n11745,4,1.0,1.0,1.0
n15156,n3726,4,1.0,1.0,1.0
n15157,n8480,4,1.0,1.0,1.0
n15158,n9021,4,1.0,1.0,1.0
n15159,n2385,3,0.75,1.0,0.875
n1516,n6234,4,1.0,1.0,1.0
n15160,n10266,4,1.0,1.0,1.0
n15161,n14467,4,1.0,1.0,1.0
n15162,n2768,4,1.0,1.0,1.0
n15163,n11871,3,0.75,1.0,0.875
n15164,n13131,4,1.0,1.0,1.0
n15165,n10973,4,1.0,1.0,1.0
n15166,n14478,4,1.0,1.0,1.0
n15167,n15202,4,1.0,1.0,1.0
n15168,n715,4,1.0,1.0,1.0
n15169,n3034,4,1.0,1.0,1.0
n1517,n10250,4,1.0,1.0,1.0
n15170,n11908,4,1.0,1.0,1.0
n15171,n3040,4,1.0,1.0,1.0
n15172,n14489,4,1.0,1.0,1.0
n15173,n14490,4,1.0,1.0,1.0
n15174,n8570,4,1.0,1.0,1.0
n15175,n11631,4,1.0,1.0,1.0
n15176,n3218,4,1.0,1.0,1.0
n15176,n4424,4,1.0,1.0,1.0
n15177,n11967,4,1.0,1.0,1.0
n15178,n6462,4,1.0,1.0,1.0
n15179,n14510,3,0.75,1.0,0.875
n1518,n10476,4,1.0,1.0,1.0
n15180,n3343,4,1.0,1.0,1.0
n15181,n14518,4,1.0,1.0,1.0
n15182,n11989,4,1.0,1.0,1.0
n15183,n3557,3,0.75,1.0,0.875
n15184,n12019,4,1.0,1.0,1.0
n15185,n12032,4,1.0,1.0,1.0
n15186,n11744,4,1.0,1.0,1.0
n15187,n11909,3,0.75,1.0,0.875
n15188,n12039,4,1.0,1.0,1.0
n15189,n12717,4,1.0,1.0,1.0
n1519,n6243,3,0.75,1.0,0.875
n15190,n13532,4,1.0,1.0,1.0
n15190,n14539,4,1.0,1.0,1.0
n15191,n15124,4,1.0,1.0,1.0
n15192,n11484,4,1.0,1.0,1.0
n15193,n15179,3,0.75,1.0,0.875
n15194,n12095,4,1.0,1.0,1.0
n15194,n14542,4,1.0,1.0,1.0
n15194,n3816,3,0.75,0.75,0.75
n15194,n3818,4,1.0,1.0,1.0
n15195,n12839,4,1.0,1.0,1.0
n15196,n15402,4,1.0,1.0,1.0
n15197,n14470,3,0.75,1.0,0.875
n15198,n15479,4,1.0,1.0,1.0
n15199,n12084,4,1.0,1.0,1.0
n15199,n14758,4,1.0,1.0,1.0
n15199,n15261,4,1.0,1.0,1.0
n152,n6634,4,1.0,1.0,1.0
n1520,n5908,3,0.75,1.0,0.875
n15200,n15575,4,1.0,1.0,1.0
n15200,n3902,4,1.0,1.0,1.0
n15201,n12096,4,1.0,1.0,1.0
n15202,n978,4,1.0,1.0,1.0
n15203,n14568,4,1.0,1.0,1.0
n15204,n1233,4,1.0,1.0,1.0
n15205,n12160,4,1.0,1.0,1.0
n15206,n2115,4,1.0,1.0,1.0
n15207,n12224,4,1.0,1.0,1.0
n15208,n12248,4,1.0,1.0,1.0
n15209,n12206,4,1.0,1.0,1.0
n1521,n7644,4,1.0,1.0,1.0
n15210,n12001,4,1.0,1.0,1.0
n15211,n4205,4,1.0,1.0,1.0
n15212,n14620,4,1.0,1.0,1.0
n15213,n12308,4,1.0,1.0,1.0
n15214,n15376,3,0.75,1.0,0.875
n15215,n15509,4,1.0,1.0,1.0
n15216,n15544,4,1.0,1.0,1.0
n15217,n15585,4,1.0,1.0,1.0
n15218,n5049,4,1.0,1.0,1.0
n15219,n5080,4,1.0,1.0,1.0
n1522,n13720,4,1.0,1.0,1.0
n15220,n5100,4,1.0,1.0,1.0
n15221,n4235,4,1.0,1.0,1.0
n15222,n12389,4,1.0,1.0,1.0
n15223,n14658,4,1.0,1.0,1.0
n15224,n13826,4,1.0,1.0,1.0
n15225,n14666,4,1.0,1.0,1.0
n15226,n15466,4,1.0,1.0,1.0
n15227,n3878,4,1.0,1.0,1.0
n15228,n4060,4,1.0,1.0,1.0
n15229,n5101,3,0.75,1.0,0.875
n1523,n10400,4,1.0,1.0,1.0
n1523,n13778,4,1.0,1.0,1.0
n15230,n5086,4,1.0,1.0,1.0
n15231,n12486,4,1.0,1.0,1.0
n15232,n12512,4,1.0,1.0,1.0
n15233,n5573,4,1.0,1.0,1.0
n15234,n5944,4,1.0,1.0,1.0
n15235,n6032,4,1.0,1.0,1.0
n15236,n4511,4,1.0,1.0,1.0
n15237,n6330,4,1.0,1.0,1.0
n15238,n14704,4,1.0,1.0,1.0
n15239,n1787,4,1.0,1.0,1.0
n1524,n10762,4,1.0,1.0,1.0
n15240,n11768,4,1.0,1.0,1.0
n15241,n4838,4,1.0,1.0,1.0
n15242,n12571,4,1.0,1.0,1.0
n15243,n14710,4,1.0,1.0,1.0
n15244,n14720,4,1.0,1.0,1.0
n15245,n14603,4,1.0,1.0,1.0
n15246,n14782,4,1.0,1.0,1.0
n15246,n7357,4,1.0,1.0,1.0
n15247,n12624,4,1.0,1.0,1.0
n15248,n12633,4,1.0,1.0,1.0
n15249,n6057,4,1.0,1.0,1.0
n1525,n7509,4,1.0,1.0,1.0
n15250,n15123,4,1.0,1.0,1.0
n15251,n1593,3,0.75,1.0,0.875
n15252,n12658,4,1.0,1.0,1.0
n15253,n6222,4,1.0,1.0,1.0
n15254,n239,4,1.0,1.0,1.0
n15255,n12693,4,1.0,1.0,1.0
n15256,n2908,4,1.0,1.0,1.0
n15257,n6353,4,1.0,1.0,1.0
n15258,n14751,4,1.0,1.0,1.0
n15259,n12736,4,1.0,1.0,1.0
n1526,n6262,3,0.75,1.0,0.875
n15260,n15424,3,0.75,1.0,0.875
n15261,n12480,4,1.0,1.0,1.0
n15262,n6633,3,0.75,1.0,0.875
n15263,n6662,4,1.0,1.0,1.0
n15264,n12181,4,1.0,1.0,1.0
n15265,n6567,4,1.0,1.0,1.0
n15266,n12794,4,1.0,1.0,1.0
n15267,n6720,3,0.75,1.0,0.875
n15268,n12835,3,0.75,1.0,0.875
n15269,n7511,4,1.0,1.0,1.0
n1527,n10871,4,1.0,1.0,1.0
n15270,n12841,4,1.0,1.0,1.0
n15271,n6900,4,1.0,1.0,1.0
n15272,n8904,4,1.0,1.0,1.0
n15273,n14795,4,1.0,1.0,1.0
n15274,n13638,4,1.0,1.0,1.0
n15275,n14802,4,1.0,1.0,1.0
n15276,n7108,4,1.0,1.0,1.0
n15277,n14044,4,1.0,1.0,1.0
n15278,n12940,4,1.0,1.0,1.0
n15279,n7206,4,1.0,1.0,1.0
n1528,n2899,3,0.75,1.0,0.875
n15280,n14820,4,1.0,1.0,1.0
n15281,n14330,4,1.0,1.0,1.0
n15282,n14823,4,1.0,1.0,1.0
n15283,n11927,4,1.0,1.0,1.0
n15284,n12476,4,1.0,1.0,1.0
n15285,n12771,4,1.0,1.0,1.0
n15286,n14808,4,1.0,1.0,1.0
n15287,n12991,3,0.75,1.0,0.875
n15288,n13144,4,1.0,1.0,1.0
n15289,n13001,3,0.75,1.0,0.875
n1529,n11015,4,1.0,1.0,1.0
n15290,n7480,4,1.0,1.0,1.0
n15291,n14840,4,1.0,1.0,1.0
n15292,n13027,4,1.0,1.0,1.0
n15293,n15158,4,1.0,1.0,1.0
n15294,n7490,4,1.0,1.0,1.0
n15295,n14842,4,1.0,1.0,1.0
n15296,n14843,4,1.0,1.0,1.0
n15297,n14846,4,1.0,1.0,1.0
n15298,n15437,3,0.75,1.0,0.875
n15299,n13059,3,0.75,0.75,0.75
n15299,n15297,4,1.0,1.0,1.0
n153,n1590,4,1.0,1.0,1.0
n1530,n9950,4,1.0,1.0,1.0
n15300,n7576,3,0.75,1.0,0.875
n15301,n357,4,1.0,1.0,1.0
n15302,n56,4,1.0,1.0,1.0
n15303,n282,4,1.0,1.0,1.0
n15304,n1969,4,1.0,1.0,1.0
n15305,n14861,4,1.0,1.0,1.0
n15306,n1592,4,1.0,1.0,1.0
n15307,n2421,4,1.0,1.0,1.0
n15308,n7786,4,1.0,1.0,1.0
n15309,n807,4,1.0,1.0,1.0
n1531,n10448,4,1.0,1.0,1.0
n15310,n7809,4,1.0,1.0,1.0
n15311,n3562,4,1.0,1.0,1.0
n15312,n14018,3,0.75,1.0,0.875
n15313,n3691,4,1.0,1.0,1.0
n15314,n3928,4,1.0,1.0,1.0
n15315,n7898,4,1.0,1.0,1.0
n15316,n13163,4,1.0,1.0,1.0
n15317,n6579,4,1.0,1.0,1.0
n15318,n8007,3,0.75,1.0,0.875
n15319,n15252,4,1.0,1.0,1.0
n1532,n11307,4,1.0,1.0,1.0
n15320,n8017,4,1.0,1.0,1.0
n15321,n1815,4,1.0,1.0,1.0
n15322,n1905,4,1.0,1.0,1.0
n15322,n7903,4,1.0,1.0,1.0
n15323,n8081,4,1.0,1.0,1.0
n15324,n14889,4,1.0,1.0,1.0
n15325,n14890,4,1.0,1.0,1.0
n15326,n2325,3,0.75,1.0,0.875
n15327,n13249,4,1.0,1.0,1.0
n15328,n10856,4,1.0,1.0,1.0
n15329,n14901,4,1.0,1.0,1.0
n1533,n14790,4,1.0,1.0,1.0
n15330,n14903,4,1.0,1.0,1.0
n15331,n10833,4,1.0,1.0,1.0
n15332,n13136,3,0.75,1.0,0.875
n15333,n11545,4,1.0,1.0,1.0
n15334,n8336,4,1.0,1.0,1.0
n15335,n1068,4,1.0,1.0,1.0
n15336,n12035,3,0.75,1.0,0.875
n15337,n12482,4,1.0,1.0,1.0
n15338,n8449,4,1.0,1.0,1.0
n15339,n3812,4,1.0,1.0,1.0
n1534,n6308,4,1.0,1.0,1.0
n15340,n3883,4,1.0,1.0,1.0
n15341,n14923,4,1.0,1.0,1.0
n15341,n3904,4,1.0,1.0,1.0
n15342,n14929,4,1.0,1.0,1.0
n15343,n13386,4,1.0,1.0,1.0
n15344,n13413,4,1.0,1.0,1.0
n15344,n2392,4,1.0,1.0,1.0
n15345,n14940,4,1.0,1.0,1.0
n15346,n13446,4,1.0,1.0,1.0
n15347,n13476,3,0.75,1.0,0.875
n15348,n8856,4,1.0,1.0,1.0
n15349,n6028,3,0.75,1.0,0.875
n1535,n15419,4,1.0,1.0,1.0
n15350,n7385,4,1.0,1.0,1.0
n15351,n4745,3,0.75,1.0,0.875
n15352,n6463,4,1.0,1.0,1.0
n15353,n9167,4,1.0,1.0,1.0
n15354,n12731,4,1.0,1.0,1.0
n15355,n6741,4,1.0,1.0,1.0
n15356,n9178,4,1.0,1.0,1.0
n15357,n14964,4,1.0,1.0,1.0
n15358,n9192,4,1.0,1.0,1.0
n15359,n14967,4,1.0,1.0,1.0
n1536,n6314,4,1.0,1.0,1.0
n15360,n12507,4,1.0,1.0,1.0
n15361,n7949,4,1.0,1.0,1.0
n15362,n9502,3,0.75,1.0,0.875
n15363,n1934,4,1.0,1.0,1.0
n15364,n8072,4,1.0,1.0,1.0
n15365,n8218,4,1.0,1.0,1.0
n15366,n13696,4,1.0,1.0,1.0
n15367,n3472,3,0.75,1.0,0.875
n15368,n966,4,1.0,1.0,1.0
n15369,n8726,4,1.0,1.0,1.0
n1537,n820,4,1.0,1.0,1.0
n1537,n83,4,1.0,1.0,1.0
n15370,n5623,4,1.0,1.0,1.0
n15371,n5785,4,1.0,1.0,1.0
n15372,n11566,4,1.0,1.0,1.0
n15373,n12193,4,1.0,1.0,1.0
n15374,n7234,4,1.0,1.0,1.0
n15375,n13799,4,1.0,1.0,1.0
n15376,n15011,3,0.75,1.0,0.875
n15377,n13824,4,1.0,1.0,1.0
n15378,n8476,4,1.0,1.0,1.0
n15379,n9946,4,1.0,1.0,1.0
n1538,n65,4,1.0,1.0,1.0
n15380,n9534,4,1.0,1.0,1.0
n15381,n8191,3,0.75,1.0,0.875
n15382,n13865,4,1.0,1.0,1.0
n15383,n8637,4,1.0,1.0,1.0
n15384,n10579,3,0.75,1.0,0.875
n15385,n7801,4,1.0,1.0,1.0
n15386,n13966,4,1.0,1.0,1.0
n15387,n11154,4,1.0,1.0,1.0
n15388,n13982,4,1.0,1.0,1.0
n15389,n10479,4,1.0,1.0,1.0
n1539,n11427,4,1.0,1.0,1.0
n15390,n245,4,1.0,1.0,1.0
n15391,n10532,4,1.0,1.0,1.0
n15392,n1135,3,0.75,1.0,0.875
n15393,n11685,4,1.0,1.0,1.0
n15394,n15052,3,0.75,1.0,0.875
n15395,n1853,4,1.0,1.0,1.0
n15396,n15053,4,1.0,1.0,1.0
n15397,n10613,4,1.0,1.0,1.0
n15398,n14052,4,1.0,1.0,1.0
n15399,n12092,4,1.0,1.0,1.0
n15399,n12093,4,1.0,1.0,1.0
n15399,n3892,4,1.0,1.0,1.0
n154,n6689,4,1.0,1.0,1.0
n1540,n304,4,1.0,1.0,1.0
n15400,n12156,4,1.0,1.0,1.0
n15401,n10659,4,1.0,1.0,1.0
n15402,n10668,4,1.0,1.0,1.0
n15403,n10675,4,1.0,1.0,1.0
n15404,n14070,4,1.0,1.0,1.0
n15405,n12755,4,1.0,1.0,1.0
n15406,n10771,4,1.0,1.0,1.0
n15407,n14102,4,1.0,1.0,1.0
n15408,n14103,4,1.0,1.0,1.0
n15409,n7428,4,1.0,1.0,1.0
n1541,n333,3,0.75,1.0,0.875
n15410,n13029,4,1.0,1.0,1.0
n15411,n15565,4,1.0,1.0,1.0
n15412,n14154,3,0.75,1.0,0.875
n15413,n6439,3,0.75,1.0,0.875
n15414,n14172,4,1.0,1.0,1.0
n15415,n14178,4,1.0,1.0,1.0
n15416,n14179,4,1.0,1.0,1.0
n15417,n14187,4,1.0,1.0,1.0
n15418,n15084,3,0.75,1.0,0.875
n15419,n13907,4,1.0,1.0,1.0
n1542,n1208,4,1.0,1.0,1.0
n15420,n4969,4,1.0,1.0,1.0
n15421,n5457,4,1.0,1.0,1.0
n15422,n14092,3,0.75,1.0,0.875
n15423,n14156,4,1.0,1.0,1.0
n15424,n14293,3,0.75,1.0,0.875
n15425,n14294,4,1.0,1.0,1.0
n15426,n14313,4,1.0,1.0,1.0
n15426,n15112,4,1.0,1.0,1.0
n15427,n15113,3,0.75,1.0,0.875
n15428,n15059,4,1.0,1.0,1.0
n15429,n11372,4,1.0,1.0,1.0
n1543,n11490,4,1.0,1.0,1.0
n15430,n15600,4,1.0,1.0,1.0
n15431,n15116,4,1.0,1.0,1.0
n15432,n11403,4,1.0,1.0,1.0
n15433,n88,4,1.0,1.0,1.0
n15434,n300,4,1.0,1.0,1.0
n15435,n1001,4,1.0,1.0,1.0
n15436,n127,4,1.0,1.0,1.0
n15437,n14333,4,1.0,1.0,1.0
n15437,n174,4,1.0,1.0,1.0
n15437,n532,3,0.75,0.75,0.75
n15438,n289,4,1.0,1.0,1.0
n15439,n3616,4,1.0,1.0,1.0
n1544,n765,4,1.0,1.0,1.0
n15440,n15128,3,0.75,1.0,0.875
n15441,n14350,4,1.0,1.0,1.0
n15442,n7828,4,1.0,1.0,1.0
n15443,n8082,4,1.0,1.0,1.0
n15444,n14533,4,1.0,1.0,1.0
n15445,n14987,4,1.0,1.0,1.0
n15446,n15138,4,1.0,1.0,1.0
n15447,n1026,4,1.0,1.0,1.0
n15448,n4077,4,1.0,1.0,1.0
n15449,n15144,4,1.0,1.0,1.0
n1545,n6346,4,1.0,1.0,1.0
n15450,n5541,4,1.0,1.0,1.0
n15451,n11675,4,1.0,1.0,1.0
n15452,n11713,3,0.75,1.0,0.875
n15453,n15155,4,1.0,1.0,1.0
n15454,n14441,4,1.0,1.0,1.0
n15455,n9126,4,1.0,1.0,1.0
n15456,n9465,4,1.0,1.0,1.0
n15457,n14462,3,0.75,1.0,0.875
n15458,n10417,4,1.0,1.0,1.0
n15459,n14471,4,1.0,1.0,1.0
n15459,n2789,4,1.0,1.0,1.0
n1546,n6358,4,1.0,1.0,1.0
n15460,n11358,3,0.75,1.0,0.875
n15461,n14481,4,1.0,1.0,1.0
n15462,n15168,4,1.0,1.0,1.0
n15463,n872,4,1.0,1.0,1.0
n15464,n14488,4,1.0,1.0,1.0
n15465,n15173,4,1.0,1.0,1.0
n15466,n11921,4,1.0,1.0,1.0
n15467,n14500,4,1.0,1.0,1.0
n15468,n14501,4,1.0,1.0,1.0
n15469,n13619,4,1.0,1.0,1.0
n1547,n1073,4,1.0,1.0,1.0
n15470,n11751,4,1.0,1.0,1.0
n15470,n15186,4,1.0,1.0,1.0
n15471,n15195,4,1.0,1.0,1.0
n15472,n3843,4,1.0,1.0,1.0
n15473,n15198,4,1.0,1.0,1.0
n15474,n14549,3,0.75,1.0,0.875
n15475,n790,4,1.0,1.0,1.0
n15476,n2102,4,1.0,1.0,1.0
n15477,n4608,4,1.0,1.0,1.0
n15478,n10533,4,1.0,1.0,1.0
n15479,n12287,4,1.0,1.0,1.0
n1548,n11617,4,1.0,1.0,1.0
n15480,n4822,4,1.0,1.0,1.0
n15481,n14621,4,1.0,1.0,1.0
n15481,n4882,4,1.0,1.0,1.0
n15482,n14638,4,1.0,1.0,1.0
n15483,n14649,4,1.0,1.0,1.0
n15484,n4344,4,1.0,1.0,1.0
n15485,n14667,4,1.0,1.0,1.0
n15486,n15228,4,1.0,1.0,1.0
n15487,n14681,4,1.0,1.0,1.0
n15488,n5901,4,1.0,1.0,1.0
n15489,n15245,4,1.0,1.0,1.0
n1549,n6364,4,1.0,1.0,1.0
n15490,n7416,4,1.0,1.0,1.0
n15491,n6077,4,1.0,1.0,1.0
n15492,n15493,3,0.75,1.0,0.875
n15493,n12662,3,0.75,1.0,0.875
n15494,n11418,4,1.0,1.0,1.0
n15495,n701,4,1.0,1.0,1.0
n15496,n12770,4,1.0,1.0,1.0
n15497,n12478,3,0.75,1.0,0.875
n15498,n5549,4,1.0,1.0,1.0
n15499,n6624,4,1.0,1.0,1.0
n155,n6774,4,1.0,1.0,1.0
n1550,n6380,4,1.0,1.0,1.0
n15500,n6437,4,1.0,1.0,1.0
n15501,n12814,4,1.0,1.0,1.0
n15502,n12819,3,0.75,1.0,0.875
n15503,n15269,4,1.0,1.0,1.0
n15504,n14810,4,1.0,1.0,1.0
n15505,n14351,4,1.0,1.0,1.0
n15506,n14834,4,1.0,1.0,1.0
n15507,n12978,4,1.0,1.0,1.0
n15508,n14312,3,0.75,1.0,0.875
n15509,n14848,4,1.0,1.0,1.0
n15509,n14849,4,1.0,1.0,1.0
n1551,n8877,4,1.0,1.0,1.0
n15510,n15300,3,0.75,1.0,0.875
n15511,n14858,4,1.0,1.0,1.0
n15512,n13082,4,1.0,1.0,1.0
n15513,n436,4,1.0,1.0,1.0
n15514,n7798,4,1.0,1.0,1.0
n15515,n1076,4,1.0,1.0,1.0
n15516,n14893,4,1.0,1.0,1.0
n15517,n13260,4,1.0,1.0,1.0
n15518,n13680,4,1.0,1.0,1.0
n15519,n14918,3,0.75,1.0,0.875
n1552,n3726,4,1.0,1.0,1.0
n15520,n4751,4,1.0,1.0,1.0
n15521,n13571,4,1.0,1.0,1.0
n15522,n14973,4,1.0,1.0,1.0
n15523,n9544,4,1.0,1.0,1.0
n15524,n14995,4,1.0,1.0,1.0
n15525,n9377,4,1.0,1.0,1.0
n15526,n12737,4,1.0,1.0,1.0
n15527,n15408,4,1.0,1.0,1.0
n15528,n14110,4,1.0,1.0,1.0
n15529,n7588,4,1.0,1.0,1.0
n1553,n11716,3,0.75,1.0,0.875
n15530,n15075,3,0.75,1.0,0.875
n15531,n13178,4,1.0,1.0,1.0
n15532,n15095,4,1.0,1.0,1.0
n15533,n15096,3,0.75,1.0,0.875
n15534,n12987,4,1.0,1.0,1.0
n15535,n11299,3,0.75,1.0,0.875
n15536,n14513,4,1.0,1.0,1.0
n15537,n15109,4,1.0,1.0,1.0
n15538,n14327,4,1.0,1.0,1.0
n15539,n15441,4,1.0,1.0,1.0
n1554,n6397,4,1.0,1.0,1.0
n15540,n15136,4,1.0,1.0,1.0
n15541,n14372,4,1.0,1.0,1.0
n15542,n11572,4,1.0,1.0,1.0
n15543,n7859,4,1.0,1.0,1.0
n15544,n14456,4,1.0,1.0,1.0
n15545,n2568,3,0.75,1.0,0.875
n15546,n14479,4,1.0,1.0,1.0
n15547,n14487,4,1.0,1.0,1.0
n15548,n3069,4,1.0,1.0,1.0
n15549,n11946,4,1.0,1.0,1.0
n15549,n12086,4,1.0,1.0,1.0
n1555,n11889,4,1.0,1.0,1.0
n15550,n15176,4,1.0,1.0,1.0
n15551,n12011,4,1.0,1.0,1.0
n15552,n15475,4,1.0,1.0,1.0
n15553,n2228,4,1.0,1.0,1.0
n15554,n4558,1,0.25,1.0,0.625
n15555,n5276,3,0.75,1.0,0.875
n15556,n15249,4,1.0,1.0,1.0
n15557,n14785,4,1.0,1.0,1.0
n15558,n15159,3,0.75,1.0,0.875
n15559,n15303,4,1.0,1.0,1.0
n1556,n1705,4,1.0,1.0,1.0
n15560,n8609,3,0.75,1.0,0.875
n15561,n15001,4,1.0,1.0,1.0
n15562,n11074,4,1.0,1.0,1.0
n15563,n15394,3,0.75,1.0,0.875
n15564,n14027,4,1.0,1.0,1.0
n15565,n15531,4,1.0,1.0,1.0
n15566,n15533,3,0.75,1.0,0.875
n15567,n11319,3,0.75,1.0,0.875
n15567,n15214,3,0.75,1.0,0.875
n15568,n15111,4,1.0,1.0,1.0
n15569,n15114,4,1.0,1.0,1.0
n1557,n11851,4,1.0,1.0,1.0
n15570,n14328,3,0.75,0.75,0.75
n15570,n15431,4,1.0,1.0,1.0
n15571,n14338,3,0.75,1.0,0.875
n15572,n581,4,1.0,1.0,1.0
n15573,n15543,4,1.0,1.0,1.0
n15574,n15154,4,1.0,1.0,1.0
n15575,n3215,4,1.0,1.0,1.0
n15576,n14664,4,1.0,1.0,1.0
n15577,n15239,4,1.0,1.0,1.0
n15578,n6013,4,1.0,1.0,1.0
n15579,n15247,4,1.0,1.0,1.0
n1558,n11936,4,1.0,1.0,1.0
n15580,n14756,4,1.0,1.0,1.0
n15581,n6698,4,1.0,1.0,1.0
n15582,n6840,4,1.0,1.0,1.0
n15583,n7196,4,1.0,1.0,1.0
n15584,n8349,4,1.0,1.0,1.0
n15585,n15341,4,1.0,1.0,1.0
n15586,n15563,3,0.75,1.0,0.875
n15587,n15055,4,1.0,1.0,1.0
n15588,n15437,4,1.0,1.0,1.0
n15589,n11573,4,1.0,1.0,1.0
n1559,n6449,4,1.0,1.0,1.0
n15590,n15573,4,1.0,1.0,1.0
n15591,n13034,4,1.0,1.0,1.0
n15591,n15299,4,1.0,1.0,1.0
n15592,n15584,4,1.0,1.0,1.0
n15593,n15412,3,0.75,1.0,0.875
n15594,n15568,4,1.0,1.0,1.0
n15595,n15191,4,1.0,1.0,1.0
n15596,n15580,4,1.0,1.0,1.0
n15597,n14886,4,1.0,1.0,1.0
n15597,n15324,4,1.0,1.0,1.0
n15598,n15415,4,1.0,1.0,1.0
n15598,n15593,3,0.75,0.75,0.75
n15599,n15596,4,1.0,1.0,1.0
n156,n1616,4,1.0,1.0,1.0
n1560,n12282,4,1.0,1.0,1.0
n15600,n15571,3,0.75,0.75,0.75
n15600,n15589,4,1.0,1.0,1.0
n15601,n15576,4,1.0,1.0,1.0
n15602,n15597,3,0.75,0.75,0.75
n15602,n15598,4,1.0,1.0,1.0
n15602,n15600,3,0.75,0.75,0.75
n15602,n15601,4,1.0,1.0,1.0
n1561,n5094,4,1.0,1.0,1.0
n1562,n6466,4,1.0,1.0,1.0
n1563,n12891,3,0.75,1.0,0.875
n1564,n12100,4,1.0,1.0,1.0
n1565,n2397,4,1.0,1.0,1.0
n1566,n12243,3,0.75,1.0,0.875
n1567,n6524,3,0.75,1.0,0.875
n1568,n2438,3,0.75,1.0,0.875
n1569,n2471,4,1.0,1.0,1.0
n157,n13039,4,1.0,1.0,1.0
n1570,n12249,4,1.0,1.0,1.0
n1571,n9765,4,1.0,1.0,1.0
n1572,n4639,4,1.0,1.0,1.0
n1573,n12294,4,1.0,1.0,1.0
n1574,n13056,4,1.0,1.0,1.0
n1575,n13324,4,1.0,1.0,1.0
n1576,n58,4,1.0,1.0,1.0
n1577,n4530,4,1.0,1.0,1.0
n1577,n4531,4,1.0,1.0,1.0
n1578,n12418,4,1.0,1.0,1.0
n1579,n6585,3,0.75,1.0,0.875
n158,n13254,4,1.0,1.0,1.0
n1580,n5320,4,1.0,1.0,1.0
n1581,n5336,4,1.0,1.0,1.0
n1582,n4097,4,1.0,1.0,1.0
n1583,n6604,4,1.0,1.0,1.0
n1584,n6912,4,1.0,1.0,1.0
n1585,n7296,4,1.0,1.0,1.0
n1586,n12537,4,1.0,1.0,1.0
n1587,n5688,4,1.0,1.0,1.0
n1588,n6600,3,0.75,1.0,0.875
n1589,n12577,4,1.0,1.0,1.0
n159,n3022,4,1.0,1.0,1.0
n1590,n5870,4,1.0,1.0,1.0
n1590,n6818,4,1.0,1.0,1.0
n1590,n7929,4,1.0,1.0,1.0
n1591,n7999,4,1.0,1.0,1.0
n1592,n5939,4,1.0,1.0,1.0
n1592,n5941,4,1.0,1.0,1.0
n1593,n6654,4,1.0,1.0,1.0
n1594,n10555,4,1.0,1.0,1.0
n1595,n6666,4,1.0,1.0,1.0
n1596,n6678,3,0.75,1.0,0.875
n1597,n12781,4,1.0,1.0,1.0
n1598,n5327,3,0.75,1.0,0.875
n1599,n6649,4,1.0,1.0,1.0
n16,n11176,4,1.0,1.0,1.0
n160,n11211,4,1.0,1.0,1.0
n1600,n6069,4,1.0,1.0,1.0
n1601,n9372,4,1.0,1.0,1.0
n1602,n6708,3,0.75,1.0,0.875
n1603,n7516,4,1.0,1.0,1.0
n1604,n6732,4,1.0,1.0,1.0
n1605,n8885,4,1.0,1.0,1.0
n1606,n7019,4,1.0,1.0,1.0
n1607,n13661,3,0.75,1.0,0.875
n1608,n13666,4,1.0,1.0,1.0
n1609,n9851,3,0.75,1.0,0.875
n161,n13033,4,1.0,1.0,1.0
n1610,n9859,4,1.0,1.0,1.0
n1611,n6750,4,1.0,1.0,1.0
n1612,n12928,4,1.0,1.0,1.0
n1613,n12742,4,1.0,1.0,1.0
n1614,n14670,4,1.0,1.0,1.0
n1615,n5988,4,1.0,1.0,1.0
n1616,n6058,4,1.0,1.0,1.0
n1617,n12984,4,1.0,1.0,1.0
n1618,n10459,4,1.0,1.0,1.0
n1619,n14854,4,1.0,1.0,1.0
n1619,n7521,4,1.0,1.0,1.0
n162,n7221,4,1.0,1.0,1.0
n1620,n15432,4,1.0,1.0,1.0
n1621,n15581,4,1.0,1.0,1.0
n1622,n3247,4,1.0,1.0,1.0
n1623,n3561,3,0.75,1.0,0.875
n1624,n4785,4,1.0,1.0,1.0
n1625,n6639,3,0.75,1.0,0.875
n1626,n13191,4,1.0,1.0,1.0
n1627,n10390,3,0.75,1.0,0.875
n1628,n10735,4,1.0,1.0,1.0
n1629,n3388,4,1.0,1.0,1.0
n163,n1697,3,0.75,1.0,0.875
n1630,n13350,4,1.0,1.0,1.0
n1631,n13395,3,0.75,1.0,0.875
n1632,n4308,4,1.0,1.0,1.0
n1633,n8573,4,1.0,1.0,1.0
n1634,n4536,4,1.0,1.0,1.0
n1635,n2487,4,1.0,1.0,1.0
n1636,n13425,4,1.0,1.0,1.0
n1637,n4703,4,1.0,1.0,1.0
n1638,n6955,3,0.75,1.0,0.875
n1639,n8978,4,1.0,1.0,1.0
n164,n11699,4,1.0,1.0,1.0
n1640,n8838,4,1.0,1.0,1.0
n1641,n13554,4,1.0,1.0,1.0
n1642,n9123,3,0.75,1.0,0.875
n1643,n6984,4,1.0,1.0,1.0
n1644,n6852,3,0.75,1.0,0.875
n1645,n9227,4,1.0,1.0,1.0
n1646,n13593,3,0.75,1.0,0.875
n1647,n7082,4,1.0,1.0,1.0
n1648,n13920,4,1.0,1.0,1.0
n1649,n7017,3,0.75,1.0,0.875
n165,n1715,4,1.0,1.0,1.0
n1650,n824,3,0.75,1.0,0.875
n1651,n4286,3,0.75,1.0,0.875
n1652,n7024,4,1.0,1.0,1.0
n1653,n7025,4,1.0,1.0,1.0
n1654,n2770,4,1.0,1.0,1.0
n1655,n2876,4,1.0,1.0,1.0
n1656,n12788,4,1.0,1.0,1.0
n1657,n7042,3,0.75,1.0,0.875
n1658,n13719,4,1.0,1.0,1.0
n1659,n9771,4,1.0,1.0,1.0
n166,n7374,4,1.0,1.0,1.0
n1660,n7053,3,0.75,1.0,0.875
n1661,n9033,4,1.0,1.0,1.0
n1662,n513,4,1.0,1.0,1.0
n1663,n9204,4,1.0,1.0,1.0
n1664,n9208,4,1.0,1.0,1.0
n1665,n10135,3,0.75,1.0,0.875
n1666,n13908,3,0.75,1.0,0.875
n1667,n7102,4,1.0,1.0,1.0
n1668,n12575,3,0.75,1.0,0.875
n1669,n6780,4,1.0,1.0,1.0
n167,n521,4,1.0,1.0,1.0
n1670,n10882,4,1.0,1.0,1.0
n1671,n11097,4,1.0,1.0,1.0
n1672,n10437,3,0.75,1.0,0.875
n1673,n13995,4,1.0,1.0,1.0
n1674,n10512,4,1.0,1.0,1.0
n1675,n10528,4,1.0,1.0,1.0
n1676,n7620,4,1.0,1.0,1.0
n1677,n7140,3,0.75,1.0,0.875
n1678,n4902,3,0.75,1.0,0.875
n1679,n5442,4,1.0,1.0,1.0
n168,n7536,4,1.0,1.0,1.0
n1680,n5678,3,0.75,1.0,0.875
n1681,n5807,4,1.0,1.0,1.0
n1682,n10725,4,1.0,1.0,1.0
n1683,n14091,3,0.75,1.0,0.875
n1684,n11735,4,1.0,1.0,1.0
n1685,n11789,4,1.0,1.0,1.0
n1686,n13267,4,1.0,1.0,1.0
n1687,n15180,4,1.0,1.0,1.0
n1688,n410,3,0.75,1.0,0.875
n1689,n7167,3,0.75,1.0,0.875
n169,n1775,3,0.75,1.0,0.875
n1690,n14166,3,0.75,1.0,0.875
n1691,n10965,4,1.0,1.0,1.0
n1692,n14175,4,1.0,1.0,1.0
n1693,n10284,4,1.0,1.0,1.0
n1694,n828,4,1.0,1.0,1.0
n1695,n11240,4,1.0,1.0,1.0
n1696,n7219,4,1.0,1.0,1.0
n1697,n14390,3,0.75,1.0,0.875
n1698,n7229,4,1.0,1.0,1.0
n1699,n11320,3,0.75,1.0,0.875
n17,n28,4,1.0,1.0,1.0
n170,n15595,4,1.0,1.0,1.0
n170,n15602,3,0.75,0.75,0.75
n1700,n11323,4,1.0,1.0,1.0
n1701,n14364,4,1.0,1.0,1.0
n1702,n11543,4,1.0,1.0,1.0
n1703,n1031,4,1.0,1.0,1.0
n1704,n7257,4,1.0,1.0,1.0
n1705,n7258,4,1.0,1.0,1.0
n1706,n11692,4,1.0,1.0,1.0
n1707,n14421,4,1.0,1.0,1.0
n1708,n14425,4,1.0,1.0,1.0
n1709,n8018,4,1.0,1.0,1.0
n171,n8,4,1.0,1.0,1.0
n1710,n7274,4,1.0,1.0,1.0
n1711,n11854,4,1.0,1.0,1.0
n1712,n11855,4,1.0,1.0,1.0
n1713,n10434,4,1.0,1.0,1.0
n1714,n7277,3,0.75,1.0,0.875
n1715,n12068,4,1.0,1.0,1.0
n1716,n7293,4,1.0,1.0,1.0
n1717,n12155,4,1.0,1.0,1.0
n1718,n12260,4,1.0,1.0,1.0
n1719,n7309,4,1.0,1.0,1.0
n172,n76,4,1.0,1.0,1.0
n1720,n3326,3,0.75,1.0,0.875
n1721,n14619,3,0.75,1.0,0.875
n1722,n5138,4,1.0,1.0,1.0
n1723,n12400,3,0.75,1.0,0.875
n1724,n12452,3,0.75,1.0,0.875
n1725,n7322,3,0.75,1.0,0.875
n1726,n7324,4,1.0,1.0,1.0
n1727,n14697,4,1.0,1.0,1.0
n1728,n6405,4,1.0,1.0,1.0
n1729,n12816,3,0.75,1.0,0.875
n173,n7587,4,1.0,1.0,1.0
n1730,n13112,4,1.0,1.0,1.0
n1731,n7342,4,1.0,1.0,1.0
n1732,n7343,4,1.0,1.0,1.0
n1733,n12751,4,1.0,1.0,1.0
n1734,n14763,3,0.75,1.0,0.875
n1735,n12773,3,0.75,1.0,0.875
n1736,n6871,4,1.0,1.0,1.0
n1737,n13494,3,0.75,1.0,0.875
n1738,n14794,4,1.0,1.0,1.0
n1738,n6955,4,1.0,1.0,1.0
n1739,n14829,3,0.75,1.0,0.875
n174,n529,4,1.0,1.0,1.0
n1740,n13024,4,1.0,1.0,1.0
n1741,n13083,4,1.0,1.0,1.0
n1742,n4831,4,1.0,1.0,1.0
n1743,n13231,4,1.0,1.0,1.0
n1743,n7394,4,1.0,1.0,1.0
n1744,n14904,3,0.75,1.0,0.875
n1745,n2985,4,1.0,1.0,1.0
n1746,n3669,4,1.0,1.0,1.0
n1747,n7408,4,1.0,1.0,1.0
n1748,n11733,3,0.75,1.0,0.875
n1749,n7413,4,1.0,1.0,1.0
n175,n1794,4,1.0,1.0,1.0
n1750,n14998,3,0.75,1.0,0.875
n1751,n15035,4,1.0,1.0,1.0
n1752,n10288,4,1.0,1.0,1.0
n1753,n13941,4,1.0,1.0,1.0
n1754,n10362,4,1.0,1.0,1.0
n1755,n10981,4,1.0,1.0,1.0
n1756,n13123,4,1.0,1.0,1.0
n1757,n11816,4,1.0,1.0,1.0
n1758,n1845,3,0.75,1.0,0.875
n1759,n2685,4,1.0,1.0,1.0
n176,n1804,4,1.0,1.0,1.0
n1760,n3660,4,1.0,1.0,1.0
n1761,n12367,4,1.0,1.0,1.0
n1762,n15219,4,1.0,1.0,1.0
n1763,n7503,4,1.0,1.0,1.0
n1764,n12526,4,1.0,1.0,1.0
n1765,n14713,4,1.0,1.0,1.0
n1766,n15248,4,1.0,1.0,1.0
n1767,n15280,4,1.0,1.0,1.0
n1768,n7286,4,1.0,1.0,1.0
n1769,n14917,4,1.0,1.0,1.0
n177,n533,4,1.0,1.0,1.0
n1770,n15012,4,1.0,1.0,1.0
n1771,n12109,4,1.0,1.0,1.0
n1772,n10712,3,0.75,1.0,0.875
n1773,n15434,4,1.0,1.0,1.0
n1774,n7546,4,1.0,1.0,1.0
n1775,n14612,3,0.75,1.0,0.875
n1776,n7557,4,1.0,1.0,1.0
n1777,n15539,4,1.0,1.0,1.0
n1778,n7566,4,1.0,1.0,1.0
n1779,n1010,4,1.0,1.0,1.0
n178,n1823,4,1.0,1.0,1.0
n1780,n21,3,0.75,1.0,0.875
n1781,n7580,4,1.0,1.0,1.0
n1782,n403,4,1.0,1.0,1.0
n1783,n6300,4,1.0,1.0,1.0
n1784,n2673,4,1.0,1.0,1.0
n1785,n72,4,1.0,1.0,1.0
n1786,n11387,4,1.0,1.0,1.0
n1786,n801,4,1.0,1.0,1.0
n1787,n7596,4,1.0,1.0,1.0
n1788,n918,3,0.75,1.0,0.875
n1789,n142,4,1.0,1.0,1.0
n179,n1829,4,1.0,1.0,1.0
n179,n527,4,1.0,1.0,1.0
n1790,n430,4,1.0,1.0,1.0
n1791,n7608,3,0.75,1.0,0.875
n1792,n6930,4,1.0,1.0,1.0
n1793,n139,4,1.0,1.0,1.0
n1794,n7609,4,1.0,1.0,1.0
n1795,n461,4,1.0,1.0,1.0
n1796,n7615,4,1.0,1.0,1.0
n1797,n7616,4,1.0,1.0,1.0
n1798,n587,4,1.0,1.0,1.0
n1799,n9094,4,1.0,1.0,1.0
n18,n92,4,1.0,1.0,1.0
n180,n626,4,1.0,1.0,1.0
n1800,n9329,4,1.0,1.0,1.0
n1801,n2614,4,1.0,1.0,1.0
n1802,n2942,4,1.0,1.0,1.0
n1803,n242,3,0.75,1.0,0.875
n1804,n15454,4,1.0,1.0,1.0
n1805,n11474,4,1.0,1.0,1.0
n1806,n288,4,1.0,1.0,1.0
n1807,n7639,4,1.0,1.0,1.0
n1808,n13654,4,1.0,1.0,1.0
n1809,n948,4,1.0,1.0,1.0
n181,n7757,4,1.0,1.0,1.0
n1810,n7646,4,1.0,1.0,1.0
n1811,n14560,4,1.0,1.0,1.0
n1812,n3934,4,1.0,1.0,1.0
n1813,n183,4,1.0,1.0,1.0
n1813,n347,4,1.0,1.0,1.0
n1814,n1461,3,0.75,1.0,0.875
n1815,n1126,4,1.0,1.0,1.0
n1816,n1148,4,1.0,1.0,1.0
n1817,n4442,4,1.0,1.0,1.0
n1818,n1048,4,1.0,1.0,1.0
n1819,n5227,4,1.0,1.0,1.0
n182,n547,3,0.75,1.0,0.875
n1820,n1323,4,1.0,1.0,1.0
n1821,n6179,3,0.75,1.0,0.875
n1822,n11450,4,1.0,1.0,1.0
n1823,n1947,4,1.0,1.0,1.0
n1824,n4611,4,1.0,1.0,1.0
n1825,n6776,4,1.0,1.0,1.0
n1826,n9499,4,1.0,1.0,1.0
n1827,n13740,4,1.0,1.0,1.0
n1828,n7687,4,1.0,1.0,1.0
n1829,n7581,4,1.0,1.0,1.0
n183,n552,4,1.0,1.0,1.0
n1830,n530,4,1.0,1.0,1.0
n1831,n7693,4,1.0,1.0,1.0
n1832,n1860,4,1.0,1.0,1.0
n1833,n7697,4,1.0,1.0,1.0
n1834,n1497,4,1.0,1.0,1.0
n1835,n1499,4,1.0,1.0,1.0
n1836,n1926,4,1.0,1.0,1.0
n1837,n1961,4,1.0,1.0,1.0
n1838,n2183,4,1.0,1.0,1.0
n1839,n597,4,1.0,1.0,1.0
n184,n1939,4,1.0,1.0,1.0
n1840,n8493,4,1.0,1.0,1.0
n1841,n7711,4,1.0,1.0,1.0
n1842,n7716,4,1.0,1.0,1.0
n1843,n2191,4,1.0,1.0,1.0
n1844,n4159,4,1.0,1.0,1.0
n1845,n4653,3,0.75,1.0,0.875
n1846,n656,3,0.75,1.0,0.875
n1847,n7651,4,1.0,1.0,1.0
n1848,n2509,3,0.75,1.0,0.875
n1849,n707,3,0.75,1.0,0.875
n185,n987,4,1.0,1.0,1.0
n1850,n10062,4,1.0,1.0,1.0
n1851,n10968,4,1.0,1.0,1.0
n1852,n2756,4,1.0,1.0,1.0
n1853,n7766,4,1.0,1.0,1.0
n1854,n12430,4,1.0,1.0,1.0
n1855,n13406,3,0.75,1.0,0.875
n1856,n7774,4,1.0,1.0,1.0
n1857,n779,3,0.75,1.0,0.875
n1858,n11126,3,0.75,1.0,0.875
n1859,n2981,4,1.0,1.0,1.0
n186,n565,3,0.75,1.0,0.875
n1860,n803,4,1.0,1.0,1.0
n1861,n12009,4,1.0,1.0,1.0
n1862,n12033,4,1.0,1.0,1.0
n1863,n7794,4,1.0,1.0,1.0
n1864,n3212,4,1.0,1.0,1.0
n1864,n866,4,1.0,1.0,1.0
n1865,n3246,3,0.75,1.0,0.875
n1866,n12405,4,1.0,1.0,1.0
n1867,n12542,4,1.0,1.0,1.0
n1868,n6065,4,1.0,1.0,1.0
n1869,n7803,4,1.0,1.0,1.0
n187,n8174,4,1.0,1.0,1.0
n1870,n901,3,0.75,1.0,0.875
n1871,n13895,4,1.0,1.0,1.0
n1872,n938,4,1.0,1.0,1.0
n1873,n3623,4,1.0,1.0,1.0
n1874,n950,4,1.0,1.0,1.0
n1875,n835,4,1.0,1.0,1.0
n1876,n3861,4,1.0,1.0,1.0
n1877,n7501,4,1.0,1.0,1.0
n1878,n988,4,1.0,1.0,1.0
n1879,n3800,4,1.0,1.0,1.0
n188,n9753,3,0.75,1.0,0.875
n1880,n15169,4,1.0,1.0,1.0
n1881,n12204,4,1.0,1.0,1.0
n1882,n7830,4,1.0,1.0,1.0
n1883,n4004,4,1.0,1.0,1.0
n1884,n7833,4,1.0,1.0,1.0
n1885,n1041,4,1.0,1.0,1.0
n1886,n1550,4,1.0,1.0,1.0
n1887,n4502,3,0.75,1.0,0.875
n1888,n1108,4,1.0,1.0,1.0
n1889,n6217,3,0.75,1.0,0.875
n189,n11819,3,0.75,1.0,0.875
n1890,n13679,4,1.0,1.0,1.0
n1891,n1139,4,1.0,1.0,1.0
n1892,n7856,4,1.0,1.0,1.0
n1893,n7857,4,1.0,1.0,1.0
n1894,n3006,4,1.0,1.0,1.0
n1895,n1154,4,1.0,1.0,1.0
n1896,n2215,4,1.0,1.0,1.0
n1897,n2229,4,1.0,1.0,1.0
n1898,n4570,4,1.0,1.0,1.0
n1899,n2930,4,1.0,1.0,1.0
n19,n39,4,1.0,1.0,1.0
n190,n15436,4,1.0,1.0,1.0
n1900,n3094,4,1.0,1.0,1.0
n1901,n1277,4,1.0,1.0,1.0
n1902,n55,4,1.0,1.0,1.0
n1903,n1195,3,0.75,1.0,0.875
n1904,n1990,4,1.0,1.0,1.0
n1905,n1321,4,1.0,1.0,1.0
n1905,n2276,3,0.75,0.75,0.75
n1905,n4532,4,1.0,1.0,1.0
n1905,n5226,4,1.0,1.0,1.0
n1905,n7904,4,1.0,1.0,1.0
n1906,n9401,4,1.0,1.0,1.0
n1907,n3578,3,0.75,1.0,0.875
n1908,n7909,3,0.75,1.0,0.875
n1909,n5456,4,1.0,1.0,1.0
n191,n3060,4,1.0,1.0,1.0
n1910,n5315,4,1.0,1.0,1.0
n1911,n12366,4,1.0,1.0,1.0
n1912,n4051,3,0.75,1.0,0.875
n1913,n9797,4,1.0,1.0,1.0
n1914,n11596,3,0.75,1.0,0.875
n1915,n6610,4,1.0,1.0,1.0
n1916,n5809,4,1.0,1.0,1.0
n1917,n7936,4,1.0,1.0,1.0
n1918,n1498,4,1.0,1.0,1.0
n1919,n8525,4,1.0,1.0,1.0
n192,n3197,4,1.0,1.0,1.0
n1920,n10258,4,1.0,1.0,1.0
n1920,n1517,4,1.0,1.0,1.0
n1920,n1518,4,1.0,1.0,1.0
n1921,n1521,4,1.0,1.0,1.0
n1922,n6253,4,1.0,1.0,1.0
n1923,n1530,4,1.0,1.0,1.0
n1924,n512,4,1.0,1.0,1.0
n1925,n2732,4,1.0,1.0,1.0
n1926,n12617,4,1.0,1.0,1.0
n1927,n7975,4,1.0,1.0,1.0
n1928,n8193,3,0.75,1.0,0.875
n1929,n9554,3,0.75,1.0,0.875
n193,n8819,3,0.75,1.0,0.875
n1930,n1671,4,1.0,1.0,1.0
n1931,n7191,4,1.0,1.0,1.0
n1932,n7996,4,1.0,1.0,1.0
n1933,n7310,3,0.75,1.0,0.875
n1934,n1745,4,1.0,1.0,1.0
n1935,n7539,4,1.0,1.0,1.0
n1936,n15327,4,1.0,1.0,1.0
n1937,n57,4,1.0,1.0,1.0
n1938,n377,3,0.75,1.0,0.875
n1939,n7605,4,1.0,1.0,1.0
n194,n2095,4,1.0,1.0,1.0
n1940,n1797,4,1.0,1.0,1.0
n1941,n7621,4,1.0,1.0,1.0
n1942,n758,3,0.75,1.0,0.875
n1943,n3433,4,1.0,1.0,1.0
n1944,n4330,3,0.75,1.0,0.875
n1945,n7695,3,0.75,1.0,0.875
n1946,n1837,4,1.0,1.0,1.0
n1947,n7710,4,1.0,1.0,1.0
n1948,n7724,4,1.0,1.0,1.0
n1949,n10946,3,0.75,1.0,0.875
n195,n602,4,1.0,1.0,1.0
n1950,n3059,4,1.0,1.0,1.0
n1951,n3148,4,1.0,1.0,1.0
n1952,n3325,4,1.0,1.0,1.0
n1953,n8031,3,0.75,1.0,0.875
n1954,n1081,4,1.0,1.0,1.0
n1955,n1895,4,1.0,1.0,1.0
n1956,n8052,4,1.0,1.0,1.0
n1957,n1655,4,1.0,1.0,1.0
n1958,n2175,4,1.0,1.0,1.0
n1959,n8074,4,1.0,1.0,1.0
n196,n8592,4,1.0,1.0,1.0
n1960,n8187,4,1.0,1.0,1.0
n1961,n8183,4,1.0,1.0,1.0
n1962,n8201,4,1.0,1.0,1.0
n1963,n8073,3,0.75,1.0,0.875
n1964,n11904,4,1.0,1.0,1.0
n1965,n2082,4,1.0,1.0,1.0
n1966,n3920,4,1.0,1.0,1.0
n1967,n1406,4,1.0,1.0,1.0
n1968,n2155,4,1.0,1.0,1.0
n1969,n4473,4,1.0,1.0,1.0
n197,n616,4,1.0,1.0,1.0
n1970,n2372,3,0.75,1.0,0.875
n1971,n8655,4,1.0,1.0,1.0
n1972,n2923,4,1.0,1.0,1.0
n1973,n14984,4,1.0,1.0,1.0
n1974,n5036,3,0.75,1.0,0.875
n1975,n8771,4,1.0,1.0,1.0
n1976,n4637,4,1.0,1.0,1.0
n1977,n8128,4,1.0,1.0,1.0
n1978,n6248,4,1.0,1.0,1.0
n1979,n8931,4,1.0,1.0,1.0
n198,n8523,4,1.0,1.0,1.0
n1980,n2272,4,1.0,1.0,1.0
n1981,n7402,3,0.75,1.0,0.875
n1982,n9025,4,1.0,1.0,1.0
n1983,n9093,4,1.0,1.0,1.0
n1984,n6543,4,1.0,1.0,1.0
n1985,n9146,3,0.75,1.0,0.875
n1986,n5966,4,1.0,1.0,1.0
n1987,n9179,4,1.0,1.0,1.0
n1988,n9184,4,1.0,1.0,1.0
n1989,n9074,4,1.0,1.0,1.0
n199,n618,4,1.0,1.0,1.0
n1990,n7564,4,1.0,1.0,1.0
n1991,n9379,4,1.0,1.0,1.0
n1992,n2411,4,1.0,1.0,1.0
n1993,n355,4,1.0,1.0,1.0
n1994,n8159,4,1.0,1.0,1.0
n1995,n2417,4,1.0,1.0,1.0
n1996,n615,4,1.0,1.0,1.0
n1997,n2254,3,0.75,1.0,0.875
n1998,n2431,4,1.0,1.0,1.0
n1999,n8029,3,0.75,1.0,0.875
n2,n27,4,1.0,1.0,1.0
n2,n3,4,1.0,1.0,1.0
n20,n15597,4,1.0,1.0,1.0
n20,n43,3,0.75,0.75,0.75
n200,n3501,3,0.75,1.0,0.875
n2000,n9513,3,0.75,1.0,0.875
n2001,n8542,3,0.75,1.0,0.875
n2002,n2454,4,1.0,1.0,1.0
n2003,n9560,3,0.75,1.0,0.875
n2004,n3125,4,1.0,1.0,1.0
n2005,n8188,3,0.75,1.0,0.875
n2006,n2513,4,1.0,1.0,1.0
n2007,n8613,3,0.75,1.0,0.875
n2008,n3529,4,1.0,1.0,1.0
n2009,n6828,4,1.0,1.0,1.0
n201,n2200,4,1.0,1.0,1.0
n2010,n7628,3,0.75,1.0,0.875
n2011,n9630,3,0.75,1.0,0.875
n2012,n10015,3,0.75,1.0,0.875
n2013,n10098,3,0.75,1.0,0.875
n2014,n2659,3,0.75,1.0,0.875
n2015,n10566,4,1.0,1.0,1.0
n2016,n10217,4,1.0,1.0,1.0
n2017,n10248,3,0.75,1.0,0.875
n2018,n7836,4,1.0,1.0,1.0
n2019,n14089,4,1.0,1.0,1.0
n202,n5079,4,1.0,1.0,1.0
n2020,n8261,4,1.0,1.0,1.0
n2021,n14977,4,1.0,1.0,1.0
n2022,n2753,4,1.0,1.0,1.0
n2023,n10506,4,1.0,1.0,1.0
n2024,n9251,4,1.0,1.0,1.0
n2025,n2625,4,1.0,1.0,1.0
n2026,n2843,4,1.0,1.0,1.0
n2027,n6152,3,0.75,1.0,0.875
n2028,n8279,4,1.0,1.0,1.0
n2029,n2853,4,1.0,1.0,1.0
n203,n8943,4,1.0,1.0,1.0
n2030,n14499,4,1.0,1.0,1.0
n2031,n2760,3,0.75,1.0,0.875
n2032,n8286,4,1.0,1.0,1.0
n2033,n5559,4,1.0,1.0,1.0
n2034,n13928,4,1.0,1.0,1.0
n2035,n2934,4,1.0,1.0,1.0
n2036,n4860,4,1.0,1.0,1.0
n2037,n6433,3,0.75,1.0,0.875
n2038,n13180,3,0.75,1.0,0.875
n2039,n8322,4,1.0,1.0,1.0
n204,n630,4,1.0,1.0,1.0
n2040,n11324,4,1.0,1.0,1.0
n2041,n14798,4,1.0,1.0,1.0
n2042,n11326,4,1.0,1.0,1.0
n2043,n462,3,0.75,1.0,0.875
n2044,n1312,4,1.0,1.0,1.0
n2045,n11477,4,1.0,1.0,1.0
n2046,n11508,4,1.0,1.0,1.0
n2047,n3053,4,1.0,1.0,1.0
n2048,n848,4,1.0,1.0,1.0
n2049,n13882,3,0.75,1.0,0.875
n205,n2282,4,1.0,1.0,1.0
n2050,n1807,4,1.0,1.0,1.0
n2051,n8339,4,1.0,1.0,1.0
n2052,n7453,4,1.0,1.0,1.0
n2053,n2409,4,1.0,1.0,1.0
n2054,n8344,3,0.75,1.0,0.875
n2055,n3122,4,1.0,1.0,1.0
n2056,n11389,4,1.0,1.0,1.0
n2057,n12292,4,1.0,1.0,1.0
n2058,n3153,4,1.0,1.0,1.0
n2059,n12058,4,1.0,1.0,1.0
n206,n9018,4,1.0,1.0,1.0
n2060,n3219,4,1.0,1.0,1.0
n2061,n3229,4,1.0,1.0,1.0
n2062,n3844,4,1.0,1.0,1.0
n2063,n3272,3,0.75,1.0,0.875
n2064,n5332,3,0.75,1.0,0.875
n2065,n3305,4,1.0,1.0,1.0
n2066,n8378,4,1.0,1.0,1.0
n2067,n11999,4,1.0,1.0,1.0
n2068,n3356,4,1.0,1.0,1.0
n2069,n15519,3,0.75,1.0,0.875
n207,n642,4,1.0,1.0,1.0
n2070,n8390,4,1.0,1.0,1.0
n2071,n3423,4,1.0,1.0,1.0
n2072,n10734,4,1.0,1.0,1.0
n2073,n8548,4,1.0,1.0,1.0
n2074,n13513,3,0.75,1.0,0.875
n2075,n13555,4,1.0,1.0,1.0
n2076,n13563,4,1.0,1.0,1.0
n2077,n3497,4,1.0,1.0,1.0
n2078,n9490,3,0.75,1.0,0.875
n2079,n2854,4,1.0,1.0,1.0
n2079,n8280,3,0.75,0.75,0.75
n208,n6360,4,1.0,1.0,1.0
n2080,n13707,4,1.0,1.0,1.0
n2081,n6095,4,1.0,1.0,1.0
n2082,n9036,4,1.0,1.0,1.0
n2083,n10006,4,1.0,1.0,1.0
n2084,n9259,4,1.0,1.0,1.0
n2085,n8422,4,1.0,1.0,1.0
n2086,n10146,4,1.0,1.0,1.0
n2087,n8433,3,0.75,1.0,0.875
n2088,n13963,3,0.75,1.0,0.875
n2089,n1991,4,1.0,1.0,1.0
n209,n7103,4,1.0,1.0,1.0
n2090,n14055,4,1.0,1.0,1.0
n2091,n12269,4,1.0,1.0,1.0
n2092,n6618,4,1.0,1.0,1.0
n2093,n8438,4,1.0,1.0,1.0
n2094,n13093,3,0.75,1.0,0.875
n2095,n14847,4,1.0,1.0,1.0
n2096,n8445,4,1.0,1.0,1.0
n2097,n4180,4,1.0,1.0,1.0
n2098,n11957,4,1.0,1.0,1.0
n2099,n3659,4,1.0,1.0,1.0
n21,n48,3,0.75,1.0,0.875
n210,n661,4,1.0,1.0,1.0
n2100,n14552,4,1.0,1.0,1.0
n2101,n3704,4,1.0,1.0,1.0
n2102,n14648,4,1.0,1.0,1.0
n2103,n12332,4,1.0,1.0,1.0
n2104,n12807,4,1.0,1.0,1.0
n2105,n14941,3,0.75,1.0,0.875
n2106,n8465,3,0.75,1.0,0.875
n2107,n15141,4,1.0,1.0,1.0
n2108,n8468,4,1.0,1.0,1.0
n2109,n15233,4,1.0,1.0,1.0
n211,n2451,4,1.0,1.0,1.0
n2110,n6614,4,1.0,1.0,1.0
n2111,n8470,4,1.0,1.0,1.0
n2112,n8474,4,1.0,1.0,1.0
n2113,n13667,3,0.75,1.0,0.875
n2114,n15410,4,1.0,1.0,1.0
n2115,n14371,4,1.0,1.0,1.0
n2116,n8481,4,1.0,1.0,1.0
n2117,n15517,4,1.0,1.0,1.0
n2118,n8489,4,1.0,1.0,1.0
n2119,n12073,4,1.0,1.0,1.0
n212,n8136,4,1.0,1.0,1.0
n2120,n401,3,0.75,1.0,0.875
n2121,n4011,4,1.0,1.0,1.0
n2122,n1812,4,1.0,1.0,1.0
n2123,n8414,4,1.0,1.0,1.0
n2124,n4042,4,1.0,1.0,1.0
n2125,n675,3,0.75,1.0,0.875
n2126,n9281,3,0.75,1.0,0.875
n2127,n13398,3,0.75,1.0,0.875
n2128,n3015,4,1.0,1.0,1.0
n2129,n6016,4,1.0,1.0,1.0
n213,n683,4,1.0,1.0,1.0
n2130,n4095,4,1.0,1.0,1.0
n2131,n924,4,1.0,1.0,1.0
n2132,n12501,4,1.0,1.0,1.0
n2133,n12775,4,1.0,1.0,1.0
n2134,n4110,4,1.0,1.0,1.0
n2135,n4116,4,1.0,1.0,1.0
n2136,n4140,4,1.0,1.0,1.0
n2137,n1088,3,0.75,1.0,0.875
n2138,n1624,4,1.0,1.0,1.0
n2139,n11025,4,1.0,1.0,1.0
n214,n4186,3,0.75,1.0,0.875
n2140,n8547,4,1.0,1.0,1.0
n2141,n3790,4,1.0,1.0,1.0
n2142,n4490,4,1.0,1.0,1.0
n2143,n5497,3,0.75,1.0,0.875
n2144,n6127,4,1.0,1.0,1.0
n2145,n4238,4,1.0,1.0,1.0
n2146,n5918,4,1.0,1.0,1.0
n2147,n8560,4,1.0,1.0,1.0
n2148,n8960,3,0.75,1.0,0.875
n2149,n8566,4,1.0,1.0,1.0
n215,n9716,4,1.0,1.0,1.0
n2150,n4298,4,1.0,1.0,1.0
n2151,n11040,4,1.0,1.0,1.0
n2152,n4353,4,1.0,1.0,1.0
n2153,n7273,4,1.0,1.0,1.0
n2154,n14633,4,1.0,1.0,1.0
n2155,n4383,4,1.0,1.0,1.0
n2156,n4394,3,0.75,1.0,0.875
n2157,n968,4,1.0,1.0,1.0
n2158,n8025,4,1.0,1.0,1.0
n2159,n8597,4,1.0,1.0,1.0
n216,n9794,4,1.0,1.0,1.0
n2160,n9393,4,1.0,1.0,1.0
n2161,n2532,4,1.0,1.0,1.0
n2162,n8606,4,1.0,1.0,1.0
n2163,n8611,4,1.0,1.0,1.0
n2164,n8653,3,0.75,1.0,0.875
n2165,n4526,4,1.0,1.0,1.0
n2166,n8623,3,0.75,1.0,0.875
n2167,n2283,3,0.75,1.0,0.875
n2168,n4544,4,1.0,1.0,1.0
n2169,n2319,4,1.0,1.0,1.0
n217,n2563,4,1.0,1.0,1.0
n2170,n8631,3,0.75,1.0,0.875
n2171,n2522,3,0.75,1.0,0.875
n2172,n2535,3,0.75,1.0,0.875
n2173,n7300,4,1.0,1.0,1.0
n2174,n8649,4,1.0,1.0,1.0
n2175,n9501,4,1.0,1.0,1.0
n2176,n9593,4,1.0,1.0,1.0
n2177,n9621,3,0.75,1.0,0.875
n2178,n10058,3,0.75,1.0,0.875
n2179,n4679,3,0.75,1.0,0.875
n218,n10035,4,1.0,1.0,1.0
n2180,n13603,4,1.0,1.0,1.0
n2181,n8658,4,1.0,1.0,1.0
n2182,n11336,4,1.0,1.0,1.0
n2183,n11352,4,1.0,1.0,1.0
n2184,n3138,4,1.0,1.0,1.0
n2185,n5485,3,0.75,1.0,0.875
n2186,n8702,4,1.0,1.0,1.0
n2187,n1706,4,1.0,1.0,1.0
n2188,n4899,3,0.75,1.0,0.875
n2189,n4908,3,0.75,1.0,0.875
n219,n9782,4,1.0,1.0,1.0
n2190,n4911,4,1.0,1.0,1.0
n2191,n3469,4,1.0,1.0,1.0
n2192,n4946,4,1.0,1.0,1.0
n2193,n3712,4,1.0,1.0,1.0
n2194,n8739,4,1.0,1.0,1.0
n2195,n15288,4,1.0,1.0,1.0
n2196,n8745,4,1.0,1.0,1.0
n2197,n15320,4,1.0,1.0,1.0
n2198,n15296,4,1.0,1.0,1.0
n2199,n315,3,0.75,1.0,0.875
n22,n124,4,1.0,1.0,1.0
n220,n10323,4,1.0,1.0,1.0
n2200,n7690,4,1.0,1.0,1.0
n2201,n7941,4,1.0,1.0,1.0
n2202,n5078,3,0.75,1.0,0.875
n2203,n10443,4,1.0,1.0,1.0
n2204,n10927,4,1.0,1.0,1.0
n2205,n839,4,1.0,1.0,1.0
n2206,n5097,3,0.75,1.0,0.875
n2207,n4478,3,0.75,1.0,0.875
n2208,n4539,4,1.0,1.0,1.0
n2209,n5117,4,1.0,1.0,1.0
n221,n722,4,1.0,1.0,1.0
n2210,n4210,3,0.75,1.0,0.875
n2211,n5132,4,1.0,1.0,1.0
n2212,n1433,4,1.0,1.0,1.0
n2212,n4240,4,1.0,1.0,1.0
n2212,n6277,4,1.0,1.0,1.0
n2213,n4306,4,1.0,1.0,1.0
n2214,n1714,3,0.75,1.0,0.875
n2215,n8788,4,1.0,1.0,1.0
n2216,n4407,3,0.75,1.0,0.875
n2217,n5191,3,0.75,1.0,0.875
n2218,n8794,4,1.0,1.0,1.0
n2219,n9978,4,1.0,1.0,1.0
n222,n723,4,1.0,1.0,1.0
n2220,n10427,3,0.75,1.0,0.875
n2221,n5284,4,1.0,1.0,1.0
n2222,n8818,4,1.0,1.0,1.0
n2223,n3062,4,1.0,1.0,1.0
n2224,n3243,4,1.0,1.0,1.0
n2225,n5344,4,1.0,1.0,1.0
n2226,n5364,4,1.0,1.0,1.0
n2227,n3760,4,1.0,1.0,1.0
n2228,n572,4,1.0,1.0,1.0
n2229,n4124,4,1.0,1.0,1.0
n223,n2680,4,1.0,1.0,1.0
n2230,n4328,4,1.0,1.0,1.0
n2231,n2480,4,1.0,1.0,1.0
n2231,n4605,4,1.0,1.0,1.0
n2231,n4606,4,1.0,1.0,1.0
n2232,n9628,4,1.0,1.0,1.0
n2233,n4825,3,0.75,1.0,0.875
n2234,n5463,3,0.75,1.0,0.875
n2235,n5467,4,1.0,1.0,1.0
n2236,n5471,4,1.0,1.0,1.0
n2237,n8853,3,0.75,1.0,0.875
n2238,n4750,4,1.0,1.0,1.0
n2239,n5512,3,0.75,1.0,0.875
n224,n10289,4,1.0,1.0,1.0
n2240,n5544,4,1.0,1.0,1.0
n2241,n6313,4,1.0,1.0,1.0
n2242,n6338,4,1.0,1.0,1.0
n2243,n5590,3,0.75,1.0,0.875
n2244,n5884,3,0.75,1.0,0.875
n2245,n8665,4,1.0,1.0,1.0
n2246,n8898,3,0.75,1.0,0.875
n2247,n13548,4,1.0,1.0,1.0
n2248,n7421,4,1.0,1.0,1.0
n2249,n1679,4,1.0,1.0,1.0
n225,n2708,4,1.0,1.0,1.0
n2250,n8910,4,1.0,1.0,1.0
n2251,n3383,4,1.0,1.0,1.0
n2252,n6123,4,1.0,1.0,1.0
n2253,n8917,4,1.0,1.0,1.0
n2254,n10069,3,0.75,1.0,0.875
n2255,n80,4,1.0,1.0,1.0
n2256,n5728,4,1.0,1.0,1.0
n2257,n8930,3,0.75,1.0,0.875
n2258,n5754,4,1.0,1.0,1.0
n2259,n12010,4,1.0,1.0,1.0
n226,n10425,4,1.0,1.0,1.0
n2260,n8939,3,0.75,1.0,0.875
n2261,n3876,3,0.75,1.0,0.875
n2262,n6591,4,1.0,1.0,1.0
n2263,n5397,4,1.0,1.0,1.0
n2264,n12503,4,1.0,1.0,1.0
n2265,n5810,4,1.0,1.0,1.0
n2266,n5817,3,0.75,0.75,0.75
n2266,n5883,4,1.0,1.0,1.0
n2267,n8177,3,0.75,1.0,0.875
n2268,n12894,4,1.0,1.0,1.0
n2268,n7022,4,1.0,1.0,1.0
n2269,n12926,4,1.0,1.0,1.0
n227,n2765,4,1.0,1.0,1.0
n2270,n8966,4,1.0,1.0,1.0
n2271,n5855,4,1.0,1.0,1.0
n2272,n1367,4,1.0,1.0,1.0
n2273,n13164,4,1.0,1.0,1.0
n2274,n8974,4,1.0,1.0,1.0
n2275,n6983,4,1.0,1.0,1.0
n2276,n9934,3,0.75,1.0,0.875
n2277,n5963,3,0.75,1.0,0.875
n2278,n7107,3,0.75,1.0,0.875
n2279,n8999,4,1.0,1.0,1.0
n228,n10517,3,0.75,1.0,0.875
n2280,n9000,4,1.0,1.0,1.0
n2281,n9001,3,0.75,1.0,0.875
n2282,n14198,4,1.0,1.0,1.0
n2283,n14284,3,0.75,1.0,0.875
n2284,n6342,4,1.0,1.0,1.0
n2285,n6045,4,1.0,1.0,1.0
n2286,n7445,4,1.0,1.0,1.0
n2287,n6061,3,0.75,1.0,0.875
n2288,n12688,3,0.75,1.0,0.875
n2289,n9024,4,1.0,1.0,1.0
n229,n10542,4,1.0,1.0,1.0
n2290,n8162,3,0.75,1.0,0.875
n2291,n6116,4,1.0,1.0,1.0
n2292,n4146,4,1.0,1.0,1.0
n2293,n6142,4,1.0,1.0,1.0
n2294,n6145,3,0.75,1.0,0.875
n2295,n989,4,1.0,1.0,1.0
n2296,n6185,3,0.75,1.0,0.875
n2297,n8040,3,0.75,1.0,0.875
n2298,n1907,3,0.75,1.0,0.875
n2299,n6235,4,1.0,1.0,1.0
n23,n1384,4,1.0,1.0,1.0
n230,n6630,4,1.0,1.0,1.0
n2300,n6240,3,0.75,1.0,0.875
n2301,n11630,4,1.0,1.0,1.0
n2302,n13396,4,1.0,1.0,1.0
n2303,n6246,4,1.0,1.0,1.0
n2304,n11429,4,1.0,1.0,1.0
n2305,n9067,3,0.75,1.0,0.875
n2306,n7155,4,1.0,1.0,1.0
n2307,n7581,3,0.75,1.0,0.875
n2308,n12777,4,1.0,1.0,1.0
n2309,n13196,4,1.0,1.0,1.0
n231,n11702,3,0.75,1.0,0.875
n231,n7074,3,0.75,1.0,0.875
n2310,n8855,3,0.75,1.0,0.875
n2311,n9085,3,0.75,1.0,0.875
n2312,n11096,4,1.0,1.0,1.0
n2313,n6346,4,1.0,1.0,1.0
n2314,n2037,3,0.75,1.0,0.875
n2315,n6428,4,1.0,1.0,1.0
n2316,n9105,4,1.0,1.0,1.0
n2317,n14884,4,1.0,1.0,1.0
n2318,n9478,3,0.75,1.0,0.875
n2319,n12423,4,1.0,1.0,1.0
n232,n7709,3,0.75,1.0,0.875
n2320,n2836,4,1.0,1.0,1.0
n2321,n9116,3,0.75,1.0,0.875
n2322,n3016,4,1.0,1.0,1.0
n2323,n7834,4,1.0,1.0,1.0
n2324,n1673,4,1.0,1.0,1.0
n2325,n4359,3,0.75,1.0,0.875
n2326,n8894,4,1.0,1.0,1.0
n2327,n9138,4,1.0,1.0,1.0
n2328,n2861,3,0.75,1.0,0.875
n2329,n4800,4,1.0,1.0,1.0
n233,n10608,4,1.0,1.0,1.0
n2330,n5685,4,1.0,1.0,1.0
n2331,n5557,4,1.0,1.0,1.0
n2332,n7512,4,1.0,1.0,1.0
n2333,n9158,3,0.75,1.0,0.875
n2334,n8084,4,1.0,1.0,1.0
n2335,n2096,4,1.0,1.0,1.0
n2336,n9172,4,1.0,1.0,1.0
n2337,n5249,3,0.75,1.0,0.875
n2338,n5765,4,1.0,1.0,1.0
n2339,n6713,4,1.0,1.0,1.0
n234,n2672,4,1.0,1.0,1.0
n2340,n12847,3,0.75,1.0,0.875
n2341,n6745,4,1.0,1.0,1.0
n2342,n6757,4,1.0,1.0,1.0
n2343,n6773,4,1.0,1.0,1.0
n2344,n13014,4,1.0,1.0,1.0
n2345,n7534,4,1.0,1.0,1.0
n2346,n7559,4,1.0,1.0,1.0
n2347,n6786,4,1.0,1.0,1.0
n2348,n7818,4,1.0,1.0,1.0
n2349,n13148,3,0.75,1.0,0.875
n235,n12259,4,1.0,1.0,1.0
n2350,n9197,3,0.75,1.0,0.875
n2351,n1835,4,1.0,1.0,1.0
n2352,n7956,4,1.0,1.0,1.0
n2353,n8095,4,1.0,1.0,1.0
n2354,n8864,3,0.75,1.0,0.875
n2355,n9219,4,1.0,1.0,1.0
n2356,n15549,4,1.0,1.0,1.0
n2357,n4903,4,1.0,1.0,1.0
n2358,n13447,4,1.0,1.0,1.0
n2359,n4483,4,1.0,1.0,1.0
n236,n10784,4,1.0,1.0,1.0
n2360,n9068,4,1.0,1.0,1.0
n2361,n9240,4,1.0,1.0,1.0
n2362,n9128,3,0.75,1.0,0.875
n2363,n13583,3,0.75,1.0,0.875
n2364,n7306,4,1.0,1.0,1.0
n2365,n13661,3,0.75,1.0,0.875
n2366,n9256,4,1.0,1.0,1.0
n2367,n13771,4,1.0,1.0,1.0
n2368,n9361,4,1.0,1.0,1.0
n2369,n9962,4,1.0,1.0,1.0
n237,n7236,4,1.0,1.0,1.0
n2370,n9977,4,1.0,1.0,1.0
n2371,n10041,3,0.75,1.0,0.875
n2371,n7078,3,0.75,1.0,0.875
n2372,n7081,3,0.75,1.0,0.875
n2373,n10072,4,1.0,1.0,1.0
n2374,n7085,4,1.0,1.0,1.0
n2375,n10124,3,0.75,1.0,0.875
n2376,n9271,4,1.0,1.0,1.0
n2377,n10540,4,1.0,1.0,1.0
n2378,n13294,4,1.0,1.0,1.0
n2379,n13129,4,1.0,1.0,1.0
n238,n13167,4,1.0,1.0,1.0
n2380,n14142,3,0.75,1.0,0.875
n2381,n13776,4,1.0,1.0,1.0
n2382,n11077,4,1.0,1.0,1.0
n2383,n14057,4,1.0,1.0,1.0
n2384,n11122,4,1.0,1.0,1.0
n2385,n7208,3,0.75,1.0,0.875
n2386,n11274,4,1.0,1.0,1.0
n2387,n14304,3,0.75,1.0,0.875
n2388,n15211,4,1.0,1.0,1.0
n2389,n9304,4,1.0,1.0,1.0
n239,n7252,4,1.0,1.0,1.0
n2390,n14377,4,1.0,1.0,1.0
n2391,n1803,3,0.75,1.0,0.875
n2392,n7297,4,1.0,1.0,1.0
n2393,n9321,4,1.0,1.0,1.0
n2394,n5633,4,1.0,1.0,1.0
n2395,n5784,3,0.75,1.0,0.875
n2396,n14805,3,0.75,1.0,0.875
n2397,n14863,4,1.0,1.0,1.0
n2398,n14882,4,1.0,1.0,1.0
n2399,n14927,4,1.0,1.0,1.0
n24,n13063,4,1.0,1.0,1.0
n240,n787,4,1.0,1.0,1.0
n2400,n9519,4,1.0,1.0,1.0
n2401,n9548,4,1.0,1.0,1.0
n2402,n9347,4,1.0,1.0,1.0
n2403,n9658,4,1.0,1.0,1.0
n2404,n15264,4,1.0,1.0,1.0
n2405,n15098,3,0.75,1.0,0.875
n2406,n9369,4,1.0,1.0,1.0
n2407,n9370,4,1.0,1.0,1.0
n2408,n7561,4,1.0,1.0,1.0
n2409,n15218,4,1.0,1.0,1.0
n241,n788,4,1.0,1.0,1.0
n2410,n2456,4,1.0,1.0,1.0
n2411,n7600,4,1.0,1.0,1.0
n2412,n136,4,1.0,1.0,1.0
n2413,n9381,4,1.0,1.0,1.0
n2414,n229,4,1.0,1.0,1.0
n2415,n283,4,1.0,1.0,1.0
n2416,n902,4,1.0,1.0,1.0
n2417,n14342,4,1.0,1.0,1.0
n2418,n9406,4,1.0,1.0,1.0
n2419,n6420,4,1.0,1.0,1.0
n242,n2434,3,0.75,1.0,0.875
n2420,n9407,4,1.0,1.0,1.0
n2421,n1774,4,1.0,1.0,1.0
n2422,n8539,4,1.0,1.0,1.0
n2423,n7714,3,0.75,1.0,0.875
n2424,n7718,4,1.0,1.0,1.0
n2425,n669,4,1.0,1.0,1.0
n2426,n7729,4,1.0,1.0,1.0
n2427,n9427,3,0.75,1.0,0.875
n2428,n10207,4,1.0,1.0,1.0
n2428,n9429,4,1.0,1.0,1.0
n2429,n782,4,1.0,1.0,1.0
n243,n11832,3,0.75,1.0,0.875
n2430,n7790,4,1.0,1.0,1.0
n2431,n9445,4,1.0,1.0,1.0
n2432,n13924,4,1.0,1.0,1.0
n2433,n7865,3,0.75,1.0,0.875
n2434,n7869,3,0.75,1.0,0.875
n2435,n4595,4,1.0,1.0,1.0
n2436,n4715,4,1.0,1.0,1.0
n2437,n7890,4,1.0,1.0,1.0
n2438,n5214,3,0.75,1.0,0.875
n2439,n1402,4,1.0,1.0,1.0
n244,n11198,3,0.75,1.0,0.875
n2440,n1454,3,0.75,1.0,0.875
n2441,n6797,4,1.0,1.0,1.0
n2442,n1482,4,1.0,1.0,1.0
n2443,n7943,3,0.75,1.0,0.875
n2444,n7983,3,0.75,1.0,0.875
n2445,n1731,4,1.0,1.0,1.0
n2446,n7691,4,1.0,1.0,1.0
n2447,n1839,4,1.0,1.0,1.0
n2448,n1889,3,0.75,1.0,0.875
n2449,n1385,4,1.0,1.0,1.0
n245,n14588,4,1.0,1.0,1.0
n2450,n7937,4,1.0,1.0,1.0
n2451,n1955,4,1.0,1.0,1.0
n2451,n9507,4,1.0,1.0,1.0
n2452,n8706,3,0.75,1.0,0.875
n2453,n9521,4,1.0,1.0,1.0
n2454,n4665,4,1.0,1.0,1.0
n2455,n2827,3,0.75,1.0,0.875
n2456,n9526,4,1.0,1.0,1.0
n2457,n5401,4,1.0,1.0,1.0
n2458,n11840,4,1.0,1.0,1.0
n2459,n8138,4,1.0,1.0,1.0
n246,n791,4,1.0,1.0,1.0
n2460,n9253,3,0.75,1.0,0.875
n2461,n9306,4,1.0,1.0,1.0
n2462,n228,3,0.75,1.0,0.875
n2463,n8166,4,1.0,1.0,1.0
n2464,n8167,3,0.75,1.0,0.875
n2465,n9559,4,1.0,1.0,1.0
n2466,n8104,4,1.0,1.0,1.0
n2467,n8176,3,0.75,1.0,0.875
n2468,n8360,4,1.0,1.0,1.0
n2469,n2484,3,0.75,1.0,0.875
n247,n7074,3,0.75,1.0,0.875
n2470,n8195,4,1.0,1.0,1.0
n2471,n2573,4,1.0,1.0,1.0
n2471,n2574,4,1.0,1.0,1.0
n2471,n2575,4,1.0,1.0,1.0
n2471,n2576,4,1.0,1.0,1.0
n2472,n10011,4,1.0,1.0,1.0
n2473,n10213,3,0.75,1.0,0.875
n2474,n11476,4,1.0,1.0,1.0
n2475,n9597,3,0.75,1.0,0.875
n2476,n7228,4,1.0,1.0,1.0
n2477,n9601,3,0.75,1.0,0.875
n2478,n11366,4,1.0,1.0,1.0
n2479,n2954,4,1.0,1.0,1.0
n2479,n2955,3,0.75,0.75,0.75
n248,n10501,4,1.0,1.0,1.0
n2480,n8318,4,1.0,1.0,1.0
n2481,n8338,3,0.75,1.0,0.875
n2482,n8350,4,1.0,1.0,1.0
n2483,n11970,3,0.75,1.0,0.875
n2484,n12648,3,0.75,1.0,0.875
n2485,n8392,3,0.75,1.0,0.875
n2486,n8396,4,1.0,1.0,1.0
n2487,n3505,4,1.0,1.0,1.0
n2488,n8418,4,1.0,1.0,1.0
n2489,n9631,3,0.75,1.0,0.875
n249,n799,4,1.0,1.0,1.0
n2490,n9635,3,0.75,1.0,0.875
n2491,n9637,3,0.75,1.0,0.875
n2492,n11310,4,1.0,1.0,1.0
n2493,n531,4,1.0,1.0,1.0
n2494,n11622,4,1.0,1.0,1.0
n2495,n14491,3,0.75,1.0,0.875
n2496,n6104,3,0.75,1.0,0.875
n2497,n13372,4,1.0,1.0,1.0
n2498,n9646,3,0.75,1.0,0.875
n2499,n11974,4,1.0,1.0,1.0
n25,n7443,4,1.0,1.0,1.0
n250,n800,4,1.0,1.0,1.0
n2500,n13692,4,1.0,1.0,1.0
n2501,n8479,4,1.0,1.0,1.0
n2502,n15499,4,1.0,1.0,1.0
n2503,n15507,4,1.0,1.0,1.0
n2504,n8507,4,1.0,1.0,1.0
n2505,n4047,4,1.0,1.0,1.0
n2506,n8533,4,1.0,1.0,1.0
n2507,n4427,4,1.0,1.0,1.0
n2508,n3942,4,1.0,1.0,1.0
n2509,n5968,3,0.75,1.0,0.875
n251,n78,4,1.0,1.0,1.0
n2510,n8554,3,0.75,1.0,0.875
n2511,n9676,4,1.0,1.0,1.0
n2512,n14143,4,1.0,1.0,1.0
n2513,n202,4,1.0,1.0,1.0
n2514,n7632,4,1.0,1.0,1.0
n2515,n1820,4,1.0,1.0,1.0
n2516,n2541,4,1.0,1.0,1.0
n2517,n8240,4,1.0,1.0,1.0
n2518,n9684,4,1.0,1.0,1.0
n2519,n9688,3,0.75,1.0,0.875
n252,n11405,4,1.0,1.0,1.0
n2520,n4492,4,1.0,1.0,1.0
n2521,n4513,3,0.75,1.0,0.875
n2522,n2281,3,0.75,1.0,0.875
n2523,n4574,4,1.0,1.0,1.0
n2524,n8638,4,1.0,1.0,1.0
n2524,n9497,4,1.0,1.0,1.0
n2525,n9699,4,1.0,1.0,1.0
n2526,n4603,4,1.0,1.0,1.0
n2527,n4628,4,1.0,1.0,1.0
n2528,n10048,3,0.75,1.0,0.875
n2529,n4666,4,1.0,1.0,1.0
n253,n804,4,1.0,1.0,1.0
n2530,n9704,4,1.0,1.0,1.0
n2531,n9705,3,0.75,1.0,0.875
n2532,n8666,4,1.0,1.0,1.0
n2533,n9718,4,1.0,1.0,1.0
n2534,n8697,3,0.75,1.0,0.875
n2535,n3349,3,0.75,1.0,0.875
n2536,n8701,4,1.0,1.0,1.0
n2537,n13574,3,0.75,1.0,0.875
n2538,n4960,4,1.0,1.0,1.0
n2539,n5016,4,1.0,1.0,1.0
n254,n3026,4,1.0,1.0,1.0
n2540,n8777,3,0.75,1.0,0.875
n2541,n9742,4,1.0,1.0,1.0
n2542,n10438,3,0.75,1.0,0.875
n2543,n5551,4,1.0,1.0,1.0
n2544,n12191,4,1.0,1.0,1.0
n2545,n2725,4,1.0,1.0,1.0
n2545,n9779,4,1.0,1.0,1.0
n2546,n8913,4,1.0,1.0,1.0
n2547,n11663,3,0.75,1.0,0.875
n2548,n9785,4,1.0,1.0,1.0
n2549,n6596,4,1.0,1.0,1.0
n255,n949,4,1.0,1.0,1.0
n2550,n5992,4,1.0,1.0,1.0
n2551,n6694,4,1.0,1.0,1.0
n2552,n8967,4,1.0,1.0,1.0
n2553,n6963,3,0.75,1.0,0.875
n2554,n9551,3,0.75,1.0,0.875
n2555,n8994,3,0.75,1.0,0.875
n2556,n9800,3,0.75,1.0,0.875
n2557,n7302,4,1.0,1.0,1.0
n2558,n14733,4,1.0,1.0,1.0
n2559,n9805,3,0.75,1.0,0.875
n256,n809,4,1.0,1.0,1.0
n2560,n14934,4,1.0,1.0,1.0
n2561,n6184,4,1.0,1.0,1.0
n2562,n9825,3,0.75,1.0,0.875
n2563,n10119,4,1.0,1.0,1.0
n2564,n10169,4,1.0,1.0,1.0
n2565,n9103,4,1.0,1.0,1.0
n2566,n11752,3,0.75,1.0,0.875
n2567,n9111,4,1.0,1.0,1.0
n2568,n2555,3,0.75,1.0,0.875
n2569,n12119,4,1.0,1.0,1.0
n257,n3045,4,1.0,1.0,1.0
n2570,n12208,3,0.75,1.0,0.875
n2571,n9870,3,0.75,1.0,0.875
n2572,n6724,4,1.0,1.0,1.0
n2573,n1891,4,1.0,1.0,1.0
n2574,n9877,4,1.0,1.0,1.0
n2575,n13261,4,1.0,1.0,1.0
n2575,n2581,4,1.0,1.0,1.0
n2576,n8256,4,1.0,1.0,1.0
n2577,n6866,4,1.0,1.0,1.0
n2578,n4041,3,0.75,1.0,0.875
n2579,n4533,4,1.0,1.0,1.0
n258,n815,4,1.0,1.0,1.0
n2580,n13637,4,1.0,1.0,1.0
n2581,n8035,4,1.0,1.0,1.0
n2582,n8287,4,1.0,1.0,1.0
n2582,n8288,3,0.75,0.75,0.75
n2582,n8292,4,1.0,1.0,1.0
n2582,n9598,4,1.0,1.0,1.0
n2582,n9885,4,1.0,1.0,1.0
n2582,n9886,4,1.0,1.0,1.0
n2583,n9889,4,1.0,1.0,1.0
n2584,n9265,4,1.0,1.0,1.0
n2585,n10822,4,1.0,1.0,1.0
n2585,n9899,4,1.0,1.0,1.0
n2586,n7129,3,0.75,1.0,0.875
n2587,n9907,4,1.0,1.0,1.0
n2588,n14308,4,1.0,1.0,1.0
n2589,n9318,4,1.0,1.0,1.0
n259,n3061,4,1.0,1.0,1.0
n2590,n13871,3,0.75,1.0,0.875
n2591,n15105,4,1.0,1.0,1.0
n2592,n411,4,1.0,1.0,1.0
n2593,n1132,4,1.0,1.0,1.0
n2594,n7685,4,1.0,1.0,1.0
n2595,n559,4,1.0,1.0,1.0
n2596,n7752,4,1.0,1.0,1.0
n2597,n9434,3,0.75,1.0,0.875
n2598,n3507,4,1.0,1.0,1.0
n2599,n3874,4,1.0,1.0,1.0
n26,n603,4,1.0,1.0,1.0
n260,n823,4,1.0,1.0,1.0
n2600,n9951,4,1.0,1.0,1.0
n2601,n4302,4,1.0,1.0,1.0
n2602,n1215,3,0.75,1.0,0.875
n2603,n1325,4,1.0,1.0,1.0
n2604,n6285,4,1.0,1.0,1.0
n2605,n1435,4,1.0,1.0,1.0
n2606,n5922,4,1.0,1.0,1.0
n2607,n7116,4,1.0,1.0,1.0
n2608,n7990,4,1.0,1.0,1.0
n2609,n8254,4,1.0,1.0,1.0
n261,n11632,4,1.0,1.0,1.0
n2610,n2062,4,1.0,1.0,1.0
n2611,n2195,4,1.0,1.0,1.0
n2612,n5245,4,1.0,1.0,1.0
n2613,n2287,3,0.75,1.0,0.875
n2614,n9108,4,1.0,1.0,1.0
n2615,n9545,4,1.0,1.0,1.0
n2616,n2384,4,1.0,1.0,1.0
n2617,n9563,4,1.0,1.0,1.0
n2618,n9877,4,1.0,1.0,1.0
n2619,n9579,4,1.0,1.0,1.0
n262,n3079,3,0.75,1.0,0.875
n2620,n9984,3,0.75,1.0,0.875
n2621,n9991,3,0.75,1.0,0.875
n2622,n10589,3,0.75,1.0,0.875
n2623,n12611,3,0.75,1.0,0.875
n2624,n1531,4,1.0,1.0,1.0
n2625,n8441,4,1.0,1.0,1.0
n2626,n14119,4,1.0,1.0,1.0
n2627,n15371,4,1.0,1.0,1.0
n2628,n9654,3,0.75,1.0,0.875
n2629,n8588,3,0.75,1.0,0.875
n263,n825,2,0.5,1.0,0.75
n2630,n1992,4,1.0,1.0,1.0
n2631,n8603,4,1.0,1.0,1.0
n2632,n2252,4,1.0,1.0,1.0
n2633,n4534,4,1.0,1.0,1.0
n2634,n9696,4,1.0,1.0,1.0
n2635,n2528,3,0.75,1.0,0.875
n2636,n9711,4,1.0,1.0,1.0
n2637,n12953,3,0.75,1.0,0.875
n2638,n4936,4,1.0,1.0,1.0
n2639,n3575,4,1.0,1.0,1.0
n264,n7040,4,1.0,1.0,1.0
n2640,n10045,4,1.0,1.0,1.0
n2641,n4733,4,1.0,1.0,1.0
n2642,n5849,3,0.75,1.0,0.875
n2643,n9789,3,0.75,1.0,0.875
n2644,n10070,4,1.0,1.0,1.0
n2645,n9151,4,1.0,1.0,1.0
n2646,n9882,3,0.75,1.0,0.875
n2647,n10093,3,0.75,1.0,0.875
n2648,n7617,4,1.0,1.0,1.0
n2649,n10100,4,1.0,1.0,1.0
n265,n3104,4,1.0,1.0,1.0
n2650,n9416,4,1.0,1.0,1.0
n2651,n9971,3,0.75,1.0,0.875
n2652,n9982,4,1.0,1.0,1.0
n2653,n9983,4,1.0,1.0,1.0
n2654,n9566,3,0.75,1.0,0.875
n2655,n9989,4,1.0,1.0,1.0
n2656,n8235,3,0.75,1.0,0.875
n2657,n10130,3,0.75,1.0,0.875
n2658,n5053,3,0.75,1.0,0.875
n2659,n10078,3,0.75,1.0,0.875
n266,n1919,4,1.0,1.0,1.0
n2660,n10091,4,1.0,1.0,1.0
n2661,n8342,3,0.75,1.0,0.875
n2662,n10031,4,1.0,1.0,1.0
n2663,n6268,3,0.75,1.0,0.875
n2664,n9135,4,1.0,1.0,1.0
n2665,n10086,3,0.75,1.0,0.875
n2666,n10255,4,1.0,1.0,1.0
n2667,n187,4,1.0,1.0,1.0
n2668,n11364,4,1.0,1.0,1.0
n2669,n11797,4,1.0,1.0,1.0
n267,n2072,4,1.0,1.0,1.0
n2670,n6574,4,1.0,1.0,1.0
n2671,n10888,4,1.0,1.0,1.0
n2672,n13378,4,1.0,1.0,1.0
n2673,n13440,4,1.0,1.0,1.0
n2674,n13496,4,1.0,1.0,1.0
n2675,n8213,3,0.75,1.0,0.875
n2676,n10999,4,1.0,1.0,1.0
n2677,n13103,4,1.0,1.0,1.0
n2678,n2693,4,1.0,1.0,1.0
n2679,n10449,4,1.0,1.0,1.0
n268,n11718,4,1.0,1.0,1.0
n2680,n11244,4,1.0,1.0,1.0
n2681,n10245,4,1.0,1.0,1.0
n2682,n13500,4,1.0,1.0,1.0
n2683,n11269,4,1.0,1.0,1.0
n2684,n11294,4,1.0,1.0,1.0
n2685,n4199,4,1.0,1.0,1.0
n2686,n8343,3,0.75,1.0,0.875
n2687,n3365,4,1.0,1.0,1.0
n2688,n9017,4,1.0,1.0,1.0
n2689,n10280,4,1.0,1.0,1.0
n2689,n9428,4,1.0,1.0,1.0
n269,n12702,4,1.0,1.0,1.0
n2690,n13528,4,1.0,1.0,1.0
n2691,n3485,4,1.0,1.0,1.0
n2692,n12023,4,1.0,1.0,1.0
n2693,n10296,4,1.0,1.0,1.0
n2694,n2480,4,1.0,1.0,1.0
n2695,n5118,3,0.75,1.0,0.875
n2696,n10688,4,1.0,1.0,1.0
n2697,n10696,4,1.0,1.0,1.0
n2698,n12485,4,1.0,1.0,1.0
n2699,n5730,4,1.0,1.0,1.0
n27,n9284,4,1.0,1.0,1.0
n270,n10862,4,1.0,1.0,1.0
n2700,n5915,3,0.75,1.0,0.875
n2701,n6305,3,0.75,1.0,0.875
n2702,n10333,3,0.75,1.0,0.875
n2703,n6845,3,0.75,1.0,0.875
n2704,n7400,4,1.0,1.0,1.0
n2705,n14935,3,0.75,1.0,0.875
n2706,n15010,3,0.75,1.0,0.875
n2707,n10829,4,1.0,1.0,1.0
n2708,n10348,4,1.0,1.0,1.0
n2709,n13127,4,1.0,1.0,1.0
n271,n11792,4,1.0,1.0,1.0
n2710,n10365,3,0.75,1.0,0.875
n2711,n8373,4,1.0,1.0,1.0
n2712,n12568,4,1.0,1.0,1.0
n2713,n13319,3,0.75,1.0,0.875
n2714,n3740,4,1.0,1.0,1.0
n2715,n13387,4,1.0,1.0,1.0
n2716,n13402,4,1.0,1.0,1.0
n2717,n8608,4,1.0,1.0,1.0
n2718,n10380,4,1.0,1.0,1.0
n2719,n9277,3,0.75,1.0,0.875
n272,n851,4,1.0,1.0,1.0
n2720,n10972,3,0.75,1.0,0.875
n2721,n9565,3,0.75,1.0,0.875
n2722,n9687,3,0.75,1.0,0.875
n2723,n10409,4,1.0,1.0,1.0
n2724,n13861,3,0.75,1.0,0.875
n2725,n13899,4,1.0,1.0,1.0
n2726,n11070,4,1.0,1.0,1.0
n2727,n10338,4,1.0,1.0,1.0
n2728,n11087,4,1.0,1.0,1.0
n2729,n14008,4,1.0,1.0,1.0
n273,n11949,4,1.0,1.0,1.0
n2730,n14045,4,1.0,1.0,1.0
n2731,n11103,4,1.0,1.0,1.0
n2732,n10435,4,1.0,1.0,1.0
n2733,n11123,4,1.0,1.0,1.0
n2734,n10894,4,1.0,1.0,1.0
n2735,n13286,4,1.0,1.0,1.0
n2736,n13569,3,0.75,1.0,0.875
n2737,n182,3,0.75,1.0,0.875
n2738,n2648,4,1.0,1.0,1.0
n2739,n3337,4,1.0,1.0,1.0
n274,n854,4,1.0,1.0,1.0
n2740,n14244,4,1.0,1.0,1.0
n2741,n12026,4,1.0,1.0,1.0
n2742,n11201,4,1.0,1.0,1.0
n2743,n14616,4,1.0,1.0,1.0
n2744,n12320,3,0.75,1.0,0.875
n2745,n12541,4,1.0,1.0,1.0
n2746,n10457,4,1.0,1.0,1.0
n2747,n12963,3,0.75,1.0,0.875
n2748,n11247,4,1.0,1.0,1.0
n2749,n14938,4,1.0,1.0,1.0
n2749,n4740,4,1.0,1.0,1.0
n2749,n4741,4,1.0,1.0,1.0
n2749,n4742,4,1.0,1.0,1.0
n275,n11988,4,1.0,1.0,1.0
n2750,n10463,3,0.75,1.0,0.875
n2751,n13639,4,1.0,1.0,1.0
n2752,n11280,3,0.75,1.0,0.875
n2753,n10467,4,1.0,1.0,1.0
n2754,n15016,3,0.75,1.0,0.875
n2755,n15023,4,1.0,1.0,1.0
n2756,n13481,4,1.0,1.0,1.0
n2757,n11530,4,1.0,1.0,1.0
n2758,n14502,4,1.0,1.0,1.0
n2759,n5885,4,1.0,1.0,1.0
n276,n11520,4,1.0,1.0,1.0
n2760,n15332,3,0.75,1.0,0.875
n2761,n13390,3,0.75,1.0,0.875
n2762,n11351,4,1.0,1.0,1.0
n2763,n15255,4,1.0,1.0,1.0
n2764,n15525,4,1.0,1.0,1.0
n2765,n15046,4,1.0,1.0,1.0
n2766,n11406,4,1.0,1.0,1.0
n2767,n10490,4,1.0,1.0,1.0
n2768,n10492,4,1.0,1.0,1.0
n2769,n11425,4,1.0,1.0,1.0
n277,n12049,4,1.0,1.0,1.0
n2770,n11430,4,1.0,1.0,1.0
n2771,n11441,4,1.0,1.0,1.0
n2772,n1055,4,1.0,1.0,1.0
n2773,n1250,4,1.0,1.0,1.0
n2774,n1644,3,0.75,1.0,0.875
n2775,n13816,4,1.0,1.0,1.0
n2776,n1746,4,1.0,1.0,1.0
n2777,n11487,3,0.75,1.0,0.875
n2778,n593,4,1.0,1.0,1.0
n2779,n10531,4,1.0,1.0,1.0
n278,n15379,4,1.0,1.0,1.0
n2780,n3913,4,1.0,1.0,1.0
n2781,n11605,3,0.75,1.0,0.875
n2782,n2371,3,0.75,1.0,0.875
n2783,n4939,4,1.0,1.0,1.0
n2784,n8246,4,1.0,1.0,1.0
n2785,n5797,3,0.75,1.0,0.875
n2786,n5848,4,1.0,1.0,1.0
n2787,n10240,3,0.75,1.0,0.875
n2788,n11688,4,1.0,1.0,1.0
n2789,n11746,4,1.0,1.0,1.0
n2789,n2084,4,1.0,1.0,1.0
n279,n1232,4,1.0,1.0,1.0
n2790,n8345,4,1.0,1.0,1.0
n2791,n8380,4,1.0,1.0,1.0
n2792,n2118,4,1.0,1.0,1.0
n2793,n10565,4,1.0,1.0,1.0
n2794,n6038,4,1.0,1.0,1.0
n2795,n11839,4,1.0,1.0,1.0
n2796,n10436,3,0.75,1.0,0.875
n2797,n2784,4,1.0,1.0,1.0
n2798,n12990,3,0.75,1.0,0.875
n2799,n2919,4,1.0,1.0,1.0
n28,n254,4,1.0,1.0,1.0
n280,n8314,4,1.0,1.0,1.0
n2800,n10807,4,1.0,1.0,1.0
n2801,n3025,4,1.0,1.0,1.0
n2802,n847,4,1.0,1.0,1.0
n2803,n11614,4,1.0,1.0,1.0
n2804,n14613,4,1.0,1.0,1.0
n2805,n11953,4,1.0,1.0,1.0
n2806,n11961,4,1.0,1.0,1.0
n2807,n3358,3,0.75,1.0,0.875
n2808,n11981,3,0.75,1.0,0.875
n2809,n9735,3,0.75,1.0,0.875
n281,n868,4,1.0,1.0,1.0
n2810,n12015,4,1.0,1.0,1.0
n2811,n12018,4,1.0,1.0,1.0
n2812,n14222,4,1.0,1.0,1.0
n2813,n10619,4,1.0,1.0,1.0
n2814,n12059,4,1.0,1.0,1.0
n2815,n3863,4,1.0,1.0,1.0
n2816,n10638,3,0.75,1.0,0.875
n2817,n12146,4,1.0,1.0,1.0
n2818,n4633,3,0.75,1.0,0.875
n2819,n1378,3,0.75,1.0,0.875
n282,n4578,4,1.0,1.0,1.0
n2820,n12190,4,1.0,1.0,1.0
n2821,n1743,4,1.0,1.0,1.0
n2822,n10648,4,1.0,1.0,1.0
n2823,n2020,4,1.0,1.0,1.0
n2824,n5808,4,1.0,1.0,1.0
n2825,n9211,3,0.75,1.0,0.875
n2826,n12246,3,0.75,1.0,0.875
n2827,n9781,3,0.75,1.0,0.875
n2828,n12274,4,1.0,1.0,1.0
n2829,n10660,4,1.0,1.0,1.0
n283,n3232,4,1.0,1.0,1.0
n2830,n490,4,1.0,1.0,1.0
n2831,n10678,3,0.75,1.0,0.875
n2832,n12407,4,1.0,1.0,1.0
n2833,n3191,4,1.0,1.0,1.0
n2834,n3348,4,1.0,1.0,1.0
n2835,n10697,4,1.0,1.0,1.0
n2836,n12494,4,1.0,1.0,1.0
n2837,n5836,4,1.0,1.0,1.0
n2838,n10707,4,1.0,1.0,1.0
n2839,n8153,4,1.0,1.0,1.0
n284,n870,4,1.0,1.0,1.0
n2840,n7130,4,1.0,1.0,1.0
n2841,n12614,4,1.0,1.0,1.0
n2842,n12639,3,0.75,1.0,0.875
n2843,n393,4,1.0,1.0,1.0
n2844,n9879,3,0.75,1.0,0.875
n2845,n10868,4,1.0,1.0,1.0
n2846,n11748,4,1.0,1.0,1.0
n2847,n10759,4,1.0,1.0,1.0
n2848,n10761,4,1.0,1.0,1.0
n2849,n4056,4,1.0,1.0,1.0
n285,n3267,4,1.0,1.0,1.0
n2850,n6526,3,0.75,1.0,0.875
n2851,n10773,4,1.0,1.0,1.0
n2852,n6450,3,0.75,1.0,0.875
n2853,n10780,4,1.0,1.0,1.0
n2854,n9364,4,1.0,1.0,1.0
n2855,n10002,4,1.0,1.0,1.0
n2856,n6681,4,1.0,1.0,1.0
n2857,n6736,4,1.0,1.0,1.0
n2858,n6825,4,1.0,1.0,1.0
n2859,n8421,4,1.0,1.0,1.0
n286,n5982,4,1.0,1.0,1.0
n2860,n10713,4,1.0,1.0,1.0
n2861,n10820,3,0.75,1.0,0.875
n2862,n7584,3,0.75,1.0,0.875
n2863,n8567,1,0.25,1.0,0.625
n2864,n7731,4,1.0,1.0,1.0
n2865,n7860,3,0.75,1.0,0.875
n2866,n2792,4,1.0,1.0,1.0
n2867,n1221,4,1.0,1.0,1.0
n2868,n13157,4,1.0,1.0,1.0
n2869,n1607,3,0.75,1.0,0.875
n287,n5732,4,1.0,1.0,1.0
n2870,n15486,4,1.0,1.0,1.0
n2871,n2016,4,1.0,1.0,1.0
n2872,n8500,3,0.75,1.0,0.875
n2873,n10876,4,1.0,1.0,1.0
n2874,n5339,4,1.0,1.0,1.0
n2874,n5340,3,0.75,0.75,0.75
n2875,n13233,3,0.75,1.0,0.875
n2876,n8230,4,1.0,1.0,1.0
n2877,n2881,4,1.0,1.0,1.0
n2878,n10901,4,1.0,1.0,1.0
n2879,n8375,4,1.0,1.0,1.0
n288,n12677,4,1.0,1.0,1.0
n2880,n8341,3,0.75,1.0,0.875
n2881,n11831,4,1.0,1.0,1.0
n2882,n3684,4,1.0,1.0,1.0
n2883,n12161,4,1.0,1.0,1.0
n2884,n8477,3,0.75,1.0,0.875
n2885,n10915,3,0.75,1.0,0.875
n2886,n10918,4,1.0,1.0,1.0
n2887,n8532,4,1.0,1.0,1.0
n2888,n10301,4,1.0,1.0,1.0
n2889,n13436,4,1.0,1.0,1.0
n289,n880,4,1.0,1.0,1.0
n2890,n13442,4,1.0,1.0,1.0
n2891,n5070,4,1.0,1.0,1.0
n2892,n4525,3,0.75,1.0,0.875
n2893,n13462,3,0.75,1.0,0.875
n2894,n3144,4,1.0,1.0,1.0
n2895,n13499,4,1.0,1.0,1.0
n2896,n3553,4,1.0,1.0,1.0
n2897,n9130,3,0.75,1.0,0.875
n2898,n4079,4,1.0,1.0,1.0
n2899,n10959,3,0.75,1.0,0.875
n29,n260,4,1.0,1.0,1.0
n290,n6402,4,1.0,1.0,1.0
n2900,n13568,4,1.0,1.0,1.0
n2901,n6823,4,1.0,1.0,1.0
n2902,n13600,4,1.0,1.0,1.0
n2903,n9350,4,1.0,1.0,1.0
n2904,n1285,4,1.0,1.0,1.0
n2905,n2366,4,1.0,1.0,1.0
n2906,n2795,4,1.0,1.0,1.0
n2907,n13704,4,1.0,1.0,1.0
n2908,n9657,4,1.0,1.0,1.0
n2909,n4906,4,1.0,1.0,1.0
n2909,n9720,4,1.0,1.0,1.0
n291,n12754,4,1.0,1.0,1.0
n2910,n9028,4,1.0,1.0,1.0
n2911,n13768,4,1.0,1.0,1.0
n2912,n11026,4,1.0,1.0,1.0
n2913,n13921,4,1.0,1.0,1.0
n2914,n9923,3,0.75,1.0,0.875
n2915,n7500,4,1.0,1.0,1.0
n2916,n8032,4,1.0,1.0,1.0
n2916,n9970,4,1.0,1.0,1.0
n2917,n9728,4,1.0,1.0,1.0
n2918,n10082,3,0.75,1.0,0.875
n2919,n10969,4,1.0,1.0,1.0
n292,n12879,4,1.0,1.0,1.0
n2920,n10440,4,1.0,1.0,1.0
n2921,n11456,4,1.0,1.0,1.0
n2922,n10230,4,1.0,1.0,1.0
n2923,n12483,4,1.0,1.0,1.0
n2924,n10355,4,1.0,1.0,1.0
n2925,n13469,4,1.0,1.0,1.0
n2926,n13535,4,1.0,1.0,1.0
n2926,n9027,3,0.75,0.75,0.75
n2927,n14407,4,1.0,1.0,1.0
n2928,n11203,4,1.0,1.0,1.0
n2929,n14994,4,1.0,1.0,1.0
n293,n10755,4,1.0,1.0,1.0
n2930,n13979,4,1.0,1.0,1.0
n2931,n14012,4,1.0,1.0,1.0
n2932,n11599,4,1.0,1.0,1.0
n2933,n11867,4,1.0,1.0,1.0
n2934,n11109,4,1.0,1.0,1.0
n2935,n11110,4,1.0,1.0,1.0
n2936,n11128,4,1.0,1.0,1.0
n2937,n10326,4,1.0,1.0,1.0
n2938,n14207,4,1.0,1.0,1.0
n2939,n11141,3,0.75,1.0,0.875
n294,n887,3,0.75,1.0,0.875
n2940,n11081,4,1.0,1.0,1.0
n2941,n11147,4,1.0,1.0,1.0
n2942,n11217,4,1.0,1.0,1.0
n2943,n12618,4,1.0,1.0,1.0
n2944,n12641,4,1.0,1.0,1.0
n2945,n14275,4,1.0,1.0,1.0
n2946,n14983,3,0.75,1.0,0.875
n2947,n15277,4,1.0,1.0,1.0
n2948,n759,4,1.0,1.0,1.0
n2949,n1289,4,1.0,1.0,1.0
n295,n892,4,1.0,1.0,1.0
n2950,n11179,3,0.75,1.0,0.875
n2951,n11189,4,1.0,1.0,1.0
n2952,n15130,4,1.0,1.0,1.0
n2953,n524,4,1.0,1.0,1.0
n2954,n702,4,1.0,1.0,1.0
n2955,n11200,3,0.75,1.0,0.875
n2956,n11207,4,1.0,1.0,1.0
n2957,n14601,4,1.0,1.0,1.0
n2958,n4845,3,0.75,1.0,0.875
n2959,n862,4,1.0,1.0,1.0
n296,n893,3,0.75,1.0,0.875
n2960,n5319,4,1.0,1.0,1.0
n2961,n14702,4,1.0,1.0,1.0
n2962,n6378,4,1.0,1.0,1.0
n2963,n6438,4,1.0,1.0,1.0
n2964,n12613,4,1.0,1.0,1.0
n2965,n1859,4,1.0,1.0,1.0
n2966,n6542,4,1.0,1.0,1.0
n2967,n11239,4,1.0,1.0,1.0
n2968,n14766,3,0.75,1.0,0.875
n2969,n9962,4,1.0,1.0,1.0
n297,n894,3,0.75,1.0,0.875
n2970,n12971,4,1.0,1.0,1.0
n2971,n882,4,1.0,1.0,1.0
n2972,n4090,4,1.0,1.0,1.0
n2973,n8120,4,1.0,1.0,1.0
n2974,n13232,3,0.75,1.0,0.875
n2975,n2496,3,0.75,1.0,0.875
n2976,n4136,4,1.0,1.0,1.0
n2977,n13464,3,0.75,1.0,0.875
n2978,n14957,4,1.0,1.0,1.0
n2979,n11268,4,1.0,1.0,1.0
n298,n3111,4,1.0,1.0,1.0
n2980,n14965,4,1.0,1.0,1.0
n2981,n13594,4,1.0,1.0,1.0
n2982,n10166,3,0.75,1.0,0.875
n2983,n10320,3,0.75,1.0,0.875
n2984,n15040,4,1.0,1.0,1.0
n2985,n11288,4,1.0,1.0,1.0
n2986,n2124,4,1.0,1.0,1.0
n2987,n11290,4,1.0,1.0,1.0
n2988,n11291,4,1.0,1.0,1.0
n2989,n5181,4,1.0,1.0,1.0
n299,n7870,4,1.0,1.0,1.0
n2990,n12825,4,1.0,1.0,1.0
n2991,n10836,4,1.0,1.0,1.0
n2992,n13177,3,0.75,1.0,0.875
n2993,n15099,4,1.0,1.0,1.0
n2994,n220,4,1.0,1.0,1.0
n2995,n4384,3,0.75,1.0,0.875
n2996,n11329,4,1.0,1.0,1.0
n2997,n14876,3,0.75,1.0,0.875
n2998,n11332,4,1.0,1.0,1.0
n2999,n11333,4,1.0,1.0,1.0
n3,n5,4,1.0,1.0,1.0
n30,n85,4,1.0,1.0,1.0
n300,n13156,4,1.0,1.0,1.0
n3000,n9292,4,1.0,1.0,1.0
n3001,n13685,4,1.0,1.0,1.0
n3002,n14996,4,1.0,1.0,1.0
n3003,n11340,4,1.0,1.0,1.0
n3004,n14391,4,1.0,1.0,1.0
n3005,n15187,3,0.75,1.0,0.875
n3006,n15521,4,1.0,1.0,1.0
n3007,n15416,4,1.0,1.0,1.0
n3008,n14644,4,1.0,1.0,1.0
n3008,n15220,4,1.0,1.0,1.0
n3009,n11374,4,1.0,1.0,1.0
n301,n905,3,0.75,1.0,0.875
n3010,n15522,4,1.0,1.0,1.0
n3011,n215,4,1.0,1.0,1.0
n3012,n424,4,1.0,1.0,1.0
n3013,n1691,4,1.0,1.0,1.0
n3014,n1932,4,1.0,1.0,1.0
n3015,n706,4,1.0,1.0,1.0
n3016,n2786,4,1.0,1.0,1.0
n3017,n14759,4,1.0,1.0,1.0
n3018,n11411,4,1.0,1.0,1.0
n3019,n783,3,0.75,1.0,0.875
n302,n9254,3,0.75,1.0,0.875
n3020,n1241,4,1.0,1.0,1.0
n3021,n11415,4,1.0,1.0,1.0
n3022,n6944,4,1.0,1.0,1.0
n3023,n7119,4,1.0,1.0,1.0
n3024,n2204,4,1.0,1.0,1.0
n3025,n208,4,1.0,1.0,1.0
n3026,n746,4,1.0,1.0,1.0
n3027,n13111,4,1.0,1.0,1.0
n3028,n786,4,1.0,1.0,1.0
n3029,n3017,4,1.0,1.0,1.0
n303,n908,4,1.0,1.0,1.0
n3030,n272,4,1.0,1.0,1.0
n3031,n11438,4,1.0,1.0,1.0
n3032,n929,4,1.0,1.0,1.0
n3033,n225,4,1.0,1.0,1.0
n3034,n11451,4,1.0,1.0,1.0
n3035,n1052,4,1.0,1.0,1.0
n3036,n5473,3,0.75,1.0,0.875
n3037,n11473,3,0.75,1.0,0.875
n3038,n11529,4,1.0,1.0,1.0
n3039,n11475,4,1.0,1.0,1.0
n304,n909,4,1.0,1.0,1.0
n3040,n6680,4,1.0,1.0,1.0
n3041,n1601,4,1.0,1.0,1.0
n3042,n7466,4,1.0,1.0,1.0
n3043,n1155,4,1.0,1.0,1.0
n3044,n2034,4,1.0,1.0,1.0
n3045,n15562,4,1.0,1.0,1.0
n3045,n8484,4,1.0,1.0,1.0
n3046,n2164,3,0.75,1.0,0.875
n3047,n11498,4,1.0,1.0,1.0
n3048,n12848,4,1.0,1.0,1.0
n3049,n658,3,0.75,1.0,0.875
n305,n3251,4,1.0,1.0,1.0
n3050,n666,4,1.0,1.0,1.0
n3051,n671,4,1.0,1.0,1.0
n3052,n11510,3,0.75,1.0,0.875
n3053,n2624,4,1.0,1.0,1.0
n3054,n3842,4,1.0,1.0,1.0
n3055,n762,4,1.0,1.0,1.0
n3056,n82,3,0.75,1.0,0.875
n3057,n11536,4,1.0,1.0,1.0
n3058,n11541,4,1.0,1.0,1.0
n3058,n3097,4,1.0,1.0,1.0
n3059,n3160,4,1.0,1.0,1.0
n306,n13501,4,1.0,1.0,1.0
n3060,n4883,4,1.0,1.0,1.0
n3061,n5458,4,1.0,1.0,1.0
n3062,n12872,4,1.0,1.0,1.0
n3063,n13000,4,1.0,1.0,1.0
n3064,n910,4,1.0,1.0,1.0
n3065,n919,4,1.0,1.0,1.0
n3066,n13911,3,0.75,1.0,0.875
n3067,n10637,4,1.0,1.0,1.0
n3068,n11565,4,1.0,1.0,1.0
n3069,n958,4,1.0,1.0,1.0
n307,n920,4,1.0,1.0,1.0
n3070,n14578,4,1.0,1.0,1.0
n3071,n15546,4,1.0,1.0,1.0
n3072,n11588,4,1.0,1.0,1.0
n3073,n4772,4,1.0,1.0,1.0
n3074,n11602,3,0.75,1.0,0.875
n3075,n8461,3,0.75,1.0,0.875
n3076,n7012,4,1.0,1.0,1.0
n3077,n1186,3,0.75,1.0,0.875
n3078,n11873,4,1.0,1.0,1.0
n3079,n1259,3,0.75,1.0,0.875
n308,n3512,4,1.0,1.0,1.0
n3080,n11638,3,0.75,1.0,0.875
n3081,n3869,4,1.0,1.0,1.0
n3082,n794,4,1.0,1.0,1.0
n3083,n5167,4,1.0,1.0,1.0
n3084,n1332,4,1.0,1.0,1.0
n3085,n11649,4,1.0,1.0,1.0
n3086,n2356,4,1.0,1.0,1.0
n3087,n12646,3,0.75,1.0,0.875
n3088,n1428,4,1.0,1.0,1.0
n3089,n6556,4,1.0,1.0,1.0
n309,n6883,4,1.0,1.0,1.0
n3090,n1469,4,1.0,1.0,1.0
n3091,n3169,4,1.0,1.0,1.0
n3092,n6188,2,0.5,1.0,0.75
n3093,n6559,3,0.75,1.0,0.875
n3094,n11694,4,1.0,1.0,1.0
n3095,n14685,3,0.75,1.0,0.875
n3096,n14735,4,1.0,1.0,1.0
n3097,n15027,4,1.0,1.0,1.0
n3098,n15285,4,1.0,1.0,1.0
n3099,n15156,4,1.0,1.0,1.0
n31,n900,3,0.75,1.0,0.875
n310,n13930,4,1.0,1.0,1.0
n3100,n525,4,1.0,1.0,1.0
n3101,n1847,4,1.0,1.0,1.0
n3101,n660,4,1.0,1.0,1.0
n3102,n7787,4,1.0,1.0,1.0
n3103,n3969,3,0.75,1.0,0.875
n3104,n11738,4,1.0,1.0,1.0
n3105,n1475,3,0.75,1.0,0.875
n3106,n6830,3,0.75,1.0,0.875
n3107,n6981,4,1.0,1.0,1.0
n3108,n3170,4,1.0,1.0,1.0
n3109,n1983,4,1.0,1.0,1.0
n311,n13645,4,1.0,1.0,1.0
n3110,n8223,4,1.0,1.0,1.0
n3111,n3076,4,1.0,1.0,1.0
n3112,n2132,4,1.0,1.0,1.0
n3113,n2963,4,1.0,1.0,1.0
n3114,n8759,4,1.0,1.0,1.0
n3115,n11787,3,0.75,1.0,0.875
n3116,n6501,4,1.0,1.0,1.0
n3117,n2336,4,1.0,1.0,1.0
n3118,n9215,4,1.0,1.0,1.0
n3119,n8077,3,0.75,1.0,0.875
n312,n14231,4,1.0,1.0,1.0
n3120,n8313,3,0.75,1.0,0.875
n3121,n6446,4,1.0,1.0,1.0
n3122,n11826,4,1.0,1.0,1.0
n3123,n9920,4,1.0,1.0,1.0
n3124,n11837,4,1.0,1.0,1.0
n3125,n2682,4,1.0,1.0,1.0
n3126,n10680,4,1.0,1.0,1.0
n3127,n2734,4,1.0,1.0,1.0
n3128,n8054,4,1.0,1.0,1.0
n3129,n10936,4,1.0,1.0,1.0
n313,n14916,4,1.0,1.0,1.0
n3130,n11887,4,1.0,1.0,1.0
n3131,n11276,4,1.0,1.0,1.0
n3132,n11012,4,1.0,1.0,1.0
n3133,n2997,3,0.75,1.0,0.875
n3134,n11900,4,1.0,1.0,1.0
n3135,n1619,4,1.0,1.0,1.0
n3136,n8835,4,1.0,1.0,1.0
n3137,n11647,4,1.0,1.0,1.0
n3138,n11929,4,1.0,1.0,1.0
n3139,n3151,4,1.0,1.0,1.0
n314,n13712,4,1.0,1.0,1.0
n3140,n11931,4,1.0,1.0,1.0
n3141,n11932,4,1.0,1.0,1.0
n3142,n7372,4,1.0,1.0,1.0
n3143,n11943,4,1.0,1.0,1.0
n3144,n3890,4,1.0,1.0,1.0
n3145,n11950,4,1.0,1.0,1.0
n3146,n11952,4,1.0,1.0,1.0
n3147,n12231,3,0.75,1.0,0.875
n3148,n3226,4,1.0,1.0,1.0
n3149,n12244,4,1.0,1.0,1.0
n315,n14300,4,1.0,1.0,1.0
n315,n15193,3,0.75,0.75,0.75
n3150,n12250,3,0.75,1.0,0.875
n3151,n5041,4,1.0,1.0,1.0
n3152,n12675,4,1.0,1.0,1.0
n3153,n3327,4,1.0,1.0,1.0
n3154,n9388,3,0.75,1.0,0.875
n3155,n7259,4,1.0,1.0,1.0
n3156,n11980,4,1.0,1.0,1.0
n3157,n14852,4,1.0,1.0,1.0
n3158,n877,4,1.0,1.0,1.0
n3159,n329,4,1.0,1.0,1.0
n316,n15230,4,1.0,1.0,1.0
n3160,n3402,4,1.0,1.0,1.0
n3161,n11986,3,0.75,1.0,0.875
n3162,n13429,4,1.0,1.0,1.0
n3163,n6472,4,1.0,1.0,1.0
n3164,n9095,4,1.0,1.0,1.0
n3165,n9988,4,1.0,1.0,1.0
n3166,n13857,3,0.75,1.0,0.875
n3167,n13915,4,1.0,1.0,1.0
n3168,n14122,4,1.0,1.0,1.0
n3169,n12014,4,1.0,1.0,1.0
n317,n11330,4,1.0,1.0,1.0
n3170,n14174,4,1.0,1.0,1.0
n3171,n3607,4,1.0,1.0,1.0
n3172,n3622,4,1.0,1.0,1.0
n3173,n11313,4,1.0,1.0,1.0
n3174,n203,4,1.0,1.0,1.0
n3175,n14475,4,1.0,1.0,1.0
n3176,n3682,4,1.0,1.0,1.0
n3177,n12047,4,1.0,1.0,1.0
n3178,n14665,4,1.0,1.0,1.0
n3179,n12048,3,0.75,1.0,0.875
n318,n11384,3,0.75,1.0,0.875
n3180,n14276,4,1.0,1.0,1.0
n3181,n8810,4,1.0,1.0,1.0
n3182,n12061,4,1.0,1.0,1.0
n3183,n11501,4,1.0,1.0,1.0
n3184,n1481,3,0.75,1.0,0.875
n3185,n3027,4,1.0,1.0,1.0
n3186,n3959,3,0.75,1.0,0.875
n3187,n3825,4,1.0,1.0,1.0
n3188,n15331,4,1.0,1.0,1.0
n3189,n11392,4,1.0,1.0,1.0
n3189,n14331,4,1.0,1.0,1.0
n319,n956,3,0.75,1.0,0.875
n3190,n3888,4,1.0,1.0,1.0
n3191,n15365,4,1.0,1.0,1.0
n3192,n12097,4,1.0,1.0,1.0
n3193,n77,4,1.0,1.0,1.0
n3194,n1102,4,1.0,1.0,1.0
n3195,n146,4,1.0,1.0,1.0
n3196,n168,4,1.0,1.0,1.0
n3197,n106,4,1.0,1.0,1.0
n3198,n4064,3,0.75,1.0,0.875
n3199,n10700,3,0.75,1.0,0.875
n32,n305,4,1.0,1.0,1.0
n320,n11583,4,1.0,1.0,1.0
n3200,n12131,4,1.0,1.0,1.0
n3201,n267,4,1.0,1.0,1.0
n3203,n11416,4,1.0,1.0,1.0
n3204,n1110,3,0.75,1.0,0.875
n3205,n4464,4,1.0,1.0,1.0
n3206,n3106,3,0.75,1.0,0.875
n3207,n6849,4,1.0,1.0,1.0
n3208,n6138,4,1.0,1.0,1.0
n3209,n6975,3,0.75,1.0,0.875
n321,n8816,4,1.0,1.0,1.0
n3210,n12183,4,1.0,1.0,1.0
n3211,n10601,3,0.75,1.0,0.875
n3212,n13090,4,1.0,1.0,1.0
n3212,n7377,4,1.0,1.0,1.0
n3213,n13257,4,1.0,1.0,1.0
n3214,n1766,4,1.0,1.0,1.0
n3215,n7655,4,1.0,1.0,1.0
n3216,n4405,4,1.0,1.0,1.0
n3217,n1922,4,1.0,1.0,1.0
n3218,n12210,4,1.0,1.0,1.0
n3219,n4429,4,1.0,1.0,1.0
n322,n11784,4,1.0,1.0,1.0
n322,n3667,4,1.0,1.0,1.0
n3220,n12212,3,0.75,1.0,0.875
n3221,n12215,4,1.0,1.0,1.0
n3222,n14062,4,1.0,1.0,1.0
n3223,n4471,3,0.75,1.0,0.875
n3224,n5652,3,0.75,1.0,0.875
n3225,n5770,4,1.0,1.0,1.0
n3226,n9263,4,1.0,1.0,1.0
n3227,n4543,3,0.75,1.0,0.875
n3228,n2332,4,1.0,1.0,1.0
n3229,n7204,4,1.0,1.0,1.0
n323,n962,4,1.0,1.0,1.0
n3230,n4613,4,1.0,1.0,1.0
n3231,n4619,4,1.0,1.0,1.0
n3232,n2745,4,1.0,1.0,1.0
n3233,n2783,4,1.0,1.0,1.0
n3234,n10718,4,1.0,1.0,1.0
n3235,n12283,4,1.0,1.0,1.0
n3236,n7134,4,1.0,1.0,1.0
n3237,n3116,4,1.0,1.0,1.0
n3238,n4821,4,1.0,1.0,1.0
n3239,n12385,4,1.0,1.0,1.0
n324,n14454,4,1.0,1.0,1.0
n3240,n4887,4,1.0,1.0,1.0
n3241,n3430,3,0.75,1.0,0.875
n3241,n8362,3,0.75,1.0,0.875
n3242,n8779,4,1.0,1.0,1.0
n3243,n3463,4,1.0,1.0,1.0
n3244,n7233,3,0.75,1.0,0.875
n3245,n10004,4,1.0,1.0,1.0
n3246,n13837,3,0.75,1.0,0.875
n3247,n3540,4,1.0,1.0,1.0
n3248,n6665,4,1.0,1.0,1.0
n3249,n14946,3,0.75,1.0,0.875
n325,n3005,3,0.75,1.0,0.875
n3250,n12360,4,1.0,1.0,1.0
n3251,n12361,4,1.0,1.0,1.0
n3252,n617,4,1.0,1.0,1.0
n3253,n3651,4,1.0,1.0,1.0
n3254,n12375,4,1.0,1.0,1.0
n3255,n4114,4,1.0,1.0,1.0
n3256,n5411,4,1.0,1.0,1.0
n3257,n4227,4,1.0,1.0,1.0
n3258,n5729,4,1.0,1.0,1.0
n3259,n5188,4,1.0,1.0,1.0
n326,n3681,4,1.0,1.0,1.0
n3260,n5203,4,1.0,1.0,1.0
n3261,n4496,4,1.0,1.0,1.0
n3262,n4890,4,1.0,1.0,1.0
n3263,n5994,3,0.75,1.0,0.875
n3264,n6717,4,1.0,1.0,1.0
n3265,n9756,4,1.0,1.0,1.0
n3266,n12960,4,1.0,1.0,1.0
n3267,n12424,4,1.0,1.0,1.0
n3267,n14701,4,1.0,1.0,1.0
n3268,n3367,4,1.0,1.0,1.0
n3269,n3502,4,1.0,1.0,1.0
n327,n12942,3,0.75,1.0,0.875
n3270,n10922,4,1.0,1.0,1.0
n3271,n5402,4,1.0,1.0,1.0
n3272,n12469,3,0.75,1.0,0.875
n3273,n2324,4,1.0,1.0,1.0
n3274,n9450,4,1.0,1.0,1.0
n3275,n9758,4,1.0,1.0,1.0
n3276,n5460,4,1.0,1.0,1.0
n3277,n12508,4,1.0,1.0,1.0
n3278,n5583,4,1.0,1.0,1.0
n3279,n5868,4,1.0,1.0,1.0
n328,n5727,3,0.75,1.0,0.875
n3280,n8270,4,1.0,1.0,1.0
n3281,n7183,3,0.75,1.0,0.875
n3282,n12534,3,0.75,1.0,0.875
n3283,n7315,3,0.75,1.0,0.875
n3284,n7556,4,1.0,1.0,1.0
n3285,n10511,4,1.0,1.0,1.0
n3286,n400,3,0.75,1.0,0.875
n3287,n11511,4,1.0,1.0,1.0
n3288,n3252,4,1.0,1.0,1.0
n3289,n5734,4,1.0,1.0,1.0
n329,n14807,4,1.0,1.0,1.0
n3290,n5736,4,1.0,1.0,1.0
n3291,n12558,3,0.75,1.0,0.875
n3292,n12429,4,1.0,1.0,1.0
n3293,n12582,4,1.0,1.0,1.0
n3294,n5862,4,1.0,1.0,1.0
n3295,n6804,4,1.0,1.0,1.0
n3296,n6992,3,0.75,1.0,0.875
n3297,n6994,4,1.0,1.0,1.0
n3298,n13612,4,1.0,1.0,1.0
n3299,n7007,3,0.75,1.0,0.875
n33,n911,3,0.75,1.0,0.875
n330,n984,4,1.0,1.0,1.0
n3300,n7077,3,0.75,1.0,0.875
n3301,n10204,4,1.0,1.0,1.0
n3302,n10539,4,1.0,1.0,1.0
n3303,n10775,3,0.75,1.0,0.875
n3304,n14448,4,1.0,1.0,1.0
n3305,n5569,4,1.0,1.0,1.0
n3306,n12622,4,1.0,1.0,1.0
n3307,n8755,4,1.0,1.0,1.0
n3308,n14971,4,1.0,1.0,1.0
n3309,n15041,4,1.0,1.0,1.0
n331,n3772,4,1.0,1.0,1.0
n3310,n12640,4,1.0,1.0,1.0
n3311,n15309,4,1.0,1.0,1.0
n3312,n6084,4,1.0,1.0,1.0
n3313,n1028,4,1.0,1.0,1.0
n3314,n5679,3,0.75,1.0,0.875
n3315,n5346,4,1.0,1.0,1.0
n3316,n12665,4,1.0,1.0,1.0
n3317,n5451,3,0.75,1.0,0.875
n3318,n6301,4,1.0,1.0,1.0
n3319,n12686,3,0.75,1.0,0.875
n332,n10202,4,1.0,1.0,1.0
n3320,n11409,4,1.0,1.0,1.0
n3321,n1502,3,0.75,1.0,0.875
n3322,n6881,4,1.0,1.0,1.0
n3323,n10885,4,1.0,1.0,1.0
n3324,n4181,3,0.75,1.0,0.875
n3325,n6507,4,1.0,1.0,1.0
n3326,n8096,3,0.75,1.0,0.875
n3327,n6511,4,1.0,1.0,1.0
n3328,n12765,4,1.0,1.0,1.0
n3329,n12768,4,1.0,1.0,1.0
n333,n10536,3,0.75,1.0,0.875
n3330,n5179,4,1.0,1.0,1.0
n3331,n12467,3,0.75,1.0,0.875
n3332,n7507,4,1.0,1.0,1.0
n3333,n6674,4,1.0,1.0,1.0
n3334,n12682,3,0.75,1.0,0.875
n3335,n12713,4,1.0,1.0,1.0
n3336,n6413,4,1.0,1.0,1.0
n3337,n12808,4,1.0,1.0,1.0
n3338,n12821,4,1.0,1.0,1.0
n3339,n6744,4,1.0,1.0,1.0
n334,n1002,4,1.0,1.0,1.0
n3340,n7189,3,0.75,1.0,0.875
n3341,n7292,4,1.0,1.0,1.0
n3342,n12829,4,1.0,1.0,1.0
n3343,n14907,4,1.0,1.0,1.0
n3344,n685,4,1.0,1.0,1.0
n3345,n3295,4,1.0,1.0,1.0
n3346,n6920,3,0.75,1.0,0.875
n3347,n8740,4,1.0,1.0,1.0
n3348,n13565,4,1.0,1.0,1.0
n3348,n13566,4,1.0,1.0,1.0
n3349,n13599,3,0.75,1.0,0.875
n335,n11652,4,1.0,1.0,1.0
n3350,n7147,4,1.0,1.0,1.0
n3351,n7049,4,1.0,1.0,1.0
n3352,n8140,4,1.0,1.0,1.0
n3353,n9084,4,1.0,1.0,1.0
n3354,n14206,4,1.0,1.0,1.0
n3355,n14251,4,1.0,1.0,1.0
n3356,n7244,4,1.0,1.0,1.0
n3357,n11808,3,0.75,1.0,0.875
n3358,n2816,3,0.75,1.0,0.875
n3359,n7334,4,1.0,1.0,1.0
n336,n14464,3,0.75,1.0,0.875
n3360,n12973,4,1.0,1.0,1.0
n3361,n12609,4,1.0,1.0,1.0
n3362,n12859,4,1.0,1.0,1.0
n3363,n12983,3,0.75,1.0,0.875
n3364,n14906,4,1.0,1.0,1.0
n3365,n13003,4,1.0,1.0,1.0
n3366,n7412,4,1.0,1.0,1.0
n3367,n13561,4,1.0,1.0,1.0
n3368,n13007,4,1.0,1.0,1.0
n3369,n13008,4,1.0,1.0,1.0
n337,n4823,4,1.0,1.0,1.0
n3370,n13012,4,1.0,1.0,1.0
n3371,n13020,4,1.0,1.0,1.0
n3372,n13022,4,1.0,1.0,1.0
n3373,n12531,4,1.0,1.0,1.0
n3374,n7459,4,1.0,1.0,1.0
n3375,n15443,4,1.0,1.0,1.0
n3376,n6076,4,1.0,1.0,1.0
n3377,n14743,4,1.0,1.0,1.0
n3378,n13040,4,1.0,1.0,1.0
n3379,n13220,4,1.0,1.0,1.0
n338,n3827,4,1.0,1.0,1.0
n3380,n15210,4,1.0,1.0,1.0
n3380,n15480,4,1.0,1.0,1.0
n3381,n7583,4,1.0,1.0,1.0
n3382,n129,3,0.75,1.0,0.875
n3383,n13067,4,1.0,1.0,1.0
n3384,n280,4,1.0,1.0,1.0
n3385,n13086,4,1.0,1.0,1.0
n3386,n425,4,1.0,1.0,1.0
n3387,n7499,4,1.0,1.0,1.0
n3388,n158,4,1.0,1.0,1.0
n3389,n440,3,0.75,1.0,0.875
n339,n15326,3,0.75,1.0,0.875
n3390,n574,4,1.0,1.0,1.0
n3391,n9546,4,1.0,1.0,1.0
n3392,n2514,4,1.0,1.0,1.0
n3393,n2687,4,1.0,1.0,1.0
n3394,n754,4,1.0,1.0,1.0
n3395,n12792,4,1.0,1.0,1.0
n3396,n13097,4,1.0,1.0,1.0
n3397,n904,4,1.0,1.0,1.0
n3398,n13134,4,1.0,1.0,1.0
n3399,n4021,4,1.0,1.0,1.0
n34,n10256,4,1.0,1.0,1.0
n340,n1022,4,1.0,1.0,1.0
n3400,n4950,4,1.0,1.0,1.0
n3401,n7872,4,1.0,1.0,1.0
n3402,n14469,4,1.0,1.0,1.0
n3403,n1283,4,1.0,1.0,1.0
n3404,n7894,4,1.0,1.0,1.0
n3405,n1337,4,1.0,1.0,1.0
n3406,n7906,3,0.75,1.0,0.875
n3407,n7925,4,1.0,1.0,1.0
n3408,n6423,4,1.0,1.0,1.0
n3409,n6040,3,0.75,1.0,0.875
n341,n15473,4,1.0,1.0,1.0
n3410,n1217,4,1.0,1.0,1.0
n3411,n13170,3,0.75,1.0,0.875
n3411,n4155,3,0.75,1.0,0.875
n3412,n7961,3,0.75,1.0,0.875
n3413,n5011,4,1.0,1.0,1.0
n3414,n7989,4,1.0,1.0,1.0
n3415,n1816,4,1.0,1.0,1.0
n3416,n1657,3,0.75,1.0,0.875
n3417,n1867,4,1.0,1.0,1.0
n3418,n1869,4,1.0,1.0,1.0
n3419,n8037,4,1.0,1.0,1.0
n342,n417,4,1.0,1.0,1.0
n3420,n13210,4,1.0,1.0,1.0
n3421,n2378,4,1.0,1.0,1.0
n3422,n2383,4,1.0,1.0,1.0
n3423,n9527,4,1.0,1.0,1.0
n3424,n13272,4,1.0,1.0,1.0
n3425,n2782,3,0.75,1.0,0.875
n3426,n2895,4,1.0,1.0,1.0
n3427,n8312,3,0.75,1.0,0.875
n3428,n11286,4,1.0,1.0,1.0
n3429,n8363,4,1.0,1.0,1.0
n343,n112,4,1.0,1.0,1.0
n3430,n12271,3,0.75,1.0,0.875
n3431,n3308,4,1.0,1.0,1.0
n3432,n3333,4,1.0,1.0,1.0
n3433,n13322,4,1.0,1.0,1.0
n3434,n563,4,1.0,1.0,1.0
n3435,n7726,4,1.0,1.0,1.0
n3436,n13662,3,0.75,1.0,0.875
n3437,n13805,4,1.0,1.0,1.0
n3438,n11470,4,1.0,1.0,1.0
n3439,n10738,4,1.0,1.0,1.0
n344,n385,4,1.0,1.0,1.0
n3440,n8455,3,0.75,1.0,0.875
n3441,n13391,4,1.0,1.0,1.0
n3442,n14138,4,1.0,1.0,1.0
n3443,n13361,4,1.0,1.0,1.0
n3444,n15569,4,1.0,1.0,1.0
n3445,n8490,4,1.0,1.0,1.0
n3446,n15284,4,1.0,1.0,1.0
n3447,n13389,3,0.75,1.0,0.875
n3448,n4201,4,1.0,1.0,1.0
n3449,n8551,4,1.0,1.0,1.0
n345,n1032,3,0.75,1.0,0.875
n3450,n13327,4,1.0,1.0,1.0
n3451,n1877,4,1.0,1.0,1.0
n3451,n976,4,1.0,1.0,1.0
n3452,n4575,4,1.0,1.0,1.0
n3453,n10500,4,1.0,1.0,1.0
n3454,n11563,4,1.0,1.0,1.0
n3455,n8700,4,1.0,1.0,1.0
n3456,n4884,4,1.0,1.0,1.0
n3457,n13450,4,1.0,1.0,1.0
n3458,n6229,3,0.75,1.0,0.875
n3459,n8786,3,0.75,1.0,0.875
n346,n161,4,1.0,1.0,1.0
n3460,n5365,4,1.0,1.0,1.0
n3461,n4913,3,0.75,1.0,0.875
n3462,n5720,3,0.75,1.0,0.875
n3463,n13553,4,1.0,1.0,1.0
n3464,n8906,4,1.0,1.0,1.0
n3465,n9939,4,1.0,1.0,1.0
n3466,n4209,4,1.0,1.0,1.0
n3467,n5278,4,1.0,1.0,1.0
n3468,n13058,4,1.0,1.0,1.0
n3469,n13514,4,1.0,1.0,1.0
n347,n1885,4,1.0,1.0,1.0
n3470,n8981,4,1.0,1.0,1.0
n3471,n7059,4,1.0,1.0,1.0
n3471,n9840,4,1.0,1.0,1.0
n3472,n10227,3,0.75,1.0,0.875
n3473,n11007,4,1.0,1.0,1.0
n3474,n13553,4,1.0,1.0,1.0
n3475,n2054,3,0.75,1.0,0.875
n3476,n6207,3,0.75,1.0,0.875
n3477,n13547,3,0.75,1.0,0.875
n3478,n6251,4,1.0,1.0,1.0
n3479,n6347,4,1.0,1.0,1.0
n348,n2766,4,1.0,1.0,1.0
n3480,n9109,4,1.0,1.0,1.0
n3481,n12333,4,1.0,1.0,1.0
n3482,n9196,4,1.0,1.0,1.0
n3483,n9273,4,1.0,1.0,1.0
n3484,n9274,4,1.0,1.0,1.0
n3485,n13614,4,1.0,1.0,1.0
n3486,n14742,4,1.0,1.0,1.0
n3487,n13615,4,1.0,1.0,1.0
n3488,n14457,3,0.75,1.0,0.875
n3489,n7505,4,1.0,1.0,1.0
n349,n2803,4,1.0,1.0,1.0
n3490,n15091,4,1.0,1.0,1.0
n3491,n15440,3,0.75,1.0,0.875
n3492,n7589,4,1.0,1.0,1.0
n3493,n728,3,0.75,1.0,0.875
n3494,n850,4,1.0,1.0,1.0
n3495,n907,4,1.0,1.0,1.0
n3496,n2208,4,1.0,1.0,1.0
n3497,n4507,4,1.0,1.0,1.0
n3498,n13659,3,0.75,1.0,0.875
n3499,n3336,4,1.0,1.0,1.0
n35,n13989,4,1.0,1.0,1.0
n350,n2991,4,1.0,1.0,1.0
n350,n3961,4,1.0,1.0,1.0
n3500,n7739,3,0.75,1.0,0.875
n3501,n9506,3,0.75,1.0,0.875
n3502,n9508,4,1.0,1.0,1.0
n3503,n8244,4,1.0,1.0,1.0
n3504,n8123,4,1.0,1.0,1.0
n3505,n6227,4,1.0,1.0,1.0
n3506,n7027,4,1.0,1.0,1.0
n3507,n9599,4,1.0,1.0,1.0
n3508,n9583,3,0.75,1.0,0.875
n3509,n8279,4,1.0,1.0,1.0
n351,n264,4,1.0,1.0,1.0
n3510,n9598,4,1.0,1.0,1.0
n3511,n10994,4,1.0,1.0,1.0
n3512,n8330,4,1.0,1.0,1.0
n3513,n3204,3,0.75,1.0,0.875
n3514,n10305,4,1.0,1.0,1.0
n3515,n716,4,1.0,1.0,1.0
n3516,n4450,4,1.0,1.0,1.0
n3517,n4731,4,1.0,1.0,1.0
n3518,n5232,3,0.75,1.0,0.875
n3519,n13748,4,1.0,1.0,1.0
n352,n3982,4,1.0,1.0,1.0
n3520,n9760,4,1.0,1.0,1.0
n3521,n5323,4,1.0,1.0,1.0
n3522,n12851,3,0.75,1.0,0.875
n3523,n7061,3,0.75,1.0,0.875
n3524,n14850,4,1.0,1.0,1.0
n3525,n15150,4,1.0,1.0,1.0
n3526,n9810,3,0.75,1.0,0.875
n3527,n10911,4,1.0,1.0,1.0
n3528,n9294,4,1.0,1.0,1.0
n3529,n7692,4,1.0,1.0,1.0
n353,n3997,4,1.0,1.0,1.0
n3530,n2071,4,1.0,1.0,1.0
n3531,n9582,3,0.75,1.0,0.875
n3532,n10027,3,0.75,1.0,0.875
n3533,n13839,3,0.75,1.0,0.875
n3534,n13854,4,1.0,1.0,1.0
n3535,n13855,4,1.0,1.0,1.0
n3536,n9412,4,1.0,1.0,1.0
n3537,n8049,3,0.75,1.0,0.875
n3538,n10115,4,1.0,1.0,1.0
n3539,n9557,4,1.0,1.0,1.0
n354,n5699,4,1.0,1.0,1.0
n3540,n9831,4,1.0,1.0,1.0
n3541,n10388,4,1.0,1.0,1.0
n3542,n10184,4,1.0,1.0,1.0
n3543,n11317,4,1.0,1.0,1.0
n3543,n11318,4,1.0,1.0,1.0
n3543,n15205,4,1.0,1.0,1.0
n3544,n10220,4,1.0,1.0,1.0
n3545,n10896,3,0.75,1.0,0.875
n3546,n10424,4,1.0,1.0,1.0
n3547,n14517,4,1.0,1.0,1.0
n3548,n13910,4,1.0,1.0,1.0
n3549,n14034,4,1.0,1.0,1.0
n355,n792,4,1.0,1.0,1.0
n3550,n13916,3,0.75,1.0,0.875
n3551,n10509,4,1.0,1.0,1.0
n3552,n10276,4,1.0,1.0,1.0
n3553,n10291,4,1.0,1.0,1.0
n3554,n12180,3,0.75,1.0,0.875
n3555,n13467,4,1.0,1.0,1.0
n3556,n8874,3,0.75,1.0,0.875
n3557,n13622,3,0.75,1.0,0.875
n3558,n10975,4,1.0,1.0,1.0
n3559,n9468,3,0.75,1.0,0.875
n356,n3178,4,1.0,1.0,1.0
n3560,n11007,4,1.0,1.0,1.0
n3561,n11066,3,0.75,1.0,0.875
n3562,n10423,4,1.0,1.0,1.0
n3563,n11838,4,1.0,1.0,1.0
n3564,n14577,4,1.0,1.0,1.0
n3565,n10477,4,1.0,1.0,1.0
n3566,n13985,4,1.0,1.0,1.0
n3567,n177,4,1.0,1.0,1.0
n3568,n13993,4,1.0,1.0,1.0
n3569,n437,4,1.0,1.0,1.0
n357,n1075,4,1.0,1.0,1.0
n3570,n11561,4,1.0,1.0,1.0
n3571,n14011,4,1.0,1.0,1.0
n3572,n9150,4,1.0,1.0,1.0
n3573,n14033,4,1.0,1.0,1.0
n3574,n10597,4,1.0,1.0,1.0
n3575,n12203,4,1.0,1.0,1.0
n3576,n3377,4,1.0,1.0,1.0
n3577,n7802,4,1.0,1.0,1.0
n3578,n14042,3,0.75,1.0,0.875
n3579,n10617,4,1.0,1.0,1.0
n358,n3972,4,1.0,1.0,1.0
n3580,n10618,4,1.0,1.0,1.0
n3581,n10627,4,1.0,1.0,1.0
n3582,n14056,3,0.75,1.0,0.875
n3583,n12202,4,1.0,1.0,1.0
n3584,n14059,4,1.0,1.0,1.0
n3585,n10724,4,1.0,1.0,1.0
n3586,n6751,4,1.0,1.0,1.0
n3587,n14108,4,1.0,1.0,1.0
n3588,n10840,3,0.75,1.0,0.875
n3589,n573,3,0.75,1.0,0.875
n359,n4025,4,1.0,1.0,1.0
n3590,n653,4,1.0,1.0,1.0
n3591,n14128,3,0.75,1.0,0.875
n3592,n14130,4,1.0,1.0,1.0
n3593,n2212,4,1.0,1.0,1.0
n3594,n2616,4,1.0,1.0,1.0
n3595,n10899,4,1.0,1.0,1.0
n3596,n14148,4,1.0,1.0,1.0
n3597,n14150,4,1.0,1.0,1.0
n3598,n10930,4,1.0,1.0,1.0
n3599,n8696,4,1.0,1.0,1.0
n36,n10789,3,0.75,1.0,0.875
n360,n2679,4,1.0,1.0,1.0
n3600,n6041,4,1.0,1.0,1.0
n3601,n6822,4,1.0,1.0,1.0
n3602,n9409,4,1.0,1.0,1.0
n3603,n1357,4,1.0,1.0,1.0
n3604,n9518,4,1.0,1.0,1.0
n3605,n2936,4,1.0,1.0,1.0
n3606,n13718,4,1.0,1.0,1.0
n3607,n13721,4,1.0,1.0,1.0
n3608,n13796,4,1.0,1.0,1.0
n3609,n11045,4,1.0,1.0,1.0
n361,n1082,4,1.0,1.0,1.0
n3610,n9689,3,0.75,1.0,0.875
n3611,n15396,4,1.0,1.0,1.0
n3612,n13509,4,1.0,1.0,1.0
n3613,n14215,4,1.0,1.0,1.0
n3614,n14317,4,1.0,1.0,1.0
n3615,n295,4,1.0,1.0,1.0
n3616,n14379,4,1.0,1.0,1.0
n3617,n1376,4,1.0,1.0,1.0
n3618,n11184,4,1.0,1.0,1.0
n3619,n11860,3,0.75,1.0,0.875
n362,n1084,4,1.0,1.0,1.0
n3620,n1114,3,0.75,1.0,0.875
n3621,n1266,4,1.0,1.0,1.0
n3622,n12336,4,1.0,1.0,1.0
n3623,n12931,4,1.0,1.0,1.0
n3624,n7594,4,1.0,1.0,1.0
n3625,n14879,4,1.0,1.0,1.0
n3626,n9792,4,1.0,1.0,1.0
n3627,n11281,4,1.0,1.0,1.0
n3628,n1457,4,1.0,1.0,1.0
n3629,n11312,4,1.0,1.0,1.0
n363,n1825,4,1.0,1.0,1.0
n3630,n15189,4,1.0,1.0,1.0
n3631,n14305,3,0.75,1.0,0.875
n3632,n15385,4,1.0,1.0,1.0
n3633,n36,3,0.75,1.0,0.875
n3634,n1282,4,1.0,1.0,1.0
n3635,n1338,4,1.0,1.0,1.0
n3636,n11467,3,0.75,1.0,0.875
n3637,n13345,4,1.0,1.0,1.0
n3638,n14349,4,1.0,1.0,1.0
n3639,n10984,4,1.0,1.0,1.0
n364,n4585,4,1.0,1.0,1.0
n3640,n11258,3,0.75,1.0,0.875
n3641,n13297,3,0.75,1.0,0.875
n3642,n11725,4,1.0,1.0,1.0
n3643,n13130,4,1.0,1.0,1.0
n3644,n14383,4,1.0,1.0,1.0
n3645,n15126,4,1.0,1.0,1.0
n3646,n14388,4,1.0,1.0,1.0
n3647,n11594,4,1.0,1.0,1.0
n3648,n4567,4,1.0,1.0,1.0
n3649,n4638,4,1.0,1.0,1.0
n365,n4812,4,1.0,1.0,1.0
n3650,n11626,4,1.0,1.0,1.0
n3651,n11535,4,1.0,1.0,1.0
n3652,n14401,4,1.0,1.0,1.0
n3653,n5572,4,1.0,1.0,1.0
n3654,n14405,4,1.0,1.0,1.0
n3655,n6477,3,0.75,1.0,0.875
n3656,n14409,3,0.75,1.0,0.875
n3657,n7260,4,1.0,1.0,1.0
n3658,n14412,4,1.0,1.0,1.0
n3659,n8556,4,1.0,1.0,1.0
n366,n4195,4,1.0,1.0,1.0
n3660,n7549,4,1.0,1.0,1.0
n3661,n14428,4,1.0,1.0,1.0
n3662,n11722,4,1.0,1.0,1.0
n3663,n173,4,1.0,1.0,1.0
n3664,n1446,4,1.0,1.0,1.0
n3665,n11763,4,1.0,1.0,1.0
n3666,n14444,3,0.75,1.0,0.875
n3667,n5702,4,1.0,1.0,1.0
n3668,n14455,3,0.75,1.0,0.875
n3669,n9474,4,1.0,1.0,1.0
n367,n4766,4,1.0,1.0,1.0
n3670,n14461,4,1.0,1.0,1.0
n3671,n2888,4,1.0,1.0,1.0
n3672,n11872,4,1.0,1.0,1.0
n3673,n9935,4,1.0,1.0,1.0
n3674,n2929,4,1.0,1.0,1.0
n3675,n14484,4,1.0,1.0,1.0
n3676,n1617,4,1.0,1.0,1.0
n3677,n11919,3,0.75,1.0,0.875
n3678,n2703,3,0.75,1.0,0.875
n3679,n11937,4,1.0,1.0,1.0
n368,n5472,4,1.0,1.0,1.0
n3680,n3918,4,1.0,1.0,1.0
n3681,n14495,4,1.0,1.0,1.0
n3682,n12247,4,1.0,1.0,1.0
n3683,n3249,3,0.75,1.0,0.875
n3684,n14515,4,1.0,1.0,1.0
n3685,n14516,4,1.0,1.0,1.0
n3686,n3380,4,1.0,1.0,1.0
n3687,n3399,4,1.0,1.0,1.0
n3688,n14520,4,1.0,1.0,1.0
n3689,n14208,4,1.0,1.0,1.0
n369,n4242,4,1.0,1.0,1.0
n3690,n14540,4,1.0,1.0,1.0
n3691,n14541,4,1.0,1.0,1.0
n3692,n1413,3,0.75,1.0,0.875
n3693,n14584,4,1.0,1.0,1.0
n3694,n14589,4,1.0,1.0,1.0
n3695,n1933,3,0.75,1.0,0.875
n3696,n2015,4,1.0,1.0,1.0
n3697,n4472,4,1.0,1.0,1.0
n3698,n5027,4,1.0,1.0,1.0
n3699,n5509,3,0.75,1.0,0.875
n37,n101,4,1.0,1.0,1.0
n370,n5764,3,0.75,1.0,0.875
n3700,n2285,4,1.0,1.0,1.0
n3701,n4545,4,1.0,1.0,1.0
n3702,n9571,4,1.0,1.0,1.0
n3703,n14605,3,0.75,1.0,0.875
n3704,n10336,4,1.0,1.0,1.0
n3705,n10603,4,1.0,1.0,1.0
n3706,n3284,4,1.0,1.0,1.0
n3707,n5020,4,1.0,1.0,1.0
n3708,n14915,4,1.0,1.0,1.0
n3709,n3202,4,1.0,1.0,1.0
n371,n6854,4,1.0,1.0,1.0
n3710,n14643,4,1.0,1.0,1.0
n3711,n2506,4,1.0,1.0,1.0
n3712,n12425,4,1.0,1.0,1.0
n3713,n14668,4,1.0,1.0,1.0
n3714,n2807,3,0.75,1.0,0.875
n3715,n5455,3,0.75,1.0,0.875
n3716,n5501,4,1.0,1.0,1.0
n3717,n5506,4,1.0,1.0,1.0
n3718,n12528,3,0.75,1.0,0.875
n3719,n14955,4,1.0,1.0,1.0
n372,n5995,3,0.75,1.0,0.875
n3720,n6052,3,0.75,1.0,0.875
n3721,n7168,3,0.75,1.0,0.875
n3722,n14722,4,1.0,1.0,1.0
n3723,n14726,4,1.0,1.0,1.0
n3724,n14204,4,1.0,1.0,1.0
n3725,n6086,4,1.0,1.0,1.0
n3726,n1009,4,1.0,1.0,1.0
n3726,n11576,4,1.0,1.0,1.0
n3727,n12715,4,1.0,1.0,1.0
n3728,n14755,4,1.0,1.0,1.0
n3729,n6893,3,0.75,1.0,0.875
n373,n4279,4,1.0,1.0,1.0
n3730,n12944,4,1.0,1.0,1.0
n3731,n11691,4,1.0,1.0,1.0
n3732,n11875,4,1.0,1.0,1.0
n3733,n14833,4,1.0,1.0,1.0
n3734,n12986,4,1.0,1.0,1.0
n3735,n15227,4,1.0,1.0,1.0
n3736,n7552,4,1.0,1.0,1.0
n3737,n14851,4,1.0,1.0,1.0
n3738,n331,4,1.0,1.0,1.0
n3739,n13084,4,1.0,1.0,1.0
n374,n1120,4,1.0,1.0,1.0
n374,n12604,3,0.75,0.75,0.75
n3740,n14868,4,1.0,1.0,1.0
n3741,n7797,4,1.0,1.0,1.0
n3742,n14874,4,1.0,1.0,1.0
n3743,n14875,4,1.0,1.0,1.0
n3744,n4618,4,1.0,1.0,1.0
n3745,n7998,4,1.0,1.0,1.0
n3746,n13190,3,0.75,1.0,0.875
n3747,n8144,4,1.0,1.0,1.0
n3748,n9747,4,1.0,1.0,1.0
n3749,n12007,3,0.75,1.0,0.875
n375,n4319,4,1.0,1.0,1.0
n3750,n8284,3,0.75,1.0,0.875
n3751,n4308,4,1.0,1.0,1.0
n3752,n11150,3,0.75,1.0,0.875
n3753,n3263,3,0.75,1.0,0.875
n3754,n13438,4,1.0,1.0,1.0
n3755,n5153,4,1.0,1.0,1.0
n3756,n13458,4,1.0,1.0,1.0
n3757,n2154,4,1.0,1.0,1.0
n3758,n13474,4,1.0,1.0,1.0
n3759,n5689,3,0.75,1.0,0.875
n376,n7020,4,1.0,1.0,1.0
n3760,n6171,4,1.0,1.0,1.0
n3761,n6286,3,0.75,1.0,0.875
n3762,n14960,4,1.0,1.0,1.0
n3763,n13560,4,1.0,1.0,1.0
n3764,n2579,4,1.0,1.0,1.0
n3765,n9626,4,1.0,1.0,1.0
n3766,n8452,4,1.0,1.0,1.0
n3767,n94,4,1.0,1.0,1.0
n3768,n4977,3,0.75,1.0,0.875
n3769,n13747,4,1.0,1.0,1.0
n377,n1133,3,0.75,1.0,0.875
n3770,n6083,3,0.75,1.0,0.875
n3771,n9005,4,1.0,1.0,1.0
n3772,n9200,4,1.0,1.0,1.0
n3773,n15015,3,0.75,1.0,0.875
n3774,n9777,4,1.0,1.0,1.0
n3775,n10265,4,1.0,1.0,1.0
n3776,n670,3,0.75,1.0,0.875
n3777,n15054,4,1.0,1.0,1.0
n3778,n15057,4,1.0,1.0,1.0
n3779,n12657,4,1.0,1.0,1.0
n378,n1145,3,0.75,1.0,0.875
n3780,n6365,3,0.75,1.0,0.875
n3781,n10767,4,1.0,1.0,1.0
n3782,n8299,3,0.75,1.0,0.875
n3783,n7939,4,1.0,1.0,1.0
n3784,n15083,4,1.0,1.0,1.0
n3785,n9343,4,1.0,1.0,1.0
n3786,n13961,3,0.75,1.0,0.875
n3787,n10604,4,1.0,1.0,1.0
n3788,n15089,4,1.0,1.0,1.0
n3789,n11254,4,1.0,1.0,1.0
n379,n1152,4,1.0,1.0,1.0
n3790,n14230,4,1.0,1.0,1.0
n3791,n14232,4,1.0,1.0,1.0
n3792,n11195,4,1.0,1.0,1.0
n3793,n14302,4,1.0,1.0,1.0
n3794,n15021,4,1.0,1.0,1.0
n3795,n38,4,1.0,1.0,1.0
n3796,n170,4,1.0,1.0,1.0
n3797,n212,4,1.0,1.0,1.0
n3798,n14335,4,1.0,1.0,1.0
n3799,n952,4,1.0,1.0,1.0
n38,n11786,4,1.0,1.0,1.0
n38,n321,4,1.0,1.0,1.0
n38,n322,4,1.0,1.0,1.0
n38,n961,4,1.0,1.0,1.0
n380,n4462,4,1.0,1.0,1.0
n3800,n2068,4,1.0,1.0,1.0
n3801,n3313,4,1.0,1.0,1.0
n3802,n14229,4,1.0,1.0,1.0
n3803,n11568,4,1.0,1.0,1.0
n3804,n14387,4,1.0,1.0,1.0
n3805,n1071,4,1.0,1.0,1.0
n3806,n15142,3,0.75,1.0,0.875
n3807,n15149,4,1.0,1.0,1.0
n3808,n8164,4,1.0,1.0,1.0
n3809,n4336,4,1.0,1.0,1.0
n381,n9090,4,1.0,1.0,1.0
n3810,n10581,4,1.0,1.0,1.0
n3811,n15174,4,1.0,1.0,1.0
n3812,n11958,4,1.0,1.0,1.0
n3813,n15178,4,1.0,1.0,1.0
n3814,n3396,4,1.0,1.0,1.0
n3815,n14545,4,1.0,1.0,1.0
n3816,n15299,3,0.75,1.0,0.875
n3817,n15460,3,0.75,1.0,0.875
n3818,n15200,4,1.0,1.0,1.0
n3818,n3906,4,1.0,1.0,1.0
n3819,n12114,4,1.0,1.0,1.0
n382,n5929,3,0.75,1.0,0.875
n3820,n778,4,1.0,1.0,1.0
n3821,n12211,4,1.0,1.0,1.0
n3822,n9378,4,1.0,1.0,1.0
n3823,n12580,4,1.0,1.0,1.0
n3824,n4983,4,1.0,1.0,1.0
n3825,n3847,4,1.0,1.0,1.0
n3826,n12397,4,1.0,1.0,1.0
n3827,n15224,4,1.0,1.0,1.0
n3827,n4938,4,1.0,1.0,1.0
n3828,n15226,4,1.0,1.0,1.0
n3829,n14674,4,1.0,1.0,1.0
n383,n13041,3,0.75,1.0,0.875
n3830,n6348,4,1.0,1.0,1.0
n3831,n14699,4,1.0,1.0,1.0
n3832,n15243,4,1.0,1.0,1.0
n3833,n5883,4,1.0,1.0,1.0
n3834,n12595,4,1.0,1.0,1.0
n3835,n6014,4,1.0,1.0,1.0
n3836,n14724,4,1.0,1.0,1.0
n3837,n12703,4,1.0,1.0,1.0
n3838,n4549,3,0.75,1.0,0.875
n3839,n15263,4,1.0,1.0,1.0
n384,n2710,3,0.75,1.0,0.875
n3840,n14146,3,0.75,1.0,0.875
n3841,n14287,3,0.75,1.0,0.875
n3842,n11639,4,1.0,1.0,1.0
n3843,n12959,4,1.0,1.0,1.0
n3844,n12995,4,1.0,1.0,1.0
n3845,n15291,4,1.0,1.0,1.0
n3846,n15306,4,1.0,1.0,1.0
n3847,n15308,4,1.0,1.0,1.0
n3848,n1180,4,1.0,1.0,1.0
n3849,n2231,3,0.75,1.0,0.875
n385,n2751,4,1.0,1.0,1.0
n3850,n15342,4,1.0,1.0,1.0
n3851,n15343,4,1.0,1.0,1.0
n3852,n12395,4,1.0,1.0,1.0
n3853,n15036,4,1.0,1.0,1.0
n3854,n5548,4,1.0,1.0,1.0
n3855,n9139,4,1.0,1.0,1.0
n3856,n9979,4,1.0,1.0,1.0
n3857,n9320,3,0.75,1.0,0.875
n3858,n15381,3,0.75,1.0,0.875
n3859,n15030,4,1.0,1.0,1.0
n386,n10543,4,1.0,1.0,1.0
n3860,n10349,4,1.0,1.0,1.0
n3861,n15393,4,1.0,1.0,1.0
n3862,n2789,4,1.0,1.0,1.0
n3863,n15411,4,1.0,1.0,1.0
n3864,n13516,3,0.75,1.0,0.875
n3865,n14614,3,0.75,1.0,0.875
n3866,n997,4,1.0,1.0,1.0
n3867,n15444,4,1.0,1.0,1.0
n3868,n1629,4,1.0,1.0,1.0
n3869,n3051,4,1.0,1.0,1.0
n387,n2823,4,1.0,1.0,1.0
n3870,n15465,4,1.0,1.0,1.0
n3871,n15537,4,1.0,1.0,1.0
n3872,n15201,4,1.0,1.0,1.0
n3873,n12252,4,1.0,1.0,1.0
n3874,n3765,4,1.0,1.0,1.0
n3875,n15216,4,1.0,1.0,1.0
n3876,n4986,3,0.75,1.0,0.875
n3877,n5607,4,1.0,1.0,1.0
n3878,n5838,4,1.0,1.0,1.0
n3879,n12951,4,1.0,1.0,1.0
n388,n8987,3,0.75,1.0,0.875
n3880,n14855,4,1.0,1.0,1.0
n3881,n15511,4,1.0,1.0,1.0
n3882,n13300,4,1.0,1.0,1.0
n3883,n4851,4,1.0,1.0,1.0
n3884,n15028,4,1.0,1.0,1.0
n3885,n10499,4,1.0,1.0,1.0
n3886,n12080,4,1.0,1.0,1.0
n3887,n15530,3,0.75,1.0,0.875
n3888,n14618,4,1.0,1.0,1.0
n3889,n15118,4,1.0,1.0,1.0
n389,n1230,4,1.0,1.0,1.0
n3890,n15131,4,1.0,1.0,1.0
n3891,n821,4,1.0,1.0,1.0
n3892,n15453,4,1.0,1.0,1.0
n3893,n15545,3,0.75,1.0,0.875
n3894,n3780,3,0.75,1.0,0.875
n3895,n12519,4,1.0,1.0,1.0
n3896,n12738,4,1.0,1.0,1.0
n3897,n13078,4,1.0,1.0,1.0
n3898,n15518,4,1.0,1.0,1.0
n3899,n14021,4,1.0,1.0,1.0
n39,n15103,4,1.0,1.0,1.0
n390,n11878,4,1.0,1.0,1.0
n390,n3128,4,1.0,1.0,1.0
n3900,n15092,4,1.0,1.0,1.0
n3901,n15567,3,0.75,1.0,0.875
n3902,n14549,4,1.0,1.0,1.0
n3902,n15200,4,1.0,1.0,1.0
n3903,n15578,4,1.0,1.0,1.0
n3903,n15579,4,1.0,1.0,1.0
n3904,n13060,4,1.0,1.0,1.0
n3905,n15515,4,1.0,1.0,1.0
n3906,n14883,4,1.0,1.0,1.0
n3906,n15324,4,1.0,1.0,1.0
n3907,n15560,3,0.75,1.0,0.875
n3908,n15447,4,1.0,1.0,1.0
n3909,n13,4,1.0,1.0,1.0
n391,n364,4,1.0,1.0,1.0
n3910,n8,4,1.0,1.0,1.0
n3911,n1427,4,1.0,1.0,1.0
n3912,n102,4,1.0,1.0,1.0
n3913,n323,4,1.0,1.0,1.0
n3913,n324,4,1.0,1.0,1.0
n3914,n113,4,1.0,1.0,1.0
n3915,n50,4,1.0,1.0,1.0
n3916,n123,4,1.0,1.0,1.0
n3917,n392,4,1.0,1.0,1.0
n3918,n1380,4,1.0,1.0,1.0
n3919,n6161,4,1.0,1.0,1.0
n392,n12421,4,1.0,1.0,1.0
n3920,n150,4,1.0,1.0,1.0
n3921,n633,4,1.0,1.0,1.0
n3922,n7889,4,1.0,1.0,1.0
n3923,n13600,4,1.0,1.0,1.0
n3924,n11449,4,1.0,1.0,1.0
n3925,n3189,4,1.0,1.0,1.0
n3926,n89,4,1.0,1.0,1.0
n3927,n291,4,1.0,1.0,1.0
n3928,n97,4,1.0,1.0,1.0
n3929,n307,4,1.0,1.0,1.0
n393,n1248,4,1.0,1.0,1.0
n393,n12581,4,1.0,1.0,1.0
n3930,n105,4,1.0,1.0,1.0
n3931,n14398,3,0.75,1.0,0.875
n3932,n15570,3,0.75,0.75,0.75
n3932,n15588,4,1.0,1.0,1.0
n3933,n343,4,1.0,1.0,1.0
n3934,n366,4,1.0,1.0,1.0
n3935,n120,4,1.0,1.0,1.0
n3936,n1476,4,1.0,1.0,1.0
n3937,n1207,3,0.75,1.0,0.875
n3938,n1305,4,1.0,1.0,1.0
n3939,n3387,4,1.0,1.0,1.0
n394,n7200,4,1.0,1.0,1.0
n3940,n6343,4,1.0,1.0,1.0
n3941,n147,4,1.0,1.0,1.0
n3942,n152,4,1.0,1.0,1.0
n3943,n12881,4,1.0,1.0,1.0
n3944,n7097,4,1.0,1.0,1.0
n3945,n1918,4,1.0,1.0,1.0
n3946,n578,4,1.0,1.0,1.0
n3947,n11129,4,1.0,1.0,1.0
n3948,n191,4,1.0,1.0,1.0
n3949,n11918,3,0.75,1.0,0.875
n395,n3494,4,1.0,1.0,1.0
n3950,n193,3,0.75,1.0,0.875
n3951,n13832,4,1.0,1.0,1.0
n3952,n708,4,1.0,1.0,1.0
n3953,n749,4,1.0,1.0,1.0
n3954,n10966,4,1.0,1.0,1.0
n3955,n2902,4,1.0,1.0,1.0
n3956,n9900,4,1.0,1.0,1.0
n3957,n10407,4,1.0,1.0,1.0
n3958,n2937,4,1.0,1.0,1.0
n3959,n14385,3,0.75,1.0,0.875
n396,n4930,4,1.0,1.0,1.0
n3960,n2976,4,1.0,1.0,1.0
n3961,n248,4,1.0,1.0,1.0
n3962,n6050,4,1.0,1.0,1.0
n3963,n1513,1,0.25,0.3333333333333333,0.29166666666666663
n3963,n263,2,0.5,0.6666666666666666,0.5833333333333333
n3964,n6770,4,1.0,1.0,1.0
n3965,n292,4,1.0,1.0,1.0
n3966,n3348,4,1.0,1.0,1.0
n3967,n13062,4,1.0,1.0,1.0
n3968,n1381,4,1.0,1.0,1.0
n3969,n4020,3,0.75,1.0,0.875
n397,n9662,4,1.0,1.0,1.0
n3970,n13466,4,1.0,1.0,1.0
n3971,n13710,4,1.0,1.0,1.0
n3972,n8492,4,1.0,1.0,1.0
n3973,n3567,4,1.0,1.0,1.0
n3974,n943,4,1.0,1.0,1.0
n3975,n10979,4,1.0,1.0,1.0
n3976,n972,3,0.75,1.0,0.875
n3977,n974,4,1.0,1.0,1.0
n3978,n982,3,0.75,1.0,0.875
n3979,n8431,4,1.0,1.0,1.0
n398,n10379,4,1.0,1.0,1.0
n3980,n1004,3,0.75,1.0,0.875
n3981,n336,3,0.75,1.0,0.875
n3982,n1045,4,1.0,1.0,1.0
n3983,n360,4,1.0,1.0,1.0
n3984,n4211,4,1.0,1.0,1.0
n3985,n2565,4,1.0,1.0,1.0
n3986,n2931,4,1.0,1.0,1.0
n3987,n1315,4,1.0,1.0,1.0
n3988,n390,4,1.0,1.0,1.0
n3989,n13203,4,1.0,1.0,1.0
n399,n11977,4,1.0,1.0,1.0
n3990,n394,4,1.0,1.0,1.0
n3991,n1297,4,1.0,1.0,1.0
n3992,n4132,4,1.0,1.0,1.0
n3993,n415,4,1.0,1.0,1.0
n3994,n433,4,1.0,1.0,1.0
n3995,n6010,4,1.0,1.0,1.0
n3996,n14952,4,1.0,1.0,1.0
n3997,n9477,4,1.0,1.0,1.0
n3998,n5806,3,0.75,1.0,0.875
n3999,n6654,3,0.75,1.0,0.875
n4,n99,4,1.0,1.0,1.0
n40,n3795,4,1.0,1.0,1.0
n400,n12083,3,0.75,1.0,0.875
n4000,n12888,4,1.0,1.0,1.0
n4000,n447,4,1.0,1.0,1.0
n4001,n454,3,0.75,1.0,0.875
n4002,n6054,4,1.0,1.0,1.0
n4003,n14496,4,1.0,1.0,1.0
n4004,n1220,4,1.0,1.0,1.0
n4005,n1559,4,1.0,1.0,1.0
n4006,n1568,3,0.75,1.0,0.875
n4007,n6626,4,1.0,1.0,1.0
n4008,n7469,4,1.0,1.0,1.0
n4009,n12647,4,1.0,1.0,1.0
n401,n12105,3,0.75,1.0,0.875
n4010,n12730,4,1.0,1.0,1.0
n4011,n7544,4,1.0,1.0,1.0
n4012,n1672,3,0.75,1.0,0.875
n4013,n1676,4,1.0,1.0,1.0
n4014,n508,3,0.75,1.0,0.875
n4015,n10453,4,1.0,1.0,1.0
n4016,n7489,4,1.0,1.0,1.0
n4017,n2035,4,1.0,1.0,1.0
n4018,n697,3,0.75,1.0,0.875
n4019,n1015,4,1.0,1.0,1.0
n402,n12463,4,1.0,1.0,1.0
n4020,n1963,3,0.75,1.0,0.875
n4021,n8102,4,1.0,1.0,1.0
n4022,n8114,4,1.0,1.0,1.0
n4022,n8651,3,0.75,0.75,0.75
n4023,n8152,3,0.75,1.0,0.875
n4024,n583,4,1.0,1.0,1.0
n4025,n598,4,1.0,1.0,1.0
n4026,n600,4,1.0,1.0,1.0
n4027,n2129,4,1.0,1.0,1.0
n4027,n8529,4,1.0,1.0,1.0
n4028,n8534,4,1.0,1.0,1.0
n4029,n8557,4,1.0,1.0,1.0
n403,n6270,4,1.0,1.0,1.0
n4030,n2181,4,1.0,1.0,1.0
n4031,n2192,4,1.0,1.0,1.0
n4032,n2251,4,1.0,1.0,1.0
n4033,n15213,4,1.0,1.0,1.0
n4034,n637,4,1.0,1.0,1.0
n4035,n8456,4,1.0,1.0,1.0
n4036,n12036,4,1.0,1.0,1.0
n4037,n647,3,0.75,1.0,0.875
n4038,n12999,3,0.75,1.0,0.875
n4039,n2346,4,1.0,1.0,1.0
n404,n1281,4,1.0,1.0,1.0
n4040,n13135,4,1.0,1.0,1.0
n4041,n9229,4,1.0,1.0,1.0
n4042,n6980,4,1.0,1.0,1.0
n4043,n528,4,1.0,1.0,1.0
n4044,n673,3,0.75,1.0,0.875
n4045,n14498,4,1.0,1.0,1.0
n4046,n9650,4,1.0,1.0,1.0
n4047,n6169,4,1.0,1.0,1.0
n4048,n5860,4,1.0,1.0,1.0
n4049,n2557,4,1.0,1.0,1.0
n405,n3805,4,1.0,1.0,1.0
n4050,n2559,3,0.75,1.0,0.875
n4051,n699,3,0.75,1.0,0.875
n4052,n7154,4,1.0,1.0,1.0
n4053,n8929,4,1.0,1.0,1.0
n4054,n9418,4,1.0,1.0,1.0
n4055,n10156,4,1.0,1.0,1.0
n4056,n717,4,1.0,1.0,1.0
n4057,n10239,4,1.0,1.0,1.0
n4058,n11270,4,1.0,1.0,1.0
n4059,n730,4,1.0,1.0,1.0
n406,n14524,4,1.0,1.0,1.0
n4060,n10330,4,1.0,1.0,1.0
n4061,n8203,3,0.75,1.0,0.875
n4062,n15318,3,0.75,1.0,0.875
n4063,n742,4,1.0,1.0,1.0
n4064,n3425,3,0.75,1.0,0.875
n4065,n11802,4,1.0,1.0,1.0
n4066,n10577,4,1.0,1.0,1.0
n4067,n2488,4,1.0,1.0,1.0
n4068,n3150,3,0.75,1.0,0.875
n4069,n12420,4,1.0,1.0,1.0
n407,n5033,4,1.0,1.0,1.0
n4070,n10643,4,1.0,1.0,1.0
n4071,n10913,4,1.0,1.0,1.0
n4071,n3733,4,1.0,1.0,1.0
n4072,n13709,4,1.0,1.0,1.0
n4073,n11107,4,1.0,1.0,1.0
n4074,n11123,4,1.0,1.0,1.0
n4075,n11206,4,1.0,1.0,1.0
n4076,n11234,4,1.0,1.0,1.0
n4077,n2994,4,1.0,1.0,1.0
n4078,n98,4,1.0,1.0,1.0
n4079,n367,4,1.0,1.0,1.0
n408,n1286,4,1.0,1.0,1.0
n4080,n811,3,0.75,1.0,0.875
n4081,n11554,4,1.0,1.0,1.0
n4082,n1118,4,1.0,1.0,1.0
n4083,n11780,4,1.0,1.0,1.0
n4084,n11809,4,1.0,1.0,1.0
n4085,n3152,4,1.0,1.0,1.0
n4086,n864,4,1.0,1.0,1.0
n4087,n6649,4,1.0,1.0,1.0
n4088,n7031,4,1.0,1.0,1.0
n4089,n2504,4,1.0,1.0,1.0
n409,n1061,4,1.0,1.0,1.0
n4090,n12034,4,1.0,1.0,1.0
n4091,n8075,4,1.0,1.0,1.0
n4092,n14313,4,1.0,1.0,1.0
n4093,n32,4,1.0,1.0,1.0
n4094,n131,4,1.0,1.0,1.0
n4095,n601,4,1.0,1.0,1.0
n4096,n11627,4,1.0,1.0,1.0
n4097,n8578,4,1.0,1.0,1.0
n4098,n2226,4,1.0,1.0,1.0
n4099,n13454,4,1.0,1.0,1.0
n41,n3801,4,1.0,1.0,1.0
n410,n4162,3,0.75,1.0,0.875
n4100,n3482,4,1.0,1.0,1.0
n4101,n3542,4,1.0,1.0,1.0
n4102,n14370,4,1.0,1.0,1.0
n4103,n4233,4,1.0,1.0,1.0
n4104,n6369,4,1.0,1.0,1.0
n4105,n14928,4,1.0,1.0,1.0
n4106,n1020,4,1.0,1.0,1.0
n4107,n965,4,1.0,1.0,1.0
n4108,n5299,4,1.0,1.0,1.0
n4109,n14776,4,1.0,1.0,1.0
n411,n1299,4,1.0,1.0,1.0
n4110,n12820,4,1.0,1.0,1.0
n4111,n6982,4,1.0,1.0,1.0
n4112,n8012,4,1.0,1.0,1.0
n4113,n5088,4,1.0,1.0,1.0
n4114,n9164,4,1.0,1.0,1.0
n4115,n3841,3,0.75,1.0,0.875
n4116,n15478,4,1.0,1.0,1.0
n4117,n3885,4,1.0,1.0,1.0
n4118,n155,4,1.0,1.0,1.0
n4119,n14438,3,0.75,1.0,0.875
n412,n4778,4,1.0,1.0,1.0
n4120,n2149,4,1.0,1.0,1.0
n4121,n2240,4,1.0,1.0,1.0
n4122,n636,4,1.0,1.0,1.0
n4123,n4039,4,1.0,1.0,1.0
n4124,n4040,4,1.0,1.0,1.0
n4125,n9220,4,1.0,1.0,1.0
n4126,n2429,4,1.0,1.0,1.0
n4127,n4059,4,1.0,1.0,1.0
n4128,n4068,3,0.75,1.0,0.875
n4129,n2901,4,1.0,1.0,1.0
n413,n1301,4,1.0,1.0,1.0
n4130,n1065,4,1.0,1.0,1.0
n4131,n3539,4,1.0,1.0,1.0
n4132,n12740,4,1.0,1.0,1.0
n4133,n15356,4,1.0,1.0,1.0
n4134,n1087,4,1.0,1.0,1.0
n4135,n8432,4,1.0,1.0,1.0
n4136,n1157,4,1.0,1.0,1.0
n4137,n11655,4,1.0,1.0,1.0
n4138,n1090,4,1.0,1.0,1.0
n4139,n4930,4,1.0,1.0,1.0
n414,n1306,4,1.0,1.0,1.0
n4140,n14423,4,1.0,1.0,1.0
n4141,n4239,4,1.0,1.0,1.0
n4142,n1632,4,1.0,1.0,1.0
n4143,n1097,3,0.75,1.0,0.875
n4144,n1098,3,0.75,1.0,0.875
n4145,n4253,4,1.0,1.0,1.0
n4146,n4257,4,1.0,1.0,1.0
n4147,n1468,3,0.75,1.0,0.875
n4148,n4263,4,1.0,1.0,1.0
n4149,n1115,3,0.75,1.0,0.875
n415,n4267,4,1.0,1.0,1.0
n4150,n6265,4,1.0,1.0,1.0
n4151,n12921,4,1.0,1.0,1.0
n4152,n4339,4,1.0,1.0,1.0
n4153,n7207,4,1.0,1.0,1.0
n4154,n7393,4,1.0,1.0,1.0
n4155,n1137,3,0.75,1.0,0.875
n4156,n1846,3,0.75,1.0,0.875
n4157,n1149,3,0.75,1.0,0.875
n4158,n4434,4,1.0,1.0,1.0
n4159,n4446,4,1.0,1.0,1.0
n416,n1781,4,1.0,1.0,1.0
n4160,n8447,4,1.0,1.0,1.0
n4161,n4720,3,0.75,1.0,0.875
n4162,n4495,3,0.75,1.0,0.875
n4163,n2217,3,0.75,1.0,0.875
n4164,n6631,3,0.75,1.0,0.875
n4165,n6659,3,0.75,1.0,0.875
n4166,n1174,4,1.0,1.0,1.0
n4167,n1177,4,1.0,1.0,1.0
n4168,n1178,4,1.0,1.0,1.0
n4169,n2989,4,1.0,1.0,1.0
n417,n5176,4,1.0,1.0,1.0
n4170,n9695,4,1.0,1.0,1.0
n4171,n6334,3,0.75,1.0,0.875
n4172,n1194,3,0.75,1.0,0.875
n4173,n10804,4,1.0,1.0,1.0
n4173,n1196,3,0.75,0.75,0.75
n4174,n4677,3,0.75,1.0,0.875
n4175,n10234,3,0.75,1.0,0.875
n4176,n14075,3,0.75,1.0,0.875
n4177,n1205,4,1.0,1.0,1.0
n4178,n10671,4,1.0,1.0,1.0
n4179,n1218,4,1.0,1.0,1.0
n418,n1832,4,1.0,1.0,1.0
n4180,n4760,4,1.0,1.0,1.0
n4181,n11156,3,0.75,1.0,0.875
n4182,n14569,4,1.0,1.0,1.0
n4183,n4770,3,0.75,1.0,0.875
n4184,n3131,4,1.0,1.0,1.0
n4185,n1235,4,1.0,1.0,1.0
n4186,n3199,3,0.75,1.0,0.875
n4187,n1240,4,1.0,1.0,1.0
n4188,n1777,4,1.0,1.0,1.0
n4189,n378,3,0.75,1.0,0.875
n419,n1320,3,0.75,1.0,0.875
n4190,n1258,4,1.0,1.0,1.0
n4191,n3476,3,0.75,1.0,0.875
n4192,n9390,4,1.0,1.0,1.0
n4193,n4954,4,1.0,1.0,1.0
n4194,n14193,4,1.0,1.0,1.0
n4195,n12102,4,1.0,1.0,1.0
n4196,n14214,4,1.0,1.0,1.0
n4197,n1284,4,1.0,1.0,1.0
n4198,n3909,4,1.0,1.0,1.0
n4199,n3217,4,1.0,1.0,1.0
n42,n111,4,1.0,1.0,1.0
n420,n6167,4,1.0,1.0,1.0
n4200,n1470,4,1.0,1.0,1.0
n4201,n4160,4,1.0,1.0,1.0
n4201,n5102,4,1.0,1.0,1.0
n4202,n4225,4,1.0,1.0,1.0
n4203,n5159,4,1.0,1.0,1.0
n4204,n4321,4,1.0,1.0,1.0
n4205,n8010,4,1.0,1.0,1.0
n4206,n4485,3,0.75,1.0,0.875
n4207,n7245,3,0.75,1.0,0.875
n4208,n8389,4,1.0,1.0,1.0
n4209,n1328,4,1.0,1.0,1.0
n421,n5476,4,1.0,1.0,1.0
n4210,n12129,3,0.75,1.0,0.875
n4211,n14192,4,1.0,1.0,1.0
n4212,n1347,4,1.0,1.0,1.0
n4213,n4994,4,1.0,1.0,1.0
n4214,n2612,4,1.0,1.0,1.0
n4215,n1362,4,1.0,1.0,1.0
n4216,n1367,4,1.0,1.0,1.0
n4217,n5431,3,0.75,1.0,0.875
n4218,n2582,4,1.0,1.0,1.0
n4218,n5250,4,1.0,1.0,1.0
n4219,n10066,4,1.0,1.0,1.0
n422,n1339,4,1.0,1.0,1.0
n4220,n3228,4,1.0,1.0,1.0
n4221,n5489,4,1.0,1.0,1.0
n4222,n4584,4,1.0,1.0,1.0
n4223,n5130,4,1.0,1.0,1.0
n4224,n5610,4,1.0,1.0,1.0
n4225,n5524,4,1.0,1.0,1.0
n4226,n1400,3,0.75,1.0,0.875
n4227,n6147,4,1.0,1.0,1.0
n4228,n6192,3,0.75,1.0,0.875
n4229,n1415,4,1.0,1.0,1.0
n423,n5333,4,1.0,1.0,1.0
n4230,n1418,4,1.0,1.0,1.0
n4231,n6619,4,1.0,1.0,1.0
n4232,n12671,3,0.75,1.0,0.875
n4233,n12711,4,1.0,1.0,1.0
n4234,n7415,3,0.75,1.0,0.875
n4235,n6817,4,1.0,1.0,1.0
n4236,n7033,3,0.75,1.0,0.875
n4237,n1429,3,0.75,1.0,0.875
n4238,n1431,4,1.0,1.0,1.0
n4239,n8812,4,1.0,1.0,1.0
n424,n1533,4,1.0,1.0,1.0
n4240,n6275,4,1.0,1.0,1.0
n4241,n1434,4,1.0,1.0,1.0
n4242,n11531,4,1.0,1.0,1.0
n4243,n1440,3,0.75,1.0,0.875
n4244,n1443,3,0.75,1.0,0.875
n4245,n1444,4,1.0,1.0,1.0
n4246,n1989,4,1.0,1.0,1.0
n4247,n1445,4,1.0,1.0,1.0
n4248,n12477,4,1.0,1.0,1.0
n4249,n5493,3,0.75,1.0,0.875
n425,n1365,4,1.0,1.0,1.0
n4250,n6617,4,1.0,1.0,1.0
n4251,n6458,4,1.0,1.0,1.0
n4252,n6723,4,1.0,1.0,1.0
n4253,n6767,4,1.0,1.0,1.0
n4254,n12997,4,1.0,1.0,1.0
n4255,n5873,4,1.0,1.0,1.0
n4256,n1463,3,0.75,1.0,0.875
n4257,n9120,4,1.0,1.0,1.0
n4258,n5919,4,1.0,1.0,1.0
n4259,n1467,4,1.0,1.0,1.0
n426,n1366,4,1.0,1.0,1.0
n4260,n1472,4,1.0,1.0,1.0
n4261,n1473,4,1.0,1.0,1.0
n4262,n7095,4,1.0,1.0,1.0
n4263,n10524,4,1.0,1.0,1.0
n4263,n10525,4,1.0,1.0,1.0
n4264,n1477,4,1.0,1.0,1.0
n4265,n5979,4,1.0,1.0,1.0
n4266,n14064,4,1.0,1.0,1.0
n4267,n14227,4,1.0,1.0,1.0
n4268,n14253,4,1.0,1.0,1.0
n4269,n7784,4,1.0,1.0,1.0
n427,n4596,4,1.0,1.0,1.0
n4270,n6049,4,1.0,1.0,1.0
n4271,n7439,4,1.0,1.0,1.0
n4272,n13912,3,0.75,1.0,0.875
n4273,n1485,3,0.75,1.0,0.875
n4274,n10905,3,0.75,1.0,0.875
n4275,n12368,4,1.0,1.0,1.0
n4276,n13193,4,1.0,1.0,1.0
n4277,n6139,4,1.0,1.0,1.0
n4278,n13010,4,1.0,1.0,1.0
n4279,n6132,4,1.0,1.0,1.0
n428,n9787,3,0.75,1.0,0.875
n4280,n6133,4,1.0,1.0,1.0
n4281,n8878,4,1.0,1.0,1.0
n4282,n8914,3,0.75,1.0,0.875
n4283,n1503,4,1.0,1.0,1.0
n4284,n1505,3,0.75,1.0,0.875
n4285,n1508,3,0.75,1.0,0.875
n4286,n7127,3,0.75,1.0,0.875
n4287,n7831,3,0.75,1.0,0.875
n4288,n2657,3,0.75,1.0,0.875
n4289,n10891,4,1.0,1.0,1.0
n429,n4872,4,1.0,1.0,1.0
n4290,n3244,3,0.75,1.0,0.875
n4291,n9926,4,1.0,1.0,1.0
n4292,n2003,3,0.75,1.0,0.875
n4293,n11252,4,1.0,1.0,1.0
n4294,n13903,4,1.0,1.0,1.0
n4295,n1538,4,1.0,1.0,1.0
n4296,n384,3,0.75,1.0,0.875
n4297,n540,4,1.0,1.0,1.0
n4298,n6395,4,1.0,1.0,1.0
n4299,n1563,3,0.75,1.0,0.875
n43,n15598,3,0.75,1.0,0.875
n430,n5500,4,1.0,1.0,1.0
n4300,n221,4,1.0,1.0,1.0
n4301,n4036,4,1.0,1.0,1.0
n4302,n6047,4,1.0,1.0,1.0
n4303,n4296,3,0.75,1.0,0.875
n4304,n6513,4,1.0,1.0,1.0
n4305,n2268,4,1.0,1.0,1.0
n4306,n6550,4,1.0,1.0,1.0
n4307,n2216,3,0.75,1.0,0.875
n4308,n12399,4,1.0,1.0,1.0
n4308,n1577,4,1.0,1.0,1.0
n4308,n5226,4,1.0,1.0,1.0
n4309,n6583,4,1.0,1.0,1.0
n431,n5527,4,1.0,1.0,1.0
n4310,n12572,4,1.0,1.0,1.0
n4311,n6351,4,1.0,1.0,1.0
n4312,n6719,4,1.0,1.0,1.0
n4313,n1610,4,1.0,1.0,1.0
n4314,n7126,4,1.0,1.0,1.0
n4315,n12925,4,1.0,1.0,1.0
n4316,n14278,4,1.0,1.0,1.0
n4317,n6811,4,1.0,1.0,1.0
n4318,n8141,3,0.75,1.0,0.875
n4319,n6857,4,1.0,1.0,1.0
n432,n5568,3,0.75,1.0,0.875
n4320,n3088,4,1.0,1.0,1.0
n4321,n6880,4,1.0,1.0,1.0
n4322,n8372,3,0.75,1.0,0.875
n4323,n3671,4,1.0,1.0,1.0
n4324,n1633,4,1.0,1.0,1.0
n4325,n2260,3,0.75,0.75,0.75
n4325,n6914,4,1.0,1.0,1.0
n4326,n1636,4,1.0,1.0,1.0
n4327,n8687,4,1.0,1.0,1.0
n4328,n6931,4,1.0,1.0,1.0
n4329,n13441,4,1.0,1.0,1.0
n433,n6967,4,1.0,1.0,1.0
n4330,n5453,3,0.75,1.0,0.875
n4331,n7148,3,0.75,1.0,0.875
n4332,n6965,4,1.0,1.0,1.0
n4333,n6966,4,1.0,1.0,1.0
n4334,n6973,3,0.75,1.0,0.875
n4335,n6977,4,1.0,1.0,1.0
n4336,n1643,4,1.0,1.0,1.0
n4337,n6582,3,0.75,1.0,0.875
n4338,n9225,3,0.75,1.0,0.875
n4339,n1645,4,1.0,1.0,1.0
n434,n5712,4,1.0,1.0,1.0
n4340,n6996,4,1.0,1.0,1.0
n4341,n1648,4,1.0,1.0,1.0
n4342,n7747,3,0.75,1.0,0.875
n4343,n10049,3,0.75,1.0,0.875
n4344,n13850,4,1.0,1.0,1.0
n4345,n11687,4,1.0,1.0,1.0
n4346,n1684,4,1.0,1.0,1.0
n4347,n14144,3,0.75,1.0,0.875
n4348,n1690,3,0.75,1.0,0.875
n4349,n7186,4,1.0,1.0,1.0
n435,n5735,4,1.0,1.0,1.0
n4350,n7188,4,1.0,1.0,1.0
n4351,n14076,4,1.0,1.0,1.0
n4352,n11168,3,0.75,1.0,0.875
n4353,n14297,4,1.0,1.0,1.0
n4354,n1698,4,1.0,1.0,1.0
n4355,n11396,4,1.0,1.0,1.0
n4356,n1702,4,1.0,1.0,1.0
n4357,n13104,4,1.0,1.0,1.0
n4358,n7325,4,1.0,1.0,1.0
n4358,n7326,4,1.0,1.0,1.0
n4359,n12780,3,0.75,1.0,0.875
n436,n5599,4,1.0,1.0,1.0
n4360,n7182,4,1.0,1.0,1.0
n4361,n12966,4,1.0,1.0,1.0
n4362,n9679,4,1.0,1.0,1.0
n4363,n10976,3,0.75,1.0,0.875
n4364,n11732,4,1.0,1.0,1.0
n4365,n14537,4,1.0,1.0,1.0
n4366,n1761,4,1.0,1.0,1.0
n4367,n5405,4,1.0,1.0,1.0
n4368,n7522,4,1.0,1.0,1.0
n4369,n1770,4,1.0,1.0,1.0
n437,n6867,4,1.0,1.0,1.0
n4370,n13819,3,0.75,0.75,0.75
n4370,n13823,4,1.0,1.0,1.0
n4370,n15018,4,1.0,1.0,1.0
n4371,n13981,3,0.75,1.0,0.875
n4372,n15047,4,1.0,1.0,1.0
n4373,n15414,4,1.0,1.0,1.0
n4374,n1779,4,1.0,1.0,1.0
n4375,n955,4,1.0,1.0,1.0
n4376,n1311,4,1.0,1.0,1.0
n4377,n138,4,1.0,1.0,1.0
n4378,n841,4,1.0,1.0,1.0
n4379,n7635,4,1.0,1.0,1.0
n438,n9741,4,1.0,1.0,1.0
n4380,n3774,4,1.0,1.0,1.0
n4381,n4692,3,0.75,1.0,0.875
n4382,n1524,4,1.0,1.0,1.0
n4383,n7682,4,1.0,1.0,1.0
n4384,n504,3,0.75,1.0,0.875
n4385,n13565,4,1.0,1.0,1.0
n4386,n7479,4,1.0,1.0,1.0
n4387,n7699,3,0.75,1.0,0.875
n4388,n2320,4,1.0,1.0,1.0
n4389,n7738,4,1.0,1.0,1.0
n439,n14629,3,0.75,1.0,0.875
n4390,n11362,3,0.75,1.0,0.875
n4391,n1854,4,1.0,1.0,1.0
n4392,n7773,4,1.0,1.0,1.0
n4393,n7775,4,1.0,1.0,1.0
n4394,n14189,3,0.75,1.0,0.875
n4395,n795,4,1.0,1.0,1.0
n4396,n12176,3,0.75,1.0,0.875
n4397,n8131,4,1.0,1.0,1.0
n4398,n1880,4,1.0,1.0,1.0
n4399,n1886,4,1.0,1.0,1.0
n44,n342,4,1.0,1.0,1.0
n440,n8844,3,0.75,1.0,0.875
n4400,n7847,4,1.0,1.0,1.0
n4401,n1888,4,1.0,1.0,1.0
n4402,n4327,4,1.0,1.0,1.0
n4403,n1637,4,1.0,1.0,1.0
n4404,n4414,3,0.75,1.0,0.875
n4405,n7867,4,1.0,1.0,1.0
n4406,n7871,4,1.0,1.0,1.0
n4407,n1193,3,0.75,1.0,0.875
n4408,n1244,4,1.0,1.0,1.0
n4409,n1906,4,1.0,1.0,1.0
n441,n6254,4,1.0,1.0,1.0
n4410,n7905,3,0.75,1.0,0.875
n4411,n5309,3,0.75,1.0,0.875
n4412,n12164,4,1.0,1.0,1.0
n4413,n5837,4,1.0,1.0,1.0
n4414,n1567,3,0.75,1.0,0.875
n4415,n12725,4,1.0,1.0,1.0
n4416,n13529,3,0.75,1.0,0.875
n4417,n7982,3,0.75,1.0,0.875
n4418,n1711,4,1.0,1.0,1.0
n4419,n483,4,1.0,1.0,1.0
n442,n5738,4,1.0,1.0,1.0
n4420,n1948,4,1.0,1.0,1.0
n4421,n827,4,1.0,1.0,1.0
n4422,n4746,4,1.0,1.0,1.0
n4423,n7912,4,1.0,1.0,1.0
n4424,n7957,4,1.0,1.0,1.0
n4425,n7530,3,0.75,1.0,0.875
n4426,n8065,4,1.0,1.0,1.0
n4427,n3210,4,1.0,1.0,1.0
n4428,n557,4,1.0,1.0,1.0
n4429,n1968,4,1.0,1.0,1.0
n443,n6452,4,1.0,1.0,1.0
n4430,n4418,4,1.0,1.0,1.0
n4431,n4693,3,0.75,1.0,0.875
n4432,n8935,3,0.75,1.0,0.875
n4433,n6978,3,0.75,1.0,0.875
n4434,n11432,4,1.0,1.0,1.0
n4435,n11590,3,0.75,1.0,0.875
n4436,n2442,4,1.0,1.0,1.0
n4437,n9573,4,1.0,1.0,1.0
n4438,n9665,3,0.75,1.0,0.875
n4439,n8620,3,0.75,1.0,0.875
n444,n1451,4,1.0,1.0,1.0
n4440,n2556,3,0.75,1.0,0.875
n4441,n9510,4,1.0,1.0,1.0
n4442,n9558,4,1.0,1.0,1.0
n4443,n2013,3,0.75,1.0,0.875
n4444,n9835,4,1.0,1.0,1.0
n4445,n8247,3,0.75,1.0,0.875
n4446,n175,4,1.0,1.0,1.0
n4447,n12404,4,1.0,1.0,1.0
n4448,n2028,4,1.0,1.0,1.0
n4449,n8842,3,0.75,1.0,0.875
n445,n5823,4,1.0,1.0,1.0
n4450,n2905,4,1.0,1.0,1.0
n4451,n13939,3,0.75,1.0,0.875
n4452,n2967,4,1.0,1.0,1.0
n4453,n8334,4,1.0,1.0,1.0
n4454,n5895,3,0.75,1.0,0.875
n4455,n10188,4,1.0,1.0,1.0
n4456,n3285,4,1.0,1.0,1.0
n4457,n3298,4,1.0,1.0,1.0
n4458,n12749,4,1.0,1.0,1.0
n4459,n3330,4,1.0,1.0,1.0
n446,n12816,4,1.0,1.0,1.0
n4460,n1161,4,1.0,1.0,1.0
n4461,n7793,4,1.0,1.0,1.0
n4462,n13672,4,1.0,1.0,1.0
n4463,n8789,3,0.75,1.0,0.875
n4464,n3584,4,1.0,1.0,1.0
n4465,n2091,4,1.0,1.0,1.0
n4466,n3596,4,1.0,1.0,1.0
n4467,n2644,4,1.0,1.0,1.0
n4468,n11325,4,1.0,1.0,1.0
n4469,n2108,4,1.0,1.0,1.0
n447,n1453,4,1.0,1.0,1.0
n4470,n13342,4,1.0,1.0,1.0
n4471,n13401,3,0.75,1.0,0.875
n4472,n479,4,1.0,1.0,1.0
n4473,n9561,4,1.0,1.0,1.0
n4474,n4005,4,1.0,1.0,1.0
n4475,n2848,4,1.0,1.0,1.0
n4476,n2141,4,1.0,1.0,1.0
n4477,n1346,4,1.0,1.0,1.0
n4478,n4228,3,0.75,1.0,0.875
n4479,n4236,3,0.75,1.0,0.875
n448,n6827,4,1.0,1.0,1.0
n4480,n4337,3,0.75,1.0,0.875
n4481,n8581,4,1.0,1.0,1.0
n4482,n7558,4,1.0,1.0,1.0
n4483,n2077,4,1.0,1.0,1.0
n4484,n4460,4,1.0,1.0,1.0
n4485,n4540,3,0.75,1.0,0.875
n4486,n8627,4,1.0,1.0,1.0
n4487,n9383,3,0.75,1.0,0.875
n4488,n7854,4,1.0,1.0,1.0
n4489,n2572,4,1.0,1.0,1.0
n449,n1460,4,1.0,1.0,1.0
n4490,n2173,4,1.0,1.0,1.0
n4491,n2178,3,0.75,1.0,0.875
n4492,n10389,4,1.0,1.0,1.0
n4493,n2758,4,1.0,1.0,1.0
n4494,n4724,3,0.75,1.0,0.875
n4495,n4736,3,0.75,1.0,0.875
n4496,n4767,4,1.0,1.0,1.0
n4497,n8695,3,0.75,1.0,0.875
n4498,n13325,4,1.0,1.0,1.0
n4499,n8730,4,1.0,1.0,1.0
n45,n184,4,1.0,1.0,1.0
n450,n6959,4,1.0,1.0,1.0
n4500,n15566,3,0.75,1.0,0.875
n4501,n352,4,1.0,1.0,1.0
n4502,n2206,3,0.75,1.0,0.875
n4503,n2211,4,1.0,1.0,1.0
n4504,n7203,3,0.75,1.0,0.875
n4505,n5194,4,1.0,1.0,1.0
n4506,n2381,4,1.0,1.0,1.0
n4507,n5240,4,1.0,1.0,1.0
n4508,n2221,4,1.0,1.0,1.0
n4509,n4735,3,0.75,1.0,0.875
n451,n7070,4,1.0,1.0,1.0
n4510,n4873,3,0.75,1.0,0.875
n4511,n1646,3,0.75,0.75,0.75
n4511,n2230,4,1.0,1.0,1.0
n4512,n8836,4,1.0,1.0,1.0
n4513,n2234,3,0.75,1.0,0.875
n4514,n5131,4,1.0,1.0,1.0
n4515,n5429,4,1.0,1.0,1.0
n4516,n5444,4,1.0,1.0,1.0
n4517,n8863,3,0.75,1.0,0.875
n4518,n5604,4,1.0,1.0,1.0
n4519,n13820,3,0.75,1.0,0.875
n452,n1474,3,0.75,1.0,0.875
n4520,n5627,3,0.75,1.0,0.875
n4521,n5656,4,1.0,1.0,1.0
n4522,n2249,4,1.0,1.0,1.0
n4523,n5683,3,0.75,1.0,0.875
n4524,n2253,4,1.0,1.0,1.0
n4525,n11369,3,0.75,1.0,0.875
n4526,n2162,4,1.0,1.0,1.0
n4527,n2261,3,0.75,1.0,0.875
n4528,n13752,4,1.0,1.0,1.0
n4529,n5960,4,1.0,1.0,1.0
n453,n6024,3,0.75,1.0,0.875
n4530,n10190,4,1.0,1.0,1.0
n4531,n13891,4,1.0,1.0,1.0
n4532,n7100,4,1.0,1.0,1.0
n4533,n14188,4,1.0,1.0,1.0
n4534,n2284,4,1.0,1.0,1.0
n4535,n12864,4,1.0,1.0,1.0
n4536,n6049,4,1.0,1.0,1.0
n4537,n4381,3,0.75,1.0,0.875
n4538,n9041,4,1.0,1.0,1.0
n4539,n9536,4,1.0,1.0,1.0
n454,n14881,3,0.75,1.0,0.875
n4540,n2300,3,0.75,1.0,0.875
n4541,n2303,4,1.0,1.0,1.0
n4542,n9069,4,1.0,1.0,1.0
n4543,n12299,3,0.75,1.0,0.875
n4544,n2309,4,1.0,1.0,1.0
n4545,n6327,4,1.0,1.0,1.0
n4546,n2314,3,0.75,1.0,0.875
n4547,n1569,4,1.0,1.0,1.0
n4548,n2317,4,1.0,1.0,1.0
n4549,n9133,3,0.75,1.0,0.875
n455,n7510,4,1.0,1.0,1.0
n4550,n9154,3,0.75,1.0,0.875
n4551,n12515,3,0.75,1.0,0.875
n4552,n5897,4,1.0,1.0,1.0
n4553,n12883,4,1.0,1.0,1.0
n4554,n7329,4,1.0,1.0,1.0
n4555,n2344,4,1.0,1.0,1.0
n4556,n2352,4,1.0,1.0,1.0
n4557,n6888,4,1.0,1.0,1.0
n4558,n4041,1,0.25,1.0,0.625
n4559,n8587,4,1.0,1.0,1.0
n456,n14910,4,1.0,1.0,1.0
n4560,n9046,4,1.0,1.0,1.0
n4561,n9242,4,1.0,1.0,1.0
n4562,n7002,4,1.0,1.0,1.0
n4563,n9466,4,1.0,1.0,1.0
n4564,n9611,4,1.0,1.0,1.0
n4565,n12442,3,0.75,1.0,0.875
n4566,n14072,4,1.0,1.0,1.0
n4567,n13591,4,1.0,1.0,1.0
n4568,n15085,4,1.0,1.0,1.0
n4569,n2387,3,0.75,1.0,0.875
n457,n1488,4,1.0,1.0,1.0
n4570,n7337,4,1.0,1.0,1.0
n4571,n6056,3,0.75,1.0,0.875
n4572,n15351,3,0.75,1.0,0.875
n4573,n15583,4,1.0,1.0,1.0
n4574,n91,4,1.0,1.0,1.0
n4575,n2414,4,1.0,1.0,1.0
n4576,n505,3,0.75,0.75,0.75
n4576,n9408,4,1.0,1.0,1.0
n4577,n541,4,1.0,1.0,1.0
n4578,n1901,4,1.0,1.0,1.0
n4579,n9441,4,1.0,1.0,1.0
n458,n15262,3,0.75,1.0,0.875
n4580,n3220,3,0.75,1.0,0.875
n4581,n1016,4,1.0,1.0,1.0
n4582,n7886,4,1.0,1.0,1.0
n4583,n5253,3,0.75,1.0,0.875
n4584,n5287,4,1.0,1.0,1.0
n4585,n6000,4,1.0,1.0,1.0
n4586,n1579,3,0.75,1.0,0.875
n4587,n7467,4,1.0,1.0,1.0
n4588,n460,3,0.75,1.0,0.875
n4589,n9505,3,0.75,1.0,0.875
n459,n6100,4,1.0,1.0,1.0
n4590,n2453,4,1.0,1.0,1.0
n4591,n8111,3,0.75,1.0,0.875
n4592,n9531,4,1.0,1.0,1.0
n4593,n2458,4,1.0,1.0,1.0
n4594,n8149,4,1.0,1.0,1.0
n4595,n8264,4,1.0,1.0,1.0
n4596,n9822,4,1.0,1.0,1.0
n4597,n9953,3,0.75,1.0,0.875
n4598,n2635,3,0.75,1.0,0.875
n4599,n10025,3,0.75,1.0,0.875
n46,n2437,4,1.0,1.0,1.0
n460,n1494,3,0.75,1.0,0.875
n4600,n10131,4,1.0,1.0,1.0
n4601,n2473,3,0.75,1.0,0.875
n4602,n2736,3,0.75,1.0,0.875
n4603,n2476,4,1.0,1.0,1.0
n4604,n2479,4,1.0,1.0,1.0
n4605,n9605,4,1.0,1.0,1.0
n4606,n8326,4,1.0,1.0,1.0
n4607,n3031,4,1.0,1.0,1.0
n4608,n8367,4,1.0,1.0,1.0
n4609,n2485,3,0.75,1.0,0.875
n461,n8265,4,1.0,1.0,1.0
n4610,n8429,4,1.0,1.0,1.0
n4611,n2493,4,1.0,1.0,1.0
n4612,n4170,4,1.0,1.0,1.0
n4613,n2508,4,1.0,1.0,1.0
n4614,n9684,4,1.0,1.0,1.0
n4615,n2526,4,1.0,1.0,1.0
n4616,n2590,3,0.75,1.0,0.875
n4617,n4722,4,1.0,1.0,1.0
n4618,n8698,4,1.0,1.0,1.0
n4619,n8729,4,1.0,1.0,1.0
n462,n4714,3,0.75,1.0,0.875
n4620,n4690,4,1.0,1.0,1.0
n4621,n8824,4,1.0,1.0,1.0
n4622,n4756,4,1.0,1.0,1.0
n4623,n5554,4,1.0,1.0,1.0
n4624,n5560,4,1.0,1.0,1.0
n4625,n6916,3,0.75,1.0,0.875
n4626,n8170,3,0.75,1.0,0.875
n4627,n5687,3,0.75,1.0,0.875
n4628,n7114,4,1.0,1.0,1.0
n4629,n2558,4,1.0,1.0,1.0
n463,n11155,4,1.0,1.0,1.0
n4630,n4920,4,1.0,1.0,1.0
n4631,n9063,4,1.0,1.0,1.0
n4632,n9844,4,1.0,1.0,1.0
n4633,n9860,3,0.75,1.0,0.875
n4634,n6768,3,0.75,1.0,0.875
n4635,n13208,3,0.75,1.0,0.875
n4636,n7096,4,1.0,1.0,1.0
n4637,n9328,4,1.0,1.0,1.0
n4638,n9921,4,1.0,1.0,1.0
n4639,n13443,4,1.0,1.0,1.0
n464,n13158,4,1.0,1.0,1.0
n4640,n9349,3,0.75,1.0,0.875
n4641,n9367,3,0.75,1.0,0.875
n4642,n1452,4,1.0,1.0,1.0
n4643,n2897,3,0.75,1.0,0.875
n4644,n2599,4,1.0,1.0,1.0
n4645,n6632,4,1.0,1.0,1.0
n4646,n9968,4,1.0,1.0,1.0
n4647,n1882,4,1.0,1.0,1.0
n4648,n2609,4,1.0,1.0,1.0
n4649,n2052,4,1.0,1.0,1.0
n465,n1539,4,1.0,1.0,1.0
n4650,n9061,3,0.75,1.0,0.875
n4651,n2615,4,1.0,1.0,1.0
n4652,n2404,4,1.0,1.0,1.0
n4653,n2621,3,0.75,1.0,0.875
n4654,n8253,3,0.75,1.0,0.875
n4655,n2810,4,1.0,1.0,1.0
n4656,n8295,4,1.0,1.0,1.0
n4657,n12158,3,0.75,1.0,0.875
n4658,n13829,3,0.75,1.0,0.875
n4659,n9636,4,1.0,1.0,1.0
n466,n542,4,1.0,1.0,1.0
n4660,n2629,3,0.75,1.0,0.875
n4661,n9690,3,0.75,1.0,0.875
n4662,n8880,3,0.75,1.0,0.875
n4663,n2645,4,1.0,1.0,1.0
n4664,n7468,3,0.75,1.0,0.875
n4665,n9359,4,1.0,1.0,1.0
n4666,n8156,4,1.0,1.0,1.0
n4667,n9992,3,0.75,1.0,0.875
n4668,n10121,3,0.75,1.0,0.875
n4669,n9999,3,0.75,1.0,0.875
n467,n2060,4,1.0,1.0,1.0
n4670,n8660,3,0.75,1.0,0.875
n4671,n9793,3,0.75,1.0,0.875
n4672,n2660,4,1.0,1.0,1.0
n4673,n7919,3,0.75,1.0,0.875
n4674,n10650,4,1.0,1.0,1.0
n4675,n5950,4,1.0,1.0,1.0
n4676,n10792,3,0.75,1.0,0.875
n4677,n12968,3,0.75,1.0,0.875
n4678,n10375,3,0.75,1.0,0.875
n4679,n13684,3,0.75,1.0,0.875
n468,n4082,4,1.0,1.0,1.0
n4680,n13877,3,0.75,1.0,0.875
n4681,n2683,4,1.0,1.0,1.0
n4682,n10251,3,0.75,1.0,0.875
n4683,n10253,3,0.75,1.0,0.875
n4684,n10277,3,0.75,1.0,0.875
n4685,n2686,3,0.75,1.0,0.875
n4686,n11876,4,1.0,1.0,1.0
n4687,n10298,4,1.0,1.0,1.0
n4687,n1685,4,1.0,1.0,1.0
n4687,n1699,3,0.75,0.75,0.75
n4688,n1833,4,1.0,1.0,1.0
n4689,n4396,3,0.75,1.0,0.875
n469,n1547,4,1.0,1.0,1.0
n4690,n10687,3,0.75,0.75,0.75
n4690,n2696,4,1.0,1.0,1.0
n4691,n10315,4,1.0,1.0,1.0
n4692,n10350,3,0.75,1.0,0.875
n4693,n13238,4,1.0,1.0,1.0
n4694,n10369,4,1.0,1.0,1.0
n4694,n10902,4,1.0,1.0,1.0
n4695,n2711,4,1.0,1.0,1.0
n4696,n2712,4,1.0,1.0,1.0
n4697,n13504,3,0.75,1.0,0.875
n4698,n2718,4,1.0,1.0,1.0
n4699,n13536,3,0.75,1.0,0.875
n47,n3110,4,1.0,1.0,1.0
n470,n11634,4,1.0,1.0,1.0
n4700,n2720,3,0.75,1.0,0.875
n4701,n2721,3,0.75,1.0,0.875
n4702,n11010,4,1.0,1.0,1.0
n4703,n10430,4,1.0,1.0,1.0
n4704,n11133,3,0.75,1.0,0.875
n4705,n10442,4,1.0,1.0,1.0
n4706,n2739,4,1.0,1.0,1.0
n4707,n2743,4,1.0,1.0,1.0
n4708,n14682,4,1.0,1.0,1.0
n4709,n2424,4,1.0,1.0,1.0
n471,n6368,4,1.0,1.0,1.0
n4710,n2915,4,1.0,1.0,1.0
n4711,n11746,3,0.75,1.0,0.875
n4712,n8564,3,0.75,1.0,0.875
n4713,n2793,4,1.0,1.0,1.0
n4714,n12184,3,0.75,1.0,0.875
n4715,n2805,4,1.0,1.0,1.0
n4716,n2815,4,1.0,1.0,1.0
n4717,n4340,4,1.0,1.0,1.0
n4718,n2818,3,0.75,1.0,0.875
n4719,n4201,4,1.0,1.0,1.0
n472,n6373,4,1.0,1.0,1.0
n4720,n12175,3,0.75,1.0,0.875
n4721,n2822,4,1.0,1.0,1.0
n4722,n12234,4,1.0,1.0,1.0
n4723,n2829,4,1.0,1.0,1.0
n4724,n12412,3,0.75,1.0,0.875
n4725,n5103,4,1.0,1.0,1.0
n4726,n5603,3,0.75,1.0,0.875
n4727,n5617,4,1.0,1.0,1.0
n4728,n6540,4,1.0,1.0,1.0
n4729,n5993,4,1.0,1.0,1.0
n473,n1552,4,1.0,1.0,1.0
n4730,n12620,4,1.0,1.0,1.0
n4731,n12689,4,1.0,1.0,1.0
n4732,n6874,4,1.0,1.0,1.0
n4733,n2858,4,1.0,1.0,1.0
n4734,n10811,4,1.0,1.0,1.0
n4735,n14376,3,0.75,1.0,0.875
n4736,n946,3,0.75,1.0,0.875
n4737,n10849,3,0.75,1.0,0.875
n4738,n4288,3,0.75,1.0,0.875
n4739,n6721,4,1.0,1.0,1.0
n474,n7199,4,1.0,1.0,1.0
n4740,n10874,4,1.0,1.0,1.0
n4741,n10880,4,1.0,1.0,1.0
n4742,n8145,4,1.0,1.0,1.0
n4742,n9206,4,1.0,1.0,1.0
n4743,n13248,4,1.0,1.0,1.0
n4744,n10903,4,1.0,1.0,1.0
n4745,n2880,3,0.75,1.0,0.875
n4746,n10939,4,1.0,1.0,1.0
n4747,n5851,4,1.0,1.0,1.0
n4748,n4278,4,1.0,1.0,1.0
n4749,n5189,4,1.0,1.0,1.0
n475,n1553,3,0.75,1.0,0.875
n4750,n5952,4,1.0,1.0,1.0
n4751,n2913,4,1.0,1.0,1.0
n4752,n2917,4,1.0,1.0,1.0
n4753,n10465,4,1.0,1.0,1.0
n4754,n13934,4,1.0,1.0,1.0
n4755,n12390,3,0.75,1.0,0.875
n4756,n6051,4,1.0,1.0,1.0
n4757,n6500,4,1.0,1.0,1.0
n4758,n11116,4,1.0,1.0,1.0
n4759,n11119,4,1.0,1.0,1.0
n476,n11727,4,1.0,1.0,1.0
n4760,n10947,4,1.0,1.0,1.0
n4761,n13604,3,0.75,1.0,0.875
n4762,n14196,4,1.0,1.0,1.0
n4763,n11292,4,1.0,1.0,1.0
n4764,n14514,4,1.0,1.0,1.0
n4765,n14347,3,0.75,1.0,0.875
n4766,n3020,4,1.0,1.0,1.0
n4767,n12136,4,1.0,1.0,1.0
n4768,n11204,4,1.0,1.0,1.0
n4769,n12347,4,1.0,1.0,1.0
n477,n1824,4,1.0,1.0,1.0
n4770,n5044,3,0.75,1.0,0.875
n4771,n5742,4,1.0,1.0,1.0
n4772,n2972,4,1.0,1.0,1.0
n4773,n2974,3,0.75,1.0,0.875
n4774,n8374,4,1.0,1.0,1.0
n4775,n8875,4,1.0,1.0,1.0
n4776,n9700,3,0.75,1.0,0.875
n4777,n14009,4,1.0,1.0,1.0
n4778,n11293,4,1.0,1.0,1.0
n4779,n11157,4,1.0,1.0,1.0
n478,n1925,4,1.0,1.0,1.0
n4780,n11777,4,1.0,1.0,1.0
n4781,n12491,4,1.0,1.0,1.0
n4782,n15242,4,1.0,1.0,1.0
n4783,n14818,3,0.75,1.0,0.875
n4784,n15363,4,1.0,1.0,1.0
n4785,n13677,4,1.0,1.0,1.0
n4786,n3001,4,1.0,1.0,1.0
n4787,n15080,4,1.0,1.0,1.0
n4788,n11377,3,0.75,1.0,0.875
n4789,n15293,4,1.0,1.0,1.0
n479,n9667,4,1.0,1.0,1.0
n4790,n15026,3,0.75,1.0,0.875
n4791,n3008,4,1.0,1.0,1.0
n4792,n15557,4,1.0,1.0,1.0
n4793,n1793,4,1.0,1.0,1.0
n4794,n592,4,1.0,1.0,1.0
n4795,n3029,4,1.0,1.0,1.0
n4796,n1040,4,1.0,1.0,1.0
n4797,n1491,4,1.0,1.0,1.0
n4798,n2922,4,1.0,1.0,1.0
n4799,n3537,3,0.75,1.0,0.875
n48,n118,3,0.75,1.0,0.875
n480,n6473,4,1.0,1.0,1.0
n4800,n979,4,1.0,1.0,1.0
n4801,n3085,4,1.0,1.0,1.0
n4802,n3086,4,1.0,1.0,1.0
n4803,n5694,4,1.0,1.0,1.0
n4804,n1437,4,1.0,1.0,1.0
n4805,n1466,4,1.0,1.0,1.0
n4806,n1554,4,1.0,1.0,1.0
n4807,n1581,4,1.0,1.0,1.0
n4808,n6988,3,0.75,1.0,0.875
n4809,n2004,4,1.0,1.0,1.0
n481,n426,4,1.0,1.0,1.0
n4810,n3435,4,1.0,1.0,1.0
n4811,n256,4,1.0,1.0,1.0
n4812,n3018,4,1.0,1.0,1.0
n4813,n9300,4,1.0,1.0,1.0
n4814,n2833,4,1.0,1.0,1.0
n4815,n11880,4,1.0,1.0,1.0
n4816,n11628,3,0.75,1.0,0.875
n4817,n11944,4,1.0,1.0,1.0
n4818,n11954,3,0.75,1.0,0.875
n4819,n3293,4,1.0,1.0,1.0
n482,n362,4,1.0,1.0,1.0
n4820,n3162,4,1.0,1.0,1.0
n4821,n10587,4,1.0,1.0,1.0
n4822,n12017,4,1.0,1.0,1.0
n4823,n3634,4,1.0,1.0,1.0
n4824,n941,4,1.0,1.0,1.0
n4825,n3179,3,0.75,1.0,0.875
n4826,n12064,4,1.0,1.0,1.0
n4827,n15334,4,1.0,1.0,1.0
n4828,n3855,4,1.0,1.0,1.0
n4829,n3190,4,1.0,1.0,1.0
n483,n1151,4,1.0,1.0,1.0
n4830,n3939,4,1.0,1.0,1.0
n4831,n1371,4,1.0,1.0,1.0
n4832,n4281,4,1.0,1.0,1.0
n4833,n2534,3,0.75,1.0,0.875
n4834,n3223,3,0.75,1.0,0.875
n4835,n8680,4,1.0,1.0,1.0
n4836,n3224,3,0.75,1.0,0.875
n4837,n6690,3,0.75,1.0,0.875
n4838,n3233,4,1.0,1.0,1.0
n4839,n2681,4,1.0,1.0,1.0
n484,n6506,4,1.0,1.0,1.0
n4840,n12317,4,1.0,1.0,1.0
n4841,n3789,4,1.0,1.0,1.0
n4842,n14760,3,0.75,1.0,0.875
n4843,n3253,4,1.0,1.0,1.0
n4844,n12403,3,0.75,1.0,0.875
n4845,n12440,3,0.75,1.0,0.875
n4846,n5447,4,1.0,1.0,1.0
n4847,n3277,4,1.0,1.0,1.0
n4848,n12513,3,0.75,1.0,0.875
n4849,n5650,4,1.0,1.0,1.0
n485,n6514,4,1.0,1.0,1.0
n4850,n12539,3,0.75,1.0,0.875
n4851,n3288,4,1.0,1.0,1.0
n4852,n6805,4,1.0,1.0,1.0
n4853,n3297,4,1.0,1.0,1.0
n4854,n7058,3,0.75,1.0,0.875
n4855,n7083,3,0.75,1.0,0.875
n4856,n3303,3,0.75,1.0,0.875
n4857,n3307,4,1.0,1.0,1.0
n4858,n8139,3,0.75,1.0,0.875
n4859,n8430,4,1.0,1.0,1.0
n486,n1566,3,0.75,1.0,0.875
n4860,n12651,4,1.0,1.0,1.0
n4861,n6259,3,0.75,1.0,0.875
n4862,n11707,4,1.0,1.0,1.0
n4863,n11962,4,1.0,1.0,1.0
n4864,n13972,4,1.0,1.0,1.0
n4865,n12776,3,0.75,1.0,0.875
n4866,n6929,4,1.0,1.0,1.0
n4867,n3340,3,0.75,1.0,0.875
n4868,n7895,4,1.0,1.0,1.0
n4869,n8252,4,1.0,1.0,1.0
n487,n12597,3,0.75,1.0,0.875
n4870,n7071,4,1.0,1.0,1.0
n4871,n10658,4,1.0,1.0,1.0
n4872,n7135,4,1.0,1.0,1.0
n4873,n7156,3,0.75,1.0,0.875
n4874,n7218,4,1.0,1.0,1.0
n4875,n11309,4,1.0,1.0,1.0
n4876,n14466,4,1.0,1.0,1.0
n4877,n7312,4,1.0,1.0,1.0
n4878,n12652,4,1.0,1.0,1.0
n4879,n12976,3,0.75,1.0,0.875
n488,n4048,4,1.0,1.0,1.0
n4880,n13017,3,0.75,1.0,0.875
n4881,n3370,4,1.0,1.0,1.0
n4882,n7457,4,1.0,1.0,1.0
n4883,n7485,4,1.0,1.0,1.0
n4884,n15188,4,1.0,1.0,1.0
n4885,n3378,4,1.0,1.0,1.0
n4886,n15073,4,1.0,1.0,1.0
n4887,n7548,4,1.0,1.0,1.0
n4888,n15452,3,0.75,1.0,0.875
n4889,n223,4,1.0,1.0,1.0
n489,n6706,4,1.0,1.0,1.0
n4890,n13073,4,1.0,1.0,1.0
n4891,n7760,4,1.0,1.0,1.0
n4892,n10569,4,1.0,1.0,1.0
n4893,n13159,3,0.75,1.0,0.875
n4894,n3408,4,1.0,1.0,1.0
n4895,n8008,4,1.0,1.0,1.0
n4896,n2355,4,1.0,1.0,1.0
n4897,n8515,4,1.0,1.0,1.0
n4898,n2144,4,1.0,1.0,1.0
n4899,n8607,3,0.75,1.0,0.875
n49,n1272,4,1.0,1.0,1.0
n490,n1608,4,1.0,1.0,1.0
n4900,n5154,3,0.75,1.0,0.875
n4901,n2656,3,0.75,1.0,0.875
n4902,n11104,3,0.75,1.0,0.875
n4903,n3091,4,1.0,1.0,1.0
n4904,n8354,4,1.0,1.0,1.0
n4905,n4142,4,1.0,1.0,1.0
n4906,n3237,4,1.0,1.0,1.0
n4907,n6293,3,0.75,1.0,0.875
n4908,n3440,3,0.75,1.0,0.875
n4909,n13355,3,0.75,1.0,0.875
n491,n13015,4,1.0,1.0,1.0
n4910,n8485,4,1.0,1.0,1.0
n4911,n3445,4,1.0,1.0,1.0
n4912,n3948,4,1.0,1.0,1.0
n4913,n3447,3,0.75,1.0,0.875
n4914,n2007,3,0.75,1.0,0.875
n4915,n4759,4,1.0,1.0,1.0
n4916,n2938,4,1.0,1.0,1.0
n4917,n3455,4,1.0,1.0,1.0
n4918,n3449,4,1.0,1.0,1.0
n4919,n8744,4,1.0,1.0,1.0
n492,n13032,4,1.0,1.0,1.0
n4920,n3457,4,1.0,1.0,1.0
n4921,n13478,4,1.0,1.0,1.0
n4922,n13502,4,1.0,1.0,1.0
n4923,n14028,3,0.75,1.0,0.875
n4924,n3473,4,1.0,1.0,1.0
n4925,n13785,4,1.0,1.0,1.0
n4926,n13616,4,1.0,1.0,1.0
n4927,n7406,3,0.75,1.0,0.875
n4928,n3489,4,1.0,1.0,1.0
n4929,n494,4,1.0,1.0,1.0
n493,n889,4,1.0,1.0,1.0
n4930,n1789,4,1.0,1.0,1.0
n4930,n1790,4,1.0,1.0,1.0
n4931,n3504,4,1.0,1.0,1.0
n4932,n8705,3,0.75,1.0,0.875
n4933,n9725,4,1.0,1.0,1.0
n4934,n6039,3,0.75,1.0,0.875
n4935,n13786,4,1.0,1.0,1.0
n4936,n9309,4,1.0,1.0,1.0
n4937,n9031,3,0.75,1.0,0.875
n4938,n3535,4,1.0,1.0,1.0
n4939,n3536,4,1.0,1.0,1.0
n494,n1072,4,1.0,1.0,1.0
n4940,n10633,3,0.75,1.0,0.875
n4941,n3544,4,1.0,1.0,1.0
n4942,n10246,4,1.0,1.0,1.0
n4943,n11842,4,1.0,1.0,1.0
n4944,n7506,4,1.0,1.0,1.0
n4945,n7973,4,1.0,1.0,1.0
n4946,n9721,4,1.0,1.0,1.0
n4947,n11127,3,0.75,1.0,0.875
n4948,n14176,3,0.75,1.0,0.875
n4949,n10441,4,1.0,1.0,1.0
n495,n6798,3,0.75,1.0,0.875
n4950,n11440,4,1.0,1.0,1.0
n4951,n555,4,1.0,1.0,1.0
n4952,n14030,3,0.75,1.0,0.875
n4953,n14060,4,1.0,1.0,1.0
n4954,n10666,4,1.0,1.0,1.0
n4955,n5852,4,1.0,1.0,1.0
n4956,n14094,4,1.0,1.0,1.0
n4957,n3591,3,0.75,1.0,0.875
n4958,n2875,3,0.75,1.0,0.875
n4959,n4174,3,0.75,1.0,0.875
n496,n13125,4,1.0,1.0,1.0
n4960,n13451,3,0.75,0.75,0.75
n4960,n5124,4,1.0,1.0,1.0
n4961,n3605,4,1.0,1.0,1.0
n4962,n8537,3,0.75,1.0,0.875
n4963,n10563,4,1.0,1.0,1.0
n4964,n10877,3,0.75,1.0,0.875
n4965,n14221,4,1.0,1.0,1.0
n4966,n14234,4,1.0,1.0,1.0
n4967,n3621,4,1.0,1.0,1.0
n4968,n14263,3,0.75,1.0,0.875
n4969,n7637,4,1.0,1.0,1.0
n497,n9842,4,1.0,1.0,1.0
n4970,n9360,4,1.0,1.0,1.0
n4971,n3627,4,1.0,1.0,1.0
n4972,n15037,4,1.0,1.0,1.0
n4973,n15165,4,1.0,1.0,1.0
n4974,n14319,3,0.75,1.0,0.875
n4975,n15520,4,1.0,1.0,1.0
n4976,n588,4,1.0,1.0,1.0
n4977,n11550,3,0.75,1.0,0.875
n4978,n1403,4,1.0,1.0,1.0
n4979,n3655,3,0.75,1.0,0.875
n498,n13277,4,1.0,1.0,1.0
n4980,n6991,3,0.75,1.0,0.875
n4981,n3663,4,1.0,1.0,1.0
n4982,n3677,3,0.75,1.0,0.875
n4983,n3114,4,1.0,1.0,1.0
n4984,n11960,3,0.75,1.0,0.875
n4985,n3685,4,1.0,1.0,1.0
n4986,n14531,3,0.75,1.0,0.875
n4987,n12063,4,1.0,1.0,1.0
n4988,n621,4,1.0,1.0,1.0
n4989,n6855,3,0.75,1.0,0.875
n499,n6876,4,1.0,1.0,1.0
n4990,n12284,4,1.0,1.0,1.0
n4991,n12364,4,1.0,1.0,1.0
n4992,n12388,4,1.0,1.0,1.0
n4993,n12411,3,0.75,1.0,0.875
n4994,n5983,4,1.0,1.0,1.0
n4995,n3719,4,1.0,1.0,1.0
n4996,n14705,4,1.0,1.0,1.0
n4997,n6766,4,1.0,1.0,1.0
n4998,n13274,4,1.0,1.0,1.0
n4999,n14706,4,1.0,1.0,1.0
n5,n9,4,1.0,1.0,1.0
n50,n5390,4,1.0,1.0,1.0
n500,n13374,4,1.0,1.0,1.0
n5000,n6609,4,1.0,1.0,1.0
n5001,n14778,4,1.0,1.0,1.0
n5002,n14274,4,1.0,1.0,1.0
n5003,n11815,4,1.0,1.0,1.0
n5004,n14709,4,1.0,1.0,1.0
n5005,n8569,3,0.75,1.0,0.875
n5006,n3764,4,1.0,1.0,1.0
n5007,n6015,4,1.0,1.0,1.0
n5008,n13812,3,0.75,1.0,0.875
n5009,n10252,4,1.0,1.0,1.0
n501,n13431,4,1.0,1.0,1.0
n5010,n12179,4,1.0,1.0,1.0
n5011,n14096,4,1.0,1.0,1.0
n5012,n13121,4,1.0,1.0,1.0
n5013,n13952,3,0.75,1.0,0.875
n5014,n15097,4,1.0,1.0,1.0
n5015,n14774,4,1.0,1.0,1.0
n5016,n14307,4,1.0,1.0,1.0
n5017,n14344,4,1.0,1.0,1.0
n5018,n3044,4,1.0,1.0,1.0
n5019,n14429,3,0.75,1.0,0.875
n502,n6931,4,1.0,1.0,1.0
n5020,n8983,4,1.0,1.0,1.0
n5021,n3814,4,1.0,1.0,1.0
n5022,n12171,4,1.0,1.0,1.0
n5023,n15212,4,1.0,1.0,1.0
n5024,n12354,4,1.0,1.0,1.0
n5025,n14645,4,1.0,1.0,1.0
n5026,n3830,4,1.0,1.0,1.0
n5027,n15238,4,1.0,1.0,1.0
n5028,n3835,4,1.0,1.0,1.0
n5029,n6996,4,1.0,1.0,1.0
n503,n8840,3,0.75,1.0,0.875
n5030,n13384,4,1.0,1.0,1.0
n5031,n3853,4,1.0,1.0,1.0
n5032,n14974,4,1.0,1.0,1.0
n5033,n11196,4,1.0,1.0,1.0
n5034,n14654,4,1.0,1.0,1.0
n5035,n12910,4,1.0,1.0,1.0
n5036,n13646,3,0.75,1.0,0.875
n5037,n11528,4,1.0,1.0,1.0
n5038,n15551,4,1.0,1.0,1.0
n5039,n14590,4,1.0,1.0,1.0
n504,n5690,3,0.75,1.0,0.875
n5040,n15423,4,1.0,1.0,1.0
n5041,n15564,4,1.0,1.0,1.0
n5042,n2650,4,1.0,1.0,1.0
n5043,n311,4,1.0,1.0,1.0
n5044,n48,3,0.75,1.0,0.875
n5045,n3917,4,1.0,1.0,1.0
n5046,n6337,4,1.0,1.0,1.0
n5047,n3923,4,1.0,1.0,1.0
n5048,n3702,4,1.0,1.0,1.0
n5049,n115,4,1.0,1.0,1.0
n505,n12322,3,0.75,1.0,0.875
n5050,n438,4,1.0,1.0,1.0
n5051,n7331,4,1.0,1.0,1.0
n5052,n1268,4,1.0,1.0,1.0
n5053,n1929,3,0.75,1.0,0.875
n5054,n3949,3,0.75,1.0,0.875
n5055,n198,4,1.0,1.0,1.0
n5056,n8677,4,1.0,1.0,1.0
n5057,n206,4,1.0,1.0,1.0
n5058,n640,4,1.0,1.0,1.0
n5059,n11182,4,1.0,1.0,1.0
n506,n1662,4,1.0,1.0,1.0
n5060,n247,3,0.75,0.75,0.75
n5060,n2969,4,1.0,1.0,1.0
n5061,n3962,4,1.0,1.0,1.0
n5062,n11874,4,1.0,1.0,1.0
n5063,n3328,4,1.0,1.0,1.0
n5064,n14240,3,0.75,1.0,0.875
n5065,n3977,4,1.0,1.0,1.0
n5066,n13065,4,1.0,1.0,1.0
n5067,n407,4,1.0,1.0,1.0
n5068,n4106,4,1.0,1.0,1.0
n5069,n3996,4,1.0,1.0,1.0
n507,n7144,4,1.0,1.0,1.0
n5070,n4002,4,1.0,1.0,1.0
n5071,n459,4,1.0,1.0,1.0
n5072,n1511,4,1.0,1.0,1.0
n5073,n4008,4,1.0,1.0,1.0
n5074,n14591,4,1.0,1.0,1.0
n5075,n1806,4,1.0,1.0,1.0
n5076,n6320,4,1.0,1.0,1.0
n5077,n665,4,1.0,1.0,1.0
n5078,n7958,3,0.75,1.0,0.875
n5079,n9415,4,1.0,1.0,1.0
n508,n7146,3,0.75,1.0,0.875
n5080,n10324,4,1.0,1.0,1.0
n5081,n13958,4,1.0,1.0,1.0
n5082,n2851,4,1.0,1.0,1.0
n5083,n7397,4,1.0,1.0,1.0
n5084,n2933,4,1.0,1.0,1.0
n5085,n810,4,1.0,1.0,1.0
n5086,n1034,4,1.0,1.0,1.0
n5087,n3096,4,1.0,1.0,1.0
n5088,n3193,4,1.0,1.0,1.0
n5089,n13030,4,1.0,1.0,1.0
n509,n12742,4,1.0,1.0,1.0
n5090,n8798,3,0.75,1.0,0.875
n5091,n1416,4,1.0,1.0,1.0
n5092,n14793,4,1.0,1.0,1.0
n5093,n13038,4,1.0,1.0,1.0
n5094,n13465,4,1.0,1.0,1.0
n5095,n3922,4,1.0,1.0,1.0
n5096,n1050,4,1.0,1.0,1.0
n5097,n1053,3,0.75,1.0,0.875
n5098,n4100,4,1.0,1.0,1.0
n5099,n4147,3,0.75,1.0,0.875
n51,n2801,4,1.0,1.0,1.0
n510,n14129,3,0.75,1.0,0.875
n5100,n12790,4,1.0,1.0,1.0
n5101,n4157,3,0.75,1.0,0.875
n5102,n8436,4,1.0,1.0,1.0
n5103,n4488,4,1.0,1.0,1.0
n5104,n4171,3,0.75,1.0,0.875
n5105,n4173,3,0.75,1.0,0.875
n5106,n10809,3,0.75,1.0,0.875
n5107,n2707,4,1.0,1.0,1.0
n5108,n4176,3,0.75,1.0,0.875
n5109,n1228,4,1.0,1.0,1.0
n511,n8290,4,1.0,1.0,1.0
n5110,n4925,4,1.0,1.0,1.0
n5111,n12216,4,1.0,1.0,1.0
n5112,n4198,4,1.0,1.0,1.0
n5113,n368,4,1.0,1.0,1.0
n5114,n1298,4,1.0,1.0,1.0
n5115,n5112,4,1.0,1.0,1.0
n5116,n1316,3,0.75,1.0,0.875
n5117,n2024,4,1.0,1.0,1.0
n5118,n2170,3,0.75,1.0,0.875
n5119,n1319,4,1.0,1.0,1.0
n512,n7243,4,1.0,1.0,1.0
n5120,n4208,4,1.0,1.0,1.0
n5121,n9846,4,1.0,1.0,1.0
n5122,n1335,4,1.0,1.0,1.0
n5123,n11667,3,0.75,1.0,0.875
n5124,n1344,4,1.0,1.0,1.0
n5125,n4998,4,1.0,1.0,1.0
n5126,n1355,4,1.0,1.0,1.0
n5127,n5220,3,0.75,1.0,0.875
n5128,n4220,4,1.0,1.0,1.0
n5129,n1383,4,1.0,1.0,1.0
n513,n7253,4,1.0,1.0,1.0
n5130,n1386,4,1.0,1.0,1.0
n5131,n5410,4,1.0,1.0,1.0
n5132,n1396,4,1.0,1.0,1.0
n5133,n4226,3,0.75,1.0,0.875
n5134,n5581,4,1.0,1.0,1.0
n5135,n4231,4,1.0,1.0,1.0
n5136,n1430,4,1.0,1.0,1.0
n5137,n6536,4,1.0,1.0,1.0
n5138,n5886,4,1.0,1.0,1.0
n5139,n4256,3,0.75,1.0,0.875
n514,n1712,4,1.0,1.0,1.0
n5140,n9014,3,0.75,1.0,0.875
n5141,n4264,4,1.0,1.0,1.0
n5142,n7216,4,1.0,1.0,1.0
n5143,n3077,3,0.75,1.0,0.875
n5144,n8561,4,1.0,1.0,1.0
n5145,n1507,4,1.0,1.0,1.0
n5146,n6168,4,1.0,1.0,1.0
n5147,n9332,3,0.75,1.0,0.875
n5148,n12016,4,1.0,1.0,1.0
n5149,n13071,4,1.0,1.0,1.0
n515,n14695,4,1.0,1.0,1.0
n5150,n10666,4,1.0,1.0,1.0
n5151,n11181,4,1.0,1.0,1.0
n5152,n4293,4,1.0,1.0,1.0
n5153,n6311,4,1.0,1.0,1.0
n5154,n11604,3,0.75,1.0,0.875
n5155,n6389,4,1.0,1.0,1.0
n5156,n8763,4,1.0,1.0,1.0
n5157,n3979,4,1.0,1.0,1.0
n5158,n4310,4,1.0,1.0,1.0
n5159,n1604,4,1.0,1.0,1.0
n516,n6226,3,0.75,1.0,0.875
n5160,n6935,3,0.75,1.0,0.875
n5161,n1618,4,1.0,1.0,1.0
n5162,n13287,3,0.75,1.0,0.875
n5163,n8448,4,1.0,1.0,1.0
n5164,n4323,4,1.0,1.0,1.0
n5165,n6150,4,1.0,1.0,1.0
n5166,n4341,4,1.0,1.0,1.0
n5167,n9410,4,1.0,1.0,1.0
n5168,n13727,4,1.0,1.0,1.0
n5169,n10271,4,1.0,1.0,1.0
n517,n1737,3,0.75,1.0,0.875
n5170,n13521,4,1.0,1.0,1.0
n5171,n14435,4,1.0,1.0,1.0
n5172,n14436,4,1.0,1.0,1.0
n5173,n12806,4,1.0,1.0,1.0
n5174,n13305,4,1.0,1.0,1.0
n5175,n1758,3,0.75,1.0,0.875
n5176,n1783,4,1.0,1.0,1.0
n5177,n456,4,1.0,1.0,1.0
n5178,n515,4,1.0,1.0,1.0
n5179,n7570,4,1.0,1.0,1.0
n518,n7398,4,1.0,1.0,1.0
n5180,n1836,4,1.0,1.0,1.0
n5181,n650,4,1.0,1.0,1.0
n5182,n2844,3,0.75,1.0,0.875
n5183,n3384,4,1.0,1.0,1.0
n5184,n7820,4,1.0,1.0,1.0
n5185,n4399,4,1.0,1.0,1.0
n5186,n1887,3,0.75,1.0,0.875
n5187,n1273,3,0.75,1.0,0.875
n5188,n1274,4,1.0,1.0,1.0
n5189,n7976,4,1.0,1.0,1.0
n519,n1748,3,0.75,1.0,0.875
n5190,n1936,4,1.0,1.0,1.0
n5191,n2078,3,0.75,1.0,0.875
n5192,n2153,4,1.0,1.0,1.0
n5193,n8127,4,1.0,1.0,1.0
n5194,n5877,4,1.0,1.0,1.0
n5195,n4436,4,1.0,1.0,1.0
n5196,n8407,3,0.75,1.0,0.875
n5197,n8194,3,0.75,1.0,0.875
n5198,n4444,4,1.0,1.0,1.0
n5199,n13697,4,1.0,1.0,1.0
n52,n1256,4,1.0,1.0,1.0
n520,n13735,4,1.0,1.0,1.0
n5200,n8310,4,1.0,1.0,1.0
n5201,n15268,3,0.75,1.0,0.875
n5202,n2046,4,1.0,1.0,1.0
n5203,n2070,4,1.0,1.0,1.0
n5204,n13576,4,1.0,1.0,1.0
n5205,n2080,4,1.0,1.0,1.0
n5206,n15586,3,0.75,1.0,0.875
n5207,n860,4,1.0,1.0,1.0
n5208,n4474,4,1.0,1.0,1.0
n5209,n2151,4,1.0,1.0,1.0
n521,n9744,4,1.0,1.0,1.0
n5210,n1757,4,1.0,1.0,1.0
n5210,n4364,4,1.0,1.0,1.0
n5211,n4719,4,1.0,1.0,1.0
n5212,n4967,4,1.0,1.0,1.0
n5213,n14411,3,0.75,1.0,0.875
n5214,n297,3,0.75,1.0,0.875
n5215,n4505,4,1.0,1.0,1.0
n5216,n5399,4,1.0,1.0,1.0
n5217,n4512,4,1.0,1.0,1.0
n5218,n8837,3,0.75,1.0,0.875
n5219,n8846,4,1.0,1.0,1.0
n522,n15042,4,1.0,1.0,1.0
n5220,n5530,3,0.75,1.0,0.875
n5221,n4520,3,0.75,1.0,0.875
n5222,n4524,4,1.0,1.0,1.0
n5223,n8946,4,1.0,1.0,1.0
n5224,n4527,3,0.75,1.0,0.875
n5225,n6754,3,0.75,1.0,0.875
n5226,n13833,4,1.0,1.0,1.0
n5226,n8990,4,1.0,1.0,1.0
n5227,n9029,4,1.0,1.0,1.0
n5228,n8957,3,0.75,1.0,0.875
n5229,n6230,4,1.0,1.0,1.0
n523,n15129,4,1.0,1.0,1.0
n5230,n10134,3,0.75,1.0,0.875
n5231,n10580,3,0.75,1.0,0.875
n5232,n709,3,0.75,1.0,0.875
n5233,n2315,4,1.0,1.0,1.0
n5234,n6813,4,1.0,1.0,1.0
n5235,n2358,4,1.0,1.0,1.0
n5236,n6957,3,0.75,1.0,0.875
n5237,n4568,4,1.0,1.0,1.0
n5238,n2415,4,1.0,1.0,1.0
n5239,n7705,3,0.75,1.0,0.875
n524,n15476,4,1.0,1.0,1.0
n5240,n2449,4,1.0,1.0,1.0
n5241,n2575,4,1.0,1.0,1.0
n5242,n4601,3,0.75,0.75,0.75
n5242,n9584,4,1.0,1.0,1.0
n5243,n1523,4,1.0,1.0,1.0
n5244,n1736,4,1.0,1.0,1.0
n5245,n9774,4,1.0,1.0,1.0
n5246,n11581,4,1.0,1.0,1.0
n5247,n9866,3,0.75,1.0,0.875
n5248,n9160,4,1.0,1.0,1.0
n5249,n9191,3,0.75,1.0,0.875
n525,n23,4,1.0,1.0,1.0
n5250,n9250,4,1.0,1.0,1.0
n5251,n2582,4,1.0,1.0,1.0
n5252,n2585,4,1.0,1.0,1.0
n5252,n7105,4,1.0,1.0,1.0
n5252,n9898,4,1.0,1.0,1.0
n5253,n7708,3,0.75,1.0,0.875
n5254,n4645,4,1.0,1.0,1.0
n5255,n2518,4,1.0,1.0,1.0
n5256,n2622,3,0.75,1.0,0.875
n5257,n4657,3,0.75,1.0,0.875
n5258,n8773,3,0.75,1.0,0.875
n5259,n8830,4,1.0,1.0,1.0
n526,n59,4,1.0,1.0,1.0
n5260,n6677,3,0.75,1.0,0.875
n5261,n10117,3,0.75,1.0,0.875
n5262,n10044,4,1.0,1.0,1.0
n5263,n9985,4,1.0,1.0,1.0
n5264,n10208,3,0.75,1.0,0.875
n5265,n4675,4,1.0,1.0,1.0
n5266,n2676,4,1.0,1.0,1.0
n5267,n2677,4,1.0,1.0,1.0
n5268,n11435,4,1.0,1.0,1.0
n5269,n793,4,1.0,1.0,1.0
n527,n564,4,1.0,1.0,1.0
n5270,n10546,4,1.0,1.0,1.0
n5271,n4687,4,1.0,1.0,1.0
n5272,n10304,4,1.0,1.0,1.0
n5273,n10739,4,1.0,1.0,1.0
n5274,n10331,4,1.0,1.0,1.0
n5275,n10371,4,1.0,1.0,1.0
n5276,n4700,3,0.75,1.0,0.875
n5277,n10181,3,0.75,1.0,0.875
n5278,n4707,4,1.0,1.0,1.0
n5279,n12832,3,0.75,1.0,0.875
n528,n1786,4,1.0,1.0,1.0
n5280,n11263,4,1.0,1.0,1.0
n5281,n13602,4,1.0,1.0,1.0
n5282,n11407,4,1.0,1.0,1.0
n5283,n859,4,1.0,1.0,1.0
n5284,n12057,4,1.0,1.0,1.0
n5285,n10623,3,0.75,1.0,0.875
n5286,n12115,4,1.0,1.0,1.0
n5287,n10667,4,1.0,1.0,1.0
n5288,n14623,4,1.0,1.0,1.0
n5289,n7721,4,1.0,1.0,1.0
n529,n5056,4,1.0,1.0,1.0
n5290,n4738,3,0.75,1.0,0.875
n5291,n1686,4,1.0,1.0,1.0
n5292,n2852,3,0.75,1.0,0.875
n5293,n8681,4,1.0,1.0,1.0
n5294,n10991,4,1.0,1.0,1.0
n5295,n10282,3,0.75,1.0,0.875
n5296,n15127,4,1.0,1.0,1.0
n5297,n11194,4,1.0,1.0,1.0
n5298,n14532,4,1.0,1.0,1.0
n5299,n2959,4,1.0,1.0,1.0
n53,n419,3,0.75,1.0,0.875
n530,n1294,4,1.0,1.0,1.0
n5300,n12451,4,1.0,1.0,1.0
n5301,n4771,4,1.0,1.0,1.0
n5302,n2993,4,1.0,1.0,1.0
n5303,n3014,4,1.0,1.0,1.0
n5304,n3049,3,0.75,1.0,0.875
n5305,n998,4,1.0,1.0,1.0
n5306,n1693,4,1.0,1.0,1.0
n5307,n1478,4,1.0,1.0,1.0
n5308,n7849,4,1.0,1.0,1.0
n5309,n8511,3,0.75,1.0,0.875
n531,n7612,4,1.0,1.0,1.0
n5310,n4476,4,1.0,1.0,1.0
n5311,n8920,4,1.0,1.0,1.0
n5312,n11825,4,1.0,1.0,1.0
n5313,n11934,4,1.0,1.0,1.0
n5314,n4818,3,0.75,1.0,0.875
n5315,n3192,4,1.0,1.0,1.0
n5316,n7812,4,1.0,1.0,1.0
n5317,n2055,4,1.0,1.0,1.0
n5318,n4840,4,1.0,1.0,1.0
n5319,n1763,4,1.0,1.0,1.0
n532,n9440,3,0.75,1.0,0.875
n5320,n3262,4,1.0,1.0,1.0
n5321,n6091,4,1.0,1.0,1.0
n5322,n12540,4,1.0,1.0,1.0
n5323,n12554,4,1.0,1.0,1.0
n5324,n5767,3,0.75,1.0,0.875
n5325,n12401,3,0.75,1.0,0.875
n5326,n5958,4,1.0,1.0,1.0
n5327,n7432,3,0.75,1.0,0.875
n5328,n6560,4,1.0,1.0,1.0
n5329,n5119,4,1.0,1.0,1.0
n533,n4398,4,1.0,1.0,1.0
n5330,n12818,4,1.0,1.0,1.0
n5331,n3344,4,1.0,1.0,1.0
n5332,n7048,3,0.75,1.0,0.875
n5333,n4871,4,1.0,1.0,1.0
n5334,n14582,4,1.0,1.0,1.0
n5335,n4877,4,1.0,1.0,1.0
n5336,n12977,4,1.0,1.0,1.0
n5337,n13010,4,1.0,1.0,1.0
n5337,n7437,3,0.75,0.75,0.75
n5338,n4892,4,1.0,1.0,1.0
n5339,n4905,4,1.0,1.0,1.0
n534,n478,4,1.0,1.0,1.0
n5340,n4909,3,0.75,1.0,0.875
n5341,n13475,4,1.0,1.0,1.0
n5342,n5686,4,1.0,1.0,1.0
n5343,n13664,3,0.75,1.0,0.875
n5344,n1798,4,1.0,1.0,1.0
n5345,n8115,3,0.75,1.0,0.875
n5346,n4308,4,1.0,1.0,1.0
n5347,n9799,4,1.0,1.0,1.0
n5348,n7892,4,1.0,1.0,1.0
n5349,n10249,3,0.75,1.0,0.875
n535,n1826,4,1.0,1.0,1.0
n5350,n10483,3,0.75,1.0,0.875
n5351,n10698,3,0.75,1.0,0.875
n5352,n12594,3,0.75,1.0,0.875
n5353,n3601,4,1.0,1.0,1.0
n5354,n9625,4,1.0,1.0,1.0
n5355,n14241,4,1.0,1.0,1.0
n5356,n3620,3,0.75,1.0,0.875
n5357,n13744,4,1.0,1.0,1.0
n5358,n4981,4,1.0,1.0,1.0
n5359,n2900,4,1.0,1.0,1.0
n536,n7745,4,1.0,1.0,1.0
n5360,n4557,4,1.0,1.0,1.0
n5361,n4990,4,1.0,1.0,1.0
n5362,n3450,4,1.0,1.0,1.0
n5363,n6255,4,1.0,1.0,1.0
n5364,n4999,4,1.0,1.0,1.0
n5365,n6649,4,1.0,1.0,1.0
n5366,n14773,4,1.0,1.0,1.0
n5367,n14800,4,1.0,1.0,1.0
n5368,n14152,3,0.75,1.0,0.875
n5369,n5003,4,1.0,1.0,1.0
n537,n1852,4,1.0,1.0,1.0
n5370,n3732,4,1.0,1.0,1.0
n5371,n3753,3,0.75,1.0,0.875
n5372,n5896,4,1.0,1.0,1.0
n5373,n5012,4,1.0,1.0,1.0
n5374,n15350,4,1.0,1.0,1.0
n5375,n5031,4,1.0,1.0,1.0
n5376,n15378,4,1.0,1.0,1.0
n5377,n14506,4,1.0,1.0,1.0
n5378,n3887,3,0.75,1.0,0.875
n5379,n15561,4,1.0,1.0,1.0
n538,n751,3,0.75,1.0,0.875
n5380,n68,4,1.0,1.0,1.0
n5381,n1029,4,1.0,1.0,1.0
n5382,n5048,4,1.0,1.0,1.0
n5383,n3950,3,0.75,1.0,0.875
n5384,n5058,4,1.0,1.0,1.0
n5385,n2643,3,0.75,1.0,0.875
n5386,n231,3,0.75,1.0,0.875
n5387,n5063,4,1.0,1.0,1.0
n5388,n3966,4,1.0,1.0,1.0
n5389,n1127,3,0.75,1.0,0.875
n539,n11810,4,1.0,1.0,1.0
n5390,n3985,4,1.0,1.0,1.0
n5391,n431,4,1.0,1.0,1.0
n5392,n1573,4,1.0,1.0,1.0
n5393,n4010,4,1.0,1.0,1.0
n5394,n582,4,1.0,1.0,1.0
n5395,n9612,4,1.0,1.0,1.0
n5396,n2779,4,1.0,1.0,1.0
n5397,n11791,4,1.0,1.0,1.0
n5398,n13932,4,1.0,1.0,1.0
n5399,n15246,4,1.0,1.0,1.0
n54,n1393,4,1.0,1.0,1.0
n540,n7765,4,1.0,1.0,1.0
n5400,n11624,4,1.0,1.0,1.0
n5401,n11173,4,1.0,1.0,1.0
n5402,n7633,4,1.0,1.0,1.0
n5403,n4874,4,1.0,1.0,1.0
n5404,n5127,3,0.75,1.0,0.875
n5405,n5135,4,1.0,1.0,1.0
n5406,n6220,4,1.0,1.0,1.0
n5407,n5718,3,0.75,1.0,0.875
n5408,n1442,4,1.0,1.0,1.0
n5409,n5768,4,1.0,1.0,1.0
n541,n7785,4,1.0,1.0,1.0
n5410,n1466,4,1.0,1.0,1.0
n5411,n4261,4,1.0,1.0,1.0
n5412,n6019,3,0.75,1.0,0.875
n5413,n6144,4,1.0,1.0,1.0
n5414,n6195,4,1.0,1.0,1.0
n5415,n9740,3,0.75,1.0,0.875
n5416,n5177,4,1.0,1.0,1.0
n5417,n5178,4,1.0,1.0,1.0
n5418,n1175,4,1.0,1.0,1.0
n5419,n7715,4,1.0,1.0,1.0
n542,n3385,4,1.0,1.0,1.0
n5420,n5192,4,1.0,1.0,1.0
n5421,n8125,4,1.0,1.0,1.0
n5422,n8129,4,1.0,1.0,1.0
n5423,n5208,4,1.0,1.0,1.0
n5424,n4370,4,1.0,1.0,1.0
n5424,n5210,4,1.0,1.0,1.0
n5425,n8768,4,1.0,1.0,1.0
n5426,n2241,4,1.0,1.0,1.0
n5427,n6356,4,1.0,1.0,1.0
n5428,n6394,4,1.0,1.0,1.0
n5429,n6447,4,1.0,1.0,1.0
n543,n3235,4,1.0,1.0,1.0
n5430,n12377,4,1.0,1.0,1.0
n5431,n9185,3,0.75,1.0,0.875
n5432,n2341,4,1.0,1.0,1.0
n5433,n5235,4,1.0,1.0,1.0
n5433,n6937,3,0.75,0.75,0.75
n5434,n7318,4,1.0,1.0,1.0
n5435,n2689,4,1.0,1.0,1.0
n5436,n4604,3,0.75,1.0,0.875
n5437,n2510,3,0.75,1.0,0.875
n5438,n8815,4,1.0,1.0,1.0
n5439,n4625,3,0.75,1.0,0.875
n544,n1872,4,1.0,1.0,1.0
n5440,n5777,3,0.75,1.0,0.875
n5441,n9849,4,1.0,1.0,1.0
n5442,n9134,4,1.0,1.0,1.0
n5443,n9479,3,0.75,1.0,0.875
n5444,n9538,4,1.0,1.0,1.0
n5445,n2658,3,0.75,1.0,0.875
n5446,n5267,4,1.0,1.0,1.0
n5447,n10788,4,1.0,1.0,1.0
n5448,n11289,3,0.75,1.0,0.875
n5449,n4727,4,1.0,1.0,1.0
n545,n1875,4,1.0,1.0,1.0
n5450,n2891,4,1.0,1.0,1.0
n5451,n10967,3,0.75,1.0,0.875
n5452,n10083,3,0.75,1.0,0.875
n5453,n5295,3,0.75,1.0,0.875
n5454,n10904,4,1.0,1.0,1.0
n5455,n11945,3,0.75,1.0,0.875
n5456,n3008,4,1.0,1.0,1.0
n5457,n5303,4,1.0,1.0,1.0
n5458,n3164,4,1.0,1.0,1.0
n5459,n4824,4,1.0,1.0,1.0
n546,n7819,4,1.0,1.0,1.0
n5460,n4196,4,1.0,1.0,1.0
n5461,n12214,4,1.0,1.0,1.0
n5461,n4833,3,0.75,0.75,0.75
n5462,n12470,4,1.0,1.0,1.0
n5463,n3409,3,0.75,1.0,0.875
n5464,n4897,4,1.0,1.0,1.0
n5465,n4922,4,1.0,1.0,1.0
n5466,n3490,4,1.0,1.0,1.0
n5467,n4955,4,1.0,1.0,1.0
n5468,n4957,3,0.75,1.0,0.875
n5469,n14157,4,1.0,1.0,1.0
n547,n7822,3,0.75,1.0,0.875
n5470,n5000,4,1.0,1.0,1.0
n5471,n14399,4,1.0,1.0,1.0
n5472,n5388,4,1.0,1.0,1.0
n5473,n5064,3,0.75,1.0,0.875
n5474,n5073,4,1.0,1.0,1.0
n5475,n2159,4,1.0,1.0,1.0
n5476,n5398,4,1.0,1.0,1.0
n5477,n4121,4,1.0,1.0,1.0
n5478,n4144,3,0.75,1.0,0.875
n5479,n4179,4,1.0,1.0,1.0
n548,n1007,4,1.0,1.0,1.0
n5480,n5403,4,1.0,1.0,1.0
n5481,n5121,4,1.0,1.0,1.0
n5482,n4931,4,1.0,1.0,1.0
n5483,n1358,4,1.0,1.0,1.0
n5484,n4230,4,1.0,1.0,1.0
n5485,n6059,3,0.75,1.0,0.875
n5486,n5166,4,1.0,1.0,1.0
n5487,n14691,4,1.0,1.0,1.0
n5488,n1751,4,1.0,1.0,1.0
n5489,n7631,4,1.0,1.0,1.0
n549,n1881,4,1.0,1.0,1.0
n5490,n5423,4,1.0,1.0,1.0
n5491,n5934,3,0.75,0.75,0.75
n5491,n8985,4,1.0,1.0,1.0
n5492,n5991,4,1.0,1.0,1.0
n5493,n5439,3,0.75,1.0,0.875
n5494,n5256,3,0.75,1.0,0.875
n5495,n10116,3,0.75,1.0,0.875
n5496,n4729,4,1.0,1.0,1.0
n5497,n5292,3,0.75,1.0,0.875
n5498,n4865,3,0.75,1.0,0.875
n5499,n3335,4,1.0,1.0,1.0
n55,n11335,4,1.0,1.0,1.0
n550,n1054,4,1.0,1.0,1.0
n5500,n7486,4,1.0,1.0,1.0
n5501,n3756,4,1.0,1.0,1.0
n5502,n3931,3,0.75,1.0,0.875
n5503,n3986,4,1.0,1.0,1.0
n5504,n570,4,1.0,1.0,1.0
n5505,n2666,4,1.0,1.0,1.0
n5506,n985,4,1.0,1.0,1.0
n5507,n5099,3,0.75,1.0,0.875
n5508,n5416,4,1.0,1.0,1.0
n5509,n5495,3,0.75,1.0,0.875
n551,n4057,4,1.0,1.0,1.0
n5510,n6725,4,1.0,1.0,1.0
n5511,n5626,4,1.0,1.0,1.0
n5512,n5567,3,0.75,1.0,0.875
n5513,n5781,4,1.0,1.0,1.0
n5513,n6631,3,0.75,0.75,0.75
n5514,n7267,4,1.0,1.0,1.0
n5515,n5638,4,1.0,1.0,1.0
n5516,n4779,4,1.0,1.0,1.0
n5517,n5658,4,1.0,1.0,1.0
n5518,n3511,4,1.0,1.0,1.0
n5519,n1614,4,1.0,1.0,1.0
n552,n1890,4,1.0,1.0,1.0
n5520,n6256,4,1.0,1.0,1.0
n5521,n6295,4,1.0,1.0,1.0
n5522,n11704,3,0.75,1.0,0.875
n5523,n4111,4,1.0,1.0,1.0
n5524,n11749,4,1.0,1.0,1.0
n5525,n5748,3,0.75,1.0,0.875
n5526,n5758,4,1.0,1.0,1.0
n5527,n13856,4,1.0,1.0,1.0
n5528,n5761,4,1.0,1.0,1.0
n5529,n3850,4,1.0,1.0,1.0
n553,n1142,4,1.0,1.0,1.0
n5530,n12127,3,0.75,1.0,0.875
n5531,n1398,3,0.75,1.0,0.875
n5532,n1716,4,1.0,1.0,1.0
n5533,n5095,4,1.0,1.0,1.0
n5534,n5585,4,1.0,1.0,1.0
n5535,n6424,4,1.0,1.0,1.0
n5536,n5591,4,1.0,1.0,1.0
n5537,n5834,4,1.0,1.0,1.0
n5538,n5594,4,1.0,1.0,1.0
n5539,n8275,4,1.0,1.0,1.0
n554,n2842,3,0.75,1.0,0.875
n5540,n5891,4,1.0,1.0,1.0
n5541,n5892,4,1.0,1.0,1.0
n5542,n6928,4,1.0,1.0,1.0
n5543,n9330,4,1.0,1.0,1.0
n5544,n9661,4,1.0,1.0,1.0
n5545,n13754,3,0.75,1.0,0.875
n5546,n5962,4,1.0,1.0,1.0
n5547,n7157,4,1.0,1.0,1.0
n5548,n7237,4,1.0,1.0,1.0
n5549,n6011,4,1.0,1.0,1.0
n555,n1257,4,1.0,1.0,1.0
n5550,n8051,4,1.0,1.0,1.0
n5551,n8068,4,1.0,1.0,1.0
n5552,n6588,3,0.75,1.0,0.875
n5553,n8767,3,0.75,1.0,0.875
n5554,n8635,4,1.0,1.0,1.0
n5555,n5674,4,1.0,1.0,1.0
n5556,n9039,4,1.0,1.0,1.0
n5557,n13154,4,1.0,1.0,1.0
n5558,n6831,4,1.0,1.0,1.0
n5559,n8645,4,1.0,1.0,1.0
n556,n1903,3,0.75,1.0,0.875
n5560,n5783,4,1.0,1.0,1.0
n5561,n13875,4,1.0,1.0,1.0
n5562,n9908,4,1.0,1.0,1.0
n5563,n9425,4,1.0,1.0,1.0
n5564,n2518,4,1.0,1.0,1.0
n5565,n10235,4,1.0,1.0,1.0
n5566,n6252,3,0.75,1.0,0.875
n5567,n8964,3,0.75,1.0,0.875
n5568,n11472,3,0.75,1.0,0.875
n5569,n6376,4,1.0,1.0,1.0
n557,n1910,4,1.0,1.0,1.0
n557,n7915,4,1.0,1.0,1.0
n5570,n2301,4,1.0,1.0,1.0
n5571,n5753,3,0.75,1.0,0.875
n5572,n5756,4,1.0,1.0,1.0
n5573,n3418,4,1.0,1.0,1.0
n5574,n12116,4,1.0,1.0,1.0
n5575,n6496,3,0.75,1.0,0.875
n5576,n2337,3,0.75,1.0,0.875
n5577,n9449,4,1.0,1.0,1.0
n5578,n12273,4,1.0,1.0,1.0
n5579,n6580,3,0.75,1.0,0.875
n558,n1394,4,1.0,1.0,1.0
n5580,n6601,3,0.75,1.0,0.875
n5581,n5556,4,1.0,1.0,1.0
n5582,n6205,4,1.0,1.0,1.0
n5583,n5661,4,1.0,1.0,1.0
n5584,n5669,4,1.0,1.0,1.0
n5585,n10574,4,1.0,1.0,1.0
n5586,n6632,4,1.0,1.0,1.0
n5587,n6651,3,0.75,1.0,0.875
n5588,n5975,4,1.0,1.0,1.0
n5589,n10813,3,0.75,1.0,0.875
n559,n1915,4,1.0,1.0,1.0
n5590,n12562,3,0.75,1.0,0.875
n5591,n12786,4,1.0,1.0,1.0
n5592,n13264,3,0.75,1.0,0.875
n5593,n6906,4,1.0,1.0,1.0
n5594,n9495,4,1.0,1.0,1.0
n5595,n12141,4,1.0,1.0,1.0
n5596,n14738,4,1.0,1.0,1.0
n5597,n7455,3,0.75,1.0,0.875
n5598,n13044,4,1.0,1.0,1.0
n5599,n7572,4,1.0,1.0,1.0
n56,n481,4,1.0,1.0,1.0
n560,n7963,4,1.0,1.0,1.0
n5600,n689,4,1.0,1.0,1.0
n5601,n7927,3,0.75,1.0,0.875
n5602,n7220,4,1.0,1.0,1.0
n5603,n6824,3,0.75,1.0,0.875
n5604,n8150,4,1.0,1.0,1.0
n5605,n2637,3,0.75,1.0,0.875
n5606,n2277,3,0.75,1.0,0.875
n5607,n13414,4,1.0,1.0,1.0
n5608,n4762,4,1.0,1.0,1.0
n5609,n8820,4,1.0,1.0,1.0
n561,n14472,4,1.0,1.0,1.0
n5610,n8862,4,1.0,1.0,1.0
n5611,n13492,4,1.0,1.0,1.0
n5612,n13530,3,0.75,0.75,0.75
n5612,n6964,4,1.0,1.0,1.0
n5613,n5912,4,1.0,1.0,1.0
n5614,n9356,3,0.75,1.0,0.875
n5615,n9358,4,1.0,1.0,1.0
n5616,n8104,4,1.0,1.0,1.0
n5617,n9675,4,1.0,1.0,1.0
n5618,n8895,3,0.75,1.0,0.875
n5619,n8954,4,1.0,1.0,1.0
n5619,n9786,3,0.75,0.75,0.75
n562,n11905,3,0.75,1.0,0.875
n5620,n9902,4,1.0,1.0,1.0
n5621,n9529,3,0.75,1.0,0.875
n5622,n7072,4,1.0,1.0,1.0
n5623,n5949,4,1.0,1.0,1.0
n5624,n10144,4,1.0,1.0,1.0
n5624,n10147,4,1.0,1.0,1.0
n5625,n7089,4,1.0,1.0,1.0
n5626,n7090,4,1.0,1.0,1.0
n5627,n11035,3,0.75,1.0,0.875
n5628,n14025,4,1.0,1.0,1.0
n5629,n3565,4,1.0,1.0,1.0
n563,n1904,4,1.0,1.0,1.0
n5630,n14109,3,0.75,1.0,0.875
n5631,n10914,3,0.75,1.0,0.875
n5632,n7193,3,0.75,1.0,0.875
n5633,n14632,4,1.0,1.0,1.0
n5634,n7211,4,1.0,1.0,1.0
n5635,n11271,4,1.0,1.0,1.0
n5636,n7239,3,0.75,1.0,0.875
n5637,n7242,4,1.0,1.0,1.0
n5638,n6004,4,1.0,1.0,1.0
n5639,n6007,3,0.75,1.0,0.875
n564,n8056,4,1.0,1.0,1.0
n5640,n6008,3,0.75,1.0,0.875
n5641,n7289,4,1.0,1.0,1.0
n5642,n3912,4,1.0,1.0,1.0
n5643,n6012,4,1.0,1.0,1.0
n5644,n14687,3,0.75,1.0,0.875
n5645,n12895,4,1.0,1.0,1.0
n5646,n7426,3,0.75,1.0,0.875
n5647,n7932,4,1.0,1.0,1.0
n5648,n9153,4,1.0,1.0,1.0
n5649,n7419,4,1.0,1.0,1.0
n565,n11106,3,0.75,1.0,0.875
n5650,n7495,4,1.0,1.0,1.0
n5651,n6071,3,0.75,1.0,0.875
n5652,n15349,3,0.75,1.0,0.875
n5653,n14191,4,1.0,1.0,1.0
n5654,n14673,3,0.75,1.0,0.875
n5655,n13045,3,0.75,1.0,0.875
n5656,n12705,4,1.0,1.0,1.0
n5657,n6093,4,1.0,1.0,1.0
n5658,n1424,4,1.0,1.0,1.0
n5659,n12168,4,1.0,1.0,1.0
n566,n8692,4,1.0,1.0,1.0
n5660,n8083,4,1.0,1.0,1.0
n5661,n4412,4,1.0,1.0,1.0
n5662,n6103,4,1.0,1.0,1.0
n5663,n11782,3,0.75,1.0,0.875
n5664,n3095,3,0.75,1.0,0.875
n5665,n12838,4,1.0,1.0,1.0
n5666,n3518,3,0.75,1.0,0.875
n5667,n4091,4,1.0,1.0,1.0
n5668,n4221,4,1.0,1.0,1.0
n5669,n4283,4,1.0,1.0,1.0
n567,n8121,3,0.75,1.0,0.875
n5670,n6129,4,1.0,1.0,1.0
n5671,n8496,4,1.0,1.0,1.0
n5672,n3577,4,1.0,1.0,1.0
n5673,n8731,4,1.0,1.0,1.0
n5674,n6137,4,1.0,1.0,1.0
n5675,n2554,3,0.75,1.0,0.875
n5676,n5578,4,1.0,1.0,1.0
n5677,n5662,4,1.0,1.0,1.0
n5678,n8911,3,0.75,1.0,0.875
n5679,n12229,3,0.75,1.0,0.875
n568,n1975,4,1.0,1.0,1.0
n5680,n12510,4,1.0,1.0,1.0
n5681,n12608,4,1.0,1.0,1.0
n5682,n5907,4,1.0,1.0,1.0
n5683,n6151,3,0.75,1.0,0.875
n5684,n9076,3,0.75,1.0,0.875
n5685,n9136,4,1.0,1.0,1.0
n5686,n12884,4,1.0,1.0,1.0
n5687,n13468,3,0.75,1.0,0.875
n5688,n8135,4,1.0,1.0,1.0
n5689,n6170,3,0.75,1.0,0.875
n569,n1977,4,1.0,1.0,1.0
n5690,n15502,3,0.75,1.0,0.875
n5691,n8574,4,1.0,1.0,1.0
n5692,n7934,3,0.75,1.0,0.875
n5693,n5275,4,1.0,1.0,1.0
n5694,n6029,4,1.0,1.0,1.0
n5695,n8915,3,0.75,1.0,0.875
n5696,n6203,4,1.0,1.0,1.0
n5697,n11901,4,1.0,1.0,1.0
n5698,n6211,3,0.75,1.0,0.875
n5699,n9561,4,1.0,1.0,1.0
n57,n1572,4,1.0,1.0,1.0
n570,n5508,4,1.0,1.0,1.0
n5700,n8491,4,1.0,1.0,1.0
n5701,n9691,3,0.75,1.0,0.875
n5702,n10039,4,1.0,1.0,1.0
n5703,n10072,4,1.0,1.0,1.0
n5704,n6224,3,0.75,1.0,0.875
n5705,n9163,3,0.75,1.0,0.875
n5706,n14969,4,1.0,1.0,1.0
n5707,n5695,3,0.75,1.0,0.875
n5708,n10242,4,1.0,1.0,1.0
n5708,n11201,3,0.75,0.75,0.75
n5709,n10551,3,0.75,1.0,0.875
n571,n9155,4,1.0,1.0,1.0
n5710,n14694,4,1.0,1.0,1.0
n5711,n14786,4,1.0,1.0,1.0
n5712,n1545,4,1.0,1.0,1.0
n5713,n3496,4,1.0,1.0,1.0
n5714,n10796,4,1.0,1.0,1.0
n5715,n10798,3,0.75,1.0,0.875
n5716,n9193,3,0.75,1.0,0.875
n5717,n8216,3,0.75,1.0,0.875
n5718,n13703,3,0.75,1.0,0.875
n5719,n9355,3,0.75,1.0,0.875
n572,n1987,4,1.0,1.0,1.0
n5720,n8596,3,0.75,1.0,0.875
n5721,n6290,4,1.0,1.0,1.0
n5722,n11055,3,0.75,1.0,0.875
n5723,n13947,4,1.0,1.0,1.0
n5724,n10741,4,1.0,1.0,1.0
n5725,n14508,3,0.75,1.0,0.875
n5726,n8685,4,1.0,1.0,1.0
n5727,n294,3,0.75,1.0,0.875
n5728,n287,4,1.0,1.0,1.0
n5729,n6317,4,1.0,1.0,1.0
n573,n8148,3,0.75,1.0,0.875
n5730,n6321,4,1.0,1.0,1.0
n5731,n11710,3,0.75,1.0,0.875
n5732,n11562,4,1.0,1.0,1.0
n5733,n6350,3,0.75,1.0,0.875
n5734,n1382,4,1.0,1.0,1.0
n5735,n2051,4,1.0,1.0,1.0
n5736,n4725,4,1.0,1.0,1.0
n5737,n6372,4,1.0,1.0,1.0
n5738,n11668,4,1.0,1.0,1.0
n5739,n15209,4,1.0,1.0,1.0
n574,n1237,4,1.0,1.0,1.0
n5740,n6384,3,0.75,1.0,0.875
n5741,n8002,4,1.0,1.0,1.0
n5742,n11674,4,1.0,1.0,1.0
n5743,n4592,4,1.0,1.0,1.0
n5744,n6769,4,1.0,1.0,1.0
n5745,n6390,4,1.0,1.0,1.0
n5746,n7441,3,0.75,1.0,0.875
n5747,n1978,4,1.0,1.0,1.0
n5748,n4689,3,0.75,1.0,0.875
n5749,n11775,4,1.0,1.0,1.0
n575,n8179,3,0.75,1.0,0.875
n5750,n6426,4,1.0,1.0,1.0
n5751,n2613,3,0.75,1.0,0.875
n5752,n13851,3,0.75,1.0,0.875
n5753,n10572,3,0.75,1.0,0.875
n5754,n10611,4,1.0,1.0,1.0
n5755,n6443,3,0.75,1.0,0.875
n5756,n3090,4,1.0,1.0,1.0
n5757,n6043,4,1.0,1.0,1.0
n5758,n13970,4,1.0,1.0,1.0
n5759,n6459,3,0.75,1.0,0.875
n576,n9670,4,1.0,1.0,1.0
n5760,n3599,4,1.0,1.0,1.0
n5761,n12022,4,1.0,1.0,1.0
n5762,n12198,4,1.0,1.0,1.0
n5763,n3999,3,0.75,1.0,0.875
n5764,n4023,3,0.75,1.0,0.875
n5765,n12169,4,1.0,1.0,1.0
n5766,n4335,4,1.0,1.0,1.0
n5767,n7625,3,0.75,1.0,0.875
n5768,n4406,4,1.0,1.0,1.0
n5769,n12221,4,1.0,1.0,1.0
n577,n9674,4,1.0,1.0,1.0
n5770,n4481,4,1.0,1.0,1.0
n5771,n6531,4,1.0,1.0,1.0
n5772,n10370,4,1.0,1.0,1.0
n5773,n2748,4,1.0,1.0,1.0
n5774,n4980,3,0.75,1.0,0.875
n5775,n12309,4,1.0,1.0,1.0
n5776,n12311,4,1.0,1.0,1.0
n5777,n9542,3,0.75,1.0,0.875
n5778,n3666,3,0.75,1.0,0.875
n5779,n12795,4,1.0,1.0,1.0
n578,n8113,4,1.0,1.0,1.0
n5780,n12359,4,1.0,1.0,1.0
n5781,n3943,4,1.0,1.0,1.0
n5782,n6608,4,1.0,1.0,1.0
n5783,n12383,4,1.0,1.0,1.0
n5784,n1739,3,0.75,1.0,0.875
n5785,n5174,4,1.0,1.0,1.0
n5786,n12391,3,0.75,1.0,0.875
n5787,n4503,4,1.0,1.0,1.0
n5788,n4616,3,0.75,1.0,0.875
n5789,n4626,3,0.75,1.0,0.875
n579,n2617,4,1.0,1.0,1.0
n5790,n4723,4,1.0,1.0,1.0
n5791,n12422,4,1.0,1.0,1.0
n5792,n4849,4,1.0,1.0,1.0
n5793,n5326,4,1.0,1.0,1.0
n5794,n12441,3,0.75,1.0,0.875
n5795,n5352,3,0.75,1.0,0.875
n5796,n12467,4,1.0,1.0,1.0
n5797,n4451,3,0.75,1.0,0.875
n5798,n5441,4,1.0,1.0,1.0
n5799,n6599,4,1.0,1.0,1.0
n58,n1710,4,1.0,1.0,1.0
n580,n8229,4,1.0,1.0,1.0
n5800,n5314,3,0.75,1.0,0.875
n5801,n5341,4,1.0,1.0,1.0
n5802,n5525,3,0.75,1.0,0.875
n5803,n5651,3,0.75,1.0,0.875
n5804,n6613,4,1.0,1.0,1.0
n5805,n4752,4,1.0,1.0,1.0
n5806,n5680,3,0.75,0.75,0.75
n5806,n5681,4,1.0,1.0,1.0
n5806,n6146,4,1.0,1.0,1.0
n5807,n12545,4,1.0,1.0,1.0
n5808,n6621,4,1.0,1.0,1.0
n5809,n6306,4,1.0,1.0,1.0
n581,n10096,4,1.0,1.0,1.0
n5810,n743,4,1.0,1.0,1.0
n5811,n12557,4,1.0,1.0,1.0
n5812,n12559,3,0.75,1.0,0.875
n5813,n12355,3,0.75,1.0,0.875
n5814,n5830,3,0.75,1.0,0.875
n5815,n6829,4,1.0,1.0,1.0
n5816,n13206,3,0.75,1.0,0.875
n5817,n13281,3,0.75,1.0,0.875
n5817,n5883,3,0.75,1.0,0.875
n5818,n13288,3,0.75,1.0,0.875
n5819,n6650,4,1.0,1.0,1.0
n582,n10745,4,1.0,1.0,1.0
n5820,n6652,4,1.0,1.0,1.0
n5821,n6653,4,1.0,1.0,1.0
n5822,n6660,4,1.0,1.0,1.0
n5823,n12661,4,1.0,1.0,1.0
n5824,n6233,3,0.75,1.0,0.875
n5825,n12674,4,1.0,1.0,1.0
n5826,n11082,3,0.75,1.0,0.875
n5827,n6686,4,1.0,1.0,1.0
n5828,n418,4,1.0,1.0,1.0
n5829,n6695,4,1.0,1.0,1.0
n583,n2738,4,1.0,1.0,1.0
n5830,n6534,3,0.75,1.0,0.875
n5831,n6547,3,0.75,1.0,0.875
n5832,n5673,4,1.0,1.0,1.0
n5833,n8268,4,1.0,1.0,1.0
n5834,n11861,4,1.0,1.0,1.0
n5835,n6554,3,0.75,1.0,0.875
n5835,n6710,3,0.75,1.0,0.875
n5836,n12861,4,1.0,1.0,1.0
n5837,n13544,4,1.0,1.0,1.0
n5838,n6743,4,1.0,1.0,1.0
n5839,n6763,4,1.0,1.0,1.0
n584,n2030,4,1.0,1.0,1.0
n5840,n6726,4,1.0,1.0,1.0
n5841,n13200,3,0.75,1.0,0.875
n5842,n13335,4,1.0,1.0,1.0
n5843,n8502,3,0.75,1.0,0.875
n5844,n6731,4,1.0,1.0,1.0
n5845,n8801,3,0.75,1.0,0.875
n5846,n8849,4,1.0,1.0,1.0
n5847,n12878,3,0.75,1.0,0.875
n5848,n7067,4,1.0,1.0,1.0
n5849,n12916,3,0.75,1.0,0.875
n585,n10853,4,1.0,1.0,1.0
n5850,n6748,4,1.0,1.0,1.0
n5851,n12927,4,1.0,1.0,1.0
n5852,n13068,4,1.0,1.0,1.0
n5853,n7175,4,1.0,1.0,1.0
n5854,n12941,4,1.0,1.0,1.0
n5855,n7238,4,1.0,1.0,1.0
n5856,n11714,4,1.0,1.0,1.0
n5857,n6759,4,1.0,1.0,1.0
n5858,n12998,4,1.0,1.0,1.0
n5859,n7411,4,1.0,1.0,1.0
n586,n11315,3,0.75,1.0,0.875
n5860,n15110,4,1.0,1.0,1.0
n5861,n14512,3,0.75,1.0,0.875
n5862,n523,4,1.0,1.0,1.0
n5863,n7696,4,1.0,1.0,1.0
n5864,n7800,4,1.0,1.0,1.0
n5865,n3799,4,1.0,1.0,1.0
n5866,n3933,4,1.0,1.0,1.0
n5867,n6810,4,1.0,1.0,1.0
n5868,n7851,4,1.0,1.0,1.0
n5869,n13152,4,1.0,1.0,1.0
n587,n11344,4,1.0,1.0,1.0
n5870,n6537,4,1.0,1.0,1.0
n5871,n7270,4,1.0,1.0,1.0
n5872,n13187,4,1.0,1.0,1.0
n5873,n6826,4,1.0,1.0,1.0
n5874,n1141,4,1.0,1.0,1.0
n5875,n6835,4,1.0,1.0,1.0
n5876,n2042,4,1.0,1.0,1.0
n5877,n8544,4,1.0,1.0,1.0
n5878,n2218,4,1.0,1.0,1.0
n5879,n9176,4,1.0,1.0,1.0
n588,n34,4,1.0,1.0,1.0
n5880,n6861,3,0.75,1.0,0.875
n5881,n10749,4,1.0,1.0,1.0
n5882,n10403,4,1.0,1.0,1.0
n5883,n8268,4,1.0,1.0,1.0
n5884,n6868,3,0.75,1.0,0.875
n5885,n6869,4,1.0,1.0,1.0
n5886,n11221,4,1.0,1.0,1.0
n5887,n2995,3,0.75,1.0,0.875
n5888,n3093,3,0.75,1.0,0.875
n5889,n6879,3,0.75,1.0,0.875
n589,n8331,4,1.0,1.0,1.0
n5890,n6887,4,1.0,1.0,1.0
n5891,n3808,4,1.0,1.0,1.0
n5892,n6895,4,1.0,1.0,1.0
n5893,n13371,4,1.0,1.0,1.0
n5894,n6896,4,1.0,1.0,1.0
n5895,n13415,3,0.75,1.0,0.875
n5896,n4648,4,1.0,1.0,1.0
n5897,n6919,4,1.0,1.0,1.0
n5898,n6926,4,1.0,1.0,1.0
n5899,n13452,4,1.0,1.0,1.0
n59,n166,4,1.0,1.0,1.0
n590,n3073,4,1.0,1.0,1.0
n5900,n4350,4,1.0,1.0,1.0
n5901,n8785,4,1.0,1.0,1.0
n5902,n4598,3,0.75,1.0,0.875
n5903,n4832,4,1.0,1.0,1.0
n5904,n5446,4,1.0,1.0,1.0
n5905,n6943,4,1.0,1.0,1.0
n5906,n6945,4,1.0,1.0,1.0
n5907,n5677,4,1.0,1.0,1.0
n5908,n8926,3,0.75,1.0,0.875
n5909,n6956,4,1.0,1.0,1.0
n591,n2058,4,1.0,1.0,1.0
n5910,n9009,4,1.0,1.0,1.0
n5911,n13531,4,1.0,1.0,1.0
n5912,n7487,4,1.0,1.0,1.0
n5913,n13534,4,1.0,1.0,1.0
n5914,n9054,4,1.0,1.0,1.0
n5915,n6971,3,0.75,1.0,0.875
n5916,n6278,4,1.0,1.0,1.0
n5917,n13570,4,1.0,1.0,1.0
n5918,n6793,4,1.0,1.0,1.0
n5919,n6850,4,1.0,1.0,1.0
n592,n15527,4,1.0,1.0,1.0
n5920,n9257,3,0.75,1.0,0.875
n5921,n13620,3,0.75,1.0,0.875
n5922,n14813,4,1.0,1.0,1.0
n5922,n7005,4,1.0,1.0,1.0
n5923,n14180,4,1.0,1.0,1.0
n5924,n7497,4,1.0,1.0,1.0
n5925,n13636,4,1.0,1.0,1.0
n5926,n13649,4,1.0,1.0,1.0
n5927,n5110,4,1.0,1.0,1.0
n5928,n9481,4,1.0,1.0,1.0
n5929,n13670,3,0.75,1.0,0.875
n593,n4915,4,1.0,1.0,1.0
n5930,n2830,4,1.0,1.0,1.0
n5931,n9724,4,1.0,1.0,1.0
n5932,n9731,4,1.0,1.0,1.0
n5933,n7045,4,1.0,1.0,1.0
n5934,n7046,3,0.75,1.0,0.875
n5935,n7050,4,1.0,1.0,1.0
n5936,n8829,4,1.0,1.0,1.0
n5937,n7052,3,0.75,1.0,0.875
n5938,n6739,4,1.0,1.0,1.0
n5939,n8970,4,1.0,1.0,1.0
n594,n3320,4,1.0,1.0,1.0
n5940,n9002,3,0.75,1.0,0.875
n5941,n13758,4,1.0,1.0,1.0
n5942,n12228,4,1.0,1.0,1.0
n5943,n12893,4,1.0,1.0,1.0
n5944,n13621,4,1.0,1.0,1.0
n5945,n13804,3,0.75,1.0,0.875
n5946,n9940,4,1.0,1.0,1.0
n5947,n8332,4,1.0,1.0,1.0
n5948,n8439,4,1.0,1.0,1.0
n5949,n4349,4,1.0,1.0,1.0
n595,n12950,4,1.0,1.0,1.0
n5950,n10024,4,1.0,1.0,1.0
n5951,n8610,4,1.0,1.0,1.0
n5952,n13841,4,1.0,1.0,1.0
n5953,n9772,4,1.0,1.0,1.0
n5954,n9060,3,0.75,1.0,0.875
n5955,n13849,3,0.75,0.75,0.75
n5955,n9849,4,1.0,1.0,1.0
n5956,n8922,4,1.0,1.0,1.0
n5957,n9802,3,0.75,1.0,0.875
n5958,n11161,4,1.0,1.0,1.0
n5959,n13883,4,1.0,1.0,1.0
n596,n3401,4,1.0,1.0,1.0
n5960,n10186,4,1.0,1.0,1.0
n5961,n10193,4,1.0,1.0,1.0
n5962,n12506,4,1.0,1.0,1.0
n5963,n10997,3,0.75,1.0,0.875
n5964,n11043,3,0.75,1.0,0.875
n5965,n11201,4,1.0,1.0,1.0
n5965,n13909,4,1.0,1.0,1.0
n5966,n10401,4,1.0,1.0,1.0
n5967,n13942,3,0.75,1.0,0.875
n5968,n11227,3,0.75,1.0,0.875
n5969,n12552,4,1.0,1.0,1.0
n597,n2086,4,1.0,1.0,1.0
n5970,n11348,4,1.0,1.0,1.0
n5971,n3668,3,0.75,1.0,0.875
n5972,n10639,4,1.0,1.0,1.0
n5973,n7143,4,1.0,1.0,1.0
n5974,n12338,4,1.0,1.0,1.0
n5975,n12668,4,1.0,1.0,1.0
n5976,n12739,4,1.0,1.0,1.0
n5977,n12743,3,0.75,1.0,0.875
n5978,n10763,4,1.0,1.0,1.0
n5979,n14095,4,1.0,1.0,1.0
n598,n2099,4,1.0,1.0,1.0
n5980,n12719,4,1.0,1.0,1.0
n5981,n7159,4,1.0,1.0,1.0
n5982,n10909,4,1.0,1.0,1.0
n5983,n14163,4,1.0,1.0,1.0
n5984,n10958,3,0.75,1.0,0.875
n5985,n9555,3,0.75,1.0,0.875
n5986,n11072,4,1.0,1.0,1.0
n5987,n13938,3,0.75,1.0,0.875
n5988,n11101,4,1.0,1.0,1.0
n5989,n13139,4,1.0,1.0,1.0
n599,n12223,3,0.75,1.0,0.875
n5990,n4553,4,1.0,1.0,1.0
n5991,n14736,4,1.0,1.0,1.0
n5992,n14779,4,1.0,1.0,1.0
n5993,n14279,4,1.0,1.0,1.0
n5994,n7224,3,0.75,1.0,0.875
n5995,n7227,3,0.75,1.0,0.875
n5996,n14760,4,1.0,1.0,1.0
n5997,n14309,4,1.0,1.0,1.0
n5998,n11376,4,1.0,1.0,1.0
n5999,n14326,4,1.0,1.0,1.0
n6,n11,4,1.0,1.0,1.0
n60,n7599,4,1.0,1.0,1.0
n600,n10719,4,1.0,1.0,1.0
n6000,n760,4,1.0,1.0,1.0
n6001,n7251,4,1.0,1.0,1.0
n6002,n7261,3,0.75,1.0,0.875
n6003,n7264,4,1.0,1.0,1.0
n6004,n8222,4,1.0,1.0,1.0
n6005,n9930,4,1.0,1.0,1.0
n6006,n11836,4,1.0,1.0,1.0
n6007,n11857,3,0.75,1.0,0.875
n6008,n2862,3,0.75,1.0,0.875
n6009,n14492,4,1.0,1.0,1.0
n601,n2245,4,1.0,1.0,1.0
n6010,n7281,4,1.0,1.0,1.0
n6011,n7290,4,1.0,1.0,1.0
n6012,n7308,4,1.0,1.0,1.0
n6013,n3819,4,1.0,1.0,1.0
n6014,n4153,4,1.0,1.0,1.0
n6015,n12379,4,1.0,1.0,1.0
n6016,n14646,4,1.0,1.0,1.0
n6017,n7319,3,0.75,1.0,0.875
n6018,n4992,4,1.0,1.0,1.0
n6019,n7320,3,0.75,1.0,0.875
n602,n8510,4,1.0,1.0,1.0
n6020,n5562,4,1.0,1.0,1.0
n6021,n7330,4,1.0,1.0,1.0
n6022,n5615,4,1.0,1.0,1.0
n6023,n5757,4,1.0,1.0,1.0
n6024,n7311,3,0.75,1.0,0.875
n6025,n12699,4,1.0,1.0,1.0
n6026,n12735,4,1.0,1.0,1.0
n6027,n7351,4,1.0,1.0,1.0
n6028,n14770,3,0.75,1.0,0.875
n6029,n7353,4,1.0,1.0,1.0
n603,n2123,4,1.0,1.0,1.0
n6030,n7358,4,1.0,1.0,1.0
n6031,n14782,4,1.0,1.0,1.0
n6031,n14784,4,1.0,1.0,1.0
n6032,n13128,4,1.0,1.0,1.0
n6033,n13356,4,1.0,1.0,1.0
n6034,n8825,4,1.0,1.0,1.0
n6035,n7364,4,1.0,1.0,1.0
n6036,n12909,3,0.75,1.0,0.875
n6037,n885,4,1.0,1.0,1.0
n6038,n7384,4,1.0,1.0,1.0
n6039,n7842,3,0.75,1.0,0.875
n604,n4038,3,0.75,1.0,0.875
n6040,n7388,3,0.75,1.0,0.875
n6041,n8239,4,1.0,1.0,1.0
n6042,n14922,3,0.75,1.0,0.875
n6043,n13379,4,1.0,1.0,1.0
n6044,n14942,3,0.75,1.0,0.875
n6045,n4250,4,1.0,1.0,1.0
n6046,n8848,3,0.75,1.0,0.875
n6047,n9201,4,1.0,1.0,1.0
n6048,n13674,4,1.0,1.0,1.0
n6049,n15003,4,1.0,1.0,1.0
n6049,n5780,4,1.0,1.0,1.0
n6049,n7435,3,0.75,0.75,0.75
n6049,n8950,4,1.0,1.0,1.0
n605,n2653,4,1.0,1.0,1.0
n6050,n7440,4,1.0,1.0,1.0
n6051,n15022,4,1.0,1.0,1.0
n6052,n10374,3,0.75,1.0,0.875
n6053,n7452,4,1.0,1.0,1.0
n6054,n9112,4,1.0,1.0,1.0
n6055,n7472,4,1.0,1.0,1.0
n6056,n11232,3,0.75,1.0,0.875
n6057,n14832,4,1.0,1.0,1.0
n6058,n11349,4,1.0,1.0,1.0
n6059,n7477,3,0.75,1.0,0.875
n606,n4066,4,1.0,1.0,1.0
n6060,n11414,4,1.0,1.0,1.0
n6061,n874,3,0.75,1.0,0.875
n6062,n944,4,1.0,1.0,1.0
n6063,n1780,3,0.75,1.0,0.875
n6064,n7488,4,1.0,1.0,1.0
n6065,n14575,4,1.0,1.0,1.0
n6066,n12277,4,1.0,1.0,1.0
n6067,n12353,4,1.0,1.0,1.0
n6068,n4959,3,0.75,1.0,0.875
n6069,n15246,4,1.0,1.0,1.0
n607,n1035,4,1.0,1.0,1.0
n6070,n15259,4,1.0,1.0,1.0
n6071,n14817,3,0.75,1.0,0.875
n6072,n224,4,1.0,1.0,1.0
n6073,n7526,4,1.0,1.0,1.0
n6074,n15020,4,1.0,1.0,1.0
n6075,n15384,3,0.75,1.0,0.875
n6076,n15409,4,1.0,1.0,1.0
n6077,n14538,4,1.0,1.0,1.0
n6078,n15472,4,1.0,1.0,1.0
n6079,n15492,3,0.75,1.0,0.875
n608,n2136,4,1.0,1.0,1.0
n6080,n7560,3,0.75,1.0,0.875
n6081,n15157,4,1.0,1.0,1.0
n6082,n15555,3,0.75,1.0,0.875
n6083,n10418,3,0.75,1.0,0.875
n6084,n2691,4,1.0,1.0,1.0
n6085,n7657,4,1.0,1.0,1.0
n6086,n3464,4,1.0,1.0,1.0
n6087,n7689,4,1.0,1.0,1.0
n6088,n2365,3,0.75,1.0,0.875
n6089,n2776,4,1.0,1.0,1.0
n609,n4173,4,1.0,1.0,1.0
n6090,n6221,4,1.0,1.0,1.0
n6091,n13542,4,1.0,1.0,1.0
n6092,n10626,4,1.0,1.0,1.0
n6093,n1226,4,1.0,1.0,1.0
n6094,n4219,4,1.0,1.0,1.0
n6095,n1635,4,1.0,1.0,1.0
n6096,n7914,4,1.0,1.0,1.0
n6097,n12370,4,1.0,1.0,1.0
n6098,n1668,3,0.75,1.0,0.875
n6099,n8009,4,1.0,1.0,1.0
n61,n181,4,1.0,1.0,1.0
n610,n8543,4,1.0,1.0,1.0
n6100,n1813,4,1.0,1.0,1.0
n6101,n8080,4,1.0,1.0,1.0
n6102,n5017,4,1.0,1.0,1.0
n6103,n5561,4,1.0,1.0,1.0
n6104,n5566,3,0.75,1.0,0.875
n6105,n8172,4,1.0,1.0,1.0
n6106,n2443,3,0.75,1.0,0.875
n6107,n2531,3,0.75,1.0,0.875
n6108,n9550,4,1.0,1.0,1.0
n6109,n10318,4,1.0,1.0,1.0
n611,n4993,3,0.75,1.0,0.875
n6110,n8258,3,0.75,1.0,0.875
n6111,n10686,4,1.0,1.0,1.0
n6112,n8276,4,1.0,1.0,1.0
n6113,n11478,4,1.0,1.0,1.0
n6114,n11922,4,1.0,1.0,1.0
n6115,n3176,4,1.0,1.0,1.0
n6116,n4305,4,1.0,1.0,1.0
n6117,n3412,3,0.75,1.0,0.875
n6118,n8369,3,0.75,1.0,0.875
n6119,n12237,4,1.0,1.0,1.0
n612,n11606,3,0.75,1.0,0.875
n6120,n12589,4,1.0,1.0,1.0
n6121,n15175,4,1.0,1.0,1.0
n6122,n14332,4,1.0,1.0,1.0
n6123,n14700,4,1.0,1.0,1.0
n6124,n11027,3,0.75,1.0,0.875
n6125,n186,3,0.75,1.0,0.875
n6126,n785,4,1.0,1.0,1.0
n6127,n1371,4,1.0,1.0,1.0
n6128,n8955,4,1.0,1.0,1.0
n6129,n4552,4,1.0,1.0,1.0
n613,n8577,3,0.75,1.0,0.875
n6130,n8758,4,1.0,1.0,1.0
n6131,n3269,4,1.0,1.0,1.0
n6132,n4846,4,1.0,1.0,1.0
n6133,n8724,4,1.0,1.0,1.0
n6134,n14573,3,0.75,1.0,0.875
n6135,n6049,4,1.0,1.0,1.0
n6136,n4200,4,1.0,1.0,1.0
n6137,n4802,4,1.0,1.0,1.0
n6138,n3751,4,1.0,1.0,1.0
n6139,n5152,4,1.0,1.0,1.0
n614,n7873,4,1.0,1.0,1.0
n6140,n8854,4,1.0,1.0,1.0
n6141,n9963,4,1.0,1.0,1.0
n6142,n5750,4,1.0,1.0,1.0
n6143,n6187,4,1.0,1.0,1.0
n6144,n6298,4,1.0,1.0,1.0
n6145,n5725,3,0.75,1.0,0.875
n6146,n6656,4,1.0,1.0,1.0
n6147,n8959,4,1.0,1.0,1.0
n6148,n8968,3,0.75,1.0,0.875
n6149,n8959,4,1.0,1.0,1.0
n615,n8599,4,1.0,1.0,1.0
n6150,n10061,4,1.0,1.0,1.0
n6151,n6063,3,0.75,1.0,0.875
n6152,n7538,3,0.75,1.0,0.875
n6153,n2304,4,1.0,1.0,1.0
n6154,n9683,3,0.75,1.0,0.875
n6155,n9824,1,0.25,1.0,0.625
n6156,n9535,4,1.0,1.0,1.0
n6157,n10165,4,1.0,1.0,1.0
n6158,n9070,4,1.0,1.0,1.0
n6159,n9075,4,1.0,1.0,1.0
n616,n2163,4,1.0,1.0,1.0
n6160,n10806,3,0.75,1.0,0.875
n6161,n9129,4,1.0,1.0,1.0
n6162,n9135,4,1.0,1.0,1.0
n6163,n13750,3,0.75,1.0,0.875
n6164,n14278,3,0.75,1.0,0.875
n6165,n819,4,1.0,1.0,1.0
n6166,n13485,3,0.75,1.0,0.875
n6167,n9234,4,1.0,1.0,1.0
n6168,n9233,4,1.0,1.0,1.0
n6169,n6952,4,1.0,1.0,1.0
n617,n6451,4,1.0,1.0,1.0
n6170,n9996,3,0.75,1.0,0.875
n6171,n13853,4,1.0,1.0,1.0
n6172,n5160,3,0.75,1.0,0.875
n6173,n9286,4,1.0,1.0,1.0
n6174,n11645,4,1.0,1.0,1.0
n6175,n1512,4,1.0,1.0,1.0
n6176,n11598,3,0.75,1.0,0.875
n6177,n13091,4,1.0,1.0,1.0
n6177,n9337,4,1.0,1.0,1.0
n6178,n7394,4,1.0,1.0,1.0
n6179,n9404,3,0.75,1.0,0.875
n618,n8886,4,1.0,1.0,1.0
n6180,n7093,4,1.0,1.0,1.0
n6181,n802,4,1.0,1.0,1.0
n6182,n4191,3,0.75,1.0,0.875
n6183,n9461,4,1.0,1.0,1.0
n6184,n9610,4,1.0,1.0,1.0
n6185,n12514,3,0.75,1.0,0.875
n6186,n1866,4,1.0,1.0,1.0
n6187,n1916,4,1.0,1.0,1.0
n6188,n7712,2,0.5,1.0,0.75
n6189,n3183,4,1.0,1.0,1.0
n619,n2176,4,1.0,1.0,1.0
n6190,n2452,3,0.75,1.0,0.875
n6191,n8718,3,0.75,1.0,0.875
n6192,n325,3,0.75,1.0,0.875
n6193,n5282,4,1.0,1.0,1.0
n6194,n9755,4,1.0,1.0,1.0
n6195,n5307,4,1.0,1.0,1.0
n6196,n4076,4,1.0,1.0,1.0
n6197,n9764,3,0.75,1.0,0.875
n6198,n5916,4,1.0,1.0,1.0
n6199,n8887,4,1.0,1.0,1.0
n62,n7804,4,1.0,1.0,1.0
n620,n10750,4,1.0,1.0,1.0
n6200,n6153,4,1.0,1.0,1.0
n6201,n9213,4,1.0,1.0,1.0
n6202,n9059,3,0.75,1.0,0.875
n6203,n11512,4,1.0,1.0,1.0
n6204,n9156,4,1.0,1.0,1.0
n6205,n9867,4,1.0,1.0,1.0
n6206,n9264,1,0.25,1.0,0.625
n6207,n7382,3,0.75,1.0,0.875
n6208,n611,3,0.75,1.0,0.875
n6209,n7656,4,1.0,1.0,1.0
n621,n10931,4,1.0,1.0,1.0
n6210,n2166,3,0.75,1.0,0.875
n6211,n4836,3,0.75,1.0,0.875
n6212,n9569,4,1.0,1.0,1.0
n6213,n9588,4,1.0,1.0,1.0
n6214,n9600,4,1.0,1.0,1.0
n6215,n3407,4,1.0,1.0,1.0
n6216,n9641,4,1.0,1.0,1.0
n6217,n9710,3,0.75,1.0,0.875
n6218,n13949,4,1.0,1.0,1.0
n6219,n9065,4,1.0,1.0,1.0
n622,n3907,3,0.75,1.0,0.875
n6220,n13756,4,1.0,1.0,1.0
n6221,n9106,4,1.0,1.0,1.0
n6222,n13795,4,1.0,1.0,1.0
n6223,n9423,3,0.75,1.0,0.875
n6224,n10123,3,0.75,1.0,0.875
n6225,n9672,3,0.75,1.0,0.875
n6226,n10136,3,0.75,1.0,0.875
n6227,n8707,4,1.0,1.0,1.0
n6228,n9883,3,0.75,1.0,0.875
n6229,n10155,3,0.75,1.0,0.875
n623,n5172,4,1.0,1.0,1.0
n6230,n9821,4,1.0,1.0,1.0
n6231,n10081,4,1.0,1.0,1.0
n6232,n10170,4,1.0,1.0,1.0
n6233,n12135,3,0.75,1.0,0.875
n6234,n7417,4,1.0,1.0,1.0
n6235,n614,4,1.0,1.0,1.0
n6236,n11653,4,1.0,1.0,1.0
n6237,n11865,3,0.75,1.0,0.875
n6238,n10450,4,1.0,1.0,1.0
n6239,n10460,4,1.0,1.0,1.0
n624,n8805,4,1.0,1.0,1.0
n6240,n11422,3,0.75,1.0,0.875
n6241,n6020,4,1.0,1.0,1.0
n6242,n1661,4,1.0,1.0,1.0
n6243,n13166,3,0.75,1.0,0.875
n6244,n8659,3,0.75,1.0,0.875
n6245,n10372,4,1.0,1.0,1.0
n6246,n15374,4,1.0,1.0,1.0
n6247,n10466,3,0.75,1.0,0.875
n6248,n15278,4,1.0,1.0,1.0
n6249,n1164,3,0.75,1.0,0.875
n625,n8809,3,0.75,1.0,0.875
n6250,n10859,4,1.0,1.0,1.0
n6251,n15496,4,1.0,1.0,1.0
n6252,n1999,3,0.75,1.0,0.875
n6253,n3860,4,1.0,1.0,1.0
n6254,n10356,4,1.0,1.0,1.0
n6255,n3142,4,1.0,1.0,1.0
n6256,n1759,4,1.0,1.0,1.0
n6257,n5236,3,0.75,1.0,0.875
n6258,n5505,4,1.0,1.0,1.0
n6259,n11500,3,0.75,1.0,0.875
n626,n3390,4,1.0,1.0,1.0
n6260,n5835,3,0.75,1.0,0.875
n6261,n12697,4,1.0,1.0,1.0
n6262,n8464,3,0.75,1.0,0.875
n6263,n6481,4,1.0,1.0,1.0
n6264,n12860,3,0.75,1.0,0.875
n6265,n6989,4,1.0,1.0,1.0
n6266,n12752,3,0.75,1.0,0.875
n6267,n1689,3,0.75,1.0,0.875
n6268,n9346,3,0.75,1.0,0.875
n6269,n10865,3,0.75,1.0,0.875
n627,n3531,3,0.75,1.0,0.875
n6270,n6727,4,1.0,1.0,1.0
n6271,n13010,4,1.0,1.0,1.0
n6272,n4182,4,1.0,1.0,1.0
n6273,n10933,4,1.0,1.0,1.0
n6274,n5353,4,1.0,1.0,1.0
n6275,n10944,4,1.0,1.0,1.0
n6276,n6281,3,0.75,1.0,0.875
n6277,n7055,4,1.0,1.0,1.0
n6278,n4538,4,1.0,1.0,1.0
n6279,n9044,3,0.75,1.0,0.875
n628,n2227,4,1.0,1.0,1.0
n6280,n6369,3,0.75,1.0,0.875
n6281,n9290,3,0.75,1.0,0.875
n6282,n10974,4,1.0,1.0,1.0
n6283,n10982,4,1.0,1.0,1.0
n6284,n10998,4,1.0,1.0,1.0
n6285,n11006,4,1.0,1.0,1.0
n6286,n13724,3,0.75,1.0,0.875
n6287,n13746,3,0.75,1.0,0.875
n6288,n9906,3,0.75,1.0,0.875
n6289,n1733,4,1.0,1.0,1.0
n629,n2242,4,1.0,1.0,1.0
n6290,n11048,4,1.0,1.0,1.0
n6291,n9828,4,1.0,1.0,1.0
n6292,n10663,3,0.75,1.0,0.875
n6293,n10422,3,0.75,1.0,0.875
n6294,n14761,4,1.0,1.0,1.0
n6295,n434,4,1.0,1.0,1.0
n6296,n8646,4,1.0,1.0,1.0
n6297,n5014,4,1.0,1.0,1.0
n6298,n11131,4,1.0,1.0,1.0
n6299,n11388,4,1.0,1.0,1.0
n63,n1057,4,1.0,1.0,1.0
n630,n12890,4,1.0,1.0,1.0
n6300,n13503,4,1.0,1.0,1.0
n6301,n3921,4,1.0,1.0,1.0
n6302,n15250,4,1.0,1.0,1.0
n6303,n12319,3,0.75,1.0,0.875
n6304,n14781,4,1.0,1.0,1.0
n6305,n53,3,0.75,1.0,0.875
n6306,n14959,4,1.0,1.0,1.0
n6307,n11283,3,0.75,1.0,0.875
n6308,n8558,4,1.0,1.0,1.0
n6309,n11296,4,1.0,1.0,1.0
n631,n2273,4,1.0,1.0,1.0
n6310,n15197,3,0.75,1.0,0.875
n6311,n12741,4,1.0,1.0,1.0
n6312,n15135,4,1.0,1.0,1.0
n6313,n19,4,1.0,1.0,1.0
n6314,n482,4,1.0,1.0,1.0
n6315,n160,4,1.0,1.0,1.0
n6316,n11770,3,0.75,1.0,0.875
n6317,n11412,4,1.0,1.0,1.0
n6318,n1851,4,1.0,1.0,1.0
n6319,n4941,4,1.0,1.0,1.0
n632,n13311,4,1.0,1.0,1.0
n6320,n4577,4,1.0,1.0,1.0
n6321,n1765,4,1.0,1.0,1.0
n6322,n11439,4,1.0,1.0,1.0
n6323,n11452,4,1.0,1.0,1.0
n6324,n457,4,1.0,1.0,1.0
n6325,n7361,4,1.0,1.0,1.0
n6326,n495,3,0.75,1.0,0.875
n6327,n7599,4,1.0,1.0,1.0
n6328,n405,4,1.0,1.0,1.0
n6329,n7727,4,1.0,1.0,1.0
n633,n7255,4,1.0,1.0,1.0
n6330,n8497,4,1.0,1.0,1.0
n6331,n11497,4,1.0,1.0,1.0
n6332,n8559,3,0.75,1.0,0.875
n6333,n4086,4,1.0,1.0,1.0
n6334,n2448,3,0.75,1.0,0.875
n6335,n688,4,1.0,1.0,1.0
n6336,n2507,4,1.0,1.0,1.0
n6337,n2548,4,1.0,1.0,1.0
n6338,n2639,4,1.0,1.0,1.0
n6339,n10592,4,1.0,1.0,1.0
n634,n9022,4,1.0,1.0,1.0
n6340,n7667,3,0.75,1.0,0.875
n6341,n11525,3,0.75,1.0,0.875
n6342,n814,4,1.0,1.0,1.0
n6343,n831,4,1.0,1.0,1.0
n6344,n2057,4,1.0,1.0,1.0
n6345,n3121,4,1.0,1.0,1.0
n6346,n11982,4,1.0,1.0,1.0
n6346,n856,4,1.0,1.0,1.0
n6347,n890,4,1.0,1.0,1.0
n6348,n13582,4,1.0,1.0,1.0
n6349,n13874,3,0.75,1.0,0.875
n635,n4529,4,1.0,1.0,1.0
n6350,n942,3,0.75,1.0,0.875
n6351,n10989,4,1.0,1.0,1.0
n6352,n3652,4,1.0,1.0,1.0
n6353,n14815,4,1.0,1.0,1.0
n6354,n14199,4,1.0,1.0,1.0
n6355,n11579,4,1.0,1.0,1.0
n6356,n11580,4,1.0,1.0,1.0
n6356,n3900,4,1.0,1.0,1.0
n6357,n3908,4,1.0,1.0,1.0
n6358,n1046,4,1.0,1.0,1.0
n6359,n745,3,0.75,1.0,0.875
n636,n8321,4,1.0,1.0,1.0
n6360,n11607,4,1.0,1.0,1.0
n6361,n7806,4,1.0,1.0,1.0
n6362,n8924,4,1.0,1.0,1.0
n6363,n1166,4,1.0,1.0,1.0
n6364,n2715,4,1.0,1.0,1.0
n6365,n11625,3,0.75,1.0,0.875
n6366,n3304,4,1.0,1.0,1.0
n6367,n6859,3,0.75,1.0,0.875
n6368,n3657,4,1.0,1.0,1.0
n6369,n1109,3,0.75,0.75,0.75
n6369,n11643,4,1.0,1.0,1.0
n637,n12930,4,1.0,1.0,1.0
n6370,n11644,4,1.0,1.0,1.0
n6371,n8079,4,1.0,1.0,1.0
n6372,n3194,4,1.0,1.0,1.0
n6373,n12209,4,1.0,1.0,1.0
n6374,n11651,4,1.0,1.0,1.0
n6375,n1387,3,0.75,0.75,0.75
n6375,n5484,4,1.0,1.0,1.0
n6376,n6489,4,1.0,1.0,1.0
n6377,n11657,4,1.0,1.0,1.0
n6378,n8273,4,1.0,1.0,1.0
n6379,n6140,4,1.0,1.0,1.0
n638,n9030,4,1.0,1.0,1.0
n6380,n1441,4,1.0,1.0,1.0
n6381,n1464,3,0.75,1.0,0.875
n6382,n15033,3,0.75,1.0,0.875
n6383,n11672,4,1.0,1.0,1.0
n6384,n11673,3,0.75,1.0,0.875
n6385,n1493,4,1.0,1.0,1.0
n6386,n5198,4,1.0,1.0,1.0
n6387,n330,4,1.0,1.0,1.0
n6388,n1634,4,1.0,1.0,1.0
n6389,n11698,4,1.0,1.0,1.0
n6389,n1647,4,1.0,1.0,1.0
n639,n2293,4,1.0,1.0,1.0
n6390,n13971,4,1.0,1.0,1.0
n6391,n7230,4,1.0,1.0,1.0
n6392,n14990,4,1.0,1.0,1.0
n6393,n7431,4,1.0,1.0,1.0
n6394,n7438,4,1.0,1.0,1.0
n6395,n1760,4,1.0,1.0,1.0
n6396,n1782,4,1.0,1.0,1.0
n6397,n7592,4,1.0,1.0,1.0
n6398,n290,4,1.0,1.0,1.0
n6399,n3171,4,1.0,1.0,1.0
n64,n4499,4,1.0,1.0,1.0
n640,n13831,4,1.0,1.0,1.0
n6400,n3761,3,0.75,1.0,0.875
n6401,n6209,4,1.0,1.0,1.0
n6402,n7643,4,1.0,1.0,1.0
n6403,n1868,4,1.0,1.0,1.0
n6404,n14683,4,1.0,1.0,1.0
n6405,n1756,4,1.0,1.0,1.0
n6406,n8110,4,1.0,1.0,1.0
n6407,n1980,4,1.0,1.0,1.0
n6408,n8242,3,0.75,1.0,0.875
n6409,n2043,3,0.75,1.0,0.875
n641,n9066,4,1.0,1.0,1.0
n6410,n3350,4,1.0,1.0,1.0
n6411,n7390,4,1.0,1.0,1.0
n6412,n3459,3,0.75,1.0,0.875
n6413,n2130,4,1.0,1.0,1.0
n6414,n11772,4,1.0,1.0,1.0
n6415,n11785,4,1.0,1.0,1.0
n6416,n9020,4,1.0,1.0,1.0
n6417,n1599,4,1.0,1.0,1.0
n6418,n9107,4,1.0,1.0,1.0
n6419,n11811,4,1.0,1.0,1.0
n642,n2306,4,1.0,1.0,1.0
n6420,n11818,4,1.0,1.0,1.0
n6421,n2494,4,1.0,1.0,1.0
n6422,n11827,4,1.0,1.0,1.0
n6423,n2583,4,1.0,1.0,1.0
n6424,n11829,4,1.0,1.0,1.0
n6425,n9385,3,0.75,1.0,0.875
n6426,n9936,4,1.0,1.0,1.0
n6427,n9421,4,1.0,1.0,1.0
n6428,n2618,4,1.0,1.0,1.0
n6429,n2628,3,0.75,1.0,0.875
n643,n11771,4,1.0,1.0,1.0
n6430,n8435,4,1.0,1.0,1.0
n6431,n9864,4,1.0,1.0,1.0
n6432,n10396,3,0.75,1.0,0.875
n6433,n10270,3,0.75,1.0,0.875
n6434,n10311,4,1.0,1.0,1.0
n6435,n10092,3,0.75,1.0,0.875
n6436,n12862,4,1.0,1.0,1.0
n6437,n7429,4,1.0,1.0,1.0
n6438,n13332,4,1.0,1.0,1.0
n6439,n11886,3,0.75,1.0,0.875
n644,n6425,3,0.75,1.0,0.875
n6440,n11212,3,0.75,1.0,0.875
n6441,n4435,3,0.75,1.0,0.875
n6442,n11224,4,1.0,1.0,1.0
n6443,n3019,3,0.75,1.0,0.875
n6444,n11902,4,1.0,1.0,1.0
n6445,n11913,4,1.0,1.0,1.0
n6446,n11920,4,1.0,1.0,1.0
n6447,n11925,4,1.0,1.0,1.0
n6448,n14063,3,0.75,1.0,0.875
n6449,n3205,4,1.0,1.0,1.0
n645,n9127,4,1.0,1.0,1.0
n6450,n3211,3,0.75,1.0,0.875
n6451,n3225,4,1.0,1.0,1.0
n6452,n13023,4,1.0,1.0,1.0
n6453,n3693,4,1.0,1.0,1.0
n6454,n8870,3,0.75,1.0,0.875
n6455,n3376,4,1.0,1.0,1.0
n6456,n7881,3,0.75,1.0,0.875
n6457,n3438,4,1.0,1.0,1.0
n6458,n253,4,1.0,1.0,1.0
n6459,n8945,3,0.75,1.0,0.875
n646,n5680,4,1.0,1.0,1.0
n6460,n13699,4,1.0,1.0,1.0
n6461,n10667,4,1.0,1.0,1.0
n6462,n11393,4,1.0,1.0,1.0
n6463,n11589,4,1.0,1.0,1.0
n6464,n12038,4,1.0,1.0,1.0
n6465,n2998,4,1.0,1.0,1.0
n6466,n11893,4,1.0,1.0,1.0
n6467,n12037,4,1.0,1.0,1.0
n6468,n14571,4,1.0,1.0,1.0
n6469,n3057,4,1.0,1.0,1.0
n647,n9162,3,0.75,1.0,0.875
n6470,n3709,4,1.0,1.0,1.0
n6471,n5433,4,1.0,1.0,1.0
n6472,n14914,4,1.0,1.0,1.0
n6473,n11928,4,1.0,1.0,1.0
n6474,n15338,4,1.0,1.0,1.0
n6475,n12077,4,1.0,1.0,1.0
n6476,n12078,4,1.0,1.0,1.0
n6477,n11398,3,0.75,1.0,0.875
n6478,n12079,3,0.75,1.0,0.875
n6479,n12091,4,1.0,1.0,1.0
n648,n9189,4,1.0,1.0,1.0
n6480,n1,4,1.0,1.0,1.0
n6480,n3910,4,1.0,1.0,1.0
n6481,n8,4,1.0,1.0,1.0
n6482,n153,4,1.0,1.0,1.0
n6482,n487,3,0.75,0.75,0.75
n6482,n6644,4,1.0,1.0,1.0
n6483,n3960,4,1.0,1.0,1.0
n6484,n3484,4,1.0,1.0,1.0
n6485,n6623,3,0.75,1.0,0.875
n6486,n4013,4,1.0,1.0,1.0
n6487,n2076,4,1.0,1.0,1.0
n6488,n9319,4,1.0,1.0,1.0
n6489,n2763,4,1.0,1.0,1.0
n649,n6819,4,1.0,1.0,1.0
n6490,n771,3,0.75,1.0,0.875
n6491,n2968,3,0.75,1.0,0.875
n6492,n169,3,0.75,1.0,0.875
n6493,n5266,4,1.0,1.0,1.0
n6494,n12162,4,1.0,1.0,1.0
n6494,n12163,4,1.0,1.0,1.0
n6495,n4269,4,1.0,1.0,1.0
n6496,n12172,3,0.75,1.0,0.875
n6497,n12173,4,1.0,1.0,1.0
n6498,n8899,3,0.75,1.0,0.875
n6499,n1583,4,1.0,1.0,1.0
n65,n606,4,1.0,1.0,1.0
n650,n2357,4,1.0,1.0,1.0
n6500,n6885,4,1.0,1.0,1.0
n6501,n12186,3,0.75,0.75,0.75
n6501,n13373,4,1.0,1.0,1.0
n6501,n13374,4,1.0,1.0,1.0
n6502,n12197,4,1.0,1.0,1.0
n6503,n14688,4,1.0,1.0,1.0
n6503,n1727,4,1.0,1.0,1.0
n6504,n12201,4,1.0,1.0,1.0
n6505,n4376,4,1.0,1.0,1.0
n6506,n635,4,1.0,1.0,1.0
n6507,n12205,4,1.0,1.0,1.0
n6508,n1107,4,1.0,1.0,1.0
n6509,n7945,4,1.0,1.0,1.0
n651,n9246,4,1.0,1.0,1.0
n6510,n1988,4,1.0,1.0,1.0
n6511,n8311,4,1.0,1.0,1.0
n6512,n8642,3,0.75,1.0,0.875
n6513,n4933,4,1.0,1.0,1.0
n6514,n4501,4,1.0,1.0,1.0
n6515,n2209,4,1.0,1.0,1.0
n6516,n12229,4,1.0,1.0,1.0
n6516,n2264,4,1.0,1.0,1.0
n6517,n12230,4,1.0,1.0,1.0
n6517,n2266,4,1.0,1.0,1.0
n6517,n6655,4,1.0,1.0,1.0
n6518,n5833,4,1.0,1.0,1.0
n6519,n8979,4,1.0,1.0,1.0
n652,n2364,4,1.0,1.0,1.0
n6520,n12233,3,0.75,1.0,0.875
n6521,n11716,3,0.75,1.0,0.875
n6522,n2342,4,1.0,1.0,1.0
n6523,n4571,3,0.75,1.0,0.875
n6524,n4580,3,0.75,1.0,0.875
n6525,n2450,4,1.0,1.0,1.0
n6526,n9617,3,0.75,1.0,0.875
n6527,n8520,3,0.75,1.0,0.875
n6528,n8799,4,1.0,1.0,1.0
n6529,n2550,4,1.0,1.0,1.0
n653,n10963,4,1.0,1.0,1.0
n6530,n9639,4,1.0,1.0,1.0
n6531,n9697,4,1.0,1.0,1.0
n6532,n12253,4,1.0,1.0,1.0
n6533,n10178,3,0.75,1.0,0.875
n6534,n10378,3,0.75,1.0,0.875
n6535,n12256,4,1.0,1.0,1.0
n6536,n10661,4,1.0,1.0,1.0
n6537,n12260,4,1.0,1.0,1.0
n6537,n4694,4,1.0,1.0,1.0
n6537,n4695,4,1.0,1.0,1.0
n6537,n4696,4,1.0,1.0,1.0
n6538,n13918,4,1.0,1.0,1.0
n6539,n15005,4,1.0,1.0,1.0
n654,n9293,4,1.0,1.0,1.0
n6540,n10521,4,1.0,1.0,1.0
n6541,n2794,4,1.0,1.0,1.0
n6542,n10612,4,1.0,1.0,1.0
n6543,n12266,4,1.0,1.0,1.0
n6544,n6611,4,1.0,1.0,1.0
n6545,n12295,4,1.0,1.0,1.0
n6546,n4828,4,1.0,1.0,1.0
n6547,n1665,3,0.75,1.0,0.875
n6548,n3241,3,0.75,1.0,0.875
n6549,n12396,4,1.0,1.0,1.0
n655,n13858,4,1.0,1.0,1.0
n6550,n5459,4,1.0,1.0,1.0
n6551,n12303,4,1.0,1.0,1.0
n6552,n4888,3,0.75,1.0,0.875
n6553,n3453,4,1.0,1.0,1.0
n6554,n4934,3,0.75,1.0,0.875
n6555,n13794,4,1.0,1.0,1.0
n6556,n10520,4,1.0,1.0,1.0
n6557,n12328,4,1.0,1.0,1.0
n6558,n12329,4,1.0,1.0,1.0
n6559,n4958,3,0.75,1.0,0.875
n656,n2490,3,0.75,1.0,0.875
n6560,n3701,4,1.0,1.0,1.0
n6561,n13739,4,1.0,1.0,1.0
n6562,n5007,4,1.0,1.0,1.0
n6563,n3782,3,0.75,1.0,0.875
n6564,n15087,4,1.0,1.0,1.0
n6565,n14494,3,0.75,1.0,0.875
n6566,n5022,4,1.0,1.0,1.0
n6567,n12426,4,1.0,1.0,1.0
n6568,n620,4,1.0,1.0,1.0
n6569,n2393,4,1.0,1.0,1.0
n657,n11896,4,1.0,1.0,1.0
n6570,n6250,4,1.0,1.0,1.0
n6571,n2811,4,1.0,1.0,1.0
n6572,n3995,4,1.0,1.0,1.0
n6573,n1095,3,0.75,1.0,0.875
n6574,n4255,4,1.0,1.0,1.0
n6575,n5155,4,1.0,1.0,1.0
n6576,n5162,3,0.75,1.0,0.875
n6577,n14932,4,1.0,1.0,1.0
n6578,n5184,4,1.0,1.0,1.0
n6579,n2187,4,1.0,1.0,1.0
n658,n14434,3,0.75,1.0,0.875
n6580,n5147,3,0.75,1.0,0.875
n6581,n4550,3,0.75,1.0,0.875
n6582,n9595,3,0.75,1.0,0.875
n6583,n12416,4,1.0,1.0,1.0
n6584,n12756,4,1.0,1.0,1.0
n6585,n5290,3,0.75,1.0,0.875
n6586,n5300,4,1.0,1.0,1.0
n6587,n5310,4,1.0,1.0,1.0
n6588,n4661,3,0.75,1.0,0.875
n6589,n9773,3,0.75,1.0,0.875
n659,n9374,4,1.0,1.0,1.0
n6590,n3551,4,1.0,1.0,1.0
n6591,n3807,4,1.0,1.0,1.0
n6592,n12457,4,1.0,1.0,1.0
n6592,n3955,4,1.0,1.0,1.0
n6593,n1043,3,0.75,1.0,0.875
n6594,n5113,4,1.0,1.0,1.0
n6595,n12464,3,0.75,1.0,0.875
n6596,n5413,4,1.0,1.0,1.0
n6597,n12472,4,1.0,1.0,1.0
n6598,n5435,4,1.0,1.0,1.0
n6599,n5449,4,1.0,1.0,1.0
n66,n5301,4,1.0,1.0,1.0
n660,n2410,4,1.0,1.0,1.0
n6600,n1390,3,0.75,1.0,0.875
n6601,n12488,3,0.75,1.0,0.875
n6602,n5376,4,1.0,1.0,1.0
n6603,n5306,4,1.0,1.0,1.0
n6604,n5516,4,1.0,1.0,1.0
n6605,n12497,4,1.0,1.0,1.0
n6606,n5531,3,0.75,1.0,0.875
n6607,n5795,3,0.75,1.0,0.875
n6608,n12499,4,1.0,1.0,1.0
n6609,n5894,4,1.0,1.0,1.0
n661,n7610,4,1.0,1.0,1.0
n6610,n5648,4,1.0,1.0,1.0
n6611,n12503,4,1.0,1.0,1.0
n6612,n7533,4,1.0,1.0,1.0
n6613,n2979,4,1.0,1.0,1.0
n6614,n7799,4,1.0,1.0,1.0
n6615,n5608,4,1.0,1.0,1.0
n6616,n5622,4,1.0,1.0,1.0
n6617,n12532,4,1.0,1.0,1.0
n6618,n14295,4,1.0,1.0,1.0
n6619,n15348,4,1.0,1.0,1.0
n662,n9396,3,0.75,1.0,0.875
n6620,n7346,4,1.0,1.0,1.0
n6621,n9517,4,1.0,1.0,1.0
n6622,n6691,4,1.0,1.0,1.0
n6623,n5716,3,0.75,1.0,0.875
n6624,n6284,4,1.0,1.0,1.0
n6625,n11401,4,1.0,1.0,1.0
n6626,n11656,4,1.0,1.0,1.0
n6627,n12555,4,1.0,1.0,1.0
n6628,n12052,4,1.0,1.0,1.0
n6629,n1519,3,0.75,1.0,0.875
n663,n1459,4,1.0,1.0,1.0
n6630,n5769,4,1.0,1.0,1.0
n6631,n12438,3,0.75,1.0,0.875
n6631,n4927,3,0.75,1.0,0.875
n6632,n5023,4,1.0,1.0,1.0
n6632,n5374,4,1.0,1.0,1.0
n6633,n12569,3,0.75,1.0,0.875
n6634,n5931,4,1.0,1.0,1.0
n6635,n5805,4,1.0,1.0,1.0
n6636,n5804,4,1.0,1.0,1.0
n6637,n5819,4,1.0,1.0,1.0
n6638,n7060,4,1.0,1.0,1.0
n6639,n6696,3,0.75,1.0,0.875
n664,n2420,4,1.0,1.0,1.0
n6640,n6951,4,1.0,1.0,1.0
n6641,n14931,4,1.0,1.0,1.0
n6642,n7454,4,1.0,1.0,1.0
n6643,n7814,4,1.0,1.0,1.0
n6644,n12590,4,1.0,1.0,1.0
n6645,n8229,4,1.0,1.0,1.0
n6646,n3352,4,1.0,1.0,1.0
n6647,n5025,4,1.0,1.0,1.0
n6648,n5902,3,0.75,1.0,0.875
n6649,n13505,4,1.0,1.0,1.0
n6649,n13506,4,1.0,1.0,1.0
n6649,n8940,4,1.0,1.0,1.0
n665,n584,4,1.0,1.0,1.0
n6650,n6986,4,1.0,1.0,1.0
n6651,n7008,3,0.75,1.0,0.875
n6652,n12600,4,1.0,1.0,1.0
n6653,n9927,4,1.0,1.0,1.0
n6654,n10075,3,0.75,0.75,0.75
n6654,n10076,3,0.75,0.75,0.75
n6654,n9850,4,1.0,1.0,1.0
n6655,n5961,4,1.0,1.0,1.0
n6656,n10242,4,1.0,1.0,1.0
n6656,n5965,4,1.0,1.0,1.0
n6657,n13943,4,1.0,1.0,1.0
n6658,n5970,4,1.0,1.0,1.0
n6659,n10676,3,0.75,1.0,0.875
n666,n14366,4,1.0,1.0,1.0
n6660,n12502,4,1.0,1.0,1.0
n6661,n10942,3,0.75,1.0,0.875
n6662,n14451,4,1.0,1.0,1.0
n6663,n398,4,1.0,1.0,1.0
n6664,n3154,3,0.75,1.0,0.875
n6665,n12619,4,1.0,1.0,1.0
n6666,n12635,4,1.0,1.0,1.0
n6667,n14775,4,1.0,1.0,1.0
n6668,n6082,3,0.75,0.75,0.75
n6668,n7571,1,0.25,0.25,0.25
n6669,n4037,3,0.75,1.0,0.875
n667,n7839,4,1.0,1.0,1.0
n6670,n2259,4,1.0,1.0,1.0
n6671,n6092,4,1.0,1.0,1.0
n6672,n1540,4,1.0,1.0,1.0
n6673,n5752,3,0.75,1.0,0.875
n6674,n12817,4,1.0,1.0,1.0
n6675,n6175,4,1.0,1.0,1.0
n6676,n6388,4,1.0,1.0,1.0
n6677,n10127,3,0.75,1.0,0.875
n6678,n12666,3,0.75,1.0,0.875
n6679,n10322,3,0.75,1.0,0.875
n668,n4355,4,1.0,1.0,1.0
n6680,n12669,4,1.0,1.0,1.0
n6681,n12672,4,1.0,1.0,1.0
n6682,n1070,4,1.0,1.0,1.0
n6683,n10656,4,1.0,1.0,1.0
n6684,n3257,4,1.0,1.0,1.0
n6685,n12362,4,1.0,1.0,1.0
n6686,n13628,4,1.0,1.0,1.0
n6687,n2992,3,0.75,1.0,0.875
n6688,n12704,4,1.0,1.0,1.0
n6688,n6361,4,1.0,1.0,1.0
n6689,n6362,4,1.0,1.0,1.0
n669,n4437,4,1.0,1.0,1.0
n6690,n6367,3,0.75,1.0,0.875
n6691,n1542,4,1.0,1.0,1.0
n6692,n1694,4,1.0,1.0,1.0
n6693,n1772,3,0.75,1.0,0.875
n6694,n1937,4,1.0,1.0,1.0
n6695,n2145,4,1.0,1.0,1.0
n6696,n9117,3,0.75,1.0,0.875
n6697,n2894,4,1.0,1.0,1.0
n6698,n11916,4,1.0,1.0,1.0
n6699,n11971,3,0.75,1.0,0.875
n67,n649,4,1.0,1.0,1.0
n670,n7876,3,0.75,1.0,0.875
n6700,n1,4,1.0,1.0,1.0
n6701,n1401,4,1.0,1.0,1.0
n6702,n4813,4,1.0,1.0,1.0
n6703,n6555,4,1.0,1.0,1.0
n6704,n12560,3,0.75,1.0,0.875
n6705,n12789,4,1.0,1.0,1.0
n6706,n5869,4,1.0,1.0,1.0
n6707,n12798,4,1.0,1.0,1.0
n6708,n6341,3,0.75,1.0,0.875
n6709,n6702,4,1.0,1.0,1.0
n671,n1271,4,1.0,1.0,1.0
n6710,n12313,3,0.75,1.0,0.875
n6711,n12766,4,1.0,1.0,1.0
n6712,n12810,4,1.0,1.0,1.0
n6713,n6022,4,1.0,1.0,1.0
n6714,n6707,4,1.0,1.0,1.0
n6715,n12868,3,0.75,1.0,0.875
n6716,n12827,4,1.0,1.0,1.0
n6717,n7349,4,1.0,1.0,1.0
n6718,n7352,4,1.0,1.0,1.0
n6719,n12834,4,1.0,1.0,1.0
n672,n7931,4,1.0,1.0,1.0
n6720,n15106,3,0.75,1.0,0.875
n6721,n15494,4,1.0,1.0,1.0
n6722,n270,4,1.0,1.0,1.0
n6723,n12843,4,1.0,1.0,1.0
n6724,n1544,4,1.0,1.0,1.0
n6725,n7826,4,1.0,1.0,1.0
n6726,n8013,4,1.0,1.0,1.0
n6727,n8099,4,1.0,1.0,1.0
n6728,n2401,4,1.0,1.0,1.0
n6729,n9836,4,1.0,1.0,1.0
n673,n6068,3,0.75,1.0,0.875
n6730,n3105,3,0.75,1.0,0.875
n6731,n4118,4,1.0,1.0,1.0
n6732,n6904,4,1.0,1.0,1.0
n6733,n12870,4,1.0,1.0,1.0
n6734,n6933,4,1.0,1.0,1.0
n6735,n13479,4,1.0,1.0,1.0
n6736,n8876,4,1.0,1.0,1.0
n6737,n12877,4,1.0,1.0,1.0
n6738,n13526,4,1.0,1.0,1.0
n6739,n13543,4,1.0,1.0,1.0
n674,n15366,4,1.0,1.0,1.0
n6740,n12148,4,1.0,1.0,1.0
n6741,n7003,4,1.0,1.0,1.0
n6742,n7006,4,1.0,1.0,1.0
n6743,n5004,4,1.0,1.0,1.0
n6744,n12902,4,1.0,1.0,1.0
n6745,n7272,4,1.0,1.0,1.0
n6746,n12914,4,1.0,1.0,1.0
n6747,n7109,4,1.0,1.0,1.0
n6748,n10523,4,1.0,1.0,1.0
n6749,n11659,4,1.0,1.0,1.0
n675,n8154,3,0.75,1.0,0.875
n6750,n7136,4,1.0,1.0,1.0
n6751,n10607,4,1.0,1.0,1.0
n6752,n12924,4,1.0,1.0,1.0
n6753,n11968,4,1.0,1.0,1.0
n6754,n12943,3,0.75,1.0,0.875
n6755,n15241,4,1.0,1.0,1.0
n6756,n7235,4,1.0,1.0,1.0
n6757,n7265,4,1.0,1.0,1.0
n6758,n11882,4,1.0,1.0,1.0
n6759,n15382,4,1.0,1.0,1.0
n676,n2464,3,0.75,1.0,0.875
n6760,n12185,4,1.0,1.0,1.0
n6761,n12387,4,1.0,1.0,1.0
n6762,n7316,4,1.0,1.0,1.0
n6763,n7323,4,1.0,1.0,1.0
n6764,n6842,4,1.0,1.0,1.0
n6765,n7355,4,1.0,1.0,1.0
n6766,n6742,4,1.0,1.0,1.0
n6767,n12866,4,1.0,1.0,1.0
n6768,n14828,3,0.75,1.0,0.875
n6769,n12985,4,1.0,1.0,1.0
n677,n2467,3,0.75,1.0,0.875
n6770,n12992,4,1.0,1.0,1.0
n6771,n7955,4,1.0,1.0,1.0
n6772,n7392,4,1.0,1.0,1.0
n6773,n4304,4,1.0,1.0,1.0
n6774,n5900,4,1.0,1.0,1.0
n6775,n13005,4,1.0,1.0,1.0
n6776,n13732,4,1.0,1.0,1.0
n6777,n13962,4,1.0,1.0,1.0
n6778,n13998,4,1.0,1.0,1.0
n6779,n13021,4,1.0,1.0,1.0
n678,n8178,4,1.0,1.0,1.0
n6780,n15063,4,1.0,1.0,1.0
n6781,n7491,4,1.0,1.0,1.0
n6782,n13326,4,1.0,1.0,1.0
n6783,n14891,4,1.0,1.0,1.0
n6784,n7577,4,1.0,1.0,1.0
n6785,n3083,4,1.0,1.0,1.0
n6786,n6987,4,1.0,1.0,1.0
n6787,n13079,4,1.0,1.0,1.0
n6788,n3581,4,1.0,1.0,1.0
n6789,n319,3,0.75,1.0,0.875
n679,n10032,3,0.75,1.0,0.875
n6790,n14897,4,1.0,1.0,1.0
n6791,n1085,4,1.0,1.0,1.0
n6792,n13085,4,1.0,1.0,1.0
n6793,n13087,4,1.0,1.0,1.0
n6794,n5973,4,1.0,1.0,1.0
n6795,n3817,3,0.75,1.0,0.875
n6796,n4014,3,0.75,1.0,0.875
n6797,n7719,4,1.0,1.0,1.0
n6798,n13108,3,0.75,1.0,0.875
n6799,n13117,4,1.0,1.0,1.0
n68,n9351,4,1.0,1.0,1.0
n680,n10211,4,1.0,1.0,1.0
n6800,n14392,4,1.0,1.0,1.0
n6801,n829,4,1.0,1.0,1.0
n6802,n13126,4,1.0,1.0,1.0
n6803,n3188,4,1.0,1.0,1.0
n6804,n13169,4,1.0,1.0,1.0
n6805,n9147,4,1.0,1.0,1.0
n6806,n13671,4,1.0,1.0,1.0
n6807,n3586,4,1.0,1.0,1.0
n6808,n13138,3,0.75,1.0,0.875
n6809,n13141,4,1.0,1.0,1.0
n681,n8260,4,1.0,1.0,1.0
n6810,n499,4,1.0,1.0,1.0
n6811,n13142,4,1.0,1.0,1.0
n6812,n3689,4,1.0,1.0,1.0
n6813,n1280,4,1.0,1.0,1.0
n6814,n1293,4,1.0,1.0,1.0
n6815,n5445,3,0.75,1.0,0.875
n6816,n9878,3,0.75,1.0,0.875
n6817,n5711,4,1.0,1.0,1.0
n6818,n1486,4,1.0,1.0,1.0
n6818,n7463,3,0.75,0.75,0.75
n6819,n6102,4,1.0,1.0,1.0
n682,n9603,4,1.0,1.0,1.0
n6820,n11853,4,1.0,1.0,1.0
n6821,n6897,3,0.75,1.0,0.875
n6822,n7984,4,1.0,1.0,1.0
n6823,n13181,4,1.0,1.0,1.0
n6824,n14617,3,0.75,1.0,0.875
n6825,n7498,4,1.0,1.0,1.0
n6826,n13188,4,1.0,1.0,1.0
n6827,n15501,4,1.0,1.0,1.0
n6828,n1819,4,1.0,1.0,1.0
n6829,n13198,4,1.0,1.0,1.0
n683,n11776,4,1.0,1.0,1.0
n6830,n2202,3,0.75,1.0,0.875
n6831,n2428,4,1.0,1.0,1.0
n6832,n8027,4,1.0,1.0,1.0
n6833,n7795,4,1.0,1.0,1.0
n6834,n7985,4,1.0,1.0,1.0
n6835,n2193,4,1.0,1.0,1.0
n6836,n8214,4,1.0,1.0,1.0
n6837,n8088,4,1.0,1.0,1.0
n6838,n2079,4,1.0,1.0,1.0
n6839,n8412,4,1.0,1.0,1.0
n684,n8360,4,1.0,1.0,1.0
n6840,n8090,4,1.0,1.0,1.0
n6841,n3647,4,1.0,1.0,1.0
n6842,n8103,4,1.0,1.0,1.0
n6843,n8116,4,1.0,1.0,1.0
n6844,n4807,4,1.0,1.0,1.0
n6845,n2207,3,0.75,1.0,0.875
n6846,n8126,4,1.0,1.0,1.0
n6847,n5182,3,0.75,1.0,0.875
n6848,n2247,4,1.0,1.0,1.0
n6849,n2327,4,1.0,1.0,1.0
n6849,n6532,4,1.0,1.0,1.0
n685,n8371,4,1.0,1.0,1.0
n6850,n13241,4,1.0,1.0,1.0
n6851,n13242,3,0.75,1.0,0.875
n6852,n8147,3,0.75,1.0,0.875
n6853,n13948,3,0.75,1.0,0.875
n6854,n8161,4,1.0,1.0,1.0
n6855,n9453,3,0.75,1.0,0.875
n6856,n7935,3,0.75,1.0,0.875
n6857,n13256,4,1.0,1.0,1.0
n6858,n13259,4,1.0,1.0,1.0
n6859,n13265,3,0.75,1.0,0.875
n686,n2491,3,0.75,1.0,0.875
n6860,n13270,4,1.0,1.0,1.0
n6861,n13273,3,0.75,1.0,0.875
n6862,n10693,3,0.75,1.0,0.875
n6863,n13212,3,0.75,1.0,0.875
n6864,n2727,4,1.0,1.0,1.0
n6865,n13283,4,1.0,1.0,1.0
n6866,n2845,4,1.0,1.0,1.0
n6867,n13290,4,1.0,1.0,1.0
n6867,n8278,4,1.0,1.0,1.0
n6868,n8281,3,0.75,1.0,0.875
n6869,n8605,4,1.0,1.0,1.0
n687,n8440,3,0.75,1.0,0.875
n6870,n8298,4,1.0,1.0,1.0
n6871,n13814,4,1.0,1.0,1.0
n6872,n8302,4,1.0,1.0,1.0
n6873,n8325,4,1.0,1.0,1.0
n6874,n3028,4,1.0,1.0,1.0
n6875,n13302,4,1.0,1.0,1.0
n6876,n1931,4,1.0,1.0,1.0
n6877,n11899,4,1.0,1.0,1.0
n6878,n8352,3,0.75,1.0,0.875
n6879,n12264,3,0.75,1.0,0.875
n688,n1805,4,1.0,1.0,1.0
n688,n1810,4,1.0,1.0,1.0
n6880,n8368,4,1.0,1.0,1.0
n6881,n13314,4,1.0,1.0,1.0
n6882,n12796,3,0.75,1.0,0.875
n6883,n3431,4,1.0,1.0,1.0
n6884,n8404,3,0.75,1.0,0.875
n6885,n3510,4,1.0,1.0,1.0
n6886,n9488,4,1.0,1.0,1.0
n6887,n10855,4,1.0,1.0,1.0
n6888,n14378,4,1.0,1.0,1.0
n6889,n12050,4,1.0,1.0,1.0
n689,n8619,4,1.0,1.0,1.0
n6890,n8460,4,1.0,1.0,1.0
n6891,n13360,3,0.75,1.0,0.875
n6892,n15215,4,1.0,1.0,1.0
n6893,n13363,3,0.75,1.0,0.875
n6894,n569,4,1.0,1.0,1.0
n6895,n3177,4,1.0,1.0,1.0
n6896,n1392,4,1.0,1.0,1.0
n6897,n3998,3,0.75,1.0,0.875
n6898,n455,4,1.0,1.0,1.0
n6899,n736,3,0.75,1.0,0.875
n69,n10210,4,1.0,1.0,1.0
n690,n2527,4,1.0,1.0,1.0
n6900,n10620,4,1.0,1.0,1.0
n6901,n4197,4,1.0,1.0,1.0
n6902,n4294,4,1.0,1.0,1.0
n6903,n5737,4,1.0,1.0,1.0
n6904,n6620,4,1.0,1.0,1.0
n6905,n13410,3,0.75,1.0,0.875
n6906,n8589,4,1.0,1.0,1.0
n6907,n1203,4,1.0,1.0,1.0
n6908,n4411,3,0.75,1.0,0.875
n6909,n8021,3,0.75,1.0,0.875
n691,n8709,4,1.0,1.0,1.0
n6910,n4440,3,0.75,1.0,0.875
n6911,n8305,4,1.0,1.0,1.0
n6912,n4506,4,1.0,1.0,1.0
n6913,n13408,4,1.0,1.0,1.0
n6914,n5806,4,1.0,1.0,1.0
n6915,n4609,3,0.75,1.0,0.875
n6916,n8641,3,0.75,1.0,0.875
n6917,n2598,4,1.0,1.0,1.0
n6918,n9883,3,0.75,1.0,0.875
n6919,n4672,4,1.0,1.0,1.0
n692,n3579,4,1.0,1.0,1.0
n6920,n4682,3,0.75,1.0,0.875
n6921,n4726,3,0.75,1.0,0.875
n6922,n2873,4,1.0,1.0,1.0
n6922,n8669,3,0.75,0.75,0.75
n6923,n8686,4,1.0,1.0,1.0
n6924,n12239,3,0.75,1.0,0.875
n6925,n13432,4,1.0,1.0,1.0
n6926,n8356,4,1.0,1.0,1.0
n6927,n13433,3,0.75,1.0,0.875
n6928,n13815,4,1.0,1.0,1.0
n6929,n8719,4,1.0,1.0,1.0
n693,n9739,4,1.0,1.0,1.0
n6930,n4963,4,1.0,1.0,1.0
n6931,n13437,4,1.0,1.0,1.0
n6931,n4978,4,1.0,1.0,1.0
n6932,n8748,4,1.0,1.0,1.0
n6933,n8754,4,1.0,1.0,1.0
n6934,n1310,4,1.0,1.0,1.0
n6935,n8772,3,0.75,1.0,0.875
n6936,n12996,4,1.0,1.0,1.0
n6937,n4948,3,0.75,1.0,0.875
n6938,n14747,4,1.0,1.0,1.0
n6939,n1159,4,1.0,1.0,1.0
n694,n5168,4,1.0,1.0,1.0
n6940,n13484,4,1.0,1.0,1.0
n6941,n8851,4,1.0,1.0,1.0
n6942,n8881,4,1.0,1.0,1.0
n6943,n5723,4,1.0,1.0,1.0
n6944,n6406,4,1.0,1.0,1.0
n6945,n13490,4,1.0,1.0,1.0
n6946,n5888,3,0.75,1.0,0.875
n6947,n8896,4,1.0,1.0,1.0
n6948,n5647,4,1.0,1.0,1.0
n6949,n9795,4,1.0,1.0,1.0
n695,n5293,4,1.0,1.0,1.0
n6950,n5722,3,0.75,1.0,0.875
n6951,n6375,4,1.0,1.0,1.0
n6952,n6590,4,1.0,1.0,1.0
n6953,n13507,4,1.0,1.0,1.0
n6954,n12574,4,1.0,1.0,1.0
n6955,n12598,3,0.75,0.75,0.75
n6955,n6656,4,1.0,1.0,1.0
n6956,n6683,4,1.0,1.0,1.0
n6957,n5826,3,0.75,1.0,0.875
n6958,n13515,3,0.75,1.0,0.875
n6959,n9365,4,1.0,1.0,1.0
n696,n9789,4,1.0,1.0,1.0
n6960,n8992,4,1.0,1.0,1.0
n6961,n13527,4,1.0,1.0,1.0
n6962,n6005,4,1.0,1.0,1.0
n6963,n7367,3,0.75,1.0,0.875
n6964,n13341,4,1.0,1.0,1.0
n6965,n14843,4,1.0,1.0,1.0
n6966,n15068,4,1.0,1.0,1.0
n6967,n15594,4,1.0,1.0,1.0
n6968,n8202,3,0.75,1.0,0.875
n6969,n6134,3,0.75,1.0,0.875
n697,n9042,3,0.75,1.0,0.875
n6970,n5682,4,1.0,1.0,1.0
n6971,n9843,3,0.75,1.0,0.875
n6972,n9058,4,1.0,1.0,1.0
n6973,n9712,3,0.75,1.0,0.875
n6974,n9064,3,0.75,1.0,0.875
n6975,n11064,3,0.75,1.0,0.875
n6976,n9071,4,1.0,1.0,1.0
n6977,n5487,4,1.0,1.0,1.0
n6978,n6266,3,0.75,1.0,0.875
n6979,n6332,3,0.75,1.0,0.875
n698,n9820,4,1.0,1.0,1.0
n6980,n11719,4,1.0,1.0,1.0
n6981,n8516,4,1.0,1.0,1.0
n6982,n6445,4,1.0,1.0,1.0
n6983,n705,4,1.0,1.0,1.0
n6984,n4248,4,1.0,1.0,1.0
n6985,n1752,4,1.0,1.0,1.0
n6986,n12342,4,1.0,1.0,1.0
n6987,n5137,4,1.0,1.0,1.0
n6988,n13567,3,0.75,1.0,0.875
n6989,n9175,4,1.0,1.0,1.0
n699,n9847,3,0.75,1.0,0.875
n6990,n1831,4,1.0,1.0,1.0
n6991,n6878,3,0.75,1.0,0.875
n6992,n13589,3,0.75,1.0,0.875
n6993,n9231,4,1.0,1.0,1.0
n6994,n7150,4,1.0,1.0,1.0
n6995,n13598,4,1.0,1.0,1.0
n6996,n13808,4,1.0,1.0,1.0
n6996,n13809,4,1.0,1.0,1.0
n6997,n13848,3,0.75,1.0,0.875
n6998,n13606,3,0.75,1.0,0.875
n6999,n13607,4,1.0,1.0,1.0
n7,n40,4,1.0,1.0,1.0
n70,n733,4,1.0,1.0,1.0
n700,n12392,4,1.0,1.0,1.0
n7000,n14086,4,1.0,1.0,1.0
n7001,n446,4,1.0,1.0,1.0
n7002,n11788,4,1.0,1.0,1.0
n7003,n13618,4,1.0,1.0,1.0
n7004,n9331,4,1.0,1.0,1.0
n7005,n14811,4,1.0,1.0,1.0
n7006,n9159,4,1.0,1.0,1.0
n7007,n13580,3,0.75,1.0,0.875
n7008,n9344,3,0.75,1.0,0.875
n7009,n13631,3,0.75,1.0,0.875
n701,n13124,4,1.0,1.0,1.0
n7010,n14656,4,1.0,1.0,1.0
n7011,n14791,4,1.0,1.0,1.0
n7012,n9362,4,1.0,1.0,1.0
n7013,n15163,3,0.75,1.0,0.875
n7014,n14675,4,1.0,1.0,1.0
n7015,n15316,4,1.0,1.0,1.0
n7016,n7565,4,1.0,1.0,1.0
n7017,n1083,3,0.75,1.0,0.875
n7018,n516,3,0.75,1.0,0.875
n7019,n595,4,1.0,1.0,1.0
n702,n9879,4,1.0,1.0,1.0
n7020,n13653,4,1.0,1.0,1.0
n7021,n1483,4,1.0,1.0,1.0
n7022,n7855,4,1.0,1.0,1.0
n7023,n1189,4,1.0,1.0,1.0
n7024,n13660,4,1.0,1.0,1.0
n7025,n3713,4,1.0,1.0,1.0
n7026,n1313,3,0.75,1.0,0.875
n7027,n7902,4,1.0,1.0,1.0
n7028,n7375,4,1.0,1.0,1.0
n7029,n8014,4,1.0,1.0,1.0
n703,n2580,4,1.0,1.0,1.0
n7030,n13669,4,1.0,1.0,1.0
n7031,n9520,4,1.0,1.0,1.0
n7032,n8498,4,1.0,1.0,1.0
n7033,n8112,3,0.75,1.0,0.875
n7034,n13676,4,1.0,1.0,1.0
n7035,n9187,3,0.75,1.0,0.875
n7036,n8163,3,0.75,1.0,0.875
n7037,n8168,3,0.75,1.0,0.875
n7038,n9556,4,1.0,1.0,1.0
n7039,n2797,4,1.0,1.0,1.0
n704,n15222,4,1.0,1.0,1.0
n7040,n406,4,1.0,1.0,1.0
n7041,n13701,3,0.75,1.0,0.875
n7042,n8424,3,0.75,1.0,0.875
n7043,n9648,3,0.75,1.0,0.875
n7044,n4262,4,1.0,1.0,1.0
n7045,n903,4,1.0,1.0,1.0
n7046,n8770,3,0.75,1.0,0.875
n7047,n13738,4,1.0,1.0,1.0
n7048,n1865,3,0.75,1.0,0.875
n7049,n9751,4,1.0,1.0,1.0
n705,n2593,4,1.0,1.0,1.0
n7050,n4878,4,1.0,1.0,1.0
n7051,n5382,4,1.0,1.0,1.0
n7052,n8925,3,0.75,1.0,0.875
n7053,n12520,3,0.75,1.0,0.875
n7054,n13624,3,0.75,1.0,0.875
n7055,n13757,4,1.0,1.0,1.0
n7056,n13760,4,1.0,1.0,1.0
n7057,n10391,4,1.0,1.0,1.0
n7058,n9072,3,0.75,1.0,0.875
n7059,n9098,4,1.0,1.0,1.0
n706,n2596,4,1.0,1.0,1.0
n7060,n13774,4,1.0,1.0,1.0
n7061,n13777,3,0.75,1.0,0.875
n7062,n9855,4,1.0,1.0,1.0
n7063,n13223,4,1.0,1.0,1.0
n7064,n13791,4,1.0,1.0,1.0
n7065,n9910,4,1.0,1.0,1.0
n7066,n7291,4,1.0,1.0,1.0
n7067,n13801,4,1.0,1.0,1.0
n7068,n9391,4,1.0,1.0,1.0
n7069,n1501,3,0.75,1.0,0.875
n707,n2597,3,0.75,1.0,0.875
n7070,n2518,4,1.0,1.0,1.0
n7071,n10000,4,1.0,1.0,1.0
n7072,n10005,4,1.0,1.0,1.0
n7073,n14170,3,0.75,1.0,0.875
n7074,n10012,3,0.75,1.0,0.875
n7074,n13830,3,0.75,1.0,0.875
n7075,n13834,4,1.0,1.0,1.0
n7076,n9723,4,1.0,1.0,1.0
n7077,n10038,3,0.75,1.0,0.875
n7077,n4932,3,0.75,1.0,0.875
n7078,n5013,3,0.75,1.0,0.875
n7079,n8859,4,1.0,1.0,1.0
n708,n2828,4,1.0,1.0,1.0
n7080,n10056,4,1.0,1.0,1.0
n7081,n6036,3,0.75,1.0,0.875
n7082,n9813,4,1.0,1.0,1.0
n7083,n9037,3,0.75,1.0,0.875
n7084,n10071,4,1.0,1.0,1.0
n7085,n12043,4,1.0,1.0,1.0
n7086,n10107,4,1.0,1.0,1.0
n7087,n13868,4,1.0,1.0,1.0
n7088,n9893,4,1.0,1.0,1.0
n7089,n8639,4,1.0,1.0,1.0
n709,n1666,3,0.75,1.0,0.875
n7090,n10243,4,1.0,1.0,1.0
n7091,n10267,4,1.0,1.0,1.0
n7092,n13887,4,1.0,1.0,1.0
n7093,n6283,4,1.0,1.0,1.0
n7094,n10221,4,1.0,1.0,1.0
n7095,n10964,4,1.0,1.0,1.0
n7096,n13897,4,1.0,1.0,1.0
n7097,n10541,4,1.0,1.0,1.0
n7098,n10547,4,1.0,1.0,1.0
n7099,n11813,4,1.0,1.0,1.0
n71,n11567,4,1.0,1.0,1.0
n710,n10016,4,1.0,1.0,1.0
n7100,n10631,4,1.0,1.0,1.0
n7101,n10300,4,1.0,1.0,1.0
n7102,n5347,4,1.0,1.0,1.0
n7103,n10332,4,1.0,1.0,1.0
n7104,n10337,4,1.0,1.0,1.0
n7105,n6482,4,1.0,1.0,1.0
n7106,n7379,4,1.0,1.0,1.0
n7107,n13151,3,0.75,1.0,0.875
n7108,n10883,4,1.0,1.0,1.0
n7109,n8522,4,1.0,1.0,1.0
n711,n2064,3,0.75,1.0,0.875
n7110,n8750,4,1.0,1.0,1.0
n7111,n11014,3,0.75,1.0,0.875
n7112,n10408,3,0.75,1.0,0.875
n7113,n11054,3,0.75,1.0,0.875
n7114,n11075,4,1.0,1.0,1.0
n7115,n10653,3,0.75,1.0,0.875
n7116,n14064,4,1.0,1.0,1.0
n7117,n14067,4,1.0,1.0,1.0
n7118,n11197,4,1.0,1.0,1.0
n7119,n11209,4,1.0,1.0,1.0
n712,n3048,4,1.0,1.0,1.0
n7120,n10451,4,1.0,1.0,1.0
n7121,n14997,3,0.75,1.0,0.875
n7122,n170,3,0.75,1.0,0.875
n7123,n13991,4,1.0,1.0,1.0
n7124,n13992,4,1.0,1.0,1.0
n7125,n1701,4,1.0,1.0,1.0
n7126,n13999,4,1.0,1.0,1.0
n7127,n2885,3,0.75,1.0,0.875
n7128,n10522,3,0.75,1.0,0.875
n7129,n917,3,0.75,1.0,0.875
n713,n9115,4,1.0,1.0,1.0
n7130,n14563,4,1.0,1.0,1.0
n7131,n11584,3,0.75,1.0,0.875
n7132,n11603,4,1.0,1.0,1.0
n7133,n11615,4,1.0,1.0,1.0
n7134,n11633,4,1.0,1.0,1.0
n7135,n1537,4,1.0,1.0,1.0
n7136,n2023,4,1.0,1.0,1.0
n7137,n2668,4,1.0,1.0,1.0
n7138,n10657,3,0.75,1.0,0.875
n7139,n11888,4,1.0,1.0,1.0
n714,n9137,4,1.0,1.0,1.0
n7140,n11343,3,0.75,1.0,0.875
n7141,n12025,4,1.0,1.0,1.0
n7142,n4292,3,0.75,1.0,0.875
n7143,n10770,4,1.0,1.0,1.0
n7144,n4806,4,1.0,1.0,1.0
n7145,n14065,4,1.0,1.0,1.0
n7146,n10669,3,0.75,1.0,0.875
n7147,n3278,4,1.0,1.0,1.0
n7148,n10695,3,0.75,1.0,0.875
n7149,n5930,4,1.0,1.0,1.0
n715,n10001,4,1.0,1.0,1.0
n7150,n14082,4,1.0,1.0,1.0
n7151,n10721,4,1.0,1.0,1.0
n7152,n5914,4,1.0,1.0,1.0
n7153,n951,4,1.0,1.0,1.0
n7154,n12709,4,1.0,1.0,1.0
n7155,n12726,4,1.0,1.0,1.0
n7156,n6435,3,0.75,1.0,0.875
n7157,n5634,4,1.0,1.0,1.0
n7158,n12804,3,0.75,1.0,0.875
n7159,n7222,4,1.0,1.0,1.0
n716,n9608,4,1.0,1.0,1.0
n7160,n10795,4,1.0,1.0,1.0
n7161,n6858,4,1.0,1.0,1.0
n7162,n14105,4,1.0,1.0,1.0
n7163,n12949,4,1.0,1.0,1.0
n7164,n14592,4,1.0,1.0,1.0
n7165,n10821,3,0.75,1.0,0.875
n7166,n13969,3,0.75,1.0,0.875
n7167,n14140,3,0.75,1.0,0.875
n7168,n12505,3,0.75,1.0,0.875
n7169,n13397,3,0.75,1.0,0.875
n717,n10112,4,1.0,1.0,1.0
n7170,n8624,4,1.0,1.0,1.0
n7171,n10926,3,0.75,1.0,0.875
n7172,n8691,4,1.0,1.0,1.0
n7173,n14158,3,0.75,1.0,0.875
n7174,n13893,3,0.75,1.0,0.875
n7175,n10988,4,1.0,1.0,1.0
n7176,n14181,4,1.0,1.0,1.0
n7177,n14184,4,1.0,1.0,1.0
n7178,n13779,4,1.0,1.0,1.0
n7179,n9917,4,1.0,1.0,1.0
n718,n10185,3,0.75,1.0,0.875
n7180,n8212,4,1.0,1.0,1.0
n7181,n8535,4,1.0,1.0,1.0
n7182,n13846,4,1.0,1.0,1.0
n7183,n10233,3,0.75,1.0,0.875
n7184,n10708,4,1.0,1.0,1.0
n7185,n10715,3,0.75,1.0,0.875
n7186,n11037,4,1.0,1.0,1.0
n7187,n445,4,1.0,1.0,1.0
n7188,n11088,4,1.0,1.0,1.0
n7189,n12008,3,0.75,1.0,0.875
n719,n10191,4,1.0,1.0,1.0
n7190,n5385,3,0.75,1.0,0.875
n7191,n14203,4,1.0,1.0,1.0
n7192,n11120,4,1.0,1.0,1.0
n7193,n14211,3,0.75,1.0,0.875
n7194,n10916,4,1.0,1.0,1.0
n7195,n14213,4,1.0,1.0,1.0
n7196,n14226,4,1.0,1.0,1.0
n7197,n11160,4,1.0,1.0,1.0
n7198,n11371,4,1.0,1.0,1.0
n7199,n11461,4,1.0,1.0,1.0
n72,n755,4,1.0,1.0,1.0
n720,n10199,3,0.75,1.0,0.875
n7200,n11175,4,1.0,1.0,1.0
n7201,n14406,4,1.0,1.0,1.0
n7202,n7473,4,1.0,1.0,1.0
n7203,n14445,3,0.75,1.0,0.875
n7204,n14242,4,1.0,1.0,1.0
n7205,n11462,4,1.0,1.0,1.0
n7206,n11994,4,1.0,1.0,1.0
n7207,n12152,4,1.0,1.0,1.0
n7208,n12167,3,0.75,1.0,0.875
n7209,n12307,4,1.0,1.0,1.0
n721,n10346,4,1.0,1.0,1.0
n7210,n14252,3,0.75,1.0,0.875
n7211,n12406,4,1.0,1.0,1.0
n7212,n11223,4,1.0,1.0,1.0
n7213,n6616,4,1.0,1.0,1.0
n7214,n12584,3,0.75,1.0,0.875
n7215,n6837,4,1.0,1.0,1.0
n7216,n14754,4,1.0,1.0,1.0
n7217,n11248,4,1.0,1.0,1.0
n7218,n14844,4,1.0,1.0,1.0
n7219,n13559,4,1.0,1.0,1.0
n722,n7649,4,1.0,1.0,1.0
n7220,n14280,4,1.0,1.0,1.0
n7221,n10012,4,1.0,1.0,1.0
n7222,n14285,4,1.0,1.0,1.0
n7223,n15050,3,0.75,1.0,0.875
n7224,n10835,3,0.75,1.0,0.875
n7224,n15072,3,0.75,1.0,0.875
n7225,n11011,4,1.0,1.0,1.0
n7226,n15094,4,1.0,1.0,1.0
n7227,n14449,3,0.75,1.0,0.875
n7228,n11308,4,1.0,1.0,1.0
n7229,n15166,4,1.0,1.0,1.0
n723,n10228,4,1.0,1.0,1.0
n7230,n11938,4,1.0,1.0,1.0
n7231,n5268,4,1.0,1.0,1.0
n7232,n11341,4,1.0,1.0,1.0
n7233,n14310,3,0.75,1.0,0.875
n7234,n15467,4,1.0,1.0,1.0
n7235,n14320,4,1.0,1.0,1.0
n7235,n15270,4,1.0,1.0,1.0
n7236,n11370,4,1.0,1.0,1.0
n7237,n375,4,1.0,1.0,1.0
n7238,n3141,4,1.0,1.0,1.0
n7239,n370,3,0.75,1.0,0.875
n724,n10679,4,1.0,1.0,1.0
n7240,n372,3,0.75,1.0,0.875
n7241,n4919,4,1.0,1.0,1.0
n7242,n3903,4,1.0,1.0,1.0
n7243,n484,4,1.0,1.0,1.0
n7244,n548,4,1.0,1.0,1.0
n7245,n8781,3,0.75,1.0,0.875
n7246,n9806,3,0.75,1.0,0.875
n7247,n13358,4,1.0,1.0,1.0
n7248,n11527,4,1.0,1.0,1.0
n7249,n11917,4,1.0,1.0,1.0
n725,n1674,4,1.0,1.0,1.0
n7250,n13147,4,1.0,1.0,1.0
n7251,n14381,4,1.0,1.0,1.0
n7252,n967,4,1.0,1.0,1.0
n7253,n3866,4,1.0,1.0,1.0
n7254,n11611,3,0.75,1.0,0.875
n7255,n1219,4,1.0,1.0,1.0
n7256,n3024,4,1.0,1.0,1.0
n7257,n12051,4,1.0,1.0,1.0
n7258,n1254,4,1.0,1.0,1.0
n7259,n5038,4,1.0,1.0,1.0
n726,n7930,4,1.0,1.0,1.0
n7260,n1354,4,1.0,1.0,1.0
n7261,n13234,3,0.75,1.0,0.875
n7262,n1484,4,1.0,1.0,1.0
n7263,n6189,4,1.0,1.0,1.0
n7264,n285,4,1.0,1.0,1.0
n7265,n14418,4,1.0,1.0,1.0
n7266,n11697,3,0.75,1.0,0.875
n7267,n1675,4,1.0,1.0,1.0
n7268,n14432,4,1.0,1.0,1.0
n7269,n7707,3,0.75,1.0,0.875
n727,n10585,4,1.0,1.0,1.0
n7270,n14443,4,1.0,1.0,1.0
n7271,n7574,4,1.0,1.0,1.0
n7272,n14460,4,1.0,1.0,1.0
n7273,n2552,4,1.0,1.0,1.0
n7274,n14468,4,1.0,1.0,1.0
n7275,n6762,4,1.0,1.0,1.0
n7276,n11890,4,1.0,1.0,1.0
n7277,n11295,3,0.75,1.0,0.875
n7278,n3134,4,1.0,1.0,1.0
n7279,n11758,4,1.0,1.0,1.0
n728,n10283,3,0.75,1.0,0.875
n7280,n14497,3,0.75,1.0,0.875
n7281,n11955,4,1.0,1.0,1.0
n7282,n14505,4,1.0,1.0,1.0
n7283,n14509,4,1.0,1.0,1.0
n7284,n14521,3,0.75,1.0,0.875
n7285,n12000,3,0.75,1.0,0.875
n7286,n12021,4,1.0,1.0,1.0
n7287,n3674,4,1.0,1.0,1.0
n7288,n7664,4,1.0,1.0,1.0
n7289,n15162,4,1.0,1.0,1.0
n729,n691,4,1.0,1.0,1.0
n7290,n15199,4,1.0,1.0,1.0
n7291,n12196,4,1.0,1.0,1.0
n7292,n861,4,1.0,1.0,1.0
n7293,n12110,4,1.0,1.0,1.0
n7294,n14557,4,1.0,1.0,1.0
n7295,n1013,4,1.0,1.0,1.0
n7295,n14566,4,1.0,1.0,1.0
n7296,n4133,4,1.0,1.0,1.0
n7297,n1246,4,1.0,1.0,1.0
n7298,n5922,4,1.0,1.0,1.0
n7299,n1598,3,0.75,1.0,0.875
n73,n10793,4,1.0,1.0,1.0
n730,n2471,4,1.0,1.0,1.0
n730,n4590,4,1.0,1.0,1.0
n7300,n14596,4,1.0,1.0,1.0
n7301,n5024,4,1.0,1.0,1.0
n7302,n2201,4,1.0,1.0,1.0
n7303,n4522,4,1.0,1.0,1.0
n7304,n2416,4,1.0,1.0,1.0
n7305,n9703,3,0.75,1.0,0.875
n7306,n12261,4,1.0,1.0,1.0
n7307,n2787,3,0.75,1.0,0.875
n7308,n14340,4,1.0,1.0,1.0
n7309,n4768,4,1.0,1.0,1.0
n731,n12343,4,1.0,1.0,1.0
n7310,n14611,3,0.75,1.0,0.875
n7311,n15183,3,0.75,1.0,0.875
n7312,n3952,4,1.0,1.0,1.0
n7313,n231,3,0.75,1.0,0.875
n7314,n5207,4,1.0,1.0,1.0
n7315,n5231,3,0.75,1.0,0.875
n7316,n12410,4,1.0,1.0,1.0
n7317,n14655,4,1.0,1.0,1.0
n7318,n4709,4,1.0,1.0,1.0
n7319,n3346,3,0.75,1.0,0.875
n732,n13075,3,0.75,1.0,0.875
n7320,n4433,3,0.75,0.75,0.75
n7320,n5420,4,1.0,1.0,1.0
n7321,n4670,3,0.75,1.0,0.875
n7322,n14672,4,1.0,1.0,1.0
n7323,n12479,4,1.0,1.0,1.0
n7324,n5470,4,1.0,1.0,1.0
n7325,n12484,4,1.0,1.0,1.0
n7326,n4245,4,1.0,1.0,1.0
n7327,n5803,3,0.75,1.0,0.875
n7328,n14686,4,1.0,1.0,1.0
n7329,n12522,4,1.0,1.0,1.0
n733,n629,4,1.0,1.0,1.0
n7330,n12573,4,1.0,1.0,1.0
n7330,n6637,4,1.0,1.0,1.0
n7331,n12637,4,1.0,1.0,1.0
n7332,n6889,4,1.0,1.0,1.0
n7333,n12530,4,1.0,1.0,1.0
n7334,n5693,4,1.0,1.0,1.0
n7335,n12556,3,0.75,1.0,0.875
n7336,n14708,4,1.0,1.0,1.0
n7337,n6894,4,1.0,1.0,1.0
n7338,n13655,3,0.75,1.0,0.875
n7339,n14604,4,1.0,1.0,1.0
n734,n2709,4,1.0,1.0,1.0
n7340,n14723,4,1.0,1.0,1.0
n7341,n14877,3,0.75,1.0,0.875
n7342,n6312,4,1.0,1.0,1.0
n7343,n12695,4,1.0,1.0,1.0
n7344,n4761,3,0.75,1.0,0.875
n7345,n12708,4,1.0,1.0,1.0
n7346,n6383,4,1.0,1.0,1.0
n7347,n6331,4,1.0,1.0,1.0
n7348,n14748,3,0.75,1.0,0.875
n7349,n12733,4,1.0,1.0,1.0
n735,n8411,4,1.0,1.0,1.0
n7350,n6512,3,0.75,1.0,0.875
n7351,n12763,4,1.0,1.0,1.0
n7352,n12787,4,1.0,1.0,1.0
n7353,n6647,4,1.0,1.0,1.0
n7354,n9004,4,1.0,1.0,1.0
n7355,n6396,4,1.0,1.0,1.0
n7356,n12811,3,0.75,1.0,0.875
n7357,n12907,4,1.0,1.0,1.0
n7358,n12922,4,1.0,1.0,1.0
n7359,n14689,3,0.75,1.0,0.875
n736,n10398,3,0.75,1.0,0.875
n7360,n12833,3,0.75,1.0,0.875
n7361,n7618,4,1.0,1.0,1.0
n7362,n6816,3,0.75,1.0,0.875
n7363,n12856,4,1.0,1.0,1.0
n7364,n14796,4,1.0,1.0,1.0
n7365,n14801,4,1.0,1.0,1.0
n7366,n9322,4,1.0,1.0,1.0
n7367,n14809,3,0.75,1.0,0.875
n7368,n7122,3,0.75,1.0,0.875
n7369,n14780,4,1.0,1.0,1.0
n737,n11048,4,1.0,1.0,1.0
n7370,n14836,4,1.0,1.0,1.0
n7371,n13016,4,1.0,1.0,1.0
n7372,n13047,4,1.0,1.0,1.0
n7373,n7550,4,1.0,1.0,1.0
n7374,n14544,4,1.0,1.0,1.0
n7375,n14821,4,1.0,1.0,1.0
n7376,n14860,4,1.0,1.0,1.0
n7377,n13088,4,1.0,1.0,1.0
n7378,n1374,4,1.0,1.0,1.0
n7379,n13095,4,1.0,1.0,1.0
n7379,n13096,4,1.0,1.0,1.0
n738,n11279,3,0.75,1.0,0.875
n7380,n7363,4,1.0,1.0,1.0
n7381,n7701,4,1.0,1.0,1.0
n7382,n14867,3,0.75,1.0,0.875
n7383,n13107,4,1.0,1.0,1.0
n7384,n14872,4,1.0,1.0,1.0
n7385,n3839,4,1.0,1.0,1.0
n7386,n13160,4,1.0,1.0,1.0
n7387,n7121,3,0.75,1.0,0.875
n7388,n8005,3,0.75,1.0,0.875
n7389,n7897,3,0.75,1.0,0.875
n739,n14288,4,1.0,1.0,1.0
n7390,n14888,4,1.0,1.0,1.0
n7391,n1943,4,1.0,1.0,1.0
n7392,n8555,4,1.0,1.0,1.0
n7393,n13228,4,1.0,1.0,1.0
n7394,n2231,4,1.0,1.0,1.0
n7395,n14895,4,1.0,1.0,1.0
n7396,n9122,4,1.0,1.0,1.0
n7397,n10682,4,1.0,1.0,1.0
n7398,n8382,4,1.0,1.0,1.0
n7399,n13329,4,1.0,1.0,1.0
n74,n12655,4,1.0,1.0,1.0
n740,n11172,4,1.0,1.0,1.0
n7400,n13202,4,1.0,1.0,1.0
n7401,n8419,4,1.0,1.0,1.0
n7402,n13365,3,0.75,1.0,0.875
n7403,n13376,4,1.0,1.0,1.0
n7404,n4509,3,0.75,1.0,0.875
n7405,n13417,4,1.0,1.0,1.0
n7406,n14939,3,0.75,1.0,0.875
n7407,n12433,4,1.0,1.0,1.0
n7408,n14947,4,1.0,1.0,1.0
n7409,n7225,4,1.0,1.0,1.0
n741,n230,4,1.0,1.0,1.0
n7410,n6239,4,1.0,1.0,1.0
n7411,n8933,4,1.0,1.0,1.0
n7412,n1167,4,1.0,1.0,1.0
n7413,n14963,4,1.0,1.0,1.0
n7414,n12928,3,0.75,1.0,0.875
n7415,n14966,3,0.75,1.0,0.875
n7416,n9260,4,1.0,1.0,1.0
n7417,n14968,4,1.0,1.0,1.0
n7418,n7163,4,1.0,1.0,1.0
n7419,n14970,4,1.0,1.0,1.0
n742,n2772,4,1.0,1.0,1.0
n7420,n9296,3,0.75,1.0,0.875
n7421,n9334,4,1.0,1.0,1.0
n7422,n7678,4,1.0,1.0,1.0
n7423,n2909,4,1.0,1.0,1.0
n7424,n9459,4,1.0,1.0,1.0
n7425,n9515,4,1.0,1.0,1.0
n7426,n13678,3,0.75,1.0,0.875
n7427,n2980,4,1.0,1.0,1.0
n7428,n3245,4,1.0,1.0,1.0
n7429,n14992,4,1.0,1.0,1.0
n743,n2775,4,1.0,1.0,1.0
n7430,n13708,4,1.0,1.0,1.0
n7431,n8467,4,1.0,1.0,1.0
n7432,n9749,3,0.75,1.0,0.875
n7433,n4655,4,1.0,1.0,1.0
n7434,n5034,4,1.0,1.0,1.0
n7435,n5817,3,0.75,1.0,0.875
n7436,n15004,3,0.75,1.0,0.875
n7437,n9198,3,0.75,1.0,0.875
n7438,n15013,4,1.0,1.0,1.0
n7439,n13824,4,1.0,1.0,1.0
n744,n10526,4,1.0,1.0,1.0
n7440,n3734,4,1.0,1.0,1.0
n7441,n8708,3,0.75,1.0,0.875
n7442,n13852,4,1.0,1.0,1.0
n7443,n15031,4,1.0,1.0,1.0
n7444,n10309,4,1.0,1.0,1.0
n7444,n10310,4,1.0,1.0,1.0
n7445,n11222,4,1.0,1.0,1.0
n7446,n10279,4,1.0,1.0,1.0
n7447,n13404,4,1.0,1.0,1.0
n7448,n11100,4,1.0,1.0,1.0
n7449,n11220,3,0.75,1.0,0.875
n745,n11660,3,0.75,1.0,0.875
n7450,n14020,3,0.75,1.0,0.875
n7451,n1375,4,1.0,1.0,1.0
n7452,n10642,4,1.0,1.0,1.0
n7453,n12265,4,1.0,1.0,1.0
n7454,n12393,4,1.0,1.0,1.0
n7455,n10736,3,0.75,1.0,0.875
n7456,n10768,4,1.0,1.0,1.0
n7457,n10797,4,1.0,1.0,1.0
n7458,n7124,4,1.0,1.0,1.0
n7459,n15071,4,1.0,1.0,1.0
n746,n1532,4,1.0,1.0,1.0
n7460,n15076,4,1.0,1.0,1.0
n7461,n14137,3,0.75,1.0,0.875
n7462,n15078,4,1.0,1.0,1.0
n7463,n14145,3,0.75,1.0,0.875
n7464,n13392,4,1.0,1.0,1.0
n7465,n6668,4,1.0,1.0,1.0
n7466,n13611,4,1.0,1.0,1.0
n7467,n11102,4,1.0,1.0,1.0
n7468,n12855,3,0.75,1.0,0.875
n7469,n15090,4,1.0,1.0,1.0
n747,n10554,4,1.0,1.0,1.0
n7470,n11514,4,1.0,1.0,1.0
n7471,n15093,4,1.0,1.0,1.0
n7472,n12081,4,1.0,1.0,1.0
n7473,n4819,4,1.0,1.0,1.0
n7474,n14622,4,1.0,1.0,1.0
n7475,n6792,4,1.0,1.0,1.0
n7476,n15104,4,1.0,1.0,1.0
n7477,n14315,3,0.75,1.0,0.875
n7478,n15276,4,1.0,1.0,1.0
n7479,n11375,4,1.0,1.0,1.0
n748,n7661,4,1.0,1.0,1.0
n7480,n15120,4,1.0,1.0,1.0
n7481,n826,4,1.0,1.0,1.0
n7482,n1874,4,1.0,1.0,1.0
n7483,n11494,4,1.0,1.0,1.0
n7484,n11547,4,1.0,1.0,1.0
n7485,n14324,4,1.0,1.0,1.0
n7486,n1537,4,1.0,1.0,1.0
n7487,n11817,4,1.0,1.0,1.0
n7488,n10485,4,1.0,1.0,1.0
n7489,n15164,4,1.0,1.0,1.0
n749,n1843,4,1.0,1.0,1.0
n7490,n3189,4,1.0,1.0,1.0
n7491,n12356,4,1.0,1.0,1.0
n7492,n12045,4,1.0,1.0,1.0
n7493,n3820,4,1.0,1.0,1.0
n7494,n15196,4,1.0,1.0,1.0
n7495,n15516,4,1.0,1.0,1.0
n7496,n216,4,1.0,1.0,1.0
n7497,n1006,4,1.0,1.0,1.0
n7498,n1260,4,1.0,1.0,1.0
n7499,n5542,4,1.0,1.0,1.0
n75,n14909,4,1.0,1.0,1.0
n750,n11734,4,1.0,1.0,1.0
n7500,n5775,4,1.0,1.0,1.0
n7501,n15194,4,1.0,1.0,1.0
n7502,n4397,4,1.0,1.0,1.0
n7503,n5358,4,1.0,1.0,1.0
n7504,n12450,4,1.0,1.0,1.0
n7505,n5563,4,1.0,1.0,1.0
n7506,n5550,4,1.0,1.0,1.0
n7507,n14714,4,1.0,1.0,1.0
n7508,n14715,4,1.0,1.0,1.0
n7509,n6159,4,1.0,1.0,1.0
n751,n8272,3,0.75,1.0,0.875
n7510,n15258,4,1.0,1.0,1.0
n7511,n14753,4,1.0,1.0,1.0
n7512,n6060,4,1.0,1.0,1.0
n7513,n12785,3,0.75,1.0,0.875
n7514,n14783,4,1.0,1.0,1.0
n7515,n7783,3,0.75,1.0,0.875
n7516,n6838,4,1.0,1.0,1.0
n7517,n6910,3,0.75,1.0,0.875
n7518,n9484,4,1.0,1.0,1.0
n7519,n7069,3,0.75,1.0,0.875
n752,n10567,4,1.0,1.0,1.0
n7520,n10482,3,0.75,1.0,0.875
n7521,n15301,4,1.0,1.0,1.0
n7522,n14865,4,1.0,1.0,1.0
n7522,n1753,4,1.0,1.0,1.0
n7523,n13119,4,1.0,1.0,1.0
n7524,n15319,4,1.0,1.0,1.0
n7525,n13280,4,1.0,1.0,1.0
n7526,n15330,4,1.0,1.0,1.0
n7527,n3347,4,1.0,1.0,1.0
n7528,n14382,4,1.0,1.0,1.0
n7529,n14949,4,1.0,1.0,1.0
n753,n14503,4,1.0,1.0,1.0
n7530,n13557,3,0.75,1.0,0.875
n7531,n1809,4,1.0,1.0,1.0
n7532,n8446,4,1.0,1.0,1.0
n7533,n15380,4,1.0,1.0,1.0
n7534,n15029,4,1.0,1.0,1.0
n7535,n10269,3,0.75,1.0,0.875
n7536,n12772,4,1.0,1.0,1.0
n7537,n14046,4,1.0,1.0,1.0
n7538,n11395,3,0.75,1.0,0.875
n7539,n15391,4,1.0,1.0,1.0
n754,n12101,4,1.0,1.0,1.0
n7540,n4218,4,1.0,1.0,1.0
n7541,n12437,4,1.0,1.0,1.0
n7542,n15067,4,1.0,1.0,1.0
n7543,n15045,4,1.0,1.0,1.0
n7544,n15086,4,1.0,1.0,1.0
n7545,n14341,3,0.75,1.0,0.875
n7546,n3432,4,1.0,1.0,1.0
n7547,n14404,4,1.0,1.0,1.0
n7548,n11676,4,1.0,1.0,1.0
n7549,n3413,4,1.0,1.0,1.0
n755,n4085,4,1.0,1.0,1.0
n7550,n14526,4,1.0,1.0,1.0
n7551,n12024,4,1.0,1.0,1.0
n7552,n12075,4,1.0,1.0,1.0
n7553,n15234,4,1.0,1.0,1.0
n7554,n15253,4,1.0,1.0,1.0
n7555,n15500,4,1.0,1.0,1.0
n7556,n12837,4,1.0,1.0,1.0
n7556,n6779,4,1.0,1.0,1.0
n7557,n15244,4,1.0,1.0,1.0
n7558,n8938,4,1.0,1.0,1.0
n7559,n14954,4,1.0,1.0,1.0
n756,n4105,4,1.0,1.0,1.0
n7560,n13793,3,0.75,1.0,0.875
n7561,n15383,4,1.0,1.0,1.0
n7562,n10470,3,0.75,1.0,0.875
n7563,n15390,4,1.0,1.0,1.0
n7564,n13675,4,1.0,1.0,1.0
n7565,n1158,4,1.0,1.0,1.0
n7566,n15548,4,1.0,1.0,1.0
n7567,n12054,4,1.0,1.0,1.0
n7568,n15552,4,1.0,1.0,1.0
n7569,n15553,4,1.0,1.0,1.0
n757,n2817,4,1.0,1.0,1.0
n7570,n15481,4,1.0,1.0,1.0
n7571,n15554,1,0.25,1.0,0.625
n7572,n14661,4,1.0,1.0,1.0
n7572,n14663,3,0.75,0.75,0.75
n7573,n15558,3,0.75,1.0,0.875
n7574,n15559,4,1.0,1.0,1.0
n7575,n15317,4,1.0,1.0,1.0
n7576,n8833,3,0.75,1.0,0.875
n7577,n15403,4,1.0,1.0,1.0
n7578,n1778,4,1.0,1.0,1.0
n7579,n125,4,1.0,1.0,1.0
n758,n2825,3,0.75,1.0,0.875
n7580,n2832,4,1.0,1.0,1.0
n7581,n31,3,0.75,0.75,0.75
n7581,n3419,4,1.0,1.0,1.0
n7582,n345,3,0.75,1.0,0.875
n7583,n3339,4,1.0,1.0,1.0
n7584,n1423,3,0.75,1.0,0.875
n7585,n107,3,0.75,1.0,0.875
n7586,n62,4,1.0,1.0,1.0
n7587,n928,4,1.0,1.0,1.0
n7588,n192,4,1.0,1.0,1.0
n7589,n197,4,1.0,1.0,1.0
n759,n5628,4,1.0,1.0,1.0
n7590,n645,4,1.0,1.0,1.0
n7591,n9316,4,1.0,1.0,1.0
n7592,n9587,4,1.0,1.0,1.0
n7593,n241,4,1.0,1.0,1.0
n7594,n3072,4,1.0,1.0,1.0
n7594,n820,4,1.0,1.0,1.0
n7595,n1908,3,0.75,1.0,0.875
n7596,n840,4,1.0,1.0,1.0
n7597,n309,4,1.0,1.0,1.0
n7598,n10174,4,1.0,1.0,1.0
n7599,n14038,4,1.0,1.0,1.0
n7599,n939,4,1.0,1.0,1.0
n76,n13686,4,1.0,1.0,1.0
n760,n12544,4,1.0,1.0,1.0
n7600,n14194,4,1.0,1.0,1.0
n7601,n963,4,1.0,1.0,1.0
n7602,n1042,4,1.0,1.0,1.0
n7603,n4523,3,0.75,1.0,0.875
n7604,n4744,4,1.0,1.0,1.0
n7605,n1224,4,1.0,1.0,1.0
n7606,n5071,4,1.0,1.0,1.0
n7607,n133,4,1.0,1.0,1.0
n7608,n5502,3,0.75,1.0,0.875
n7609,n14271,4,1.0,1.0,1.0
n761,n8469,4,1.0,1.0,1.0
n7610,n1556,4,1.0,1.0,1.0
n7611,n6470,4,1.0,1.0,1.0
n7612,n1564,4,1.0,1.0,1.0
n7613,n1628,4,1.0,1.0,1.0
n7614,n159,4,1.0,1.0,1.0
n7615,n164,4,1.0,1.0,1.0
n7616,n514,4,1.0,1.0,1.0
n7617,n24,4,1.0,1.0,1.0
n7618,n1994,4,1.0,1.0,1.0
n7619,n189,3,0.75,1.0,0.875
n762,n12310,4,1.0,1.0,1.0
n7620,n196,4,1.0,1.0,1.0
n7621,n8634,4,1.0,1.0,1.0
n7622,n8725,4,1.0,1.0,1.0
n7623,n623,4,1.0,1.0,1.0
n7624,n2219,4,1.0,1.0,1.0
n7625,n14493,3,0.75,1.0,0.875
n7626,n2564,4,1.0,1.0,1.0
n7627,n9763,4,1.0,1.0,1.0
n7628,n2701,3,0.75,1.0,0.875
n7629,n238,4,1.0,1.0,1.0
n763,n10791,4,1.0,1.0,1.0
n7630,n9446,4,1.0,1.0,1.0
n7631,n781,4,1.0,1.0,1.0
n7632,n194,4,1.0,1.0,1.0
n7633,n1033,4,1.0,1.0,1.0
n7634,n11894,4,1.0,1.0,1.0
n7635,n4093,4,1.0,1.0,1.0
n7636,n12142,3,0.75,1.0,0.875
n7637,n286,4,1.0,1.0,1.0
n7638,n12946,4,1.0,1.0,1.0
n7639,n891,4,1.0,1.0,1.0
n764,n10954,3,0.75,1.0,0.875
n7640,n299,4,1.0,1.0,1.0
n7641,n13400,4,1.0,1.0,1.0
n7642,n13420,4,1.0,1.0,1.0
n7643,n308,4,1.0,1.0,1.0
n7644,n13842,4,1.0,1.0,1.0
n7645,n14185,3,0.75,1.0,0.875
n7646,n316,4,1.0,1.0,1.0
n7647,n959,4,1.0,1.0,1.0
n7648,n4167,4,1.0,1.0,1.0
n7649,n969,4,1.0,1.0,1.0
n765,n7418,4,1.0,1.0,1.0
n7650,n3736,4,1.0,1.0,1.0
n7651,n3811,4,1.0,1.0,1.0
n7652,n338,4,1.0,1.0,1.0
n7653,n353,4,1.0,1.0,1.0
n7654,n4022,4,1.0,1.0,1.0
n7655,n10665,4,1.0,1.0,1.0
n7656,n14554,4,1.0,1.0,1.0
n7657,n1123,4,1.0,1.0,1.0
n7658,n1707,4,1.0,1.0,1.0
n7659,n4377,4,1.0,1.0,1.0
n766,n10827,3,0.75,1.0,0.875
n7660,n1156,4,1.0,1.0,1.0
n7661,n1190,4,1.0,1.0,1.0
n7662,n383,3,0.75,1.0,0.875
n7663,n1212,4,1.0,1.0,1.0
n7664,n4862,4,1.0,1.0,1.0
n7665,n14762,4,1.0,1.0,1.0
n7666,n3759,3,0.75,1.0,0.875
n7667,n4711,3,0.75,1.0,0.875
n7668,n428,3,0.75,1.0,0.875
n7669,n1422,4,1.0,1.0,1.0
n767,n7843,4,1.0,1.0,1.0
n7670,n14264,3,0.75,1.0,0.875
n7671,n1432,3,0.75,1.0,0.875
n7672,n1439,4,1.0,1.0,1.0
n7673,n449,4,1.0,1.0,1.0
n7674,n7266,3,0.75,1.0,0.875
n7675,n458,3,0.75,1.0,0.875
n7676,n11158,4,1.0,1.0,1.0
n7677,n1549,4,1.0,1.0,1.0
n7678,n3214,4,1.0,1.0,1.0
n7679,n4847,4,1.0,1.0,1.0
n768,n2865,3,0.75,1.0,0.875
n7680,n12626,3,0.75,1.0,0.875
n7681,n12880,4,1.0,1.0,1.0
n7682,n7725,4,1.0,1.0,1.0
n7683,n13279,4,1.0,1.0,1.0
n7684,n1654,4,1.0,1.0,1.0
n7685,n13960,4,1.0,1.0,1.0
n7686,n511,4,1.0,1.0,1.0
n7687,n14201,4,1.0,1.0,1.0
n7688,n9177,4,1.0,1.0,1.0
n7689,n15207,4,1.0,1.0,1.0
n769,n2870,4,1.0,1.0,1.0
n7690,n1762,4,1.0,1.0,1.0
n7691,n240,4,1.0,1.0,1.0
n7692,n1817,4,1.0,1.0,1.0
n7693,n1830,4,1.0,1.0,1.0
n7694,n7763,3,0.75,1.0,0.875
n7695,n3498,3,0.75,1.0,0.875
n7696,n4953,4,1.0,1.0,1.0
n7697,n6873,4,1.0,1.0,1.0
n7698,n7950,4,1.0,1.0,1.0
n7699,n7970,3,0.75,1.0,0.875
n77,n249,4,1.0,1.0,1.0
n770,n12568,3,0.75,1.0,0.875
n7700,n562,3,0.75,1.0,0.875
n7701,n7737,4,1.0,1.0,1.0
n7702,n8042,3,0.75,1.0,0.875
n7703,n8142,4,1.0,1.0,1.0
n7704,n2350,3,0.75,1.0,0.875
n7705,n7662,3,0.75,1.0,0.875
n7706,n2017,3,0.75,1.0,0.875
n7707,n11113,3,0.75,1.0,0.875
n7708,n2049,3,0.75,1.0,0.875
n7709,n2074,3,0.75,1.0,0.875
n771,n3331,3,0.75,1.0,0.875
n7710,n2122,4,1.0,1.0,1.0
n7711,n2407,4,1.0,1.0,1.0
n7712,n8567,2,0.5,1.0,0.75
n7713,n1940,4,1.0,1.0,1.0
n7714,n2172,3,0.75,1.0,0.875
n7715,n4747,4,1.0,1.0,1.0
n7716,n12125,4,1.0,1.0,1.0
n7717,n5081,4,1.0,1.0,1.0
n7718,n5842,4,1.0,1.0,1.0
n7719,n6006,4,1.0,1.0,1.0
n772,n2882,4,1.0,1.0,1.0
n7720,n2289,4,1.0,1.0,1.0
n7721,n9087,4,1.0,1.0,1.0
n7722,n9170,3,0.75,1.0,0.875
n7723,n7280,3,0.75,1.0,0.875
n7724,n409,4,1.0,1.0,1.0
n7725,n9392,4,1.0,1.0,1.0
n7726,n465,4,1.0,1.0,1.0
n7727,n2425,4,1.0,1.0,1.0
n7728,n2432,4,1.0,1.0,1.0
n7729,n672,4,1.0,1.0,1.0
n773,n2883,4,1.0,1.0,1.0
n7730,n6172,3,0.75,1.0,0.875
n7731,n1771,4,1.0,1.0,1.0
n7732,n676,3,0.75,1.0,0.875
n7733,n4149,3,0.75,1.0,0.875
n7734,n9733,4,1.0,1.0,1.0
n7735,n5134,4,1.0,1.0,1.0
n7736,n9778,4,1.0,1.0,1.0
n7737,n696,4,1.0,1.0,1.0
n7738,n5864,4,1.0,1.0,1.0
n7739,n2571,3,0.75,1.0,0.875
n774,n4630,4,1.0,1.0,1.0
n7740,n6972,4,1.0,1.0,1.0
n7741,n14035,4,1.0,1.0,1.0
n7742,n2589,4,1.0,1.0,1.0
n7743,n7733,3,0.75,1.0,0.875
n7744,n2630,4,1.0,1.0,1.0
n7745,n8617,4,1.0,1.0,1.0
n7746,n4668,3,0.75,1.0,0.875
n7747,n2642,3,0.75,1.0,0.875
n7748,n2647,3,0.75,1.0,0.875
n7749,n10097,3,0.75,1.0,0.875
n775,n6764,4,1.0,1.0,1.0
n7750,n9974,4,1.0,1.0,1.0
n7751,n10145,4,1.0,1.0,1.0
n7752,n2667,4,1.0,1.0,1.0
n7753,n10732,4,1.0,1.0,1.0
n7754,n10361,4,1.0,1.0,1.0
n7755,n15119,4,1.0,1.0,1.0
n7756,n2530,4,1.0,1.0,1.0
n7757,n12645,4,1.0,1.0,1.0
n7758,n13337,4,1.0,1.0,1.0
n7759,n13901,4,1.0,1.0,1.0
n776,n9399,4,1.0,1.0,1.0
n7760,n15281,4,1.0,1.0,1.0
n7761,n11428,4,1.0,1.0,1.0
n7762,n2774,3,0.75,0.75,0.75
n7762,n501,4,1.0,1.0,1.0
n7763,n11558,3,0.75,1.0,0.875
n7764,n8928,3,0.75,1.0,0.875
n7765,n10957,4,1.0,1.0,1.0
n7766,n12288,4,1.0,1.0,1.0
n7767,n2839,4,1.0,1.0,1.0
n7768,n6890,4,1.0,1.0,1.0
n7769,n12897,4,1.0,1.0,1.0
n777,n9462,3,0.75,1.0,0.875
n7770,n15038,4,1.0,1.0,1.0
n7771,n767,4,1.0,1.0,1.0
n7772,n3582,3,0.75,1.0,0.875
n7773,n3612,4,1.0,1.0,1.0
n7774,n775,4,1.0,1.0,1.0
n7775,n13613,4,1.0,1.0,1.0
n7776,n2906,4,1.0,1.0,1.0
n7777,n11029,4,1.0,1.0,1.0
n7778,n780,4,1.0,1.0,1.0
n7779,n13869,3,0.75,1.0,0.875
n778,n11016,4,1.0,1.0,1.0
n7780,n14356,4,1.0,1.0,1.0
n7781,n2948,4,1.0,1.0,1.0
n7782,n789,4,1.0,1.0,1.0
n7783,n6478,3,0.75,1.0,0.875
n7784,n11249,4,1.0,1.0,1.0
n7785,n2971,4,1.0,1.0,1.0
n7786,n11253,4,1.0,1.0,1.0
n7787,n14615,4,1.0,1.0,1.0
n7788,n15392,3,0.75,1.0,0.875
n7789,n808,4,1.0,1.0,1.0
n779,n9482,3,0.75,1.0,0.875
n7790,n3265,4,1.0,1.0,1.0
n7791,n2943,4,1.0,1.0,1.0
n7792,n849,4,1.0,1.0,1.0
n7793,n858,4,1.0,1.0,1.0
n7794,n266,4,1.0,1.0,1.0
n7795,n1411,4,1.0,1.0,1.0
n7796,n9413,4,1.0,1.0,1.0
n7797,n3503,4,1.0,1.0,1.0
n7798,n12335,4,1.0,1.0,1.0
n7799,n6561,4,1.0,1.0,1.0
n78,n11381,4,1.0,1.0,1.0
n78,n11385,4,1.0,1.0,1.0
n780,n2916,4,1.0,1.0,1.0
n7800,n15421,4,1.0,1.0,1.0
n7801,n399,4,1.0,1.0,1.0
n7802,n899,4,1.0,1.0,1.0
n7803,n8011,4,1.0,1.0,1.0
n7804,n13362,4,1.0,1.0,1.0
n7805,n915,4,1.0,1.0,1.0
n7806,n3470,4,1.0,1.0,1.0
n7807,n922,4,1.0,1.0,1.0
n7808,n9837,4,1.0,1.0,1.0
n7809,n13789,4,1.0,1.0,1.0
n781,n11038,4,1.0,1.0,1.0
n7810,n13878,4,1.0,1.0,1.0
n7810,n3541,4,1.0,1.0,1.0
n7811,n12275,4,1.0,1.0,1.0
n7812,n3569,4,1.0,1.0,1.0
n7813,n3588,3,0.75,1.0,0.875
n7814,n13980,4,1.0,1.0,1.0
n7815,n3641,3,0.75,1.0,0.875
n7816,n11724,4,1.0,1.0,1.0
n7817,n9868,4,1.0,1.0,1.0
n7818,n14564,4,1.0,1.0,1.0
n7819,n4705,4,1.0,1.0,1.0
n782,n2921,4,1.0,1.0,1.0
n7820,n14825,4,1.0,1.0,1.0
n7821,n13312,4,1.0,1.0,1.0
n7822,n13682,3,0.75,1.0,0.875
n7823,n3787,4,1.0,1.0,1.0
n7824,n13988,4,1.0,1.0,1.0
n7825,n1018,3,0.75,1.0,0.875
n7826,n3868,4,1.0,1.0,1.0
n7827,n15491,4,1.0,1.0,1.0
n7828,n15547,4,1.0,1.0,1.0
n7829,n3937,3,0.75,1.0,0.875
n783,n11098,3,0.75,1.0,0.875
n7830,n3989,4,1.0,1.0,1.0
n7831,n452,3,0.75,1.0,0.875
n7832,n4022,3,0.75,1.0,0.875
n7833,n3208,4,1.0,1.0,1.0
n7834,n693,4,1.0,1.0,1.0
n7835,n2773,4,1.0,1.0,1.0
n7836,n852,4,1.0,1.0,1.0
n7837,n4870,4,1.0,1.0,1.0
n7838,n1077,4,1.0,1.0,1.0
n7839,n3624,4,1.0,1.0,1.0
n784,n13211,3,0.75,1.0,0.875
n7840,n4120,4,1.0,1.0,1.0
n7841,n4466,4,1.0,1.0,1.0
n7842,n4669,3,0.75,1.0,0.875
n7843,n3680,4,1.0,1.0,1.0
n7844,n1314,4,1.0,1.0,1.0
n7845,n4387,3,0.75,1.0,0.875
n7846,n5619,3,0.75,1.0,0.875
n7847,n1106,4,1.0,1.0,1.0
n7848,n6918,3,0.75,1.0,0.875
n7849,n4300,4,1.0,1.0,1.0
n785,n14160,4,1.0,1.0,1.0
n7850,n7634,4,1.0,1.0,1.0
n7851,n7094,4,1.0,1.0,1.0
n7852,n1128,4,1.0,1.0,1.0
n7853,n15145,4,1.0,1.0,1.0
n7854,n1133,4,1.0,1.0,1.0
n7855,n1169,4,1.0,1.0,1.0
n7856,n1360,4,1.0,1.0,1.0
n7857,n1984,4,1.0,1.0,1.0
n7858,n4445,3,0.75,1.0,0.875
n7859,n2029,4,1.0,1.0,1.0
n7859,n4448,4,1.0,1.0,1.0
n786,n9783,4,1.0,1.0,1.0
n7860,n3046,3,0.75,1.0,0.875
n7861,n3421,4,1.0,1.0,1.0
n7862,n4135,4,1.0,1.0,1.0
n7863,n4475,4,1.0,1.0,1.0
n7864,n8629,3,0.75,1.0,0.875
n7865,n1162,3,0.75,1.0,0.875
n7866,n6113,4,1.0,1.0,1.0
n7867,n2351,4,1.0,1.0,1.0
n7867,n4556,4,1.0,1.0,1.0
n7868,n15311,4,1.0,1.0,1.0
n7869,n2422,4,1.0,1.0,1.0
n7869,n2423,3,0.75,0.75,0.75
n787,n14838,4,1.0,1.0,1.0
n7870,n3836,4,1.0,1.0,1.0
n7871,n4898,4,1.0,1.0,1.0
n7872,n4624,4,1.0,1.0,1.0
n7873,n4659,4,1.0,1.0,1.0
n7874,n10347,4,1.0,1.0,1.0
n7875,n1197,3,0.75,1.0,0.875
n7876,n1214,3,0.75,1.0,0.875
n7877,n10852,4,1.0,1.0,1.0
n7878,n2920,4,1.0,1.0,1.0
n7879,n4757,4,1.0,1.0,1.0
n788,n2941,4,1.0,1.0,1.0
n7880,n15375,4,1.0,1.0,1.0
n7881,n4790,3,0.75,1.0,0.875
n7882,n12087,4,1.0,1.0,1.0
n7883,n1253,4,1.0,1.0,1.0
n7884,n13838,4,1.0,1.0,1.0
n7885,n4895,4,1.0,1.0,1.0
n7886,n4921,4,1.0,1.0,1.0
n7887,n3475,3,0.75,1.0,0.875
n7888,n3547,4,1.0,1.0,1.0
n7889,n3555,4,1.0,1.0,1.0
n789,n2949,4,1.0,1.0,1.0
n7890,n10866,4,1.0,1.0,1.0
n7891,n14265,4,1.0,1.0,1.0
n7892,n1267,4,1.0,1.0,1.0
n7893,n13149,4,1.0,1.0,1.0
n7894,n3930,4,1.0,1.0,1.0
n7895,n1292,4,1.0,1.0,1.0
n7896,n422,4,1.0,1.0,1.0
n7897,n9853,3,0.75,1.0,0.875
n7898,n4084,4,1.0,1.0,1.0
n7899,n2886,4,1.0,1.0,1.0
n79,n103,4,1.0,1.0,1.0
n790,n11755,4,1.0,1.0,1.0
n7900,n5111,4,1.0,1.0,1.0
n7901,n5205,4,1.0,1.0,1.0
n7902,n4721,4,1.0,1.0,1.0
n7903,n5222,4,1.0,1.0,1.0
n7904,n4528,4,1.0,1.0,1.0
n7904,n5932,4,1.0,1.0,1.0
n7905,n8309,3,0.75,1.0,0.875
n7906,n4858,3,0.75,1.0,0.875
n7907,n1361,3,0.75,1.0,0.875
n7908,n1695,4,1.0,1.0,1.0
n7909,n1368,3,0.75,1.0,0.875
n791,n11208,4,1.0,1.0,1.0
n7910,n5247,3,0.75,1.0,0.875
n7911,n5316,4,1.0,1.0,1.0
n7912,n3757,4,1.0,1.0,1.0
n7913,n5436,3,0.75,1.0,0.875
n7914,n2935,4,1.0,1.0,1.0
n7915,n5330,4,1.0,1.0,1.0
n7916,n5519,4,1.0,1.0,1.0
n7917,n5639,3,0.75,1.0,0.875
n7918,n5536,4,1.0,1.0,1.0
n7919,n5646,3,0.75,1.0,0.875
n792,n14606,4,1.0,1.0,1.0
n7920,n8092,3,0.75,1.0,0.875
n7921,n12350,4,1.0,1.0,1.0
n7922,n6679,3,0.75,1.0,0.875
n7923,n5878,4,1.0,1.0,1.0
n7924,n8364,4,1.0,1.0,1.0
n7925,n10662,4,1.0,1.0,1.0
n7926,n10782,4,1.0,1.0,1.0
n7926,n5977,3,0.75,0.75,0.75
n7926,n5980,4,1.0,1.0,1.0
n7926,n7158,3,0.75,0.75,0.75
n7927,n6160,3,0.75,1.0,0.875
n7928,n5731,3,0.75,1.0,0.875
n7929,n773,4,1.0,1.0,1.0
n793,n14986,4,1.0,1.0,1.0
n7930,n5793,4,1.0,1.0,1.0
n7931,n12644,4,1.0,1.0,1.0
n7932,n7386,4,1.0,1.0,1.0
n7933,n2533,4,1.0,1.0,1.0
n7934,n2623,3,0.75,1.0,0.875
n7935,n7009,3,0.75,1.0,0.875
n7936,n10010,4,1.0,1.0,1.0
n7937,n10319,4,1.0,1.0,1.0
n7938,n7137,4,1.0,1.0,1.0
n7939,n7235,4,1.0,1.0,1.0
n794,n15223,4,1.0,1.0,1.0
n7940,n7423,4,1.0,1.0,1.0
n7941,n13766,4,1.0,1.0,1.0
n7942,n1516,4,1.0,1.0,1.0
n7943,n10362,3,0.75,1.0,0.875
n7944,n10367,4,1.0,1.0,1.0
n7945,n12245,4,1.0,1.0,1.0
n7946,n6215,4,1.0,1.0,1.0
n7947,n11144,4,1.0,1.0,1.0
n7948,n1534,4,1.0,1.0,1.0
n7949,n1536,4,1.0,1.0,1.0
n795,n14669,4,1.0,1.0,1.0
n7950,n11519,4,1.0,1.0,1.0
n7951,n805,4,1.0,1.0,1.0
n7952,n3167,4,1.0,1.0,1.0
n7953,n898,4,1.0,1.0,1.0
n7954,n11608,4,1.0,1.0,1.0
n7955,n4378,4,1.0,1.0,1.0
n7956,n11799,4,1.0,1.0,1.0
n7957,n2497,4,1.0,1.0,1.0
n7958,n13110,3,0.75,1.0,0.875
n7959,n6468,4,1.0,1.0,1.0
n796,n15237,4,1.0,1.0,1.0
n7960,n6490,3,0.75,1.0,0.875
n7961,n4325,3,0.75,1.0,0.875
n7962,n9183,4,1.0,1.0,1.0
n7963,n11236,4,1.0,1.0,1.0
n7964,n6568,4,1.0,1.0,1.0
n7965,n12394,4,1.0,1.0,1.0
n7966,n12460,4,1.0,1.0,1.0
n7967,n6597,4,1.0,1.0,1.0
n7968,n1584,4,1.0,1.0,1.0
n7969,n6263,4,1.0,1.0,1.0
n797,n15322,4,1.0,1.0,1.0
n7970,n6456,3,0.75,1.0,0.875
n7971,n1596,3,0.75,1.0,0.875
n7972,n6715,3,0.75,1.0,0.875
n7973,n1603,4,1.0,1.0,1.0
n7974,n1606,4,1.0,1.0,1.0
n7975,n1615,4,1.0,1.0,1.0
n7976,n13189,4,1.0,1.0,1.0
n7977,n6834,4,1.0,1.0,1.0
n7978,n6863,3,0.75,1.0,0.875
n7979,n3043,4,1.0,1.0,1.0
n798,n11095,4,1.0,1.0,1.0
n7980,n4694,4,1.0,1.0,1.0
n7981,n1653,4,1.0,1.0,1.0
n7982,n9736,3,0.75,1.0,0.875
n7983,n1660,3,0.75,1.0,0.875
n7984,n7063,4,1.0,1.0,1.0
n7985,n9394,4,1.0,1.0,1.0
n7986,n13922,4,1.0,1.0,1.0
n7987,n1670,4,1.0,1.0,1.0
n7988,n14812,4,1.0,1.0,1.0
n7989,n11443,4,1.0,1.0,1.0
n799,n15438,4,1.0,1.0,1.0
n7990,n14058,4,1.0,1.0,1.0
n7991,n1678,3,0.75,1.0,0.875
n7992,n14106,3,0.75,1.0,0.875
n7993,n14229,4,1.0,1.0,1.0
n7994,n15289,3,0.75,1.0,0.875
n7995,n1091,3,0.75,1.0,0.875
n7996,n1589,4,1.0,1.0,1.0
n7997,n1972,4,1.0,1.0,1.0
n7998,n11969,4,1.0,1.0,1.0
n7999,n1718,4,1.0,1.0,1.0
n8,n171,4,1.0,1.0,1.0
n8,n172,4,1.0,1.0,1.0
n8,n60,4,1.0,1.0,1.0
n80,n435,4,1.0,1.0,1.0
n800,n12020,4,1.0,1.0,1.0
n8000,n14636,4,1.0,1.0,1.0
n8001,n5955,3,0.75,1.0,0.875
n8002,n12458,4,1.0,1.0,1.0
n8003,n14159,3,0.75,1.0,0.875
n8004,n1742,4,1.0,1.0,1.0
n8005,n13449,3,0.75,1.0,0.875
n8006,n14962,4,1.0,1.0,1.0
n8007,n11266,3,0.75,1.0,0.875
n8008,n9157,4,1.0,1.0,1.0
n8009,n14978,4,1.0,1.0,1.0
n801,n132,4,1.0,1.0,1.0
n801,n3012,4,1.0,1.0,1.0
n8010,n9863,4,1.0,1.0,1.0
n8011,n1773,4,1.0,1.0,1.0
n8012,n14,4,1.0,1.0,1.0
n8013,n29,4,1.0,1.0,1.0
n8014,n7586,4,1.0,1.0,1.0
n8015,n913,4,1.0,1.0,1.0
n8016,n833,4,1.0,1.0,1.0
n8017,n3172,4,1.0,1.0,1.0
n8018,n7641,4,1.0,1.0,1.0
n8019,n3520,4,1.0,1.0,1.0
n802,n11408,4,1.0,1.0,1.0
n8020,n354,4,1.0,1.0,1.0
n8021,n7671,3,0.75,1.0,0.875
n8022,n1821,3,0.75,1.0,0.875
n8023,n1863,4,1.0,1.0,1.0
n8024,n1844,4,1.0,1.0,1.0
n8025,n700,4,1.0,1.0,1.0
n8026,n9491,3,0.75,1.0,0.875
n8027,n10303,4,1.0,1.0,1.0
n8028,n1857,3,0.75,1.0,0.875
n8029,n12649,3,0.75,1.0,0.875
n803,n11417,4,1.0,1.0,1.0
n8030,n6177,4,1.0,1.0,1.0
n8031,n8618,3,0.75,1.0,0.875
n8032,n3534,4,1.0,1.0,1.0
n8033,n7810,4,1.0,1.0,1.0
n8034,n1878,4,1.0,1.0,1.0
n8035,n990,4,1.0,1.0,1.0
n8036,n7823,4,1.0,1.0,1.0
n8037,n7824,4,1.0,1.0,1.0
n8038,n1884,4,1.0,1.0,1.0
n8039,n1370,3,0.75,1.0,0.875
n804,n6398,4,1.0,1.0,1.0
n8040,n7858,3,0.75,1.0,0.875
n8041,n10214,3,0.75,0.75,0.75
n8041,n7874,4,1.0,1.0,1.0
n8042,n1213,3,0.75,1.0,0.875
n8043,n6735,4,1.0,1.0,1.0
n8044,n5630,3,0.75,0.75,0.75
n8044,n7926,4,1.0,1.0,1.0
n8045,n1912,3,0.75,1.0,0.875
n8046,n6087,4,1.0,1.0,1.0
n8047,n6094,4,1.0,1.0,1.0
n8048,n3777,4,1.0,1.0,1.0
n8049,n10730,3,0.75,1.0,0.875
n805,n179,4,1.0,1.0,1.0
n8050,n6419,4,1.0,1.0,1.0
n8051,n6718,4,1.0,1.0,1.0
n8052,n1927,4,1.0,1.0,1.0
n8053,n13217,4,1.0,1.0,1.0
n8054,n1935,4,1.0,1.0,1.0
n8055,n1813,4,1.0,1.0,1.0
n8056,n8023,4,1.0,1.0,1.0
n8057,n1946,4,1.0,1.0,1.0
n8058,n8053,4,1.0,1.0,1.0
n8059,n8060,4,1.0,1.0,1.0
n806,n234,4,1.0,1.0,1.0
n8060,n1959,4,1.0,1.0,1.0
n8060,n2451,4,1.0,1.0,1.0
n8061,n2459,4,1.0,1.0,1.0
n8062,n2061,4,1.0,1.0,1.0
n8063,n3479,4,1.0,1.0,1.0
n8064,n3530,4,1.0,1.0,1.0
n8065,n2097,4,1.0,1.0,1.0
n8066,n8604,4,1.0,1.0,1.0
n8067,n8797,4,1.0,1.0,1.0
n8068,n408,4,1.0,1.0,1.0
n8069,n1996,4,1.0,1.0,1.0
n807,n236,4,1.0,1.0,1.0
n8070,n2001,3,0.75,1.0,0.875
n8071,n10950,3,0.75,1.0,0.875
n8072,n2769,4,1.0,1.0,1.0
n8073,n2869,3,0.75,1.0,0.875
n8074,n2033,4,1.0,1.0,1.0
n8075,n8315,4,1.0,1.0,1.0
n8076,n11243,4,1.0,1.0,1.0
n8077,n15108,3,0.75,1.0,0.875
n8078,n3011,4,1.0,1.0,1.0
n8079,n8337,4,1.0,1.0,1.0
n808,n3032,4,1.0,1.0,1.0
n8080,n4030,4,1.0,1.0,1.0
n8081,n4710,4,1.0,1.0,1.0
n8082,n2065,4,1.0,1.0,1.0
n8083,n8376,4,1.0,1.0,1.0
n8084,n12340,4,1.0,1.0,1.0
n8085,n8383,4,1.0,1.0,1.0
n8086,n4006,3,0.75,1.0,0.875
n8087,n8403,4,1.0,1.0,1.0
n8088,n3480,4,1.0,1.0,1.0
n8089,n9226,3,0.75,1.0,0.875
n809,n376,4,1.0,1.0,1.0
n8090,n13767,4,1.0,1.0,1.0
n8091,n3543,4,1.0,1.0,1.0
n8092,n8425,3,0.75,1.0,0.875
n8093,n14026,4,1.0,1.0,1.0
n8094,n5574,4,1.0,1.0,1.0
n8095,n14930,4,1.0,1.0,1.0
n8096,n14732,3,0.75,1.0,0.875
n8097,n2111,4,1.0,1.0,1.0
n8098,n2113,3,0.75,1.0,0.875
n8099,n13975,4,1.0,1.0,1.0
n81,n1730,4,1.0,1.0,1.0
n810,n1188,4,1.0,1.0,1.0
n8100,n8482,4,1.0,1.0,1.0
n8101,n713,4,1.0,1.0,1.0
n8102,n4134,4,1.0,1.0,1.0
n8103,n2139,4,1.0,1.0,1.0
n8104,n2146,4,1.0,1.0,1.0
n8104,n4258,4,1.0,1.0,1.0
n8105,n7623,4,1.0,1.0,1.0
n8106,n2156,3,0.75,1.0,0.875
n8107,n1861,4,1.0,1.0,1.0
n8108,n2158,4,1.0,1.0,1.0
n8109,n2161,4,1.0,1.0,1.0
n811,n519,3,0.75,1.0,0.875
n8110,n8583,4,1.0,1.0,1.0
n8111,n4597,3,0.75,1.0,0.875
n8112,n8650,3,0.75,1.0,0.875
n8113,n2641,4,1.0,1.0,1.0
n8114,n10275,4,1.0,1.0,1.0
n8115,n4685,3,0.75,1.0,0.875
n8116,n4691,4,1.0,1.0,1.0
n8117,n4693,1,0.25,1.0,0.625
n8118,n4699,3,0.75,1.0,0.875
n8119,n8688,4,1.0,1.0,1.0
n812,n1768,4,1.0,1.0,1.0
n8120,n3380,4,1.0,1.0,1.0
n8121,n3703,3,0.75,1.0,0.875
n8122,n2194,4,1.0,1.0,1.0
n8123,n442,4,1.0,1.0,1.0
n8124,n1343,4,1.0,1.0,1.0
n8125,n8769,4,1.0,1.0,1.0
n8126,n1514,4,1.0,1.0,1.0
n8127,n4622,4,1.0,1.0,1.0
n8128,n12970,4,1.0,1.0,1.0
n8129,n4498,4,1.0,1.0,1.0
n813,n2370,4,1.0,1.0,1.0
n8130,n2239,3,0.75,1.0,0.875
n8131,n5513,4,1.0,1.0,1.0
n8132,n12536,3,0.75,1.0,0.875
n8133,n6760,4,1.0,1.0,1.0
n8134,n2292,4,1.0,1.0,1.0
n8135,n6154,3,0.75,0.75,0.75
n8135,n6155,1,0.25,0.25,0.25
n8136,n2302,4,1.0,1.0,1.0
n8137,n2323,4,1.0,1.0,1.0
n8138,n3793,4,1.0,1.0,1.0
n8139,n2328,3,0.75,1.0,0.875
n814,n7484,4,1.0,1.0,1.0
n8140,n12518,4,1.0,1.0,1.0
n8141,n2333,3,0.75,1.0,0.875
n8142,n7401,4,1.0,1.0,1.0
n8143,n2347,4,1.0,1.0,1.0
n8144,n284,4,1.0,1.0,1.0
n8145,n9205,4,1.0,1.0,1.0
n8146,n6844,4,1.0,1.0,1.0
n8147,n2340,3,0.75,0.75,0.75
n8147,n6849,4,1.0,1.0,1.0
n8148,n9761,3,0.75,1.0,0.875
n8149,n13986,4,1.0,1.0,1.0
n815,n11191,4,1.0,1.0,1.0
n8150,n10514,4,1.0,1.0,1.0
n8151,n2382,4,1.0,1.0,1.0
n8152,n14277,3,0.75,1.0,0.875
n8153,n7340,4,1.0,1.0,1.0
n8154,n2396,3,0.75,1.0,0.875
n8155,n2400,4,1.0,1.0,1.0
n8156,n7483,4,1.0,1.0,1.0
n8157,n66,4,1.0,1.0,1.0
n8158,n7595,3,0.75,1.0,0.875
n8159,n258,4,1.0,1.0,1.0
n816,n10503,3,0.75,1.0,0.875
n8160,n3694,4,1.0,1.0,1.0
n8161,n2419,4,1.0,1.0,1.0
n8162,n1858,3,0.75,1.0,0.875
n8163,n575,3,0.75,1.0,0.875
n8164,n9433,4,1.0,1.0,1.0
n8165,n9435,4,1.0,1.0,1.0
n8166,n1005,4,1.0,1.0,1.0
n8167,n1172,3,0.75,1.0,0.875
n8168,n9456,3,0.75,1.0,0.875
n8169,n4974,3,0.75,1.0,0.875
n817,n11538,3,0.75,1.0,0.875
n8170,n1373,3,0.75,1.0,0.875
n8171,n9473,4,1.0,1.0,1.0
n8172,n6289,4,1.0,1.0,1.0
n8173,n1871,4,1.0,1.0,1.0
n8174,n8064,4,1.0,1.0,1.0
n8175,n2075,4,1.0,1.0,1.0
n8176,n8118,3,0.75,1.0,0.875
n8177,n2455,3,0.75,1.0,0.875
n8178,n2377,4,1.0,1.0,1.0
n8179,n2462,3,0.75,1.0,0.875
n818,n3068,4,1.0,1.0,1.0
n8180,n8189,4,1.0,1.0,1.0
n8181,n9576,4,1.0,1.0,1.0
n8182,n10037,3,0.75,1.0,0.875
n8183,n2689,4,1.0,1.0,1.0
n8184,n11151,4,1.0,1.0,1.0
n8185,n6178,4,1.0,1.0,1.0
n8186,n8408,4,1.0,1.0,1.0
n8187,n14133,4,1.0,1.0,1.0
n8188,n12074,3,0.75,1.0,0.875
n8189,n2515,4,1.0,1.0,1.0
n819,n3071,4,1.0,1.0,1.0
n8190,n4469,4,1.0,1.0,1.0
n8191,n9694,3,0.75,1.0,0.875
n8192,n2523,4,1.0,1.0,1.0
n8193,n9698,3,0.75,1.0,0.875
n8194,n10074,3,0.75,1.0,0.875
n8195,n4702,4,1.0,1.0,1.0
n8196,n9727,4,1.0,1.0,1.0
n8197,n727,4,1.0,1.0,1.0
n8197,n735,4,1.0,1.0,1.0
n8198,n2540,3,0.75,1.0,0.875
n8199,n8826,3,0.75,1.0,0.875
n82,n816,3,0.75,1.0,0.875
n820,n38,4,1.0,1.0,1.0
n820,n3913,4,1.0,1.0,1.0
n8200,n5221,3,0.75,1.0,0.875
n8201,n5215,4,1.0,1.0,1.0
n8202,n8883,3,0.75,1.0,0.875
n8203,n5618,3,0.75,1.0,0.875
n8204,n7138,3,0.75,1.0,0.875
n8205,n2545,4,1.0,1.0,1.0
n8206,n8977,4,1.0,1.0,1.0
n8207,n2553,3,0.75,1.0,0.875
n8208,n14989,4,1.0,1.0,1.0
n8209,n9817,4,1.0,1.0,1.0
n821,n1136,4,1.0,1.0,1.0
n8210,n9049,4,1.0,1.0,1.0
n8211,n9830,4,1.0,1.0,1.0
n8212,n6529,4,1.0,1.0,1.0
n8213,n9865,3,0.75,1.0,0.875
n8214,n6791,4,1.0,1.0,1.0
n8215,n7778,4,1.0,1.0,1.0
n8216,n7013,3,0.75,1.0,0.875
n8217,n10846,3,0.75,1.0,0.875
n8218,n2591,4,1.0,1.0,1.0
n8219,n9931,4,1.0,1.0,1.0
n822,n4651,4,1.0,1.0,1.0
n8220,n9420,4,1.0,1.0,1.0
n8221,n2600,4,1.0,1.0,1.0
n8222,n9972,4,1.0,1.0,1.0
n8223,n2619,4,1.0,1.0,1.0
n8224,n9713,3,0.75,1.0,0.875
n8225,n10047,4,1.0,1.0,1.0
n8226,n9791,4,1.0,1.0,1.0
n8227,n9875,4,1.0,1.0,1.0
n8228,n10084,3,0.75,1.0,0.875
n8229,n10089,4,1.0,1.0,1.0
n8229,n9909,4,1.0,1.0,1.0
n823,n2986,4,1.0,1.0,1.0
n8230,n10095,4,1.0,1.0,1.0
n8231,n15147,4,1.0,1.0,1.0
n8232,n1725,3,0.75,1.0,0.875
n8233,n8384,4,1.0,1.0,1.0
n8234,n10026,4,1.0,1.0,1.0
n8235,n8871,3,0.75,1.0,0.875
n8236,n6190,3,0.75,1.0,0.875
n8237,n10154,4,1.0,1.0,1.0
n8238,n10167,3,0.75,1.0,0.875
n8239,n10583,4,1.0,1.0,1.0
n824,n1509,3,0.75,1.0,0.875
n8240,n3568,4,1.0,1.0,1.0
n8241,n10292,4,1.0,1.0,1.0
n8242,n10757,3,0.75,1.0,0.875
n8243,n6645,4,1.0,1.0,1.0
n8244,n10838,4,1.0,1.0,1.0
n8245,n10363,3,0.75,1.0,0.875
n8246,n2671,4,1.0,1.0,1.0
n8247,n2675,3,0.75,1.0,0.875
n8248,n15354,4,1.0,1.0,1.0
n8249,n2846,4,1.0,1.0,1.0
n825,n3092,2,0.5,1.0,0.75
n8250,n3741,4,1.0,1.0,1.0
n8251,n10625,3,0.75,1.0,0.875
n8252,n2694,4,1.0,1.0,1.0
n8253,n10664,3,0.75,1.0,0.875
n8254,n10873,4,1.0,1.0,1.0
n8255,n10368,4,1.0,1.0,1.0
n8256,n11039,4,1.0,1.0,1.0
n8257,n13847,4,1.0,1.0,1.0
n8258,n11086,3,0.75,1.0,0.875
n8259,n13902,3,0.75,1.0,0.875
n826,n11681,4,1.0,1.0,1.0
n8260,n11180,4,1.0,1.0,1.0
n8261,n11226,4,1.0,1.0,1.0
n8262,n14717,4,1.0,1.0,1.0
n8263,n2749,4,1.0,1.0,1.0
n8264,n2759,4,1.0,1.0,1.0
n8265,n11569,4,1.0,1.0,1.0
n8266,n10550,4,1.0,1.0,1.0
n8267,n10560,3,0.75,1.0,0.875
n8268,n2369,4,1.0,1.0,1.0
n8268,n9262,4,1.0,1.0,1.0
n8269,n12270,4,1.0,1.0,1.0
n827,n11683,4,1.0,1.0,1.0
n8270,n1202,4,1.0,1.0,1.0
n8271,n10681,4,1.0,1.0,1.0
n8272,n10694,3,0.75,1.0,0.875
n8273,n5620,4,1.0,1.0,1.0
n8274,n5971,3,0.75,1.0,0.875
n8275,n12386,4,1.0,1.0,1.0
n8276,n9426,4,1.0,1.0,1.0
n8277,n10751,4,1.0,1.0,1.0
n8278,n12137,4,1.0,1.0,1.0
n8279,n10765,4,1.0,1.0,1.0
n8279,n4315,4,1.0,1.0,1.0
n828,n11730,4,1.0,1.0,1.0
n8280,n10825,3,0.75,1.0,0.875
n8281,n7636,3,0.75,1.0,0.875
n8282,n10845,4,1.0,1.0,1.0
n8283,n13133,4,1.0,1.0,1.0
n8284,n5818,3,0.75,1.0,0.875
n8285,n7926,4,1.0,1.0,1.0
n8286,n3594,4,1.0,1.0,1.0
n8287,n4486,4,1.0,1.0,1.0
n8288,n4712,3,0.75,1.0,0.875
n8289,n8668,4,1.0,1.0,1.0
n829,n5085,4,1.0,1.0,1.0
n8290,n2889,4,1.0,1.0,1.0
n8291,n5665,4,1.0,1.0,1.0
n8292,n2896,4,1.0,1.0,1.0
n8293,n10990,4,1.0,1.0,1.0
n8294,n10996,4,1.0,1.0,1.0
n8295,n2749,4,1.0,1.0,1.0
n8296,n11018,4,1.0,1.0,1.0
n8297,n9769,4,1.0,1.0,1.0
n8298,n9218,4,1.0,1.0,1.0
n8299,n9895,3,0.75,1.0,0.875
n83,n11586,4,1.0,1.0,1.0
n830,n1920,4,1.0,1.0,1.0
n8300,n8478,4,1.0,1.0,1.0
n8301,n10102,3,0.75,1.0,0.875
n8302,n2925,4,1.0,1.0,1.0
n8302,n2928,4,1.0,1.0,1.0
n8303,n11132,4,1.0,1.0,1.0
n8304,n2944,4,1.0,1.0,1.0
n8305,n15482,4,1.0,1.0,1.0
n8306,n11169,4,1.0,1.0,1.0
n8307,n11171,3,0.75,1.0,0.875
n8308,n14427,4,1.0,1.0,1.0
n8309,n11769,3,0.75,1.0,0.875
n831,n10022,4,1.0,1.0,1.0
n8310,n11246,4,1.0,1.0,1.0
n8311,n14597,4,1.0,1.0,1.0
n8312,n4599,3,0.75,1.0,0.875
n8313,n12298,3,0.75,1.0,0.875
n8314,n2960,4,1.0,1.0,1.0
n8315,n5393,4,1.0,1.0,1.0
n8316,n14706,3,0.75,1.0,0.875
n8317,n11230,4,1.0,1.0,1.0
n8318,n11231,4,1.0,1.0,1.0
n8319,n6391,4,1.0,1.0,1.0
n832,n12836,4,1.0,1.0,1.0
n8320,n2977,3,0.75,1.0,0.875
n8321,n2978,4,1.0,1.0,1.0
n8322,n8019,4,1.0,1.0,1.0
n8323,n2983,3,0.75,1.0,0.875
n8324,n2987,4,1.0,1.0,1.0
n8325,n11297,4,1.0,1.0,1.0
n8326,n15322,4,1.0,1.0,1.0
n8326,n8050,4,1.0,1.0,1.0
n8327,n15328,4,1.0,1.0,1.0
n8328,n5273,4,1.0,1.0,1.0
n8329,n863,4,1.0,1.0,1.0
n833,n13173,4,1.0,1.0,1.0
n8330,n14680,4,1.0,1.0,1.0
n8331,n3644,4,1.0,1.0,1.0
n8332,n3042,4,1.0,1.0,1.0
n8333,n11549,4,1.0,1.0,1.0
n8334,n7782,4,1.0,1.0,1.0
n8335,n3486,4,1.0,1.0,1.0
n8336,n1027,4,1.0,1.0,1.0
n8337,n678,4,1.0,1.0,1.0
n8338,n2105,3,0.75,1.0,0.875
n8339,n4734,4,1.0,1.0,1.0
n834,n3448,4,1.0,1.0,1.0
n8340,n5043,4,1.0,1.0,1.0
n8341,n3087,3,0.75,1.0,0.875
n8342,n1791,3,0.75,1.0,0.875
n8343,n1855,3,0.75,1.0,0.875
n8344,n3120,3,0.75,1.0,0.875
n8345,n10307,4,1.0,1.0,1.0
n8346,n11856,4,1.0,1.0,1.0
n8347,n12535,4,1.0,1.0,1.0
n8348,n11879,4,1.0,1.0,1.0
n8349,n9669,4,1.0,1.0,1.0
n835,n2255,4,1.0,1.0,1.0
n8350,n11800,4,1.0,1.0,1.0
n8351,n3133,3,0.75,1.0,0.875
n8352,n1677,3,0.75,1.0,0.875
n8353,n11959,4,1.0,1.0,1.0
n8354,n11342,4,1.0,1.0,1.0
n8355,n8526,4,1.0,1.0,1.0
n8356,n3196,4,1.0,1.0,1.0
n8357,n4127,4,1.0,1.0,1.0
n8358,n3209,3,0.75,1.0,0.875
n8359,n12195,4,1.0,1.0,1.0
n836,n3115,3,0.75,1.0,0.875
n8360,n1743,4,1.0,1.0,1.0
n8360,n3213,4,1.0,1.0,1.0
n8361,n2019,4,1.0,1.0,1.0
n8362,n3227,3,0.75,1.0,0.875
n8363,n10458,4,1.0,1.0,1.0
n8364,n3239,4,1.0,1.0,1.0
n8365,n10818,3,0.75,1.0,0.875
n8366,n5144,4,1.0,1.0,1.0
n8367,n5259,4,1.0,1.0,1.0
n8368,n3271,4,1.0,1.0,1.0
n8369,n5242,3,0.75,1.0,0.875
n837,n9308,4,1.0,1.0,1.0
n8370,n3275,4,1.0,1.0,1.0
n8371,n6638,4,1.0,1.0,1.0
n8372,n3282,3,0.75,1.0,0.875
n8373,n6135,4,1.0,1.0,1.0
n8374,n12642,4,1.0,1.0,1.0
n8375,n8069,4,1.0,1.0,1.0
n8376,n3315,4,1.0,1.0,1.0
n8377,n15413,3,0.75,1.0,0.875
n8378,n2394,4,1.0,1.0,1.0
n8379,n12235,4,1.0,1.0,1.0
n838,n15314,4,1.0,1.0,1.0
n8380,n5782,4,1.0,1.0,1.0
n8381,n3332,4,1.0,1.0,1.0
n8382,n12911,4,1.0,1.0,1.0
n8383,n6877,4,1.0,1.0,1.0
n8384,n12908,4,1.0,1.0,1.0
n8385,n7153,4,1.0,1.0,1.0
n8386,n9397,4,1.0,1.0,1.0
n8387,n13028,4,1.0,1.0,1.0
n8388,n3382,3,0.75,1.0,0.875
n8389,n13070,4,1.0,1.0,1.0
n839,n2470,4,1.0,1.0,1.0
n8390,n6832,4,1.0,1.0,1.0
n8391,n7781,4,1.0,1.0,1.0
n8392,n5880,3,0.75,1.0,0.875
n8393,n2296,3,0.75,1.0,0.875
n8394,n9243,4,1.0,1.0,1.0
n8395,n2413,4,1.0,1.0,1.0
n8396,n2717,4,1.0,1.0,1.0
n8397,n3410,4,1.0,1.0,1.0
n8398,n13403,3,0.75,1.0,0.875
n8399,n12952,4,1.0,1.0,1.0
n84,n261,4,1.0,1.0,1.0
n840,n10439,4,1.0,1.0,1.0
n8400,n8778,4,1.0,1.0,1.0
n8401,n5218,3,0.75,1.0,0.875
n8402,n5589,3,0.75,1.0,0.875
n8403,n8495,4,1.0,1.0,1.0
n8404,n9301,3,0.75,1.0,0.875
n8405,n13617,3,0.75,1.0,0.875
n8406,n662,3,0.75,1.0,0.875
n8407,n1944,3,0.75,0.75,0.75
n8407,n8057,4,1.0,1.0,1.0
n8408,n8155,4,1.0,1.0,1.0
n8409,n10360,4,1.0,1.0,1.0
n841,n11846,4,1.0,1.0,1.0
n8410,n3513,3,0.75,1.0,0.875
n8411,n9610,4,1.0,1.0,1.0
n8412,n3514,4,1.0,1.0,1.0
n8413,n13705,4,1.0,1.0,1.0
n8414,n13753,4,1.0,1.0,1.0
n8415,n3525,4,1.0,1.0,1.0
n8416,n12117,4,1.0,1.0,1.0
n8417,n3528,4,1.0,1.0,1.0
n8418,n9325,4,1.0,1.0,1.0
n8419,n10034,4,1.0,1.0,1.0
n842,n11852,4,1.0,1.0,1.0
n8420,n6403,4,1.0,1.0,1.0
n8421,n9327,4,1.0,1.0,1.0
n8422,n10120,4,1.0,1.0,1.0
n8423,n10340,4,1.0,1.0,1.0
n8424,n13892,3,0.75,1.0,0.875
n8425,n3545,3,0.75,1.0,0.875
n8426,n10431,4,1.0,1.0,1.0
n8427,n3549,4,1.0,1.0,1.0
n8428,n11774,3,0.75,1.0,0.875
n8429,n7379,4,1.0,1.0,1.0
n843,n3127,4,1.0,1.0,1.0
n8430,n10831,4,1.0,1.0,1.0
n8431,n10357,4,1.0,1.0,1.0
n8432,n10869,4,1.0,1.0,1.0
n8433,n11034,3,0.75,1.0,0.875
n8434,n3563,4,1.0,1.0,1.0
n8435,n10513,4,1.0,1.0,1.0
n8436,n14006,4,1.0,1.0,1.0
n8437,n14041,4,1.0,1.0,1.0
n8438,n10808,4,1.0,1.0,1.0
n8439,n14141,4,1.0,1.0,1.0
n844,n11544,4,1.0,1.0,1.0
n8440,n13405,3,0.75,1.0,0.875
n8441,n8473,4,1.0,1.0,1.0
n8442,n14195,3,0.75,1.0,0.875
n8443,n14282,4,1.0,1.0,1.0
n8444,n11282,4,1.0,1.0,1.0
n8445,n3628,4,1.0,1.0,1.0
n8446,n15340,4,1.0,1.0,1.0
n8447,n15359,4,1.0,1.0,1.0
n8448,n12656,4,1.0,1.0,1.0
n8449,n996,4,1.0,1.0,1.0
n845,n10564,4,1.0,1.0,1.0
n8450,n11618,3,0.75,0.75,0.75
n8450,n11619,3,0.75,0.75,0.75
n8450,n2538,4,1.0,1.0,1.0
n8451,n1187,4,1.0,1.0,1.0
n8452,n11731,4,1.0,1.0,1.0
n8453,n14439,4,1.0,1.0,1.0
n8454,n3673,4,1.0,1.0,1.0
n8455,n3683,3,0.75,1.0,0.875
n8456,n11965,4,1.0,1.0,1.0
n8457,n3100,4,1.0,1.0,1.0
n8458,n12454,4,1.0,1.0,1.0
n8459,n7554,4,1.0,1.0,1.0
n846,n2813,4,1.0,1.0,1.0
n8460,n14731,4,1.0,1.0,1.0
n8461,n3746,3,0.75,1.0,0.875
n8462,n14543,4,1.0,1.0,1.0
n8463,n9959,4,1.0,1.0,1.0
n8464,n3773,3,0.75,1.0,0.875
n8465,n10508,3,0.75,1.0,0.875
n8466,n296,3,0.75,1.0,0.875
n8467,n3126,4,1.0,1.0,1.0
n8468,n3827,4,1.0,1.0,1.0
n8469,n15272,4,1.0,1.0,1.0
n847,n10987,4,1.0,1.0,1.0
n8470,n14806,4,1.0,1.0,1.0
n8471,n14862,4,1.0,1.0,1.0
n8472,n3848,4,1.0,1.0,1.0
n8473,n14920,4,1.0,1.0,1.0
n8474,n14945,4,1.0,1.0,1.0
n8475,n8143,4,1.0,1.0,1.0
n8476,n15025,4,1.0,1.0,1.0
n8476,n3858,3,0.75,0.75,0.75
n8477,n15062,3,0.75,1.0,0.875
n8478,n3867,4,1.0,1.0,1.0
n8479,n15471,4,1.0,1.0,1.0
n848,n3130,4,1.0,1.0,1.0
n8480,n3905,4,1.0,1.0,1.0
n8481,n15490,4,1.0,1.0,1.0
n8482,n3879,4,1.0,1.0,1.0
n8483,n3893,3,0.75,1.0,0.875
n8484,n14476,4,1.0,1.0,1.0
n8485,n15577,4,1.0,1.0,1.0
n8485,n15602,4,1.0,1.0,1.0
n8486,n38,3,0.75,1.0,0.875
n8487,n3914,4,1.0,1.0,1.0
n8488,n149,4,1.0,1.0,1.0
n8489,n1426,4,1.0,1.0,1.0
n849,n11910,4,1.0,1.0,1.0
n8490,n6539,4,1.0,1.0,1.0
n8491,n363,4,1.0,1.0,1.0
n8492,n179,4,1.0,1.0,1.0
n8493,n3945,4,1.0,1.0,1.0
n8494,n1952,4,1.0,1.0,1.0
n8495,n3947,4,1.0,1.0,1.0
n8496,n2312,4,1.0,1.0,1.0
n8497,n682,4,1.0,1.0,1.0
n8498,n694,4,1.0,1.0,1.0
n8499,n703,4,1.0,1.0,1.0
n85,n9911,4,1.0,1.0,1.0
n850,n3137,4,1.0,1.0,1.0
n8500,n11190,3,0.75,1.0,0.875
n8501,n3968,4,1.0,1.0,1.0
n8502,n3976,3,0.75,1.0,0.875
n8503,n1966,4,1.0,1.0,1.0
n8504,n4428,4,1.0,1.0,1.0
n8505,n379,3,0.75,1.0,0.875
n8506,n4452,4,1.0,1.0,1.0
n8507,n397,4,1.0,1.0,1.0
n8508,n12877,4,1.0,1.0,1.0
n8509,n1458,4,1.0,1.0,1.0
n851,n11940,4,1.0,1.0,1.0
n8510,n13731,4,1.0,1.0,1.0
n8511,n453,3,0.75,1.0,0.875
n8512,n3274,4,1.0,1.0,1.0
n8513,n6806,4,1.0,1.0,1.0
n8514,n1722,4,1.0,1.0,1.0
n8515,n14711,4,1.0,1.0,1.0
n8516,n7951,4,1.0,1.0,1.0
n8517,n1970,3,0.75,1.0,0.875
n8518,n646,4,1.0,1.0,1.0
n8519,n2353,4,1.0,1.0,1.0
n852,n14480,4,1.0,1.0,1.0
n8520,n7041,3,0.75,1.0,0.875
n8521,n2412,4,1.0,1.0,1.0
n8522,n4043,4,1.0,1.0,1.0
n8523,n10491,4,1.0,1.0,1.0
n8524,n2946,3,0.75,1.0,0.875
n8525,n4078,4,1.0,1.0,1.0
n8526,n3070,4,1.0,1.0,1.0
n8527,n12979,4,1.0,1.0,1.0
n8528,n12553,4,1.0,1.0,1.0
n8529,n4087,4,1.0,1.0,1.0
n853,n3149,4,1.0,1.0,1.0
n8530,n13018,4,1.0,1.0,1.0
n8531,n8381,4,1.0,1.0,1.0
n8532,n10383,4,1.0,1.0,1.0
n8533,n3604,4,1.0,1.0,1.0
n8534,n980,4,1.0,1.0,1.0
n8534,n981,4,1.0,1.0,1.0
n8535,n15070,4,1.0,1.0,1.0
n8536,n2224,4,1.0,1.0,1.0
n8537,n1062,3,0.75,1.0,0.875
n8538,n15468,4,1.0,1.0,1.0
n8539,n4493,4,1.0,1.0,1.0
n854,n7494,4,1.0,1.0,1.0
n8540,n4166,4,1.0,1.0,1.0
n8541,n10030,4,1.0,1.0,1.0
n8542,n4175,3,0.75,1.0,0.875
n8543,n4177,4,1.0,1.0,1.0
n8544,n4839,4,1.0,1.0,1.0
n8545,n5312,4,1.0,1.0,1.0
n8546,n1247,4,1.0,1.0,1.0
n8547,n13339,4,1.0,1.0,1.0
n8548,n3873,4,1.0,1.0,1.0
n8549,n5123,3,0.75,1.0,0.875
n855,n3156,4,1.0,1.0,1.0
n8550,n4202,4,1.0,1.0,1.0
n8551,n5318,4,1.0,1.0,1.0
n8552,n5430,4,1.0,1.0,1.0
n8553,n5947,4,1.0,1.0,1.0
n8554,n5802,3,0.75,1.0,0.875
n8555,n4266,4,1.0,1.0,1.0
n8556,n1480,4,1.0,1.0,1.0
n8557,n7205,4,1.0,1.0,1.0
n8558,n4268,4,1.0,1.0,1.0
n8559,n7368,3,0.75,1.0,0.875
n856,n3379,4,1.0,1.0,1.0
n8560,n13562,4,1.0,1.0,1.0
n8561,n4270,4,1.0,1.0,1.0
n8562,n1489,4,1.0,1.0,1.0
n8563,n7555,4,1.0,1.0,1.0
n8564,n6124,3,0.75,1.0,0.875
n8565,n6136,4,1.0,1.0,1.0
n8566,n9894,4,1.0,1.0,1.0
n8567,n4290,3,0.75,1.0,0.875
n8568,n6280,3,0.75,1.0,0.875
n8569,n11420,3,0.75,1.0,0.875
n857,n10278,4,1.0,1.0,1.0
n8570,n6322,4,1.0,1.0,1.0
n8571,n1570,4,1.0,1.0,1.0
n8572,n12278,4,1.0,1.0,1.0
n8573,n12599,4,1.0,1.0,1.0
n8574,n4311,4,1.0,1.0,1.0
n8575,n1625,3,0.75,1.0,0.875
n8576,n4331,3,0.75,1.0,0.875
n8577,n1651,3,0.75,1.0,0.875
n8578,n11185,4,1.0,1.0,1.0
n8579,n4348,3,0.75,1.0,0.875
n858,n3443,4,1.0,1.0,1.0
n8580,n4358,4,1.0,1.0,1.0
n8581,n12634,4,1.0,1.0,1.0
n8582,n1738,4,1.0,1.0,1.0
n8583,n4366,4,1.0,1.0,1.0
n8584,n4374,4,1.0,1.0,1.0
n8585,n604,3,0.75,1.0,0.875
n8586,n244,3,0.75,1.0,0.875
n8587,n3851,4,1.0,1.0,1.0
n8588,n1252,3,0.75,1.0,0.875
n8589,n2279,4,1.0,1.0,1.0
n859,n12341,4,1.0,1.0,1.0
n8590,n4389,4,1.0,1.0,1.0
n8591,n4393,4,1.0,1.0,1.0
n8592,n1225,4,1.0,1.0,1.0
n8593,n4410,3,0.75,1.0,0.875
n8594,n4422,4,1.0,1.0,1.0
n8595,n1957,4,1.0,1.0,1.0
n8596,n4425,3,0.75,1.0,0.875
n8597,n8067,4,1.0,1.0,1.0
n8598,n8329,4,1.0,1.0,1.0
n8599,n8682,4,1.0,1.0,1.0
n86,n273,4,1.0,1.0,1.0
n860,n14818,4,1.0,1.0,1.0
n8600,n1976,4,1.0,1.0,1.0
n8601,n2481,3,0.75,1.0,0.875
n8602,n4443,3,0.75,1.0,0.875
n8603,n8237,4,1.0,1.0,1.0
n8604,n10879,4,1.0,1.0,1.0
n8605,n2890,4,1.0,1.0,1.0
n8606,n2924,4,1.0,1.0,1.0
n8607,n4454,3,0.75,1.0,0.875
n8608,n3270,4,1.0,1.0,1.0
n8609,n4463,3,0.75,1.0,0.875
n861,n14395,4,1.0,1.0,1.0
n8610,n2110,4,1.0,1.0,1.0
n8611,n4470,4,1.0,1.0,1.0
n8612,n8519,4,1.0,1.0,1.0
n8613,n2307,3,0.75,1.0,0.875
n8614,n4654,3,0.75,1.0,0.875
n8615,n3415,4,1.0,1.0,1.0
n8616,n8713,3,0.75,1.0,0.875
n8617,n5107,4,1.0,1.0,1.0
n8618,n8804,3,0.75,1.0,0.875
n8619,n4649,4,1.0,1.0,1.0
n862,n1700,4,1.0,1.0,1.0
n8620,n5644,3,0.75,1.0,0.875
n8621,n12222,3,0.75,1.0,0.875
n8622,n2275,4,1.0,1.0,1.0
n8623,n2278,3,0.75,0.75,0.75
n8623,n8995,4,1.0,1.0,1.0
n8624,n8996,4,1.0,1.0,1.0
n8625,n9043,3,0.75,1.0,0.875
n8626,n9965,3,0.75,1.0,0.875
n8627,n6271,4,1.0,1.0,1.0
n8628,n2310,3,0.75,1.0,0.875
n8629,n9086,3,0.75,1.0,0.875
n863,n2461,4,1.0,1.0,1.0
n8630,n2361,4,1.0,1.0,1.0
n8631,n10162,3,0.75,1.0,0.875
n8632,n7141,4,1.0,1.0,1.0
n8633,n14768,4,1.0,1.0,1.0
n8634,n594,4,1.0,1.0,1.0
n8635,n596,4,1.0,1.0,1.0
n8636,n2444,3,0.75,1.0,0.875
n8637,n4587,4,1.0,1.0,1.0
n8638,n8034,4,1.0,1.0,1.0
n8639,n9507,4,1.0,1.0,1.0
n864,n1658,4,1.0,1.0,1.0
n8640,n2468,4,1.0,1.0,1.0
n8640,n2469,3,0.75,0.75,0.75
n8641,n4504,3,0.75,1.0,0.875
n8642,n8860,3,0.75,1.0,0.875
n8643,n2547,3,0.75,1.0,0.875
n8644,n9812,4,1.0,1.0,1.0
n8645,n9055,4,1.0,1.0,1.0
n8646,n4631,4,1.0,1.0,1.0
n8647,n13864,4,1.0,1.0,1.0
n8648,n7519,3,0.75,1.0,0.875
n8649,n654,4,1.0,1.0,1.0
n865,n1729,3,0.75,1.0,0.875
n8650,n8089,3,0.75,1.0,0.875
n8651,n4650,3,0.75,1.0,0.875
n8652,n10177,3,0.75,1.0,0.875
n8653,n10205,3,0.75,1.0,0.875
n8654,n10209,4,1.0,1.0,1.0
n8655,n11021,4,1.0,1.0,1.0
n8656,n4687,3,0.75,1.0,0.875
n8657,n10339,3,0.75,1.0,0.875
n8658,n11186,4,1.0,1.0,1.0
n8659,n11264,3,0.75,1.0,0.875
n866,n7394,4,1.0,1.0,1.0
n8660,n2750,3,0.75,1.0,0.875
n8661,n3206,3,0.75,1.0,0.875
n8662,n10955,4,1.0,1.0,1.0
n8663,n13025,3,0.75,1.0,0.875
n8664,n10630,3,0.75,1.0,0.875
n8665,n12346,4,1.0,1.0,1.0
n8666,n6738,4,1.0,1.0,1.0
n8667,n2871,4,1.0,1.0,1.0
n8668,n10875,4,1.0,1.0,1.0
n8669,n2874,3,0.75,1.0,0.875
n867,n3221,4,1.0,1.0,1.0
n8670,n4743,4,1.0,1.0,1.0
n8671,n2912,4,1.0,1.0,1.0
n8672,n11031,4,1.0,1.0,1.0
n8673,n11058,3,0.75,1.0,0.875
n8674,n13931,4,1.0,1.0,1.0
n8675,n2926,4,1.0,1.0,1.0
n8676,n10640,4,1.0,1.0,1.0
n8677,n14219,4,1.0,1.0,1.0
n8678,n2947,4,1.0,1.0,1.0
n8679,n13518,3,0.75,1.0,0.875
n868,n4732,4,1.0,1.0,1.0
n8680,n14053,4,1.0,1.0,1.0
n8681,n15404,4,1.0,1.0,1.0
n8682,n11402,4,1.0,1.0,1.0
n8683,n3047,4,1.0,1.0,1.0
n8684,n3067,4,1.0,1.0,1.0
n8685,n7767,4,1.0,1.0,1.0
n8686,n12065,4,1.0,1.0,1.0
n8687,n4830,4,1.0,1.0,1.0
n8688,n3707,4,1.0,1.0,1.0
n8689,n4842,3,0.75,1.0,0.875
n869,n1210,4,1.0,1.0,1.0
n8690,n5437,3,0.75,1.0,0.875
n8691,n5486,4,1.0,1.0,1.0
n8692,n12546,4,1.0,1.0,1.0
n8693,n1456,4,1.0,1.0,1.0
n8694,n3319,3,0.75,1.0,0.875
n8695,n3321,3,0.75,1.0,0.875
n8696,n4866,4,1.0,1.0,1.0
n8697,n12828,3,0.75,1.0,0.875
n8698,n6775,4,1.0,1.0,1.0
n8699,n12874,3,0.75,1.0,0.875
n87,n276,4,1.0,1.0,1.0
n870,n3254,4,1.0,1.0,1.0
n8700,n14028,4,1.0,1.0,1.0
n8701,n3353,4,1.0,1.0,1.0
n8702,n414,4,1.0,1.0,1.0
n8703,n3391,4,1.0,1.0,1.0
n8704,n7764,3,0.75,1.0,0.875
n8705,n3640,3,0.75,1.0,0.875
n8706,n3458,3,0.75,1.0,0.875
n8707,n13512,4,1.0,1.0,1.0
n8708,n3491,3,0.75,1.0,0.875
n8709,n9403,4,1.0,1.0,1.0
n871,n5087,4,1.0,1.0,1.0
n8710,n3521,4,1.0,1.0,1.0
n8711,n3526,3,0.75,1.0,0.875
n8712,n13811,4,1.0,1.0,1.0
n8713,n10036,3,0.75,1.0,0.875
n8714,n10085,4,1.0,1.0,1.0
n8715,n13929,4,1.0,1.0,1.0
n8716,n3560,4,1.0,1.0,1.0
n8717,n13968,3,0.75,1.0,0.875
n8718,n3749,3,0.75,1.0,0.875
n8719,n13221,4,1.0,1.0,1.0
n872,n12474,4,1.0,1.0,1.0
n872,n12475,4,1.0,1.0,1.0
n872,n5209,4,1.0,1.0,1.0
n8720,n3597,4,1.0,1.0,1.0
n8721,n10983,4,1.0,1.0,1.0
n8722,n14114,4,1.0,1.0,1.0
n8723,n4970,4,1.0,1.0,1.0
n8724,n14023,4,1.0,1.0,1.0
n8725,n14325,4,1.0,1.0,1.0
n8726,n4975,4,1.0,1.0,1.0
n8727,n157,4,1.0,1.0,1.0
n8728,n11635,3,0.75,1.0,0.875
n8729,n2103,4,1.0,1.0,1.0
n873,n4547,4,1.0,1.0,1.0
n8730,n3725,4,1.0,1.0,1.0
n8731,n6502,4,1.0,1.0,1.0
n8732,n14803,4,1.0,1.0,1.0
n8733,n13369,4,1.0,1.0,1.0
n8734,n5713,4,1.0,1.0,1.0
n8735,n13870,3,0.75,1.0,0.875
n8736,n3775,4,1.0,1.0,1.0
n8737,n12630,4,1.0,1.0,1.0
n8738,n535,4,1.0,1.0,1.0
n8739,n2236,4,1.0,1.0,1.0
n874,n3281,3,0.75,1.0,0.875
n8740,n5026,4,1.0,1.0,1.0
n8741,n12585,4,1.0,1.0,1.0
n8742,n12588,3,0.75,1.0,0.875
n8743,n3834,4,1.0,1.0,1.0
n8744,n5028,4,1.0,1.0,1.0
n8745,n15313,4,1.0,1.0,1.0
n8746,n5032,4,1.0,1.0,1.0
n8747,n15140,4,1.0,1.0,1.0
n8748,n15488,4,1.0,1.0,1.0
n8749,n14859,4,1.0,1.0,1.0
n875,n1420,4,1.0,1.0,1.0
n8750,n14077,4,1.0,1.0,1.0
n8751,n78,4,1.0,1.0,1.0
n8752,n607,4,1.0,1.0,1.0
n8753,n5055,4,1.0,1.0,1.0
n8754,n2847,4,1.0,1.0,1.0
n8755,n5067,4,1.0,1.0,1.0
n8756,n10260,4,1.0,1.0,1.0
n8757,n10295,4,1.0,1.0,1.0
n8758,n3466,4,1.0,1.0,1.0
n8759,n14750,4,1.0,1.0,1.0
n876,n12549,3,0.75,1.0,0.875
n8760,n2990,4,1.0,1.0,1.0
n8761,n13268,4,1.0,1.0,1.0
n8762,n4190,4,1.0,1.0,1.0
n8763,n13421,4,1.0,1.0,1.0
n8764,n5114,4,1.0,1.0,1.0
n8765,n5122,4,1.0,1.0,1.0
n8766,n5129,4,1.0,1.0,1.0
n8767,n5133,3,0.75,1.0,0.875
n8768,n1404,4,1.0,1.0,1.0
n8769,n6640,4,1.0,1.0,1.0
n877,n3289,4,1.0,1.0,1.0
n8770,n5684,3,0.75,1.0,0.875
n8771,n7133,4,1.0,1.0,1.0
n8772,n4272,3,0.75,1.0,0.875
n8773,n9214,3,0.75,1.0,0.875
n8774,n9693,3,0.75,1.0,0.875
n8775,n1551,4,1.0,1.0,1.0
n8776,n12563,3,0.75,1.0,0.875
n8777,n6699,3,0.75,1.0,0.875
n8778,n8472,4,1.0,1.0,1.0
n8778,n8476,3,0.75,0.75,0.75
n8779,n1632,4,1.0,1.0,1.0
n8779,n6905,3,0.75,0.75,0.75
n8779,n8571,4,1.0,1.0,1.0
n878,n3292,4,1.0,1.0,1.0
n8780,n5165,4,1.0,1.0,1.0
n8781,n13575,3,0.75,1.0,0.875
n8782,n1669,4,1.0,1.0,1.0
n8783,n5170,4,1.0,1.0,1.0
n8784,n14440,4,1.0,1.0,1.0
n8785,n5173,4,1.0,1.0,1.0
n8786,n4363,3,0.75,1.0,0.875
n8787,n655,4,1.0,1.0,1.0
n8788,n1841,4,1.0,1.0,1.0
n8789,n1263,3,0.75,1.0,0.875
n879,n3317,3,0.75,1.0,0.875
n8790,n5190,4,1.0,1.0,1.0
n8791,n5195,4,1.0,1.0,1.0
n8792,n2536,4,1.0,1.0,1.0
n8793,n5199,4,1.0,1.0,1.0
n8794,n5200,4,1.0,1.0,1.0
n8795,n2999,4,1.0,1.0,1.0
n8796,n4053,4,1.0,1.0,1.0
n8797,n2837,4,1.0,1.0,1.0
n8798,n4511,3,0.75,1.0,0.875
n8799,n8858,4,1.0,1.0,1.0
n88,n3754,4,1.0,1.0,1.0
n880,n1229,4,1.0,1.0,1.0
n8800,n4518,4,1.0,1.0,1.0
n8801,n5225,3,0.75,1.0,0.875
n8802,n4536,4,1.0,1.0,1.0
n8803,n9056,4,1.0,1.0,1.0
n8804,n2305,3,0.75,1.0,0.875
n8805,n4559,4,1.0,1.0,1.0
n8806,n2360,4,1.0,1.0,1.0
n8807,n4564,4,1.0,1.0,1.0
n8808,n73,4,1.0,1.0,1.0
n8809,n4588,3,0.75,1.0,0.875
n881,n12281,4,1.0,1.0,1.0
n8810,n4610,4,1.0,1.0,1.0
n8811,n5243,4,1.0,1.0,1.0
n8812,n5246,4,1.0,1.0,1.0
n8813,n6882,3,0.75,1.0,0.875
n8814,n7023,4,1.0,1.0,1.0
n8815,n10055,4,1.0,1.0,1.0
n8816,n11134,4,1.0,1.0,1.0
n8816,n4704,3,0.75,0.75,0.75
n8817,n11215,4,1.0,1.0,1.0
n8818,n423,4,1.0,1.0,1.0
n8819,n5304,3,0.75,1.0,0.875
n882,n12849,4,1.0,1.0,1.0
n8820,n3108,4,1.0,1.0,1.0
n8821,n5345,3,0.75,1.0,0.875
n8822,n3361,4,1.0,1.0,1.0
n8823,n3436,3,0.75,1.0,0.875
n8824,n3437,4,1.0,1.0,1.0
n8825,n3442,4,1.0,1.0,1.0
n8826,n13587,3,0.75,1.0,0.875
n8827,n3602,4,1.0,1.0,1.0
n8828,n3617,4,1.0,1.0,1.0
n8829,n14355,4,1.0,1.0,1.0
n883,n12824,4,1.0,1.0,1.0
n8830,n11975,4,1.0,1.0,1.0
n8831,n14608,3,0.75,1.0,0.875
n8832,n4050,3,0.75,1.0,0.875
n8833,n4128,3,0.75,1.0,0.875
n8834,n5406,4,1.0,1.0,1.0
n8835,n5148,4,1.0,1.0,1.0
n8836,n1792,4,1.0,1.0,1.0
n8837,n4438,3,0.75,1.0,0.875
n8838,n5216,4,1.0,1.0,1.0
n8838,n8832,3,0.75,0.75,0.75
n8839,n5219,4,1.0,1.0,1.0
n884,n3342,4,1.0,1.0,1.0
n8840,n4589,3,0.75,1.0,0.875
n8841,n5241,4,1.0,1.0,1.0
n8842,n2566,3,0.75,0.75,0.75
n8842,n2567,4,1.0,1.0,1.0
n8843,n9872,4,1.0,1.0,1.0
n8844,n2744,3,0.75,1.0,0.875
n8845,n5448,3,0.75,1.0,0.875
n8846,n2952,4,1.0,1.0,1.0
n8847,n3609,4,1.0,1.0,1.0
n8848,n4937,3,0.75,1.0,0.875
n8849,n5039,4,1.0,1.0,1.0
n885,n6803,4,1.0,1.0,1.0
n8850,n5054,3,0.75,1.0,0.875
n8851,n5479,4,1.0,1.0,1.0
n8852,n4246,4,1.0,1.0,1.0
n8853,n4282,3,0.75,1.0,0.875
n8854,n5146,4,1.0,1.0,1.0
n8855,n6208,3,0.75,1.0,0.875
n8856,n5419,4,1.0,1.0,1.0
n8857,n2006,4,1.0,1.0,1.0
n8858,n2505,4,1.0,1.0,1.0
n8859,n5244,4,1.0,1.0,1.0
n886,n10133,3,0.75,1.0,0.875
n8860,n4952,3,0.75,1.0,0.875
n8861,n4312,4,1.0,1.0,1.0
n8862,n5853,4,1.0,1.0,1.0
n8863,n5597,3,0.75,1.0,0.875
n8864,n14653,3,0.75,1.0,0.875
n8865,n12779,3,0.75,1.0,0.875
n8866,n7525,4,1.0,1.0,1.0
n8867,n5612,3,0.75,1.0,0.875
n8868,n5545,3,0.75,1.0,0.875
n8869,n5951,4,1.0,1.0,1.0
n887,n14149,3,0.75,1.0,0.875
n8870,n6042,3,0.75,1.0,0.875
n8871,n5654,3,0.75,1.0,0.875
n8872,n5659,4,1.0,1.0,1.0
n8873,n4289,4,1.0,1.0,1.0
n8874,n5552,3,0.75,1.0,0.875
n8875,n5124,4,1.0,1.0,1.0
n8876,n9010,4,1.0,1.0,1.0
n8877,n6194,4,1.0,1.0,1.0
n8878,n5697,4,1.0,1.0,1.0
n8879,n5565,4,1.0,1.0,1.0
n888,n195,4,1.0,1.0,1.0
n8880,n10842,3,0.75,1.0,0.875
n8881,n10897,4,1.0,1.0,1.0
n8882,n6329,4,1.0,1.0,1.0
n8883,n1609,3,0.75,1.0,0.875
n8884,n6418,4,1.0,1.0,1.0
n8885,n6504,4,1.0,1.0,1.0
n8886,n5577,4,1.0,1.0,1.0
n8887,n4629,4,1.0,1.0,1.0
n8888,n5584,4,1.0,1.0,1.0
n8889,n12612,4,1.0,1.0,1.0
n889,n3372,4,1.0,1.0,1.0
n8890,n5861,3,0.75,1.0,0.875
n8891,n5872,4,1.0,1.0,1.0
n8892,n6848,4,1.0,1.0,1.0
n8893,n6860,4,1.0,1.0,1.0
n8894,n13276,4,1.0,1.0,1.0
n8895,n5579,3,0.75,1.0,0.875
n8896,n5619,4,1.0,1.0,1.0
n8897,n5625,4,1.0,1.0,1.0
n8898,n7115,3,0.75,1.0,0.875
n8899,n5631,3,0.75,1.0,0.875
n89,n619,4,1.0,1.0,1.0
n890,n7528,4,1.0,1.0,1.0
n8900,n15307,4,1.0,1.0,1.0
n8901,n5637,4,1.0,1.0,1.0
n8902,n5643,4,1.0,1.0,1.0
n8903,n6021,4,1.0,1.0,1.0
n8904,n6027,4,1.0,1.0,1.0
n8905,n5649,4,1.0,1.0,1.0
n8906,n7654,4,1.0,1.0,1.0
n8907,n3264,4,1.0,1.0,1.0
n8908,n7807,4,1.0,1.0,1.0
n8909,n6101,4,1.0,1.0,1.0
n891,n560,4,1.0,1.0,1.0
n8910,n8765,4,1.0,1.0,1.0
n8911,n5666,3,0.75,1.0,0.875
n8912,n2569,4,1.0,1.0,1.0
n8913,n5672,4,1.0,1.0,1.0
n8914,n6648,3,0.75,1.0,0.875
n8915,n9819,3,0.75,1.0,0.875
n8916,n5703,4,1.0,1.0,1.0
n8917,n10129,4,1.0,1.0,1.0
n8918,n10132,4,1.0,1.0,1.0
n8919,n6232,4,1.0,1.0,1.0
n892,n315,4,1.0,1.0,1.0
n8920,n5706,4,1.0,1.0,1.0
n8921,n6242,4,1.0,1.0,1.0
n8922,n12882,4,1.0,1.0,1.0
n8923,n6269,3,0.75,1.0,0.875
n8924,n6282,4,1.0,1.0,1.0
n8925,n5719,3,0.75,1.0,0.875
n8926,n1100,3,0.75,1.0,0.875
n8927,n6333,4,1.0,1.0,1.0
n8928,n11555,3,0.75,1.0,0.875
n8929,n11616,4,1.0,1.0,1.0
n893,n439,3,0.75,1.0,0.875
n8930,n6202,3,0.75,1.0,0.875
n8931,n12659,4,1.0,1.0,1.0
n8932,n5745,4,1.0,1.0,1.0
n8933,n11720,4,1.0,1.0,1.0
n8934,n6399,4,1.0,1.0,1.0
n8935,n388,3,0.75,1.0,0.875
n8936,n5747,4,1.0,1.0,1.0
n8937,n5751,3,0.75,1.0,0.875
n8938,n12042,4,1.0,1.0,1.0
n8939,n12112,4,1.0,1.0,1.0
n8939,n5763,3,0.75,0.75,0.75
n894,n13099,3,0.75,1.0,0.875
n8940,n497,4,1.0,1.0,1.0
n8941,n610,4,1.0,1.0,1.0
n8942,n5766,4,1.0,1.0,1.0
n8943,n8024,4,1.0,1.0,1.0
n8944,n2223,4,1.0,1.0,1.0
n8945,n6523,3,0.75,1.0,0.875
n8946,n4910,4,1.0,1.0,1.0
n8947,n3676,4,1.0,1.0,1.0
n8948,n4049,4,1.0,1.0,1.0
n8949,n3929,4,1.0,1.0,1.0
n895,n13109,4,1.0,1.0,1.0
n8950,n12456,3,0.75,0.75,0.75
n8950,n5060,4,1.0,1.0,1.0
n8950,n6592,4,1.0,1.0,1.0
n8951,n5141,4,1.0,1.0,1.0
n8952,n4801,4,1.0,1.0,1.0
n8953,n4837,3,0.75,1.0,0.875
n8954,n5815,4,1.0,1.0,1.0
n8955,n6960,4,1.0,1.0,1.0
n8956,n12548,3,0.75,1.0,0.875
n8957,n5812,3,0.75,1.0,0.875
n8958,n6675,4,1.0,1.0,1.0
n8959,n8950,4,1.0,1.0,1.0
n896,n3393,4,1.0,1.0,1.0
n8960,n6225,3,0.75,1.0,0.875
n8961,n6441,3,0.75,1.0,0.875
n8962,n7333,4,1.0,1.0,1.0
n8963,n6949,4,1.0,1.0,1.0
n8964,n5847,3,0.75,1.0,0.875
n8965,n10570,4,1.0,1.0,1.0
n8966,n6755,4,1.0,1.0,1.0
n8967,n12957,4,1.0,1.0,1.0
n8968,n7307,3,0.75,1.0,0.875
n8969,n7433,4,1.0,1.0,1.0
n897,n3398,4,1.0,1.0,1.0
n8970,n744,4,1.0,1.0,1.0
n8971,n1012,3,0.75,1.0,0.875
n8972,n7913,3,0.75,1.0,0.875
n8973,n7924,4,1.0,1.0,1.0
n8974,n8078,4,1.0,1.0,1.0
n8975,n5882,4,1.0,1.0,1.0
n8976,n3075,3,0.75,1.0,0.875
n8977,n923,4,1.0,1.0,1.0
n8978,n8572,4,1.0,1.0,1.0
n8979,n3954,4,1.0,1.0,1.0
n898,n7948,4,1.0,1.0,1.0
n8980,n5903,4,1.0,1.0,1.0
n8981,n5913,4,1.0,1.0,1.0
n8982,n6687,3,0.75,1.0,0.875
n8983,n6990,4,1.0,1.0,1.0
n8984,n14716,3,0.75,1.0,0.875
n8985,n190,4,1.0,1.0,1.0
n8986,n7911,4,1.0,1.0,1.0
n8987,n9667,3,0.75,1.0,0.875
n8988,n9057,3,0.75,1.0,0.875
n8989,n5943,4,1.0,1.0,1.0
n899,n1535,4,1.0,1.0,1.0
n8990,n8503,4,1.0,1.0,1.0
n8991,n10021,3,0.75,1.0,0.875
n8992,n5956,4,1.0,1.0,1.0
n8993,n10187,4,1.0,1.0,1.0
n8994,n13886,3,0.75,1.0,0.875
n8995,n13349,4,1.0,1.0,1.0
n8996,n5969,4,1.0,1.0,1.0
n8997,n10525,4,1.0,1.0,1.0
n8998,n10644,3,0.75,1.0,0.875
n8999,n8226,4,1.0,1.0,1.0
n9,n233,4,1.0,1.0,1.0
n90,n12151,4,1.0,1.0,1.0
n900,n13199,3,0.75,1.0,0.875
n9000,n11020,4,1.0,1.0,1.0
n9001,n11059,3,0.75,1.0,0.875
n9002,n14303,3,0.75,1.0,0.875
n9003,n5996,4,1.0,1.0,1.0
n9004,n5997,4,1.0,1.0,1.0
n9005,n312,4,1.0,1.0,1.0
n9006,n7825,3,0.75,1.0,0.875
n9007,n14594,4,1.0,1.0,1.0
n9008,n14598,4,1.0,1.0,1.0
n9009,n3766,4,1.0,1.0,1.0
n901,n1017,3,0.75,1.0,0.875
n9010,n12875,4,1.0,1.0,1.0
n9010,n6947,4,1.0,1.0,1.0
n9011,n13002,4,1.0,1.0,1.0
n9012,n6044,3,0.75,1.0,0.875
n9013,n14961,4,1.0,1.0,1.0
n9014,n13759,3,0.75,1.0,0.875
n9015,n7449,3,0.75,1.0,0.875
n9016,n15048,4,1.0,1.0,1.0
n9017,n11145,4,1.0,1.0,1.0
n9018,n11640,4,1.0,1.0,1.0
n9019,n6074,4,1.0,1.0,1.0
n902,n13205,4,1.0,1.0,1.0
n9020,n6081,4,1.0,1.0,1.0
n9021,n15536,4,1.0,1.0,1.0
n9022,n509,4,1.0,1.0,1.0
n9023,n7940,4,1.0,1.0,1.0
n9024,n6099,4,1.0,1.0,1.0
n9025,n6700,4,1.0,1.0,1.0
n9026,n6108,4,1.0,1.0,1.0
n9027,n6117,3,0.75,1.0,0.875
n9028,n3248,4,1.0,1.0,1.0
n9029,n3414,4,1.0,1.0,1.0
n903,n13215,4,1.0,1.0,1.0
n9030,n12793,4,1.0,1.0,1.0
n9031,n2321,3,0.75,1.0,0.875
n9032,n2167,3,0.75,1.0,0.875
n9033,n2716,4,1.0,1.0,1.0
n9034,n8676,4,1.0,1.0,1.0
n9035,n14698,3,0.75,1.0,0.875
n9036,n8779,4,1.0,1.0,1.0
n9037,n4867,3,0.75,1.0,0.875
n9038,n5707,3,0.75,1.0,0.875
n9039,n6141,4,1.0,1.0,1.0
n904,n2138,4,1.0,1.0,1.0
n9040,n6200,4,1.0,1.0,1.0
n9041,n5938,4,1.0,1.0,1.0
n9042,n6166,3,0.75,1.0,0.875
n9043,n10216,3,0.75,1.0,0.875
n9044,n13730,3,0.75,1.0,0.875
n9045,n13859,3,0.75,1.0,0.875
n9046,n9389,4,1.0,1.0,1.0
n9047,n356,4,1.0,1.0,1.0
n9048,n8117,1,0.25,1.0,0.625
n9049,n9140,4,1.0,1.0,1.0
n905,n2233,3,0.75,1.0,0.875
n9050,n9560,4,1.0,1.0,1.0
n9051,n9722,3,0.75,1.0,0.875
n9052,n9748,4,1.0,1.0,1.0
n9053,n5675,3,0.75,1.0,0.875
n9054,n6201,4,1.0,1.0,1.0
n9055,n9826,4,1.0,1.0,1.0
n9056,n6204,4,1.0,1.0,1.0
n9057,n9182,3,0.75,1.0,0.875
n9058,n15286,4,1.0,1.0,1.0
n9059,n2297,3,0.75,1.0,0.875
n906,n8909,4,1.0,1.0,1.0
n9060,n9387,3,0.75,1.0,0.875
n9061,n6228,3,0.75,1.0,0.875
n9062,n8941,4,1.0,1.0,1.0
n9063,n10150,4,1.0,1.0,1.0
n9064,n6244,3,0.75,1.0,0.875
n9065,n8919,4,1.0,1.0,1.0
n9066,n9144,4,1.0,1.0,1.0
n9067,n10484,3,0.75,1.0,0.875
n9068,n1587,4,1.0,1.0,1.0
n9069,n11985,4,1.0,1.0,1.0
n907,n7676,4,1.0,1.0,1.0
n9070,n5691,4,1.0,1.0,1.0
n9071,n12258,4,1.0,1.0,1.0
n9072,n2781,3,0.75,1.0,0.875
n9073,n6257,3,0.75,1.0,0.875
n9074,n10714,4,1.0,1.0,1.0
n9075,n5254,4,1.0,1.0,1.0
n9076,n12667,3,0.75,1.0,0.875
n9077,n6899,3,0.75,1.0,0.875
n9078,n7287,4,1.0,1.0,1.0
n9079,n10847,4,1.0,1.0,1.0
n908,n10104,4,1.0,1.0,1.0
n9080,n13230,4,1.0,1.0,1.0
n9080,n2212,4,1.0,1.0,1.0
n9081,n12800,4,1.0,1.0,1.0
n9082,n6273,4,1.0,1.0,1.0
n9083,n10940,3,0.75,1.0,0.875
n9084,n6097,4,1.0,1.0,1.0
n9085,n9207,3,0.75,1.0,0.875
n9086,n13790,3,0.75,1.0,0.875
n9087,n9682,4,1.0,1.0,1.0
n9088,n6292,3,0.75,1.0,0.875
n9089,n6296,4,1.0,1.0,1.0
n909,n11304,4,1.0,1.0,1.0
n9090,n6297,4,1.0,1.0,1.0
n9091,n11259,4,1.0,1.0,1.0
n9092,n11397,4,1.0,1.0,1.0
n9093,n11469,4,1.0,1.0,1.0
n9094,n2951,4,1.0,1.0,1.0
n9095,n6344,4,1.0,1.0,1.0
n9096,n3662,4,1.0,1.0,1.0
n9097,n6354,4,1.0,1.0,1.0
n9098,n6356,4,1.0,1.0,1.0
n9099,n1687,4,1.0,1.0,1.0
n91,n3212,4,1.0,1.0,1.0
n910,n14937,4,1.0,1.0,1.0
n9100,n1192,3,0.75,1.0,0.875
n9101,n4918,4,1.0,1.0,1.0
n9102,n5724,4,1.0,1.0,1.0
n9103,n1500,4,1.0,1.0,1.0
n9104,n1560,4,1.0,1.0,1.0
n9105,n12898,4,1.0,1.0,1.0
n9106,n6387,4,1.0,1.0,1.0
n9107,n13250,4,1.0,1.0,1.0
n9108,n6389,4,1.0,1.0,1.0
n9109,n2517,4,1.0,1.0,1.0
n911,n8486,3,0.75,1.0,0.875
n9110,n11761,3,0.75,1.0,0.875
n9111,n3846,4,1.0,1.0,1.0
n9112,n6672,4,1.0,1.0,1.0
n9113,n2585,4,1.0,1.0,1.0
n9114,n11828,3,0.75,1.0,0.875
n9115,n11834,4,1.0,1.0,1.0
n9116,n8169,3,0.75,1.0,0.875
n9117,n2884,3,0.75,1.0,0.875
n9118,n3758,4,1.0,1.0,1.0
n9119,n4083,4,1.0,1.0,1.0
n912,n13407,4,1.0,1.0,1.0
n9120,n5904,4,1.0,1.0,1.0
n9121,n3371,4,1.0,1.0,1.0
n9122,n6455,4,1.0,1.0,1.0
n9123,n11998,3,0.75,1.0,0.875
n9124,n7652,4,1.0,1.0,1.0
n9125,n6464,4,1.0,1.0,1.0
n9126,n4965,4,1.0,1.0,1.0
n9127,n14262,4,1.0,1.0,1.0
n9128,n15336,3,0.75,1.0,0.875
n9129,n470,4,1.0,1.0,1.0
n913,n2121,4,1.0,1.0,1.0
n9130,n1914,3,0.75,1.0,0.875
n9131,n4213,4,1.0,1.0,1.0
n9132,n7249,4,1.0,1.0,1.0
n9133,n1723,3,0.75,1.0,0.875
n9134,n4477,4,1.0,1.0,1.0
n9135,n5211,4,1.0,1.0,1.0
n9135,n8806,4,1.0,1.0,1.0
n9136,n4515,4,1.0,1.0,1.0
n9137,n4554,4,1.0,1.0,1.0
n9138,n8326,4,1.0,1.0,1.0
n9139,n4607,4,1.0,1.0,1.0
n914,n3452,4,1.0,1.0,1.0
n9140,n6538,4,1.0,1.0,1.0
n9141,n11238,4,1.0,1.0,1.0
n9142,n11862,4,1.0,1.0,1.0
n9143,n13497,4,1.0,1.0,1.0
n9144,n9746,4,1.0,1.0,1.0
n9145,n10805,4,1.0,1.0,1.0
n9146,n1412,3,0.75,1.0,0.875
n9147,n5237,4,1.0,1.0,1.0
n9148,n12409,4,1.0,1.0,1.0
n9149,n4755,3,0.75,1.0,0.875
n915,n2909,4,1.0,1.0,1.0
n9150,n4769,4,1.0,1.0,1.0
n9151,n6586,4,1.0,1.0,1.0
n9152,n5462,4,1.0,1.0,1.0
n9153,n6602,4,1.0,1.0,1.0
n9154,n5740,3,0.75,1.0,0.875
n9155,n5600,4,1.0,1.0,1.0
n9156,n5741,4,1.0,1.0,1.0
n9157,n5779,4,1.0,1.0,1.0
n9158,n5019,3,0.75,1.0,0.875
n9159,n5839,4,1.0,1.0,1.0
n916,n5096,4,1.0,1.0,1.0
n9160,n13702,4,1.0,1.0,1.0
n9161,n12605,4,1.0,1.0,1.0
n9162,n6661,3,0.75,1.0,0.875
n9163,n14165,3,0.75,1.0,0.875
n9164,n6115,4,1.0,1.0,1.0
n9165,n6673,3,0.75,1.0,0.875
n9166,n9796,3,0.75,1.0,0.875
n9167,n11891,4,1.0,1.0,1.0
n9168,n6302,4,1.0,1.0,1.0
n9169,n6309,4,1.0,1.0,1.0
n917,n6576,3,0.75,1.0,0.875
n9170,n11574,3,0.75,1.0,0.875
n9171,n6408,3,0.75,1.0,0.875
n9172,n11866,4,1.0,1.0,1.0
n9173,n6476,4,1.0,1.0,1.0
n9174,n12762,3,0.75,1.0,0.875
n9175,n6703,4,1.0,1.0,1.0
n9176,n6692,4,1.0,1.0,1.0
n9177,n6714,4,1.0,1.0,1.0
n9178,n7298,4,1.0,1.0,1.0
n9179,n14767,4,1.0,1.0,1.0
n918,n9222,3,0.75,1.0,0.875
n9180,n13102,4,1.0,1.0,1.0
n9181,n1985,3,0.75,1.0,0.875
n9182,n3720,3,0.75,1.0,0.875
n9183,n6734,4,1.0,1.0,1.0
n9184,n13495,4,1.0,1.0,1.0
n9185,n9166,3,0.75,1.0,0.875
n9186,n7547,4,1.0,1.0,1.0
n9187,n12903,3,0.75,1.0,0.875
n9188,n10609,4,1.0,1.0,1.0
n9189,n11689,4,1.0,1.0,1.0
n919,n13597,4,1.0,1.0,1.0
n9190,n7294,4,1.0,1.0,1.0
n9191,n12994,3,0.75,1.0,0.875
n9192,n7451,4,1.0,1.0,1.0
n9193,n1104,3,0.75,1.0,0.875
n9194,n7730,3,0.75,1.0,0.875
n9195,n7748,3,0.75,1.0,0.875
n9196,n1334,4,1.0,1.0,1.0
n9197,n13161,3,0.75,1.0,0.875
n9198,n6821,3,0.75,1.0,0.875
n9199,n13186,4,1.0,1.0,1.0
n92,n281,4,1.0,1.0,1.0
n920,n3483,4,1.0,1.0,1.0
n9200,n1755,4,1.0,1.0,1.0
n9201,n7627,4,1.0,1.0,1.0
n9202,n13197,3,0.75,1.0,0.875
n9203,n544,4,1.0,1.0,1.0
n9204,n7703,4,1.0,1.0,1.0
n9205,n13218,4,1.0,1.0,1.0
n9206,n13219,4,1.0,1.0,1.0
n9207,n2137,3,0.75,1.0,0.875
n9208,n8630,4,1.0,1.0,1.0
n9209,n8791,4,1.0,1.0,1.0
n921,n7541,4,1.0,1.0,1.0
n9210,n6853,3,0.75,1.0,0.875
n9211,n7762,3,0.75,1.0,0.875
n9212,n8221,4,1.0,1.0,1.0
n9213,n13269,4,1.0,1.0,1.0
n9214,n6862,3,0.75,1.0,0.875
n9215,n6872,4,1.0,1.0,1.0
n9216,n3002,4,1.0,1.0,1.0
n9217,n13304,4,1.0,1.0,1.0
n9218,n6886,4,1.0,1.0,1.0
n9219,n3566,4,1.0,1.0,1.0
n922,n9400,4,1.0,1.0,1.0
n9220,n14112,4,1.0,1.0,1.0
n9221,n14419,4,1.0,1.0,1.0
n9222,n934,3,0.75,1.0,0.875
n9223,n2433,3,0.75,0.75,0.75
n9223,n2441,4,1.0,1.0,1.0
n9224,n906,4,1.0,1.0,1.0
n9225,n4343,3,0.75,1.0,0.875
n9226,n1683,3,0.75,1.0,0.875
n9227,n4461,4,1.0,1.0,1.0
n9228,n8643,3,0.75,1.0,0.875
n9229,n4644,4,1.0,1.0,1.0
n923,n932,4,1.0,1.0,1.0
n9230,n10881,4,1.0,1.0,1.0
n9230,n6922,4,1.0,1.0,1.0
n9231,n14359,4,1.0,1.0,1.0
n9232,n5126,4,1.0,1.0,1.0
n9233,n4623,4,1.0,1.0,1.0
n9234,n5598,4,1.0,1.0,1.0
n9235,n13491,4,1.0,1.0,1.0
n9236,n5663,3,0.75,1.0,0.875
n9237,n11924,3,0.75,1.0,0.875
n9238,n8893,4,1.0,1.0,1.0
n9239,n11592,3,0.75,1.0,0.875
n924,n9660,4,1.0,1.0,1.0
n9240,n9124,4,1.0,1.0,1.0
n9241,n12166,4,1.0,1.0,1.0
n9242,n9186,4,1.0,1.0,1.0
n9243,n7038,4,1.0,1.0,1.0
n9244,n10179,4,1.0,1.0,1.0
n9245,n7195,4,1.0,1.0,1.0
n9246,n7001,4,1.0,1.0,1.0
n9247,n7004,4,1.0,1.0,1.0
n9248,n9354,4,1.0,1.0,1.0
n9249,n9436,4,1.0,1.0,1.0
n925,n3516,4,1.0,1.0,1.0
n9250,n7805,4,1.0,1.0,1.0
n9251,n9448,4,1.0,1.0,1.0
n9252,n5396,4,1.0,1.0,1.0
n9253,n7036,3,0.75,1.0,0.875
n9254,n7037,3,0.75,1.0,0.875
n9255,n3238,4,1.0,1.0,1.0
n9256,n13741,4,1.0,1.0,1.0
n9257,n8850,3,0.75,1.0,0.875
n9258,n6484,4,1.0,1.0,1.0
n9259,n7062,4,1.0,1.0,1.0
n926,n13734,4,1.0,1.0,1.0
n9260,n14073,4,1.0,1.0,1.0
n9261,n9622,3,0.75,1.0,0.875
n9262,n10012,4,1.0,1.0,1.0
n9262,n3649,4,1.0,1.0,1.0
n9262,n3650,4,1.0,1.0,1.0
n9262,n8450,4,1.0,1.0,1.0
n9263,n9656,4,1.0,1.0,1.0
n9264,n9819,1,0.25,1.0,0.625
n9265,n10088,4,1.0,1.0,1.0
n9266,n9892,3,0.75,1.0,0.875
n9267,n9578,4,1.0,1.0,1.0
n9268,n10008,3,0.75,1.0,0.875
n9269,n10106,4,1.0,1.0,1.0
n927,n9743,4,1.0,1.0,1.0
n9270,n9467,4,1.0,1.0,1.0
n9271,n10870,4,1.0,1.0,1.0
n9272,n13923,4,1.0,1.0,1.0
n9273,n3646,4,1.0,1.0,1.0
n9274,n13937,4,1.0,1.0,1.0
n9275,n5329,4,1.0,1.0,1.0
n9276,n10345,4,1.0,1.0,1.0
n9277,n10385,3,0.75,1.0,0.875
n9278,n10995,3,0.75,1.0,0.875
n9279,n7110,4,1.0,1.0,1.0
n928,n13821,4,1.0,1.0,1.0
n9280,n13959,3,0.75,1.0,0.875
n9281,n13961,3,0.75,1.0,0.875
n9282,n11321,3,0.75,1.0,0.875
n9283,n10556,4,1.0,1.0,1.0
n9284,n15192,4,1.0,1.0,1.0
n9285,n10674,4,1.0,1.0,1.0
n9286,n14071,4,1.0,1.0,1.0
n9287,n14090,4,1.0,1.0,1.0
n9288,n7867,4,1.0,1.0,1.0
n9289,n14167,4,1.0,1.0,1.0
n929,n9944,4,1.0,1.0,1.0
n9290,n7174,3,0.75,1.0,0.875
n9291,n7176,4,1.0,1.0,1.0
n9292,n8749,4,1.0,1.0,1.0
n9293,n7181,4,1.0,1.0,1.0
n9294,n11747,4,1.0,1.0,1.0
n9295,n7190,3,0.75,1.0,0.875
n9296,n14248,3,0.75,1.0,0.875
n9297,n14993,4,1.0,1.0,1.0
n9298,n7197,4,1.0,1.0,1.0
n9299,n11754,4,1.0,1.0,1.0
n93,n876,3,0.75,1.0,0.875
n930,n13862,4,1.0,1.0,1.0
n9300,n3898,4,1.0,1.0,1.0
n9301,n7214,3,0.75,1.0,0.875
n9302,n7460,4,1.0,1.0,1.0
n9303,n15292,4,1.0,1.0,1.0
n9304,n154,4,1.0,1.0,1.0
n9305,n836,3,0.75,1.0,0.875
n9306,n11493,4,1.0,1.0,1.0
n9307,n7246,3,0.75,1.0,0.875
n9308,n11642,4,1.0,1.0,1.0
n9309,n5721,4,1.0,1.0,1.0
n931,n10149,4,1.0,1.0,1.0
n9310,n10772,4,1.0,1.0,1.0
n9311,n14486,4,1.0,1.0,1.0
n9312,n7282,4,1.0,1.0,1.0
n9313,n12696,4,1.0,1.0,1.0
n9314,n7284,3,0.75,1.0,0.875
n9315,n11992,4,1.0,1.0,1.0
n9316,n14567,4,1.0,1.0,1.0
n9317,n12044,4,1.0,1.0,1.0
n9318,n5898,4,1.0,1.0,1.0
n9319,n4280,4,1.0,1.0,1.0
n932,n13880,4,1.0,1.0,1.0
n9320,n4347,3,0.75,1.0,0.875
n9321,n3309,4,1.0,1.0,1.0
n9322,n3803,4,1.0,1.0,1.0
n9323,n5197,3,0.75,1.0,0.875
n9324,n7322,4,1.0,1.0,1.0
n9325,n5400,4,1.0,1.0,1.0
n9326,n12527,3,0.75,1.0,0.875
n9327,n5653,4,1.0,1.0,1.0
n9328,n14729,4,1.0,1.0,1.0
n9329,n6231,4,1.0,1.0,1.0
n933,n11739,3,0.75,1.0,0.875
n9330,n5334,4,1.0,1.0,1.0
n9331,n12729,4,1.0,1.0,1.0
n9332,n7356,3,0.75,1.0,0.875
n9333,n6903,4,1.0,1.0,1.0
n9334,n9380,4,1.0,1.0,1.0
n9335,n10586,4,1.0,1.0,1.0
n9336,n7532,4,1.0,1.0,1.0
n9337,n427,4,1.0,1.0,1.0
n9337,n7378,4,1.0,1.0,1.0
n9338,n13184,4,1.0,1.0,1.0
n9339,n14900,4,1.0,1.0,1.0
n934,n3550,3,0.75,1.0,0.875
n9340,n13351,3,0.75,1.0,0.875
n9341,n4850,3,0.75,1.0,0.875
n9342,n7410,4,1.0,1.0,1.0
n9343,n8962,4,1.0,1.0,1.0
n9344,n7420,3,0.75,1.0,0.875
n9345,n4885,4,1.0,1.0,1.0
n9346,n7436,3,0.75,1.0,0.875
n9347,n8353,4,1.0,1.0,1.0
n9348,n10160,4,1.0,1.0,1.0
n9349,n10600,3,0.75,1.0,0.875
n935,n13997,3,0.75,1.0,0.875
n9350,n10819,4,1.0,1.0,1.0
n9351,n12700,4,1.0,1.0,1.0
n9352,n7474,4,1.0,1.0,1.0
n9353,n14718,4,1.0,1.0,1.0
n9354,n15117,4,1.0,1.0,1.0
n9355,n2038,3,0.75,1.0,0.875
n9356,n5415,3,0.75,1.0,0.875
n9357,n14679,4,1.0,1.0,1.0
n9358,n14871,4,1.0,1.0,1.0
n9359,n14856,4,1.0,1.0,1.0
n936,n14031,4,1.0,1.0,1.0
n9360,n7523,4,1.0,1.0,1.0
n9361,n15360,4,1.0,1.0,1.0
n9362,n14049,4,1.0,1.0,1.0
n9363,n7540,4,1.0,1.0,1.0
n9364,n7542,4,1.0,1.0,1.0
n9365,n15425,4,1.0,1.0,1.0
n9366,n15456,4,1.0,1.0,1.0
n9367,n15497,3,0.75,1.0,0.875
n9368,n15513,4,1.0,1.0,1.0
n9369,n15321,4,1.0,1.0,1.0
n937,n3573,4,1.0,1.0,1.0
n9370,n15523,4,1.0,1.0,1.0
n9371,n7563,4,1.0,1.0,1.0
n9372,n15121,4,1.0,1.0,1.0
n9373,n15160,4,1.0,1.0,1.0
n9374,n167,4,1.0,1.0,1.0
n9375,n63,4,1.0,1.0,1.0
n9376,n327,3,0.75,1.0,0.875
n9377,n6749,4,1.0,1.0,1.0
n9378,n67,4,1.0,1.0,1.0
n9379,n293,4,1.0,1.0,1.0
n938,n3574,4,1.0,1.0,1.0
n9380,n2203,4,1.0,1.0,1.0
n9381,n144,4,1.0,1.0,1.0
n9382,n518,4,1.0,1.0,1.0
n9383,n556,3,0.75,1.0,0.875
n9384,n586,3,0.75,1.0,0.875
n9385,n8358,3,0.75,1.0,0.875
n9386,n3222,4,1.0,1.0,1.0
n9387,n3406,3,0.75,1.0,0.875
n9388,n2120,3,0.75,1.0,0.875
n9389,n7626,4,1.0,1.0,1.0
n939,n3576,4,1.0,1.0,1.0
n9390,n10195,4,1.0,1.0,1.0
n9391,n3007,4,1.0,1.0,1.0
n9392,n11742,4,1.0,1.0,1.0
n9393,n302,3,0.75,0.75,0.75
n9393,n3422,4,1.0,1.0,1.0
n9394,n14115,4,1.0,1.0,1.0
n9395,n3619,3,0.75,1.0,0.875
n9396,n14360,3,0.75,1.0,0.875
n9397,n340,4,1.0,1.0,1.0
n9398,n1051,4,1.0,1.0,1.0
n9399,n1058,4,1.0,1.0,1.0
n94,n3354,4,1.0,1.0,1.0
n940,n10616,4,1.0,1.0,1.0
n9400,n3306,4,1.0,1.0,1.0
n9401,n7665,4,1.0,1.0,1.0
n9402,n15082,4,1.0,1.0,1.0
n9403,n5286,4,1.0,1.0,1.0
n9404,n4861,3,0.75,1.0,0.875
n9405,n451,4,1.0,1.0,1.0
n9406,n13960,4,1.0,1.0,1.0
n9407,n1630,4,1.0,1.0,1.0
n9408,n13581,4,1.0,1.0,1.0
n9409,n7686,4,1.0,1.0,1.0
n941,n10634,4,1.0,1.0,1.0
n9410,n22,4,1.0,1.0,1.0
n9411,n895,4,1.0,1.0,1.0
n9412,n845,4,1.0,1.0,1.0
n9413,n1876,4,1.0,1.0,1.0
n9414,n8289,4,1.0,1.0,1.0
n9415,n2039,4,1.0,1.0,1.0
n9416,n589,4,1.0,1.0,1.0
n9417,n8622,4,1.0,1.0,1.0
n9418,n2197,4,1.0,1.0,1.0
n9419,n2246,3,0.75,1.0,0.875
n942,n10752,3,0.75,1.0,0.875
n9420,n632,4,1.0,1.0,1.0
n9421,n2331,4,1.0,1.0,1.0
n9422,n13253,4,1.0,1.0,1.0
n9423,n9395,3,0.75,1.0,0.875
n9424,n450,4,1.0,1.0,1.0
n9425,n8209,4,1.0,1.0,1.0
n9426,n684,4,1.0,1.0,1.0
n9427,n7749,3,0.75,1.0,0.875
n9428,n10143,4,1.0,1.0,1.0
n9429,n7753,4,1.0,1.0,1.0
n943,n3587,4,1.0,1.0,1.0
n9430,n7756,4,1.0,1.0,1.0
n9431,n13226,4,1.0,1.0,1.0
n9432,n7758,4,1.0,1.0,1.0
n9433,n10515,4,1.0,1.0,1.0
n9434,n11556,3,0.75,1.0,0.875
n9435,n10622,4,1.0,1.0,1.0
n9436,n774,4,1.0,1.0,1.0
n9437,n7779,3,0.75,1.0,0.875
n9438,n14772,4,1.0,1.0,1.0
n9439,n11459,4,1.0,1.0,1.0
n944,n8020,4,1.0,1.0,1.0
n9440,n3052,3,0.75,1.0,0.875
n9441,n7791,4,1.0,1.0,1.0
n9442,n2308,4,1.0,1.0,1.0
n9443,n5164,4,1.0,1.0,1.0
n9444,n3416,3,0.75,1.0,0.875
n9445,n8036,4,1.0,1.0,1.0
n9446,n13263,4,1.0,1.0,1.0
n9447,n11080,4,1.0,1.0,1.0
n9448,n1184,4,1.0,1.0,1.0
n9449,n3696,4,1.0,1.0,1.0
n945,n3595,4,1.0,1.0,1.0
n9450,n991,4,1.0,1.0,1.0
n9451,n373,4,1.0,1.0,1.0
n9452,n1938,3,0.75,1.0,0.875
n9453,n4232,3,0.75,1.0,0.875
n9454,n1092,4,1.0,1.0,1.0
n9455,n7852,4,1.0,1.0,1.0
n9456,n4576,3,0.75,1.0,0.875
n9457,n10090,4,1.0,1.0,1.0
n9458,n11111,4,1.0,1.0,1.0
n9459,n11696,4,1.0,1.0,1.0
n946,n13681,3,0.75,1.0,0.875
n9460,n7882,4,1.0,1.0,1.0
n9461,n8947,4,1.0,1.0,1.0
n9462,n3533,3,0.75,1.0,0.875
n9463,n7891,4,1.0,1.0,1.0
n9464,n1275,4,1.0,1.0,1.0
n9465,n1278,4,1.0,1.0,1.0
n9466,n1291,4,1.0,1.0,1.0
n9467,n5066,4,1.0,1.0,1.0
n9468,n1302,3,0.75,1.0,0.875
n9469,n4222,4,1.0,1.0,1.0
n947,n3613,4,1.0,1.0,1.0
n9470,n1681,4,1.0,1.0,1.0
n9471,n6593,3,0.75,1.0,0.875
n9472,n5601,3,0.75,1.0,0.875
n9473,n7923,4,1.0,1.0,1.0
n9474,n1388,4,1.0,1.0,1.0
n9475,n8416,4,1.0,1.0,1.0
n9476,n1496,4,1.0,1.0,1.0
n9477,n14804,4,1.0,1.0,1.0
n9478,n11623,3,0.75,1.0,0.875
n9479,n11736,3,0.75,1.0,0.875
n948,n14217,4,1.0,1.0,1.0
n9480,n1557,4,1.0,1.0,1.0
n9481,n12280,4,1.0,1.0,1.0
n9482,n5491,3,0.75,1.0,0.875
n9483,n7972,3,0.75,1.0,0.875
n9484,n13101,4,1.0,1.0,1.0
n9485,n6969,3,0.75,1.0,0.875
n9486,n1650,3,0.75,1.0,0.875
n9487,n10009,4,1.0,1.0,1.0
n9488,n8004,4,1.0,1.0,1.0
n9489,n14975,4,1.0,1.0,1.0
n949,n15275,4,1.0,1.0,1.0
n9490,n1750,3,0.75,1.0,0.875
n9491,n14985,3,0.75,1.0,0.875
n9492,n235,4,1.0,1.0,1.0
n9493,n1811,4,1.0,1.0,1.0
n9494,n348,4,1.0,1.0,1.0
n9495,n2022,4,1.0,1.0,1.0
n9496,n3102,4,1.0,1.0,1.0
n9497,n8030,4,1.0,1.0,1.0
n9498,n1870,3,0.75,1.0,0.875
n9499,n8033,4,1.0,1.0,1.0
n95,n3400,4,1.0,1.0,1.0
n950,n14873,4,1.0,1.0,1.0
n9500,n7815,3,0.75,1.0,0.875
n9501,n1037,4,1.0,1.0,1.0
n9502,n8041,3,0.75,1.0,0.875
n9503,n8047,4,1.0,1.0,1.0
n9504,n1627,3,0.75,1.0,0.875
n9504,n1928,3,0.75,1.0,0.875
n9504,n7978,3,0.75,1.0,0.875
n9505,n301,3,0.75,1.0,0.875
n9506,n1953,3,0.75,1.0,0.875
n9507,n1956,4,1.0,1.0,1.0
n9507,n8058,4,1.0,1.0,1.0
n9508,n1960,4,1.0,1.0,1.0
n9508,n8061,4,1.0,1.0,1.0
n9509,n1962,4,1.0,1.0,1.0
n951,n14272,4,1.0,1.0,1.0
n9510,n8066,4,1.0,1.0,1.0
n9511,n2214,3,0.75,1.0,0.875
n9512,n8157,4,1.0,1.0,1.0
n9513,n8070,3,0.75,0.75,0.75
n9513,n8108,4,1.0,1.0,1.0
n9514,n2012,3,0.75,1.0,0.875
n9515,n10223,4,1.0,1.0,1.0
n9516,n2821,4,1.0,1.0,1.0
n9517,n2036,4,1.0,1.0,1.0
n9518,n2050,4,1.0,1.0,1.0
n9519,n12869,4,1.0,1.0,1.0
n952,n3626,4,1.0,1.0,1.0
n9520,n2083,4,1.0,1.0,1.0
n9521,n8463,4,1.0,1.0,1.0
n9522,n6294,4,1.0,1.0,1.0
n9523,n8601,3,0.75,1.0,0.875
n9524,n2188,3,0.75,1.0,0.875
n9525,n8742,3,0.75,1.0,0.875
n9526,n2205,4,1.0,1.0,1.0
n9527,n8807,4,1.0,1.0,1.0
n9528,n5149,4,1.0,1.0,1.0
n9529,n8865,3,0.75,1.0,0.875
n953,n14318,4,1.0,1.0,1.0
n9530,n11485,4,1.0,1.0,1.0
n9531,n8975,4,1.0,1.0,1.0
n9532,n2280,4,1.0,1.0,1.0
n9533,n14610,3,0.75,1.0,0.875
n9534,n8958,4,1.0,1.0,1.0
n9535,n6199,4,1.0,1.0,1.0
n9536,n2299,4,1.0,1.0,1.0
n9537,n6264,3,0.75,1.0,0.875
n9538,n9078,4,1.0,1.0,1.0
n9539,n11457,3,0.75,1.0,0.875
n954,n20,3,0.75,1.0,0.875
n9540,n2256,4,1.0,1.0,1.0
n9541,n2551,4,1.0,1.0,1.0
n9542,n6498,3,0.75,1.0,0.875
n9543,n6778,4,1.0,1.0,1.0
n9544,n13105,4,1.0,1.0,1.0
n9545,n6820,4,1.0,1.0,1.0
n9546,n9258,4,1.0,1.0,1.0
n9547,n14976,4,1.0,1.0,1.0
n9548,n8160,4,1.0,1.0,1.0
n9549,n2418,4,1.0,1.0,1.0
n955,n298,4,1.0,1.0,1.0
n9550,n9411,4,1.0,1.0,1.0
n9551,n7704,3,0.75,1.0,0.875
n9552,n2428,4,1.0,1.0,1.0
n9553,n1025,4,1.0,1.0,1.0
n9554,n9452,3,0.75,1.0,0.875
n9555,n1215,3,0.75,1.0,0.875
n9556,n8171,4,1.0,1.0,1.0
n9556,n9472,3,0.75,0.75,0.75
n9557,n8173,4,1.0,1.0,1.0
n9558,n2066,4,1.0,1.0,1.0
n9559,n8101,4,1.0,1.0,1.0
n956,n328,3,0.75,1.0,0.875
n9560,n2465,4,1.0,1.0,1.0
n9560,n2466,4,1.0,1.0,1.0
n9560,n9537,3,0.75,0.75,0.75
n9561,n9560,4,1.0,1.0,1.0
n9561,n9564,4,1.0,1.0,1.0
n9562,n8182,3,0.75,1.0,0.875
n9563,n8225,4,1.0,1.0,1.0
n9564,n2472,4,1.0,1.0,1.0
n9565,n10970,3,0.75,1.0,0.875
n9566,n2489,3,0.75,1.0,0.875
n9567,n8563,4,1.0,1.0,1.0
n9568,n2148,3,0.75,1.0,0.875
n9569,n4484,4,1.0,1.0,1.0
n957,n837,4,1.0,1.0,1.0
n9570,n9715,4,1.0,1.0,1.0
n9571,n5461,4,1.0,1.0,1.0
n9572,n8204,3,0.75,1.0,0.875
n9573,n6085,4,1.0,1.0,1.0
n9574,n8205,4,1.0,1.0,1.0
n9575,n8208,4,1.0,1.0,1.0
n9576,n8215,4,1.0,1.0,1.0
n9577,n2577,4,1.0,1.0,1.0
n9578,n2584,4,1.0,1.0,1.0
n9579,n441,4,1.0,1.0,1.0
n958,n14943,4,1.0,1.0,1.0
n9580,n1849,3,0.75,1.0,0.875
n9581,n9816,4,1.0,1.0,1.0
n9582,n10153,3,0.75,1.0,0.875
n9583,n10327,3,0.75,1.0,0.875
n9584,n10778,4,1.0,1.0,1.0
n9585,n2684,4,1.0,1.0,1.0
n9586,n8250,4,1.0,1.0,1.0
n9587,n2692,4,1.0,1.0,1.0
n9588,n6112,4,1.0,1.0,1.0
n9589,n9592,4,1.0,1.0,1.0
n959,n1576,4,1.0,1.0,1.0
n9590,n14647,3,0.75,1.0,0.875
n9591,n8262,4,1.0,1.0,1.0
n9592,n8263,4,1.0,1.0,1.0
n9593,n11187,4,1.0,1.0,1.0
n9594,n10605,4,1.0,1.0,1.0
n9595,n2826,3,0.75,1.0,0.875
n9596,n11523,4,1.0,1.0,1.0
n9597,n13511,3,0.75,1.0,0.875
n9598,n13424,4,1.0,1.0,1.0
n9598,n4748,4,1.0,1.0,1.0
n9598,n8674,4,1.0,1.0,1.0
n9598,n8675,4,1.0,1.0,1.0
n9599,n8294,4,1.0,1.0,1.0
n96,n303,4,1.0,1.0,1.0
n960,n3250,4,1.0,1.0,1.0
n9600,n8297,4,1.0,1.0,1.0
n9601,n11661,3,0.75,1.0,0.875
n9602,n10590,3,0.75,0.75,0.75
n9602,n8302,4,1.0,1.0,1.0
n9603,n11814,4,1.0,1.0,1.0
n9604,n14792,4,1.0,1.0,1.0
n9605,n14354,4,1.0,1.0,1.0
n9606,n15358,4,1.0,1.0,1.0
n9607,n9881,3,0.75,1.0,0.875
n9608,n4204,4,1.0,1.0,1.0
n9609,n11997,4,1.0,1.0,1.0
n961,n14447,4,1.0,1.0,1.0
n9610,n1462,4,1.0,1.0,1.0
n9610,n3207,4,1.0,1.0,1.0
n9610,n5881,4,1.0,1.0,1.0
n9611,n4314,4,1.0,1.0,1.0
n9612,n12217,4,1.0,1.0,1.0
n9613,n12330,4,1.0,1.0,1.0
n9614,n12380,4,1.0,1.0,1.0
n9615,n6429,3,0.75,1.0,0.875
n9616,n5816,3,0.75,1.0,0.875
n9617,n5957,3,0.75,1.0,0.875
n9618,n6156,4,1.0,1.0,1.0
n9619,n14880,4,1.0,1.0,1.0
n962,n14453,4,1.0,1.0,1.0
n962,n2373,4,1.0,1.0,1.0
n9620,n30,4,1.0,1.0,1.0
n9621,n3389,3,0.75,1.0,0.875
n9622,n7706,3,0.75,1.0,0.875
n9623,n4652,4,1.0,1.0,1.0
n9624,n13237,3,0.75,1.0,0.875
n9625,n3451,4,1.0,1.0,1.0
n9626,n2988,4,1.0,1.0,1.0
n9627,n8401,3,0.75,1.0,0.875
n9628,n9570,4,1.0,1.0,1.0
n9629,n8868,3,0.75,1.0,0.875
n963,n14463,4,1.0,1.0,1.0
n9630,n9956,3,0.75,1.0,0.875
n9631,n3532,3,0.75,1.0,0.875
n9632,n10138,4,1.0,1.0,1.0
n9633,n13873,3,0.75,1.0,0.875
n9634,n3548,4,1.0,1.0,1.0
n9635,n8428,3,0.75,1.0,0.875
n9636,n10704,4,1.0,1.0,1.0
n9637,n10787,3,0.75,1.0,0.875
n9638,n14205,3,0.75,1.0,0.875
n9639,n14322,4,1.0,1.0,1.0
n964,n14477,4,1.0,1.0,1.0
n9640,n3678,3,0.75,1.0,0.875
n9641,n4413,4,1.0,1.0,1.0
n9642,n3698,4,1.0,1.0,1.0
n9643,n4537,3,0.75,1.0,0.875
n9644,n3710,4,1.0,1.0,1.0
n9645,n4032,4,1.0,1.0,1.0
n9646,n3770,3,0.75,1.0,0.875
n9647,n10017,4,1.0,1.0,1.0
n9648,n10860,3,0.75,1.0,0.875
n9649,n3783,4,1.0,1.0,1.0
n965,n3675,4,1.0,1.0,1.0
n9650,n3821,4,1.0,1.0,1.0
n9651,n8165,4,1.0,1.0,1.0
n9652,n15364,4,1.0,1.0,1.0
n9653,n13605,4,1.0,1.0,1.0
n9654,n14634,3,0.75,1.0,0.875
n9655,n15528,4,1.0,1.0,1.0
n9656,n8488,4,1.0,1.0,1.0
n9657,n2879,4,1.0,1.0,1.0
n9658,n1044,4,1.0,1.0,1.0
n9659,n1982,4,1.0,1.0,1.0
n966,n12004,4,1.0,1.0,1.0
n9660,n379,4,1.0,1.0,1.0
n9660,n8506,4,1.0,1.0,1.0
n9661,n3992,4,1.0,1.0,1.0
n9662,n557,4,1.0,1.0,1.0
n9663,n8521,4,1.0,1.0,1.0
n9664,n687,3,0.75,1.0,0.875
n9665,n2537,3,0.75,1.0,0.875
n9666,n2562,3,0.75,1.0,0.875
n9667,n10578,3,0.75,0.75,0.75
n9667,n4067,4,1.0,1.0,1.0
n9668,n12128,4,1.0,1.0,1.0
n9669,n8528,4,1.0,1.0,1.0
n967,n10544,4,1.0,1.0,1.0
n9670,n1049,4,1.0,1.0,1.0
n9671,n1173,4,1.0,1.0,1.0
n9672,n4480,3,0.75,1.0,0.875
n9673,n8541,4,1.0,1.0,1.0
n9674,n8545,4,1.0,1.0,1.0
n9675,n4203,4,1.0,1.0,1.0
n9676,n4252,4,1.0,1.0,1.0
n9677,n5482,4,1.0,1.0,1.0
n9678,n8576,3,0.75,1.0,0.875
n9679,n14316,4,1.0,1.0,1.0
n968,n3706,4,1.0,1.0,1.0
n9680,n8586,3,0.75,1.0,0.875
n9681,n4380,4,1.0,1.0,1.0
n9681,n995,4,1.0,1.0,1.0
n9682,n4392,4,1.0,1.0,1.0
n9683,n4431,3,0.75,1.0,0.875
n9684,n10462,4,1.0,1.0,1.0
n9684,n2021,4,1.0,1.0,1.0
n9684,n2749,4,1.0,1.0,1.0
n9685,n2089,4,1.0,1.0,1.0
n9686,n4465,4,1.0,1.0,1.0
n9687,n2126,3,0.75,1.0,0.875
n9688,n4479,3,0.75,1.0,0.875
n9689,n8616,3,0.75,1.0,0.875
n969,n12325,4,1.0,1.0,1.0
n9690,n3610,3,0.75,1.0,0.875
n9691,n2220,3,0.75,1.0,0.875
n9692,n5507,3,0.75,1.0,0.875
n9693,n8626,3,0.75,1.0,0.875
n9694,n4565,3,0.75,1.0,0.875
n9695,n7425,4,1.0,1.0,1.0
n9696,n4579,4,1.0,1.0,1.0
n9697,n8093,4,1.0,1.0,1.0
n9698,n8640,4,1.0,1.0,1.0
n9699,n4600,4,1.0,1.0,1.0
n97,n9217,4,1.0,1.0,1.0
n970,n3708,4,1.0,1.0,1.0
n9700,n4635,3,0.75,1.0,0.875
n9701,n4662,3,0.75,1.0,0.875
n9702,n8912,4,1.0,1.0,1.0
n9703,n10168,3,0.75,1.0,0.875
n9704,n10447,4,1.0,1.0,1.0
n9705,n4683,3,0.75,1.0,0.875
n9706,n4690,3,0.75,1.0,0.875
n9707,n8657,3,0.75,1.0,0.875
n9708,n2726,4,1.0,1.0,1.0
n9709,n14083,3,0.75,1.0,0.875
n971,n12435,4,1.0,1.0,1.0
n9710,n8661,3,0.75,1.0,0.875
n9711,n11662,4,1.0,1.0,1.0
n9712,n2796,3,0.75,1.0,0.875
n9713,n8663,3,0.75,1.0,0.875
n9714,n4717,4,1.0,1.0,1.0
n9715,n14951,4,1.0,1.0,1.0
n9716,n265,4,1.0,1.0,1.0
n9717,n4586,3,0.75,1.0,0.875
n9718,n12712,4,1.0,1.0,1.0
n9719,n3427,3,0.75,1.0,0.875
n972,n3714,3,0.75,1.0,0.875
n9720,n3434,4,1.0,1.0,1.0
n9721,n4917,4,1.0,1.0,1.0
n9722,n6974,3,0.75,1.0,0.875
n9723,n4928,4,1.0,1.0,1.0
n9724,n8710,4,1.0,1.0,1.0
n9725,n3538,4,1.0,1.0,1.0
n9726,n8717,3,0.75,1.0,0.875
n9727,n10593,4,1.0,1.0,1.0
n9728,n3794,4,1.0,1.0,1.0
n9729,n3826,4,1.0,1.0,1.0
n973,n3715,3,0.75,1.0,0.875
n9730,n879,3,0.75,1.0,0.875
n9731,n1264,4,1.0,1.0,1.0
n9732,n4012,3,0.75,1.0,0.875
n9733,n5077,4,1.0,1.0,1.0
n9734,n4058,4,1.0,1.0,1.0
n9735,n4189,3,0.75,1.0,0.875
n9736,n4249,3,0.75,1.0,0.875
n9737,n5139,3,0.75,1.0,0.875
n9738,n12098,4,1.0,1.0,1.0
n9739,n4301,4,1.0,1.0,1.0
n974,n5370,4,1.0,1.0,1.0
n9740,n8778,3,0.75,1.0,0.875
n9741,n5169,4,1.0,1.0,1.0
n9742,n8782,4,1.0,1.0,1.0
n9743,n8787,4,1.0,1.0,1.0
n9744,n641,4,1.0,1.0,1.0
n9745,n8459,4,1.0,1.0,1.0
n9746,n5210,4,1.0,1.0,1.0
n9747,n5289,4,1.0,1.0,1.0
n9748,n5229,4,1.0,1.0,1.0
n9749,n5239,3,0.75,1.0,0.875
n975,n3717,4,1.0,1.0,1.0
n9750,n8326,4,1.0,1.0,1.0
n9751,n5252,4,1.0,1.0,1.0
n9752,n5277,3,0.75,1.0,0.875
n9753,n2754,3,0.75,1.0,0.875
n9754,n10687,3,0.75,1.0,0.875
n9755,n4739,4,1.0,1.0,1.0
n9756,n5311,4,1.0,1.0,1.0
n9757,n5348,4,1.0,1.0,1.0
n9758,n3585,4,1.0,1.0,1.0
n9759,n14131,4,1.0,1.0,1.0
n976,n11963,4,1.0,1.0,1.0
n9760,n5269,4,1.0,1.0,1.0
n9761,n4334,3,0.75,1.0,0.875
n9762,n2026,4,1.0,1.0,1.0
n9763,n5492,4,1.0,1.0,1.0
n9764,n2311,3,0.75,1.0,0.875
n9765,n5432,4,1.0,1.0,1.0
n9766,n5294,4,1.0,1.0,1.0
n9767,n5264,3,0.75,1.0,0.875
n9768,n6212,4,1.0,1.0,1.0
n9769,n7044,4,1.0,1.0,1.0
n977,n5955,4,1.0,1.0,1.0
n9770,n6180,4,1.0,1.0,1.0
n9771,n5762,4,1.0,1.0,1.0
n9772,n12123,4,1.0,1.0,1.0
n9773,n5774,3,0.75,1.0,0.875
n9774,n8889,4,1.0,1.0,1.0
n9775,n5893,4,1.0,1.0,1.0
n9776,n10182,4,1.0,1.0,1.0
n9777,n14365,4,1.0,1.0,1.0
n9778,n2561,4,1.0,1.0,1.0
n9779,n8257,4,1.0,1.0,1.0
n978,n274,4,1.0,1.0,1.0
n9780,n9947,4,1.0,1.0,1.0
n9781,n5698,3,0.75,1.0,0.875
n9782,n10937,4,1.0,1.0,1.0
n9783,n8932,4,1.0,1.0,1.0
n9784,n6436,4,1.0,1.0,1.0
n9785,n3818,4,1.0,1.0,1.0
n9786,n8953,3,0.75,1.0,0.875
n9787,n8956,3,0.75,1.0,0.875
n9788,n12551,3,0.75,1.0,0.875
n9789,n5840,4,1.0,1.0,1.0
n9789,n5841,3,0.75,0.75,0.75
n979,n4193,4,1.0,1.0,1.0
n9790,n7883,4,1.0,1.0,1.0
n9791,n13240,4,1.0,1.0,1.0
n9792,n5911,4,1.0,1.0,1.0
n9793,n8984,3,0.75,1.0,0.875
n9794,n9734,4,1.0,1.0,1.0
n9795,n5936,4,1.0,1.0,1.0
n9796,n13797,3,0.75,1.0,0.875
n9797,n9673,4,1.0,1.0,1.0
n9798,n10057,4,1.0,1.0,1.0
n9799,n8993,4,1.0,1.0,1.0
n98,n3515,4,1.0,1.0,1.0
n980,n6649,4,1.0,1.0,1.0
n9800,n5964,3,0.75,1.0,0.875
n9801,n10727,4,1.0,1.0,1.0
n9802,n9006,3,0.75,1.0,0.875
n9803,n7313,3,0.75,1.0,0.875
n9804,n7328,4,1.0,1.0,1.0
n9805,n9012,3,0.75,1.0,0.875
n9806,n6046,3,0.75,1.0,0.875
n9807,n7514,4,1.0,1.0,1.0
n9808,n14869,4,1.0,1.0,1.0
n9809,n7569,4,1.0,1.0,1.0
n981,n12610,4,1.0,1.0,1.0
n9810,n6088,3,0.75,1.0,0.875
n9811,n6118,3,0.75,1.0,0.875
n9812,n12845,4,1.0,1.0,1.0
n9813,n8671,4,1.0,1.0,1.0
n9814,n9035,3,0.75,1.0,0.875
n9815,n10206,1,0.25,0.25,0.25
n9815,n9038,3,0.75,0.75,0.75
n9816,n8944,4,1.0,1.0,1.0
n9817,n6157,4,1.0,1.0,1.0
n9818,n9040,4,1.0,1.0,1.0
n9819,n6162,4,1.0,1.0,1.0
n982,n11610,3,0.75,1.0,0.875
n9820,n9047,4,1.0,1.0,1.0
n9821,n8060,4,1.0,1.0,1.0
n9822,n9592,4,1.0,1.0,1.0
n9823,n9701,3,0.75,1.0,0.875
n9824,n9048,1,0.25,1.0,0.625
n9825,n13453,3,0.75,1.0,0.875
n9826,n7080,4,1.0,1.0,1.0
n9827,n8398,3,0.75,1.0,0.875
n9828,n9798,4,1.0,1.0,1.0
n9829,n9305,3,0.75,1.0,0.875
n983,n14857,4,1.0,1.0,1.0
n9830,n11317,4,1.0,1.0,1.0
n9831,n13037,4,1.0,1.0,1.0
n9832,n11571,4,1.0,1.0,1.0
n9833,n8834,4,1.0,1.0,1.0
n9834,n2250,4,1.0,1.0,1.0
n9835,n6431,4,1.0,1.0,1.0
n9836,n9089,4,1.0,1.0,1.0
n9837,n3200,4,1.0,1.0,1.0
n9838,n11564,3,0.75,1.0,0.875
n9839,n9097,4,1.0,1.0,1.0
n984,n14878,4,1.0,1.0,1.0
n9840,n3886,4,1.0,1.0,1.0
n9841,n9099,4,1.0,1.0,1.0
n9842,n9101,4,1.0,1.0,1.0
n9843,n14017,3,0.75,1.0,0.875
n9844,n11757,4,1.0,1.0,1.0
n9845,n9110,3,0.75,1.0,0.875
n9846,n9585,4,1.0,1.0,1.0
n9847,n13498,3,0.75,1.0,0.875
n9848,n386,4,1.0,1.0,1.0
n9849,n4027,4,1.0,1.0,1.0
n985,n7981,4,1.0,1.0,1.0
n9850,n12120,4,1.0,1.0,1.0
n9851,n4143,3,0.75,1.0,0.875
n9852,n4148,4,1.0,1.0,1.0
n9853,n4602,3,0.75,1.0,0.875
n9854,n9142,4,1.0,1.0,1.0
n9855,n3351,4,1.0,1.0,1.0
n9856,n12312,4,1.0,1.0,1.0
n9857,n9143,4,1.0,1.0,1.0
n9858,n12326,4,1.0,1.0,1.0
n9859,n5030,4,1.0,1.0,1.0
n986,n3107,4,1.0,1.0,1.0
n9860,n4273,3,0.75,1.0,0.875
n9861,n4893,3,0.75,1.0,0.875
n9862,n5474,4,1.0,1.0,1.0
n9863,n6612,4,1.0,1.0,1.0
n9864,n12525,4,1.0,1.0,1.0
n9865,n12529,3,0.75,1.0,0.875
n9866,n12378,3,0.75,1.0,0.875
n9867,n6657,4,1.0,1.0,1.0
n9868,n9858,4,1.0,1.0,1.0
n9869,n9169,4,1.0,1.0,1.0
n987,n14924,4,1.0,1.0,1.0
n9870,n12932,3,0.75,1.0,0.875
n9871,n6730,3,0.75,1.0,0.875
n9872,n6799,4,1.0,1.0,1.0
n9873,n13214,4,1.0,1.0,1.0
n9874,n2044,4,1.0,1.0,1.0
n9875,n8087,4,1.0,1.0,1.0
n9876,n9210,3,0.75,1.0,0.875
n9877,n2524,4,1.0,1.0,1.0
n9877,n9698,4,1.0,1.0,1.0
n9878,n3981,3,0.75,1.0,0.875
n9879,n9230,4,1.0,1.0,1.0
n988,n13643,4,1.0,1.0,1.0
n9880,n3559,3,0.75,1.0,0.875
n9881,n6950,3,0.75,1.0,0.875
n9882,n6998,3,0.75,1.0,0.875
n9883,n13648,3,0.75,1.0,0.875
n9883,n720,3,0.75,1.0,0.875
n9884,n9512,4,1.0,1.0,1.0
n9885,n2887,4,1.0,1.0,1.0
n9886,n9602,4,1.0,1.0,1.0
n9887,n3159,4,1.0,1.0,1.0
n9888,n8823,3,0.75,1.0,0.875
n9889,n9245,4,1.0,1.0,1.0
n989,n9255,4,1.0,1.0,1.0
n9890,n7403,4,1.0,1.0,1.0
n9891,n9942,3,0.75,1.0,0.875
n9892,n8517,3,0.75,1.0,0.875
n9893,n13844,4,1.0,1.0,1.0
n9894,n13860,4,1.0,1.0,1.0
n9895,n9268,3,0.75,1.0,0.875
n9896,n10113,3,0.75,1.0,0.875
n9897,n10392,3,0.75,1.0,0.875
n9898,n10800,4,1.0,1.0,1.0
n9899,n7106,4,1.0,1.0,1.0
n99,n3564,4,1.0,1.0,1.0
n990,n13629,4,1.0,1.0,1.0
n990,n9337,4,1.0,1.0,1.0
n9900,n9279,4,1.0,1.0,1.0
n9901,n9280,3,0.75,1.0,0.875
n9902,n11067,4,1.0,1.0,1.0
n9903,n14911,3,0.75,1.0,0.875
n9904,n9282,3,0.75,1.0,0.875
n9905,n14013,4,1.0,1.0,1.0
n9906,n9295,3,0.75,1.0,0.875
n9907,n9291,4,1.0,1.0,1.0
n9908,n10215,4,1.0,1.0,1.0
n9909,n10828,4,1.0,1.0,1.0
n991,n14991,4,1.0,1.0,1.0
n9910,n2262,4,1.0,1.0,1.0
n9911,n7268,4,1.0,1.0,1.0
n9911,n7269,3,0.75,0.75,0.75
n9912,n11756,4,1.0,1.0,1.0
n9913,n4641,3,0.75,1.0,0.875
n9914,n5822,4,1.0,1.0,1.0
n9915,n7341,3,0.75,1.0,0.875
n9916,n6410,4,1.0,1.0,1.0
n9917,n12759,4,1.0,1.0,1.0
n9918,n12993,3,0.75,1.0,0.875
n9919,n13055,4,1.0,1.0,1.0
n992,n13737,4,1.0,1.0,1.0
n9920,n7376,4,1.0,1.0,1.0
n9921,n2212,4,1.0,1.0,1.0
n9922,n14979,4,1.0,1.0,1.0
n9923,n9717,3,0.75,1.0,0.875
n9924,n9353,4,1.0,1.0,1.0
n9925,n1131,4,1.0,1.0,1.0
n9926,n15203,4,1.0,1.0,1.0
n9927,n11806,4,1.0,1.0,1.0
n9928,n20,4,1.0,1.0,1.0
n9929,n9375,4,1.0,1.0,1.0
n993,n11648,4,1.0,1.0,1.0
n9930,n119,4,1.0,1.0,1.0
n9931,n1425,4,1.0,1.0,1.0
n9932,n8614,3,0.75,1.0,0.875
n9933,n209,4,1.0,1.0,1.0
n9934,n7645,3,0.75,1.0,0.875
n9935,n3705,4,1.0,1.0,1.0
n9936,n1147,4,1.0,1.0,1.0
n9937,n7668,3,0.75,1.0,0.875
n9938,n1506,4,1.0,1.0,1.0
n9939,n464,4,1.0,1.0,1.0
n994,n11796,4,1.0,1.0,1.0
n9940,n9414,4,1.0,1.0,1.0
n9941,n1973,4,1.0,1.0,1.0
n9942,n2031,3,0.75,1.0,0.875
n9943,n622,3,0.75,1.0,0.875
n9944,n2500,4,1.0,1.0,1.0
n9945,n7788,3,0.75,1.0,0.875
n9946,n7796,4,1.0,1.0,1.0
n9947,n9382,4,1.0,1.0,1.0
n9948,n930,4,1.0,1.0,1.0
n9949,n3598,4,1.0,1.0,1.0
n995,n14051,4,1.0,1.0,1.0
n9950,n15049,4,1.0,1.0,1.0
n9951,n3967,4,1.0,1.0,1.0
n9952,n4988,4,1.0,1.0,1.0
n9953,n7848,3,0.75,1.0,0.875
n9954,n7862,4,1.0,1.0,1.0
n9955,n7868,4,1.0,1.0,1.0
n9956,n2602,3,0.75,1.0,0.875
n9957,n9463,4,1.0,1.0,1.0
n9958,n9464,4,1.0,1.0,1.0
n9959,n1340,4,1.0,1.0,1.0
n996,n3781,4,1.0,1.0,1.0
n9960,n5005,3,0.75,1.0,0.875
n9961,n5540,4,1.0,1.0,1.0
n9962,n11620,4,1.0,1.0,1.0
n9962,n1548,4,1.0,1.0,1.0
n9963,n1578,4,1.0,1.0,1.0
n9964,n7979,4,1.0,1.0,1.0
n9965,n9486,3,0.75,1.0,0.875
n9966,n7444,4,1.0,1.0,1.0
n9967,n9493,4,1.0,1.0,1.0
n9968,n421,4,1.0,1.0,1.0
n9969,n566,4,1.0,1.0,1.0
n997,n10830,4,1.0,1.0,1.0
n9970,n8035,4,1.0,1.0,1.0
n9971,n7829,3,0.75,1.0,0.875
n9972,n7954,4,1.0,1.0,1.0
n9973,n7562,3,0.75,1.0,0.875
n9974,n9567,4,1.0,1.0,1.0
n9975,n2116,4,1.0,1.0,1.0
n9976,n2125,3,0.75,1.0,0.875
n9977,n2157,4,1.0,1.0,1.0
n9978,n8119,4,1.0,1.0,1.0
n9979,n9530,4,1.0,1.0,1.0
n998,n10884,4,1.0,1.0,1.0
n9980,n9532,4,1.0,1.0,1.0
n9981,n9533,3,0.75,1.0,0.875
n9982,n9540,4,1.0,1.0,1.0
n9983,n6807,4,1.0,1.0,1.0
n9984,n2354,3,0.75,1.0,0.875
n9985,n9431,4,1.0,1.0,1.0
n9986,n2436,4,1.0,1.0,1.0
n9987,n2106,3,0.75,1.0,0.875
n9988,n2529,4,1.0,1.0,1.0
n9989,n9575,4,1.0,1.0,1.0
n999,n14246,4,1.0,1.0,1.0
n9990,n2634,4,1.0,1.0,1.0
n9991,n8224,3,0.75,1.0,0.875
n9992,n8245,3,0.75,1.0,0.875
n9993,n11069,4,1.0,1.0,1.0
n9994,n11480,4,1.0,1.0,1.0
n9995,n8251,3,0.75,1.0,0.875
n9996,n2752,3,0.75,1.0,0.875
n9997,n10654,4,1.0,1.0,1.0
n9998,n10900,4,1.0,1.0,1.0
n9999,n9437,3,0.75,1.0,0.875
