source,target,haplotype_count,path_support_fraction,source_transition_agreement,consistency_score
n1,n15,4,1.0,1.0,1.0
n1,n2,4,1.0,1.0,1.0
n1,n5,4,1.0,1.0,1.0
n10,n244,4,1.0,1.0,1.0
n10,n245,4,1.0,1.0,1.0
n10,n86,4,1.0,1.0,1.0
n100,n1018,4,1.0,1.0,1.0
n1000,n14277,3,0.75,1.0,0.875
n10000,n15664,4,1.0,1.0,1.0
n10001,n16786,4,1.0,1.0,1.0
n10002,n17005,4,1.0,1.0,1.0
n10003,n17024,3,0.75,0.75,0.75
n10003,n20486,4,1.0,1.0,1.0
n10004,n17130,4,1.0,1.0,1.0
n10005,n17235,4,1.0,1.0,1.0
n10006,n20003,3,0.75,1.0,0.875
n10007,n15704,4,1.0,1.0,1.0
n10008,n17377,4,1.0,1.0,1.0
n10009,n15712,4,1.0,1.0,1.0
n1001,n14481,4,1.0,1.0,1.0
n10010,n15721,4,1.0,1.0,1.0
n10011,n17632,3,0.75,1.0,0.875
n10012,n15723,4,1.0,1.0,1.0
n10013,n17753,4,1.0,1.0,1.0
n10014,n20716,4,1.0,1.0,1.0
n10015,n15749,4,1.0,1.0,1.0
n10016,n20833,4,1.0,1.0,1.0
n10017,n20035,3,0.75,1.0,0.875
n10018,n19010,4,1.0,1.0,1.0
n10019,n20039,4,1.0,1.0,1.0
n1002,n14298,4,1.0,1.0,1.0
n10020,n15802,4,1.0,1.0,1.0
n10021,n20048,4,1.0,1.0,1.0
n10022,n21141,3,0.75,1.0,0.875
n10023,n20050,3,0.75,1.0,0.875
n10024,n21179,3,0.75,1.0,0.875
n10024,n21180,3,0.75,1.0,0.875
n10025,n21198,4,1.0,1.0,1.0
n10026,n21219,4,1.0,1.0,1.0
n10027,n20201,3,0.75,1.0,0.875
n10028,n20288,3,0.75,1.0,0.875
n10029,n15848,4,1.0,1.0,1.0
n1003,n14312,4,1.0,1.0,1.0
n10030,n15849,4,1.0,1.0,1.0
n10031,n21330,4,1.0,1.0,1.0
n10032,n20064,4,1.0,1.0,1.0
n10033,n20067,4,1.0,1.0,1.0
n10034,n20589,4,1.0,1.0,1.0
n10035,n21526,4,1.0,1.0,1.0
n10036,n15895,4,1.0,1.0,1.0
n10037,n20084,3,0.75,1.0,0.875
n10038,n21670,4,1.0,1.0,1.0
n10039,n21722,4,1.0,1.0,1.0
n1004,n14325,4,1.0,1.0,1.0
n10040,n20094,4,1.0,1.0,1.0
n10040,n21471,4,1.0,1.0,1.0
n10041,n21696,4,1.0,1.0,1.0
n10042,n15939,4,1.0,1.0,1.0
n10043,n15974,4,1.0,1.0,1.0
n10044,n383,4,1.0,1.0,1.0
n10045,n524,3,0.75,1.0,0.875
n10046,n527,3,0.75,1.0,0.875
n10047,n20141,4,1.0,1.0,1.0
n10048,n1806,4,1.0,1.0,1.0
n10049,n16076,4,1.0,1.0,1.0
n1005,n14626,4,1.0,1.0,1.0
n10050,n673,4,1.0,1.0,1.0
n10051,n761,4,1.0,1.0,1.0
n10052,n959,3,0.75,1.0,0.875
n10053,n988,3,0.75,1.0,0.875
n10054,n16146,4,1.0,1.0,1.0
n10055,n16149,4,1.0,1.0,1.0
n10056,n4330,4,1.0,1.0,1.0
n10057,n16190,4,1.0,1.0,1.0
n10058,n20191,4,1.0,1.0,1.0
n10059,n1374,4,1.0,1.0,1.0
n1006,n3695,4,1.0,1.0,1.0
n10060,n5350,4,1.0,1.0,1.0
n10061,n1548,3,0.75,1.0,0.875
n10062,n16263,3,0.75,1.0,0.875
n10063,n1716,4,1.0,1.0,1.0
n10064,n1724,4,1.0,1.0,1.0
n10065,n20213,4,1.0,1.0,1.0
n10066,n1762,4,1.0,1.0,1.0
n10067,n6953,4,1.0,1.0,1.0
n10068,n1902,4,1.0,1.0,1.0
n10069,n8134,3,0.75,1.0,0.875
n1007,n15781,4,1.0,1.0,1.0
n10070,n2083,4,1.0,1.0,1.0
n10071,n8591,4,1.0,1.0,1.0
n10072,n20239,3,0.75,1.0,0.875
n10073,n16356,4,1.0,1.0,1.0
n10074,n2224,4,1.0,1.0,1.0
n10075,n16372,4,1.0,1.0,1.0
n10076,n20244,4,1.0,1.0,1.0
n10077,n16383,3,0.75,1.0,0.875
n10078,n16389,4,1.0,1.0,1.0
n10079,n2345,4,1.0,1.0,1.0
n1008,n14355,4,1.0,1.0,1.0
n10080,n20264,4,1.0,1.0,1.0
n10081,n10711,3,0.75,1.0,0.875
n10082,n10864,3,0.75,1.0,0.875
n10083,n2744,4,1.0,1.0,1.0
n10084,n20275,4,1.0,1.0,1.0
n10085,n20279,4,1.0,1.0,1.0
n10086,n20289,4,1.0,1.0,1.0
n10087,n20291,4,1.0,1.0,1.0
n10088,n3439,3,0.75,1.0,0.875
n10089,n20307,4,1.0,1.0,1.0
n1009,n14778,4,1.0,1.0,1.0
n10090,n3521,4,1.0,1.0,1.0
n10091,n20315,4,1.0,1.0,1.0
n10092,n20320,4,1.0,1.0,1.0
n10093,n14606,4,1.0,1.0,1.0
n10094,n3884,3,0.75,1.0,0.875
n10095,n3907,4,1.0,1.0,1.0
n10096,n15111,4,1.0,1.0,1.0
n10097,n16646,4,1.0,1.0,1.0
n10098,n15826,3,0.75,1.0,0.875
n10099,n4216,4,1.0,1.0,1.0
n101,n3832,4,1.0,1.0,1.0
n1010,n14786,4,1.0,1.0,1.0
n10100,n16463,4,1.0,1.0,1.0
n10101,n16747,4,1.0,1.0,1.0
n10102,n20365,3,0.75,1.0,0.875
n10103,n20367,4,1.0,1.0,1.0
n10104,n16729,4,1.0,1.0,1.0
n10105,n20374,4,1.0,1.0,1.0
n10106,n20380,4,1.0,1.0,1.0
n10107,n20397,3,0.75,1.0,0.875
n10108,n4734,4,1.0,1.0,1.0
n10109,n16792,3,0.75,1.0,0.875
n1011,n14826,4,1.0,1.0,1.0
n10110,n16823,4,1.0,1.0,1.0
n10111,n5076,4,1.0,1.0,1.0
n10112,n20463,4,1.0,1.0,1.0
n10113,n20421,4,1.0,1.0,1.0
n10114,n21323,4,1.0,1.0,1.0
n10115,n21370,4,1.0,1.0,1.0
n10116,n21381,4,1.0,1.0,1.0
n10117,n20448,4,1.0,1.0,1.0
n10118,n16946,4,1.0,1.0,1.0
n10119,n20451,4,1.0,1.0,1.0
n1012,n14386,3,0.75,1.0,0.875
n10120,n20457,4,1.0,1.0,1.0
n10121,n1438,4,1.0,1.0,1.0
n10121,n20462,4,1.0,1.0,1.0
n10122,n5713,4,1.0,1.0,1.0
n10123,n5778,4,1.0,1.0,1.0
n10124,n1751,4,1.0,1.0,1.0
n10125,n5848,4,1.0,1.0,1.0
n10126,n5875,4,1.0,1.0,1.0
n10127,n5912,4,1.0,1.0,1.0
n10128,n2237,3,0.75,1.0,0.875
n10129,n2284,3,0.75,1.0,0.875
n1013,n16964,4,1.0,1.0,1.0
n10130,n20501,4,1.0,1.0,1.0
n10131,n6202,4,1.0,1.0,1.0
n10132,n3042,4,1.0,1.0,1.0
n10133,n3088,4,1.0,1.0,1.0
n10134,n6233,4,1.0,1.0,1.0
n10135,n3332,4,1.0,1.0,1.0
n10136,n17150,3,0.75,1.0,0.875
n10137,n17154,4,1.0,1.0,1.0
n10138,n17163,4,1.0,1.0,1.0
n10139,n3842,3,0.75,1.0,0.875
n1014,n14401,4,1.0,1.0,1.0
n10140,n17186,4,1.0,1.0,1.0
n10141,n6580,4,1.0,1.0,1.0
n10142,n20526,3,0.75,1.0,0.875
n10143,n17244,3,0.75,1.0,0.875
n10144,n4791,4,1.0,1.0,1.0
n10145,n20548,3,0.75,1.0,0.875
n10146,n5216,4,1.0,1.0,1.0
n10147,n20557,3,0.75,1.0,0.875
n10148,n5468,4,1.0,1.0,1.0
n10149,n20565,3,0.75,1.0,0.875
n1015,n3717,4,1.0,1.0,1.0
n1015,n3718,4,1.0,1.0,1.0
n10150,n5738,4,1.0,1.0,1.0
n10151,n7192,4,1.0,1.0,1.0
n10152,n7226,3,0.75,1.0,0.875
n10153,n17381,4,1.0,1.0,1.0
n10154,n20587,4,1.0,1.0,1.0
n10155,n6498,4,1.0,1.0,1.0
n10156,n20595,3,0.75,1.0,0.875
n10157,n7481,4,1.0,1.0,1.0
n10157,n7484,3,0.75,0.75,0.75
n10158,n7520,3,0.75,1.0,0.875
n10159,n20612,4,1.0,1.0,1.0
n1016,n3733,4,1.0,1.0,1.0
n10160,n17477,4,1.0,1.0,1.0
n10161,n7557,4,1.0,1.0,1.0
n10162,n17487,4,1.0,1.0,1.0
n10163,n20615,4,1.0,1.0,1.0
n10164,n7463,4,1.0,1.0,1.0
n10165,n17503,3,0.75,1.0,0.875
n10166,n20627,4,1.0,1.0,1.0
n10167,n17521,4,1.0,1.0,1.0
n10168,n7691,4,1.0,1.0,1.0
n10169,n17541,4,1.0,1.0,1.0
n1017,n18328,3,0.75,1.0,0.875
n10170,n17544,4,1.0,1.0,1.0
n10170,n8036,4,1.0,1.0,1.0
n10171,n17545,4,1.0,1.0,1.0
n10172,n8155,4,1.0,1.0,1.0
n10173,n17555,4,1.0,1.0,1.0
n10174,n7859,4,1.0,1.0,1.0
n10175,n17594,3,0.75,1.0,0.875
n10176,n20652,4,1.0,1.0,1.0
n10177,n20657,4,1.0,1.0,1.0
n10178,n9578,4,1.0,1.0,1.0
n10179,n8208,3,0.75,1.0,0.875
n1018,n15189,4,1.0,1.0,1.0
n10180,n8248,3,0.75,1.0,0.875
n10181,n8300,4,1.0,1.0,1.0
n10182,n17687,4,1.0,1.0,1.0
n10183,n20671,4,1.0,1.0,1.0
n10184,n17693,3,0.75,1.0,0.875
n10185,n17708,4,1.0,1.0,1.0
n10186,n8643,3,0.75,1.0,0.875
n10187,n20692,4,1.0,1.0,1.0
n10188,n8725,3,0.75,1.0,0.875
n10189,n8763,4,1.0,1.0,1.0
n1019,n3743,4,1.0,1.0,1.0
n10190,n17800,4,1.0,1.0,1.0
n10191,n8803,4,1.0,1.0,1.0
n10192,n16248,3,0.75,1.0,0.875
n10193,n17811,3,0.75,1.0,0.875
n10194,n17815,4,1.0,1.0,1.0
n10195,n8854,4,1.0,1.0,1.0
n10196,n17818,4,1.0,1.0,1.0
n10197,n20709,3,0.75,1.0,0.875
n10198,n17851,4,1.0,1.0,1.0
n10199,n9033,3,0.75,1.0,0.875
n102,n1053,4,1.0,1.0,1.0
n1020,n15416,4,1.0,1.0,1.0
n10200,n17892,4,1.0,1.0,1.0
n10201,n17910,4,1.0,1.0,1.0
n10202,n17924,4,1.0,1.0,1.0
n10203,n9215,4,1.0,1.0,1.0
n10204,n17943,4,1.0,1.0,1.0
n10205,n17825,4,1.0,1.0,1.0
n10206,n17954,4,1.0,1.0,1.0
n10207,n17963,3,0.75,1.0,0.875
n10208,n17930,4,1.0,1.0,1.0
n10209,n18023,4,1.0,1.0,1.0
n1021,n14550,3,0.75,1.0,0.875
n10210,n9356,4,1.0,1.0,1.0
n10211,n18091,4,1.0,1.0,1.0
n10212,n18110,4,1.0,1.0,1.0
n10213,n20759,3,0.75,1.0,0.875
n10214,n17991,3,0.75,1.0,0.875
n10215,n18004,4,1.0,1.0,1.0
n10216,n18404,4,1.0,1.0,1.0
n10217,n9467,3,0.75,1.0,0.875
n10218,n18019,4,1.0,1.0,1.0
n10219,n18028,4,1.0,1.0,1.0
n1022,n15473,4,1.0,1.0,1.0
n10220,n18917,3,0.75,1.0,0.875
n10221,n20773,4,1.0,1.0,1.0
n10222,n20779,4,1.0,1.0,1.0
n10223,n20782,4,1.0,1.0,1.0
n10224,n9808,4,1.0,1.0,1.0
n10225,n20789,3,0.75,1.0,0.875
n10226,n9889,3,0.75,1.0,0.875
n10227,n9913,4,1.0,1.0,1.0
n10228,n20749,4,1.0,1.0,1.0
n10229,n20825,4,1.0,1.0,1.0
n1023,n14580,3,0.75,0.75,0.75
n1023,n19513,4,1.0,1.0,1.0
n10230,n18239,4,1.0,1.0,1.0
n10231,n21230,4,1.0,1.0,1.0
n10232,n18289,4,1.0,1.0,1.0
n10233,n10480,4,1.0,1.0,1.0
n10234,n10483,4,1.0,1.0,1.0
n10235,n18298,4,1.0,1.0,1.0
n10236,n20849,4,1.0,1.0,1.0
n10237,n20852,4,1.0,1.0,1.0
n10238,n20854,4,1.0,1.0,1.0
n10239,n18350,4,1.0,1.0,1.0
n1024,n19592,4,1.0,1.0,1.0
n10240,n18353,4,1.0,1.0,1.0
n10240,n20858,4,1.0,1.0,1.0
n10240,n599,4,1.0,1.0,1.0
n10241,n10671,4,1.0,1.0,1.0
n10242,n18360,4,1.0,1.0,1.0
n10242,n18361,4,1.0,1.0,1.0
n10243,n18363,4,1.0,1.0,1.0
n10244,n10702,4,1.0,1.0,1.0
n10245,n20862,3,0.75,1.0,0.875
n10246,n18379,4,1.0,1.0,1.0
n10247,n20868,4,1.0,1.0,1.0
n10248,n18424,4,1.0,1.0,1.0
n10249,n18441,4,1.0,1.0,1.0
n1025,n19618,3,0.75,1.0,0.875
n10250,n18450,4,1.0,1.0,1.0
n10251,n18459,3,0.75,1.0,0.875
n10252,n11116,3,0.75,1.0,0.875
n10253,n11117,4,1.0,1.0,1.0
n10254,n18504,3,0.75,1.0,0.875
n10255,n20895,4,1.0,1.0,1.0
n10256,n2703,4,1.0,1.0,1.0
n10257,n11257,4,1.0,1.0,1.0
n10258,n18539,4,1.0,1.0,1.0
n10259,n3056,4,1.0,1.0,1.0
n1026,n20052,4,1.0,1.0,1.0
n10260,n3084,4,1.0,1.0,1.0
n10261,n20906,4,1.0,1.0,1.0
n10262,n3200,4,1.0,1.0,1.0
n10263,n20916,4,1.0,1.0,1.0
n10264,n20930,4,1.0,1.0,1.0
n10265,n11663,4,1.0,1.0,1.0
n10266,n18681,4,1.0,1.0,1.0
n10267,n18682,4,1.0,1.0,1.0
n10268,n11712,4,1.0,1.0,1.0
n10269,n5070,4,1.0,1.0,1.0
n1027,n14621,4,1.0,1.0,1.0
n10270,n18732,3,0.75,1.0,0.875
n10271,n18748,4,1.0,1.0,1.0
n10272,n20951,4,1.0,1.0,1.0
n10273,n6215,3,0.75,1.0,0.875
n10274,n18805,4,1.0,1.0,1.0
n10275,n20961,3,0.75,1.0,0.875
n10276,n6683,4,1.0,1.0,1.0
n10277,n12158,4,1.0,1.0,1.0
n10278,n20978,4,1.0,1.0,1.0
n10279,n18916,4,1.0,1.0,1.0
n1028,n15639,4,1.0,1.0,1.0
n10280,n7880,4,1.0,1.0,1.0
n10281,n12466,4,1.0,1.0,1.0
n10282,n19000,4,1.0,1.0,1.0
n10283,n8884,3,0.75,1.0,0.875
n10284,n12773,4,1.0,1.0,1.0
n10285,n21006,4,1.0,1.0,1.0
n10286,n9371,3,0.75,1.0,0.875
n10287,n21012,3,0.75,1.0,0.875
n10288,n12922,4,1.0,1.0,1.0
n10289,n21014,4,1.0,1.0,1.0
n1029,n3786,4,1.0,1.0,1.0
n10290,n9943,4,1.0,1.0,1.0
n10291,n21016,4,1.0,1.0,1.0
n10292,n12977,3,0.75,1.0,0.875
n10293,n13026,4,1.0,1.0,1.0
n10294,n10669,4,1.0,1.0,1.0
n10295,n21033,4,1.0,1.0,1.0
n10296,n13209,4,1.0,1.0,1.0
n10297,n11114,3,0.75,1.0,0.875
n10298,n13291,4,1.0,1.0,1.0
n10299,n19186,3,0.75,1.0,0.875
n103,n15116,4,1.0,1.0,1.0
n1030,n14649,3,0.75,1.0,0.875
n10300,n21043,4,1.0,1.0,1.0
n10301,n21047,4,1.0,1.0,1.0
n10302,n11636,4,1.0,1.0,1.0
n10303,n21050,4,1.0,1.0,1.0
n10304,n19232,4,1.0,1.0,1.0
n10305,n11787,4,1.0,1.0,1.0
n10306,n19237,4,1.0,1.0,1.0
n10307,n13567,3,0.75,1.0,0.875
n10308,n13614,3,0.75,1.0,0.875
n10309,n21064,4,1.0,1.0,1.0
n1031,n326,4,1.0,1.0,1.0
n10310,n13627,4,1.0,1.0,1.0
n10311,n12353,4,1.0,1.0,1.0
n10312,n19299,3,0.75,1.0,0.875
n10313,n21071,3,0.75,1.0,0.875
n10314,n21079,3,0.75,1.0,0.875
n10315,n12842,3,0.75,1.0,0.875
n10316,n21084,4,1.0,1.0,1.0
n10317,n19392,4,1.0,1.0,1.0
n10318,n19404,4,1.0,1.0,1.0
n10319,n21094,3,0.75,1.0,0.875
n1032,n3820,4,1.0,1.0,1.0
n10320,n13605,4,1.0,1.0,1.0
n10321,n19439,4,1.0,1.0,1.0
n10322,n21110,4,1.0,1.0,1.0
n10323,n21113,3,0.75,1.0,0.875
n10324,n14423,4,1.0,1.0,1.0
n10324,n14424,4,1.0,1.0,1.0
n10325,n19522,4,1.0,1.0,1.0
n10326,n14755,4,1.0,1.0,1.0
n10327,n14380,4,1.0,1.0,1.0
n10328,n19583,4,1.0,1.0,1.0
n10329,n15383,4,1.0,1.0,1.0
n1033,n3825,4,1.0,1.0,1.0
n10330,n15544,4,1.0,1.0,1.0
n10331,n15709,3,0.75,1.0,0.875
n10332,n14637,4,1.0,1.0,1.0
n10333,n19625,4,1.0,1.0,1.0
n10334,n19666,4,1.0,1.0,1.0
n10335,n19673,3,0.75,1.0,0.875
n10336,n19697,4,1.0,1.0,1.0
n10337,n14882,4,1.0,1.0,1.0
n10338,n19720,4,1.0,1.0,1.0
n10339,n19723,4,1.0,1.0,1.0
n1034,n3828,4,1.0,1.0,1.0
n10340,n14911,4,1.0,1.0,1.0
n10341,n17169,4,1.0,1.0,1.0
n10342,n17360,4,1.0,1.0,1.0
n10343,n15033,3,0.75,1.0,0.875
n10344,n17805,4,1.0,1.0,1.0
n10345,n15080,4,1.0,1.0,1.0
n10346,n15120,4,1.0,1.0,1.0
n10347,n21177,4,1.0,1.0,1.0
n10348,n21178,4,1.0,1.0,1.0
n10349,n21184,4,1.0,1.0,1.0
n1035,n14740,4,1.0,1.0,1.0
n10350,n19839,3,0.75,1.0,0.875
n10351,n21187,4,1.0,1.0,1.0
n10352,n19848,3,0.75,1.0,0.875
n10353,n18769,4,1.0,1.0,1.0
n10354,n19879,4,1.0,1.0,1.0
n10355,n19071,4,1.0,1.0,1.0
n10356,n15377,3,0.75,1.0,0.875
n10357,n21196,4,1.0,1.0,1.0
n10358,n15547,4,1.0,1.0,1.0
n10359,n19929,4,1.0,1.0,1.0
n1036,n14748,3,0.75,1.0,0.875
n10360,n15565,3,0.75,1.0,0.875
n10361,n15604,4,1.0,1.0,1.0
n10362,n21212,4,1.0,1.0,1.0
n10363,n20166,4,1.0,1.0,1.0
n10364,n21218,4,1.0,1.0,1.0
n10365,n15675,4,1.0,1.0,1.0
n10366,n20527,4,1.0,1.0,1.0
n10367,n20540,4,1.0,1.0,1.0
n10368,n15738,4,1.0,1.0,1.0
n10369,n20035,4,1.0,1.0,1.0
n1037,n14758,4,1.0,1.0,1.0
n10370,n21232,4,1.0,1.0,1.0
n10371,n21250,4,1.0,1.0,1.0
n10372,n20086,3,0.75,1.0,0.875
n10373,n21691,4,1.0,1.0,1.0
n10374,n20089,3,0.75,1.0,0.875
n10375,n21244,4,1.0,1.0,1.0
n10376,n15946,4,1.0,1.0,1.0
n10377,n21253,4,1.0,1.0,1.0
n10378,n21263,4,1.0,1.0,1.0
n10379,n660,4,1.0,1.0,1.0
n1038,n16328,3,0.75,1.0,0.875
n10380,n757,4,1.0,1.0,1.0
n10381,n16104,4,1.0,1.0,1.0
n10382,n16180,4,1.0,1.0,1.0
n10383,n1355,4,1.0,1.0,1.0
n10384,n16251,4,1.0,1.0,1.0
n10385,n2157,4,1.0,1.0,1.0
n10386,n20261,4,1.0,1.0,1.0
n10387,n21317,3,0.75,1.0,0.875
n10388,n16548,4,1.0,1.0,1.0
n10389,n16604,4,1.0,1.0,1.0
n1039,n3841,4,1.0,1.0,1.0
n10390,n21326,4,1.0,1.0,1.0
n10391,n20342,4,1.0,1.0,1.0
n10392,n21337,4,1.0,1.0,1.0
n10393,n4398,4,1.0,1.0,1.0
n10394,n4475,4,1.0,1.0,1.0
n10395,n16853,4,1.0,1.0,1.0
n10396,n5290,4,1.0,1.0,1.0
n10397,n21367,4,1.0,1.0,1.0
n10398,n5374,4,1.0,1.0,1.0
n10399,n16939,4,1.0,1.0,1.0
n104,n1115,4,1.0,1.0,1.0
n1040,n2151,4,1.0,1.0,1.0
n10400,n5524,4,1.0,1.0,1.0
n10401,n20461,4,1.0,1.0,1.0
n10402,n21379,4,1.0,1.0,1.0
n10403,n20484,4,1.0,1.0,1.0
n10404,n20485,4,1.0,1.0,1.0
n10405,n17068,4,1.0,1.0,1.0
n10406,n21383,3,0.75,1.0,0.875
n10407,n6273,4,1.0,1.0,1.0
n10408,n20509,4,1.0,1.0,1.0
n10409,n21395,4,1.0,1.0,1.0
n1041,n14779,4,1.0,1.0,1.0
n10410,n21407,4,1.0,1.0,1.0
n10411,n7161,4,1.0,1.0,1.0
n10412,n20588,4,1.0,1.0,1.0
n10413,n7380,3,0.75,1.0,0.875
n10414,n7388,4,1.0,1.0,1.0
n10415,n17432,4,1.0,1.0,1.0
n10416,n21419,4,1.0,1.0,1.0
n10417,n7661,4,1.0,1.0,1.0
n10418,n20653,4,1.0,1.0,1.0
n10419,n20661,4,1.0,1.0,1.0
n1042,n3845,4,1.0,1.0,1.0
n10420,n20662,4,1.0,1.0,1.0
n10421,n21433,4,1.0,1.0,1.0
n10422,n17719,4,1.0,1.0,1.0
n10423,n8552,4,1.0,1.0,1.0
n10424,n17779,4,1.0,1.0,1.0
n10425,n21449,4,1.0,1.0,1.0
n10426,n20715,4,1.0,1.0,1.0
n10427,n20740,4,1.0,1.0,1.0
n10428,n9298,3,0.75,1.0,0.875
n10429,n9365,4,1.0,1.0,1.0
n1043,n2571,4,1.0,1.0,1.0
n10430,n20755,4,1.0,1.0,1.0
n10431,n21472,3,0.75,1.0,0.875
n10432,n9497,4,1.0,1.0,1.0
n10433,n9521,3,0.75,1.0,0.875
n10434,n9599,3,0.75,1.0,0.875
n10435,n21480,4,1.0,1.0,1.0
n10436,n9811,3,0.75,1.0,0.875
n10437,n21485,3,0.75,1.0,0.875
n10438,n18159,4,1.0,1.0,1.0
n10439,n21500,4,1.0,1.0,1.0
n1044,n16435,4,1.0,1.0,1.0
n10440,n20832,4,1.0,1.0,1.0
n10441,n21518,4,1.0,1.0,1.0
n10442,n10683,4,1.0,1.0,1.0
n10442,n20860,4,1.0,1.0,1.0
n10443,n20864,4,1.0,1.0,1.0
n10444,n18393,4,1.0,1.0,1.0
n10445,n21539,4,1.0,1.0,1.0
n10446,n20894,4,1.0,1.0,1.0
n10447,n18611,4,1.0,1.0,1.0
n10448,n21552,4,1.0,1.0,1.0
n10449,n11666,4,1.0,1.0,1.0
n1045,n14791,3,0.75,1.0,0.875
n10450,n21561,4,1.0,1.0,1.0
n10451,n20981,4,1.0,1.0,1.0
n10452,n19005,3,0.75,1.0,0.875
n10453,n13260,4,1.0,1.0,1.0
n10454,n13463,4,1.0,1.0,1.0
n10455,n19313,4,1.0,1.0,1.0
n10456,n19390,4,1.0,1.0,1.0
n10457,n21614,4,1.0,1.0,1.0
n10458,n21107,4,1.0,1.0,1.0
n10459,n14264,3,0.75,1.0,0.875
n1046,n14800,4,1.0,1.0,1.0
n10460,n19568,4,1.0,1.0,1.0
n10461,n14517,4,1.0,1.0,1.0
n10462,n21128,4,1.0,1.0,1.0
n10463,n21621,4,1.0,1.0,1.0
n10464,n19621,3,0.75,1.0,0.875
n10465,n14686,3,0.75,1.0,0.875
n10466,n21626,4,1.0,1.0,1.0
n10467,n19723,4,1.0,1.0,1.0
n10468,n21642,4,1.0,1.0,1.0
n10469,n21169,4,1.0,1.0,1.0
n1047,n3854,3,0.75,1.0,0.875
n10470,n21659,4,1.0,1.0,1.0
n10471,n15808,4,1.0,1.0,1.0
n10472,n15824,4,1.0,1.0,1.0
n10473,n20135,3,0.75,1.0,0.875
n10474,n21281,4,1.0,1.0,1.0
n10475,n20227,4,1.0,1.0,1.0
n10476,n16351,4,1.0,1.0,1.0
n10477,n21325,3,0.75,1.0,0.875
n10478,n20353,4,1.0,1.0,1.0
n10479,n21724,4,1.0,1.0,1.0
n1048,n14816,4,1.0,1.0,1.0
n10480,n20404,4,1.0,1.0,1.0
n10481,n16826,4,1.0,1.0,1.0
n10482,n16895,4,1.0,1.0,1.0
n10483,n20432,4,1.0,1.0,1.0
n10484,n21749,4,1.0,1.0,1.0
n10485,n21422,4,1.0,1.0,1.0
n10486,n21443,4,1.0,1.0,1.0
n10487,n21766,4,1.0,1.0,1.0
n10488,n17995,4,1.0,1.0,1.0
n10488,n21468,4,1.0,1.0,1.0
n10489,n21775,3,0.75,1.0,0.875
n1049,n3880,4,1.0,1.0,1.0
n10490,n18253,4,1.0,1.0,1.0
n10491,n18275,4,1.0,1.0,1.0
n10492,n21549,4,1.0,1.0,1.0
n10493,n21795,3,0.75,1.0,0.875
n10494,n20983,4,1.0,1.0,1.0
n10495,n18932,4,1.0,1.0,1.0
n10496,n20990,4,1.0,1.0,1.0
n10497,n19347,3,0.75,1.0,0.875
n10498,n21617,4,1.0,1.0,1.0
n10499,n21116,3,0.75,1.0,0.875
n105,n15763,4,1.0,1.0,1.0
n1050,n14877,4,1.0,1.0,1.0
n10500,n21624,4,1.0,1.0,1.0
n10501,n21195,4,1.0,1.0,1.0
n10502,n21833,4,1.0,1.0,1.0
n10503,n21707,4,1.0,1.0,1.0
n10504,n21839,4,1.0,1.0,1.0
n10505,n20420,4,1.0,1.0,1.0
n10506,n21845,4,1.0,1.0,1.0
n10507,n21847,4,1.0,1.0,1.0
n10508,n21742,4,1.0,1.0,1.0
n10509,n21400,4,1.0,1.0,1.0
n1051,n16931,4,1.0,1.0,1.0
n10510,n21849,1,0.25,1.0,0.625
n10511,n20596,4,1.0,1.0,1.0
n10511,n20600,3,0.75,0.75,0.75
n10512,n21857,3,0.75,1.0,0.875
n10513,n21513,4,1.0,1.0,1.0
n10514,n21516,4,1.0,1.0,1.0
n10515,n21859,4,1.0,1.0,1.0
n10516,n21536,4,1.0,1.0,1.0
n10517,n21861,3,0.75,1.0,0.875
n10518,n21640,4,1.0,1.0,1.0
n10519,n21889,4,1.0,1.0,1.0
n1052,n16938,4,1.0,1.0,1.0
n10520,n21904,4,1.0,1.0,1.0
n10521,n24,4,1.0,1.0,1.0
n10522,n17,4,1.0,1.0,1.0
n10523,n178,4,1.0,1.0,1.0
n10524,n318,4,1.0,1.0,1.0
n10525,n37,4,1.0,1.0,1.0
n10526,n43,3,0.75,0.75,0.75
n10526,n44,4,1.0,1.0,1.0
n10527,n490,3,0.75,1.0,0.875
n10528,n533,3,0.75,1.0,0.875
n10529,n69,4,1.0,1.0,1.0
n1053,n5647,4,1.0,1.0,1.0
n10530,n73,4,1.0,1.0,1.0
n10531,n1991,3,0.75,1.0,0.875
n10532,n2496,3,0.75,1.0,0.875
n10533,n89,4,1.0,1.0,1.0
n10534,n256,4,1.0,1.0,1.0
n10535,n780,4,1.0,1.0,1.0
n10536,n275,4,1.0,1.0,1.0
n10537,n282,4,1.0,1.0,1.0
n10538,n889,4,1.0,1.0,1.0
n10539,n96,4,1.0,1.0,1.0
n1054,n5673,4,1.0,1.0,1.0
n10540,n940,4,1.0,1.0,1.0
n10541,n3686,4,1.0,1.0,1.0
n10542,n341,4,1.0,1.0,1.0
n10543,n1155,4,1.0,1.0,1.0
n10543,n4237,4,1.0,1.0,1.0
n10544,n373,3,0.75,1.0,0.875
n10545,n1185,4,1.0,1.0,1.0
n10546,n432,4,1.0,1.0,1.0
n10547,n134,4,1.0,1.0,1.0
n10548,n1335,4,1.0,1.0,1.0
n10548,n138,4,1.0,1.0,1.0
n10549,n4992,4,1.0,1.0,1.0
n1055,n3885,4,1.0,1.0,1.0
n10550,n1368,4,1.0,1.0,1.0
n10551,n151,3,0.75,1.0,0.875
n10552,n1530,4,1.0,1.0,1.0
n10553,n6234,3,0.75,1.0,0.875
n10554,n6546,4,1.0,1.0,1.0
n10555,n1727,4,1.0,1.0,1.0
n10556,n6997,4,1.0,1.0,1.0
n10557,n579,4,1.0,1.0,1.0
n10558,n195,4,1.0,1.0,1.0
n10559,n196,4,1.0,1.0,1.0
n1056,n3894,3,0.75,1.0,0.875
n10560,n603,3,0.75,1.0,0.875
n10561,n8309,4,1.0,1.0,1.0
n10562,n2179,4,1.0,1.0,1.0
n10563,n8970,4,1.0,1.0,1.0
n10564,n2189,4,1.0,1.0,1.0
n10565,n2281,4,1.0,1.0,1.0
n10566,n230,4,1.0,1.0,1.0
n10567,n235,4,1.0,1.0,1.0
n10568,n713,4,1.0,1.0,1.0
n10569,n733,4,1.0,1.0,1.0
n1057,n3897,4,1.0,1.0,1.0
n10570,n246,4,1.0,1.0,1.0
n10571,n2772,4,1.0,1.0,1.0
n10572,n801,4,1.0,1.0,1.0
n10573,n271,3,0.75,1.0,0.875
n10574,n2826,4,1.0,1.0,1.0
n10575,n11626,3,0.75,1.0,0.875
n10576,n11630,4,1.0,1.0,1.0
n10577,n281,4,1.0,1.0,1.0
n10578,n12040,4,1.0,1.0,1.0
n10579,n12174,4,1.0,1.0,1.0
n1058,n7772,4,1.0,1.0,1.0
n10580,n861,4,1.0,1.0,1.0
n10581,n3067,4,1.0,1.0,1.0
n10582,n865,3,0.75,1.0,0.875
n10583,n12435,4,1.0,1.0,1.0
n10584,n291,4,1.0,1.0,1.0
n10585,n300,3,0.75,1.0,0.875
n10586,n13179,3,0.75,1.0,0.875
n10587,n939,4,1.0,1.0,1.0
n10588,n3535,4,1.0,1.0,1.0
n10589,n3641,4,1.0,1.0,1.0
n1059,n17579,4,1.0,1.0,1.0
n10590,n3728,3,0.75,1.0,0.875
n10591,n323,4,1.0,1.0,1.0
n10592,n337,4,1.0,1.0,1.0
n10593,n4001,4,1.0,1.0,1.0
n10594,n1094,4,1.0,1.0,1.0
n10595,n358,4,1.0,1.0,1.0
n10596,n16080,4,1.0,1.0,1.0
n10597,n367,4,1.0,1.0,1.0
n10598,n4274,4,1.0,1.0,1.0
n10599,n16651,4,1.0,1.0,1.0
n106,n1120,4,1.0,1.0,1.0
n1060,n3914,4,1.0,1.0,1.0
n10600,n1204,4,1.0,1.0,1.0
n10601,n4412,4,1.0,1.0,1.0
n10602,n16991,3,0.75,1.0,0.875
n10603,n17205,4,1.0,1.0,1.0
n10604,n404,4,1.0,1.0,1.0
n10605,n18145,4,1.0,1.0,1.0
n10606,n1262,4,1.0,1.0,1.0
n10607,n4682,4,1.0,1.0,1.0
n10608,n1268,4,1.0,1.0,1.0
n10609,n420,4,1.0,1.0,1.0
n1061,n3920,3,0.75,1.0,0.875
n10610,n423,3,0.75,1.0,0.875
n10611,n1285,4,1.0,1.0,1.0
n10612,n18779,4,1.0,1.0,1.0
n10613,n18810,4,1.0,1.0,1.0
n10614,n19144,4,1.0,1.0,1.0
n10615,n431,4,1.0,1.0,1.0
n10616,n4864,4,1.0,1.0,1.0
n10617,n19424,4,1.0,1.0,1.0
n10618,n19901,3,0.75,1.0,0.875
n10619,n442,4,1.0,1.0,1.0
n1062,n15044,4,1.0,1.0,1.0
n10620,n1363,4,1.0,1.0,1.0
n10621,n20471,4,1.0,1.0,1.0
n10622,n5104,4,1.0,1.0,1.0
n10623,n5120,4,1.0,1.0,1.0
n10624,n1377,4,1.0,1.0,1.0
n10625,n462,4,1.0,1.0,1.0
n10626,n5174,4,1.0,1.0,1.0
n10627,n1418,4,1.0,1.0,1.0
n10628,n5276,4,1.0,1.0,1.0
n10629,n476,4,1.0,1.0,1.0
n1063,n15064,3,0.75,1.0,0.875
n10630,n5453,4,1.0,1.0,1.0
n10631,n500,4,1.0,1.0,1.0
n10632,n5565,4,1.0,1.0,1.0
n10633,n504,4,1.0,1.0,1.0
n10634,n1524,4,1.0,1.0,1.0
n10635,n523,4,1.0,1.0,1.0
n10636,n2048,3,0.75,1.0,0.875
n10637,n1593,4,1.0,1.0,1.0
n10638,n2388,4,1.0,1.0,1.0
n10639,n6041,4,1.0,1.0,1.0
n1064,n15081,4,1.0,1.0,1.0
n10640,n1632,4,1.0,1.0,1.0
n10641,n1680,4,1.0,1.0,1.0
n10642,n541,3,0.75,1.0,0.875
n10643,n1707,4,1.0,1.0,1.0
n10644,n6708,4,1.0,1.0,1.0
n10645,n5162,4,1.0,1.0,1.0
n10646,n5206,3,0.75,1.0,0.875
n10647,n570,4,1.0,1.0,1.0
n10648,n583,4,1.0,1.0,1.0
n10649,n6503,3,0.75,1.0,0.875
n1065,n17931,4,1.0,1.0,1.0
n10650,n591,4,1.0,1.0,1.0
n10651,n6707,3,0.75,1.0,0.875
n10652,n7036,4,1.0,1.0,1.0
n10653,n600,3,0.75,1.0,0.875
n10654,n1987,4,1.0,1.0,1.0
n10655,n614,3,0.75,1.0,0.875
n10656,n617,3,0.75,1.0,0.875
n10657,n2008,3,0.75,1.0,0.875
n10658,n618,4,1.0,1.0,1.0
n10659,n2019,4,1.0,1.0,1.0
n1066,n15114,4,1.0,1.0,1.0
n10660,n2046,4,1.0,1.0,1.0
n10661,n627,4,1.0,1.0,1.0
n10662,n628,4,1.0,1.0,1.0
n10663,n10077,3,0.75,1.0,0.875
n10664,n637,3,0.75,1.0,0.875
n10665,n639,3,0.75,1.0,0.875
n10666,n15622,4,1.0,1.0,1.0
n10667,n2165,4,1.0,1.0,1.0
n10668,n2171,4,1.0,1.0,1.0
n10669,n665,4,1.0,1.0,1.0
n1067,n15137,3,0.75,1.0,0.875
n10670,n2198,4,1.0,1.0,1.0
n10671,n9082,4,1.0,1.0,1.0
n10672,n2228,3,0.75,1.0,0.875
n10673,n17698,3,0.75,1.0,0.875
n10674,n18057,4,1.0,1.0,1.0
n10675,n9438,4,1.0,1.0,1.0
n10676,n2278,4,1.0,1.0,1.0
n10677,n18610,4,1.0,1.0,1.0
n10678,n2320,4,1.0,1.0,1.0
n10679,n19595,4,1.0,1.0,1.0
n1068,n10290,4,1.0,1.0,1.0
n10680,n709,4,1.0,1.0,1.0
n10681,n19924,4,1.0,1.0,1.0
n10682,n2442,4,1.0,1.0,1.0
n10683,n724,4,1.0,1.0,1.0
n10684,n21385,4,1.0,1.0,1.0
n10685,n2461,4,1.0,1.0,1.0
n10686,n10442,4,1.0,1.0,1.0
n10687,n229,4,1.0,1.0,1.0
n10688,n340,4,1.0,1.0,1.0
n10689,n2525,4,1.0,1.0,1.0
n1069,n15163,3,0.75,1.0,0.875
n10690,n2531,3,0.75,1.0,0.875
n10691,n2534,4,1.0,1.0,1.0
n10692,n2553,4,1.0,1.0,1.0
n10693,n10782,3,0.75,1.0,0.875
n10694,n2593,3,0.75,1.0,0.875
n10695,n1309,3,0.75,1.0,0.875
n10696,n10958,4,1.0,1.0,1.0
n10697,n2054,4,1.0,1.0,1.0
n10698,n2107,4,1.0,1.0,1.0
n10699,n11048,4,1.0,1.0,1.0
n107,n352,4,1.0,1.0,1.0
n1070,n18384,4,1.0,1.0,1.0
n10700,n11071,3,0.75,1.0,0.875
n10701,n783,3,0.75,1.0,0.875
n10702,n2710,4,1.0,1.0,1.0
n10703,n11170,3,0.75,1.0,0.875
n10704,n790,3,0.75,1.0,0.875
n10705,n11316,4,1.0,1.0,1.0
n10706,n3237,3,0.75,1.0,0.875
n10707,n797,3,0.75,1.0,0.875
n10708,n798,3,0.75,1.0,0.875
n10709,n2803,3,0.75,1.0,0.875
n1071,n10887,4,1.0,1.0,1.0
n10710,n2815,4,1.0,1.0,1.0
n10711,n2827,3,0.75,1.0,0.875
n10712,n2844,3,0.75,1.0,0.875
n10713,n2882,3,0.75,1.0,0.875
n10714,n2941,4,1.0,1.0,1.0
n10715,n11863,4,1.0,1.0,1.0
n10716,n11900,4,1.0,1.0,1.0
n10717,n11935,2,0.5,1.0,0.75
n10718,n848,4,1.0,1.0,1.0
n10719,n850,4,1.0,1.0,1.0
n1072,n3950,3,0.75,1.0,0.875
n10720,n3000,3,0.75,1.0,0.875
n10721,n6550,4,1.0,1.0,1.0
n10722,n12122,4,1.0,1.0,1.0
n10723,n3043,3,0.75,1.0,0.875
n10724,n7014,4,1.0,1.0,1.0
n10725,n12220,4,1.0,1.0,1.0
n10726,n8079,4,1.0,1.0,1.0
n10727,n8330,4,1.0,1.0,1.0
n10728,n876,4,1.0,1.0,1.0
n10729,n3155,4,1.0,1.0,1.0
n1073,n15208,4,1.0,1.0,1.0
n10730,n12679,4,1.0,1.0,1.0
n10731,n12800,3,0.75,1.0,0.875
n10732,n896,4,1.0,1.0,1.0
n10733,n10102,3,0.75,1.0,0.875
n10734,n13042,3,0.75,1.0,0.875
n10735,n3319,4,1.0,1.0,1.0
n10736,n3325,4,1.0,1.0,1.0
n10737,n13109,4,1.0,1.0,1.0
n10738,n10628,4,1.0,1.0,1.0
n10739,n13132,4,1.0,1.0,1.0
n1074,n3958,4,1.0,1.0,1.0
n10740,n3339,4,1.0,1.0,1.0
n10741,n3344,4,1.0,1.0,1.0
n10742,n3352,4,1.0,1.0,1.0
n10743,n927,4,1.0,1.0,1.0
n10744,n13234,3,0.75,1.0,0.875
n10745,n11123,4,1.0,1.0,1.0
n10746,n13334,4,1.0,1.0,1.0
n10747,n934,3,0.75,1.0,0.875
n10748,n948,4,1.0,1.0,1.0
n10749,n13509,3,0.75,1.0,0.875
n1075,n18654,3,0.75,1.0,0.875
n10750,n13590,4,1.0,1.0,1.0
n10751,n12232,4,1.0,1.0,1.0
n10752,n13657,4,1.0,1.0,1.0
n10753,n963,4,1.0,1.0,1.0
n10754,n3522,4,1.0,1.0,1.0
n10755,n3546,3,0.75,1.0,0.875
n10756,n971,4,1.0,1.0,1.0
n10757,n12956,4,1.0,1.0,1.0
n10758,n3568,4,1.0,1.0,1.0
n10759,n13161,3,0.75,1.0,0.875
n1076,n18660,3,0.75,1.0,0.875
n10760,n3624,4,1.0,1.0,1.0
n10761,n3626,4,1.0,1.0,1.0
n10762,n985,3,0.75,1.0,0.875
n10763,n3642,3,0.75,1.0,0.875
n10764,n3651,3,0.75,1.0,0.875
n10765,n14132,3,0.75,1.0,0.875
n10766,n13935,4,1.0,1.0,1.0
n10767,n14079,4,1.0,1.0,1.0
n10767,n14193,4,1.0,1.0,1.0
n10768,n14187,3,0.75,1.0,0.875
n10769,n3676,4,1.0,1.0,1.0
n1077,n3969,4,1.0,1.0,1.0
n10770,n14449,4,1.0,1.0,1.0
n10771,n14501,4,1.0,1.0,1.0
n10772,n14662,4,1.0,1.0,1.0
n10773,n3707,4,1.0,1.0,1.0
n10774,n3730,4,1.0,1.0,1.0
n10775,n14510,4,1.0,1.0,1.0
n10776,n15366,4,1.0,1.0,1.0
n10777,n1023,4,1.0,1.0,1.0
n10778,n15875,4,1.0,1.0,1.0
n10779,n16019,4,1.0,1.0,1.0
n1078,n15270,3,0.75,1.0,0.875
n10780,n3823,4,1.0,1.0,1.0
n10780,n3824,3,0.75,0.75,0.75
n10781,n16191,3,0.75,1.0,0.875
n10782,n16194,3,0.75,1.0,0.875
n10783,n1047,3,0.75,1.0,0.875
n10784,n16633,4,1.0,1.0,1.0
n10785,n17203,4,1.0,1.0,1.0
n10786,n17405,4,1.0,1.0,1.0
n10787,n3913,4,1.0,1.0,1.0
n10788,n1062,4,1.0,1.0,1.0
n10789,n3939,4,1.0,1.0,1.0
n1079,n3972,4,1.0,1.0,1.0
n10790,n18080,4,1.0,1.0,1.0
n10791,n18240,4,1.0,1.0,1.0
n10792,n18286,3,0.75,1.0,0.875
n10793,n1071,4,1.0,1.0,1.0
n10794,n15278,3,0.75,1.0,0.875
n10795,n18700,4,1.0,1.0,1.0
n10796,n18788,3,0.75,1.0,0.875
n10797,n1085,4,1.0,1.0,1.0
n10798,n1086,4,1.0,1.0,1.0
n10799,n19074,4,1.0,1.0,1.0
n108,n15953,4,1.0,1.0,1.0
n108,n15959,4,1.0,1.0,1.0
n1080,n3973,4,1.0,1.0,1.0
n10800,n4005,4,1.0,1.0,1.0
n10801,n15450,4,1.0,1.0,1.0
n10802,n1093,4,1.0,1.0,1.0
n10803,n19462,3,0.75,1.0,0.875
n10804,n1103,4,1.0,1.0,1.0
n10805,n4063,4,1.0,1.0,1.0
n10806,n1108,4,1.0,1.0,1.0
n10807,n1117,3,0.75,1.0,0.875
n10808,n15751,4,1.0,1.0,1.0
n10809,n4095,4,1.0,1.0,1.0
n1081,n3975,3,0.75,1.0,0.875
n10810,n4125,4,1.0,1.0,1.0
n10811,n4132,4,1.0,1.0,1.0
n10812,n15935,3,0.75,1.0,0.875
n10813,n1139,4,1.0,1.0,1.0
n10814,n1152,4,1.0,1.0,1.0
n10815,n1159,4,1.0,1.0,1.0
n10816,n1194,4,1.0,1.0,1.0
n10817,n4673,4,1.0,1.0,1.0
n10818,n1207,4,1.0,1.0,1.0
n10819,n1213,4,1.0,1.0,1.0
n1082,n18806,4,1.0,1.0,1.0
n10820,n1218,4,1.0,1.0,1.0
n10821,n1226,4,1.0,1.0,1.0
n10822,n4467,4,1.0,1.0,1.0
n10823,n17272,4,1.0,1.0,1.0
n10824,n8636,4,1.0,1.0,1.0
n10825,n9098,4,1.0,1.0,1.0
n10826,n4643,4,1.0,1.0,1.0
n10827,n4661,4,1.0,1.0,1.0
n10828,n1265,4,1.0,1.0,1.0
n10829,n1275,4,1.0,1.0,1.0
n1083,n15303,4,1.0,1.0,1.0
n10830,n11124,4,1.0,1.0,1.0
n10831,n18727,4,1.0,1.0,1.0
n10832,n1297,4,1.0,1.0,1.0
n10833,n4796,4,1.0,1.0,1.0
n10834,n12764,4,1.0,1.0,1.0
n10835,n19060,3,0.75,1.0,0.875
n10836,n1307,4,1.0,1.0,1.0
n10837,n13740,4,1.0,1.0,1.0
n10838,n19340,4,1.0,1.0,1.0
n10839,n19476,4,1.0,1.0,1.0
n10839,n4895,4,1.0,1.0,1.0
n1084,n15307,4,1.0,1.0,1.0
n10840,n1321,4,1.0,1.0,1.0
n10841,n19539,4,1.0,1.0,1.0
n10842,n1325,4,1.0,1.0,1.0
n10843,n1328,4,1.0,1.0,1.0
n10844,n4935,4,1.0,1.0,1.0
n10845,n4964,3,0.75,1.0,0.875
n10846,n15465,4,1.0,1.0,1.0
n10847,n1345,4,1.0,1.0,1.0
n10848,n1356,3,0.75,1.0,0.875
n10849,n20173,4,1.0,1.0,1.0
n1085,n12105,4,1.0,1.0,1.0
n10850,n5034,3,0.75,1.0,0.875
n10851,n5044,4,1.0,1.0,1.0
n10852,n16416,4,1.0,1.0,1.0
n10853,n1367,4,1.0,1.0,1.0
n10854,n20459,4,1.0,1.0,1.0
n10855,n5118,4,1.0,1.0,1.0
n10856,n1387,4,1.0,1.0,1.0
n10857,n1399,4,1.0,1.0,1.0
n10858,n18658,4,1.0,1.0,1.0
n10859,n19091,3,0.75,1.0,0.875
n1086,n3990,4,1.0,1.0,1.0
n10860,n19194,3,0.75,1.0,0.875
n10861,n19738,4,1.0,1.0,1.0
n10862,n5244,4,1.0,1.0,1.0
n10863,n21137,4,1.0,1.0,1.0
n10864,n1446,3,0.75,1.0,0.875
n10865,n5353,4,1.0,1.0,1.0
n10866,n21755,4,1.0,1.0,1.0
n10867,n1453,4,1.0,1.0,1.0
n10868,n21838,4,1.0,1.0,1.0
n10869,n5443,4,1.0,1.0,1.0
n1087,n3993,3,0.75,1.0,0.875
n10870,n5448,3,0.75,1.0,0.875
n10871,n5494,3,0.75,1.0,0.875
n10872,n5522,4,1.0,1.0,1.0
n10873,n630,3,0.75,1.0,0.875
n10874,n5565,3,0.75,1.0,0.875
n10875,n2858,4,1.0,1.0,1.0
n10876,n958,4,1.0,1.0,1.0
n10877,n1497,4,1.0,1.0,1.0
n10878,n3822,4,1.0,1.0,1.0
n10879,n1197,4,1.0,1.0,1.0
n1088,n13119,4,1.0,1.0,1.0
n10880,n4460,4,1.0,1.0,1.0
n10881,n1521,4,1.0,1.0,1.0
n10882,n5010,4,1.0,1.0,1.0
n10883,n5699,4,1.0,1.0,1.0
n10884,n6157,4,1.0,1.0,1.0
n10885,n6443,3,0.75,1.0,0.875
n10886,n6824,4,1.0,1.0,1.0
n10887,n5793,4,1.0,1.0,1.0
n10888,n6878,4,1.0,1.0,1.0
n10889,n1842,4,1.0,1.0,1.0
n1089,n13213,3,0.75,1.0,0.875
n10890,n5822,3,0.75,1.0,0.875
n10891,n7761,3,0.75,1.0,0.875
n10892,n1568,4,1.0,1.0,1.0
n10893,n1569,4,1.0,1.0,1.0
n10894,n1570,4,1.0,1.0,1.0
n10895,n1572,3,0.75,1.0,0.875
n10896,n5937,4,1.0,1.0,1.0
n10897,n5939,4,1.0,1.0,1.0
n10898,n2268,4,1.0,1.0,1.0
n10899,n2294,4,1.0,1.0,1.0
n109,n15963,4,1.0,1.0,1.0
n1090,n15432,4,1.0,1.0,1.0
n10900,n9848,4,1.0,1.0,1.0
n10901,n1600,4,1.0,1.0,1.0
n10902,n1603,4,1.0,1.0,1.0
n10903,n2454,4,1.0,1.0,1.0
n10904,n1606,4,1.0,1.0,1.0
n10905,n1621,4,1.0,1.0,1.0
n10906,n6076,4,1.0,1.0,1.0
n10907,n6080,3,0.75,1.0,0.875
n10908,n6081,4,1.0,1.0,1.0
n10909,n10988,4,1.0,1.0,1.0
n1091,n4017,4,1.0,1.0,1.0
n10910,n2762,4,1.0,1.0,1.0
n10911,n6118,4,1.0,1.0,1.0
n10912,n6128,3,0.75,1.0,0.875
n10913,n2819,4,1.0,1.0,1.0
n10913,n6134,4,1.0,1.0,1.0
n10914,n11577,4,1.0,1.0,1.0
n10915,n1628,3,0.75,1.0,0.875
n10916,n11682,4,1.0,1.0,1.0
n10917,n2958,4,1.0,1.0,1.0
n10918,n6167,4,1.0,1.0,1.0
n10919,n12035,3,0.75,1.0,0.875
n1092,n19381,3,0.75,1.0,0.875
n10920,n1638,3,0.75,1.0,0.875
n10921,n6258,4,1.0,1.0,1.0
n10922,n3238,4,1.0,1.0,1.0
n10922,n6285,4,1.0,1.0,1.0
n10923,n3314,4,1.0,1.0,1.0
n10924,n3340,4,1.0,1.0,1.0
n10924,n3341,3,0.75,0.75,0.75
n10925,n1666,4,1.0,1.0,1.0
n10926,n6359,4,1.0,1.0,1.0
n10927,n1674,4,1.0,1.0,1.0
n10928,n6381,4,1.0,1.0,1.0
n10929,n6429,4,1.0,1.0,1.0
n1093,n4019,4,1.0,1.0,1.0
n10930,n6445,3,0.75,1.0,0.875
n10931,n14293,3,0.75,1.0,0.875
n10932,n3682,4,1.0,1.0,1.0
n10933,n1688,3,0.75,1.0,0.875
n10934,n1695,4,1.0,1.0,1.0
n10935,n3850,4,1.0,1.0,1.0
n10936,n14927,4,1.0,1.0,1.0
n10937,n1709,3,0.75,1.0,0.875
n10938,n15196,4,1.0,1.0,1.0
n10939,n4023,4,1.0,1.0,1.0
n1094,n15461,4,1.0,1.0,1.0
n10940,n15557,4,1.0,1.0,1.0
n10941,n6565,4,1.0,1.0,1.0
n10941,n6566,4,1.0,1.0,1.0
n10942,n6594,4,1.0,1.0,1.0
n10943,n6601,4,1.0,1.0,1.0
n10944,n4142,4,1.0,1.0,1.0
n10945,n6606,3,0.75,1.0,0.875
n10946,n6607,4,1.0,1.0,1.0
n10947,n16381,4,1.0,1.0,1.0
n10948,n16676,4,1.0,1.0,1.0
n10949,n4342,4,1.0,1.0,1.0
n1095,n4024,4,1.0,1.0,1.0
n10950,n1761,4,1.0,1.0,1.0
n10951,n6722,4,1.0,1.0,1.0
n10952,n6752,4,1.0,1.0,1.0
n10953,n6785,4,1.0,1.0,1.0
n10954,n4802,3,0.75,1.0,0.875
n10955,n4902,4,1.0,1.0,1.0
n10956,n1776,3,0.75,1.0,0.875
n10957,n4916,4,1.0,1.0,1.0
n10958,n6829,4,1.0,1.0,1.0
n10959,n6835,4,1.0,1.0,1.0
n1096,n15520,4,1.0,1.0,1.0
n10960,n20019,4,1.0,1.0,1.0
n10961,n1780,4,1.0,1.0,1.0
n10962,n5326,4,1.0,1.0,1.0
n10963,n1803,4,1.0,1.0,1.0
n10964,n75,4,1.0,1.0,1.0
n10965,n5440,4,1.0,1.0,1.0
n10966,n6969,4,1.0,1.0,1.0
n10967,n1812,4,1.0,1.0,1.0
n10968,n592,4,1.0,1.0,1.0
n10969,n967,3,0.75,1.0,0.875
n1097,n15542,3,0.75,1.0,0.875
n10970,n5646,4,1.0,1.0,1.0
n10971,n1711,4,1.0,1.0,1.0
n10972,n5777,4,1.0,1.0,1.0
n10973,n7055,4,1.0,1.0,1.0
n10974,n2353,4,1.0,1.0,1.0
n10975,n1848,3,0.75,1.0,0.875
n10976,n7189,4,1.0,1.0,1.0
n10977,n1850,4,1.0,1.0,1.0
n10978,n7215,4,1.0,1.0,1.0
n10979,n3136,4,1.0,1.0,1.0
n10979,n6248,4,1.0,1.0,1.0
n1098,n15574,3,0.75,1.0,0.875
n10980,n6299,3,0.75,1.0,0.875
n10981,n3334,4,1.0,1.0,1.0
n10982,n3423,3,0.75,1.0,0.875
n10983,n7296,4,1.0,1.0,1.0
n10984,n1875,4,1.0,1.0,1.0
n10985,n6704,3,0.75,1.0,0.875
n10986,n4708,3,0.75,1.0,0.875
n10987,n6856,3,0.75,1.0,0.875
n10988,n1910,4,1.0,1.0,1.0
n10989,n1911,3,0.75,1.0,0.875
n1099,n19869,4,1.0,1.0,1.0
n10990,n1915,4,1.0,1.0,1.0
n10991,n1919,4,1.0,1.0,1.0
n10992,n1920,3,0.75,1.0,0.875
n10993,n7252,3,0.75,1.0,0.875
n10994,n7335,4,1.0,1.0,1.0
n10995,n6905,4,1.0,1.0,1.0
n10996,n7506,3,0.75,1.0,0.875
n10997,n1946,4,1.0,1.0,1.0
n10998,n7333,4,1.0,1.0,1.0
n10999,n7350,4,1.0,1.0,1.0
n11,n330,4,1.0,1.0,1.0
n110,n356,4,1.0,1.0,1.0
n1100,n15588,4,1.0,1.0,1.0
n11000,n7619,4,1.0,1.0,1.0
n11001,n7784,3,0.75,1.0,0.875
n11002,n8011,3,0.75,1.0,0.875
n11003,n8038,3,0.75,1.0,0.875
n11004,n7643,4,1.0,1.0,1.0
n11005,n7795,3,0.75,1.0,0.875
n11006,n7854,3,0.75,1.0,0.875
n11007,n1979,4,1.0,1.0,1.0
n11008,n7989,4,1.0,1.0,1.0
n11009,n9263,3,0.75,1.0,0.875
n1101,n15579,3,0.75,1.0,0.875
n11010,n8133,4,1.0,1.0,1.0
n11011,n8150,4,1.0,1.0,1.0
n11012,n8279,4,1.0,1.0,1.0
n11013,n8285,3,0.75,0.75,0.75
n11013,n8289,4,1.0,1.0,1.0
n11013,n9937,3,0.75,0.75,0.75
n11013,n9938,4,1.0,1.0,1.0
n11014,n8553,3,0.75,1.0,0.875
n11015,n8723,4,1.0,1.0,1.0
n11016,n7912,3,0.75,1.0,0.875
n11017,n8889,4,1.0,1.0,1.0
n11018,n7963,4,1.0,1.0,1.0
n11019,n8006,4,1.0,1.0,1.0
n1102,n19962,4,1.0,1.0,1.0
n11020,n17728,4,1.0,1.0,1.0
n11021,n8100,4,1.0,1.0,1.0
n11022,n9524,4,1.0,1.0,1.0
n11023,n9529,3,0.75,1.0,0.875
n11024,n8140,3,0.75,1.0,0.875
n11025,n9726,3,0.75,1.0,0.875
n11026,n2069,4,1.0,1.0,1.0
n11027,n8247,3,0.75,1.0,0.875
n11028,n8263,4,1.0,1.0,1.0
n11029,n9911,4,1.0,1.0,1.0
n1103,n4052,4,1.0,1.0,1.0
n11030,n10040,4,1.0,1.0,1.0
n11031,n10085,4,1.0,1.0,1.0
n11032,n10295,4,1.0,1.0,1.0
n11033,n10455,4,1.0,1.0,1.0
n11034,n1714,4,1.0,1.0,1.0
n11035,n8479,3,0.75,1.0,0.875
n11036,n2110,3,0.75,1.0,0.875
n11037,n13424,4,1.0,1.0,1.0
n11038,n2127,4,1.0,1.0,1.0
n11039,n2128,4,1.0,1.0,1.0
n1104,n4058,4,1.0,1.0,1.0
n11040,n14502,3,0.75,1.0,0.875
n11041,n14507,4,1.0,1.0,1.0
n11042,n17141,4,1.0,1.0,1.0
n11043,n15055,4,1.0,1.0,1.0
n11044,n15602,4,1.0,1.0,1.0
n11045,n2154,4,1.0,1.0,1.0
n11046,n2156,4,1.0,1.0,1.0
n11047,n2159,4,1.0,1.0,1.0
n11048,n16139,4,1.0,1.0,1.0
n11049,n1136,4,1.0,1.0,1.0
n1105,n20078,4,1.0,1.0,1.0
n11050,n8809,4,1.0,1.0,1.0
n11051,n1274,4,1.0,1.0,1.0
n11052,n16196,4,1.0,1.0,1.0
n11053,n1382,3,0.75,1.0,0.875
n11054,n16260,4,1.0,1.0,1.0
n11055,n2978,4,1.0,1.0,1.0
n11056,n16525,4,1.0,1.0,1.0
n11057,n3447,4,1.0,1.0,1.0
n11058,n3771,4,1.0,1.0,1.0
n11059,n8952,3,0.75,1.0,0.875
n1106,n16151,4,1.0,1.0,1.0
n11060,n8968,4,1.0,1.0,1.0
n11061,n8995,3,0.75,1.0,0.875
n11062,n5969,3,0.75,1.0,0.875
n11063,n9046,4,1.0,1.0,1.0
n11064,n17189,4,1.0,1.0,1.0
n11065,n9105,4,1.0,1.0,1.0
n11066,n17361,4,1.0,1.0,1.0
n11067,n17446,4,1.0,1.0,1.0
n11068,n9149,4,1.0,1.0,1.0
n11069,n2217,4,1.0,1.0,1.0
n1107,n15642,4,1.0,1.0,1.0
n11070,n7886,4,1.0,1.0,1.0
n11071,n17598,3,0.75,1.0,0.875
n11072,n2232,3,0.75,1.0,0.875
n11073,n9291,4,1.0,1.0,1.0
n11074,n9313,3,0.75,1.0,0.875
n11075,n2243,4,1.0,1.0,1.0
n11076,n2248,4,1.0,1.0,1.0
n11077,n2258,4,1.0,1.0,1.0
n11078,n2259,4,1.0,1.0,1.0
n11079,n2266,4,1.0,1.0,1.0
n1108,n4065,4,1.0,1.0,1.0
n11080,n18488,4,1.0,1.0,1.0
n11081,n9490,4,1.0,1.0,1.0
n11082,n9537,3,0.75,1.0,0.875
n11083,n2282,4,1.0,1.0,1.0
n11084,n18811,4,1.0,1.0,1.0
n11085,n9668,4,1.0,1.0,1.0
n11086,n9689,4,1.0,1.0,1.0
n11087,n2318,4,1.0,1.0,1.0
n11088,n13268,3,0.75,1.0,0.875
n11089,n13595,3,0.75,1.0,0.875
n1109,n16460,4,1.0,1.0,1.0
n11090,n2327,3,0.75,1.0,0.875
n11091,n9803,4,1.0,1.0,1.0
n11092,n19367,4,1.0,1.0,1.0
n11093,n19537,4,1.0,1.0,1.0
n11094,n2339,4,1.0,1.0,1.0
n11095,n19614,4,1.0,1.0,1.0
n11096,n9893,4,1.0,1.0,1.0
n11097,n19726,4,1.0,1.0,1.0
n11098,n2350,3,0.75,1.0,0.875
n11099,n2359,4,1.0,1.0,1.0
n111,n4169,4,1.0,1.0,1.0
n1110,n15653,4,1.0,1.0,1.0
n11100,n19793,3,0.75,1.0,0.875
n11101,n19967,4,1.0,1.0,1.0
n11102,n2379,3,0.75,1.0,0.875
n11103,n10061,3,0.75,1.0,0.875
n11104,n10074,4,1.0,1.0,1.0
n11105,n2389,4,1.0,1.0,1.0
n11106,n10083,4,1.0,1.0,1.0
n11107,n10101,4,1.0,1.0,1.0
n11108,n2402,4,1.0,1.0,1.0
n11109,n20564,4,1.0,1.0,1.0
n1111,n16573,3,0.75,1.0,0.875
n11110,n2410,3,0.75,1.0,0.875
n11111,n10180,3,0.75,1.0,0.875
n11112,n2419,4,1.0,1.0,1.0
n11113,n2422,4,1.0,1.0,1.0
n11114,n18129,3,0.75,1.0,0.875
n11115,n2431,4,1.0,1.0,1.0
n11116,n18854,3,0.75,1.0,0.875
n11117,n21003,4,1.0,1.0,1.0
n11118,n20036,3,0.75,1.0,0.875
n11119,n10452,3,0.75,1.0,0.875
n1112,n20434,4,1.0,1.0,1.0
n11120,n2471,4,1.0,1.0,1.0
n11121,n21028,4,1.0,1.0,1.0
n11122,n2472,4,1.0,1.0,1.0
n11123,n2474,4,1.0,1.0,1.0
n11124,n2476,4,1.0,1.0,1.0
n11125,n10484,4,1.0,1.0,1.0
n11126,n21768,4,1.0,1.0,1.0
n11127,n16,4,1.0,1.0,1.0
n11128,n40,4,1.0,1.0,1.0
n11129,n10533,4,1.0,1.0,1.0
n1113,n15694,4,1.0,1.0,1.0
n11130,n131,4,1.0,1.0,1.0
n11131,n2502,4,1.0,1.0,1.0
n11132,n1056,3,0.75,1.0,0.875
n11133,n1175,4,1.0,1.0,1.0
n11134,n388,4,1.0,1.0,1.0
n11135,n10612,4,1.0,1.0,1.0
n11136,n10616,4,1.0,1.0,1.0
n11137,n10630,4,1.0,1.0,1.0
n11138,n501,4,1.0,1.0,1.0
n11139,n10657,3,0.75,1.0,0.875
n1114,n20516,4,1.0,1.0,1.0
n11140,n2539,3,0.75,1.0,0.875
n11141,n2598,4,1.0,1.0,1.0
n11142,n756,4,1.0,1.0,1.0
n11143,n789,4,1.0,1.0,1.0
n11144,n2572,4,1.0,1.0,1.0
n11145,n3347,4,1.0,1.0,1.0
n11146,n968,4,1.0,1.0,1.0
n11147,n982,3,0.75,1.0,0.875
n11148,n2582,4,1.0,1.0,1.0
n11149,n2592,3,0.75,1.0,0.875
n1115,n20686,4,1.0,1.0,1.0
n11150,n4217,4,1.0,1.0,1.0
n11151,n1165,4,1.0,1.0,1.0
n11152,n4347,4,1.0,1.0,1.0
n11153,n2605,3,0.75,1.0,0.875
n11154,n1244,4,1.0,1.0,1.0
n11155,n1295,3,0.75,1.0,0.875
n11156,n4887,4,1.0,1.0,1.0
n11157,n10839,4,1.0,1.0,1.0
n11158,n2620,4,1.0,1.0,1.0
n11159,n1411,4,1.0,1.0,1.0
n1116,n15729,4,1.0,1.0,1.0
n11160,n10862,4,1.0,1.0,1.0
n11161,n10863,4,1.0,1.0,1.0
n11162,n2627,4,1.0,1.0,1.0
n11163,n1501,3,0.75,1.0,0.875
n11164,n2631,3,0.75,1.0,0.875
n11165,n2635,4,1.0,1.0,1.0
n11166,n1615,4,1.0,1.0,1.0
n11167,n10912,3,0.75,1.0,0.875
n11168,n2641,4,1.0,1.0,1.0
n11169,n10931,3,0.75,0.75,0.75
n11169,n10932,4,1.0,1.0,1.0
n1117,n20719,3,0.75,1.0,0.875
n11170,n1708,3,0.75,1.0,0.875
n11171,n6549,4,1.0,1.0,1.0
n11172,n10978,4,1.0,1.0,1.0
n11173,n2658,3,0.75,1.0,0.875
n11174,n7729,4,1.0,1.0,1.0
n11175,n11013,4,1.0,1.0,1.0
n11175,n7775,3,0.75,0.75,0.75
n11176,n2663,3,0.75,1.0,0.875
n11177,n8449,4,1.0,1.0,1.0
n11178,n8458,4,1.0,1.0,1.0
n11179,n8503,4,1.0,1.0,1.0
n1118,n20738,4,1.0,1.0,1.0
n11180,n2140,3,0.75,1.0,0.875
n11181,n11056,4,1.0,1.0,1.0
n11182,n8909,4,1.0,1.0,1.0
n11183,n2200,4,1.0,1.0,1.0
n11184,n9319,4,1.0,1.0,1.0
n11185,n2681,4,1.0,1.0,1.0
n11186,n11092,4,1.0,1.0,1.0
n11187,n2690,4,1.0,1.0,1.0
n11188,n2452,4,1.0,1.0,1.0
n11189,n2692,4,1.0,1.0,1.0
n1119,n21040,4,1.0,1.0,1.0
n11190,n2480,3,0.75,1.0,0.875
n11191,n10610,3,0.75,1.0,0.875
n11192,n2530,4,1.0,1.0,1.0
n11193,n11141,4,1.0,1.0,1.0
n11194,n2707,4,1.0,1.0,1.0
n11195,n2712,4,1.0,1.0,1.0
n11196,n11187,4,1.0,1.0,1.0
n11197,n11198,4,1.0,1.0,1.0
n11198,n2724,4,1.0,1.0,1.0
n11199,n2781,4,1.0,1.0,1.0
n112,n363,4,1.0,1.0,1.0
n1120,n19198,4,1.0,1.0,1.0
n11200,n2860,4,1.0,1.0,1.0
n11201,n2733,4,1.0,1.0,1.0
n11202,n2735,4,1.0,1.0,1.0
n11203,n2912,4,1.0,1.0,1.0
n11204,n2738,4,1.0,1.0,1.0
n11205,n11259,3,0.75,1.0,0.875
n11206,n11997,4,1.0,1.0,1.0
n11207,n12269,4,1.0,1.0,1.0
n11208,n11299,4,1.0,1.0,1.0
n11209,n3243,4,1.0,1.0,1.0
n1121,n4112,4,1.0,1.0,1.0
n11210,n13126,4,1.0,1.0,1.0
n11211,n2774,4,1.0,1.0,1.0
n11212,n2779,3,0.75,1.0,0.875
n11213,n3408,4,1.0,1.0,1.0
n11214,n2806,3,0.75,1.0,0.875
n11215,n2807,4,1.0,1.0,1.0
n11216,n2813,4,1.0,1.0,1.0
n11217,n3957,3,0.75,1.0,0.875
n11218,n2824,4,1.0,1.0,1.0
n11219,n15552,3,0.75,1.0,0.875
n1122,n4120,4,1.0,1.0,1.0
n11220,n11561,4,1.0,1.0,1.0
n11221,n15742,4,1.0,1.0,1.0
n11222,n15906,3,0.75,1.0,0.875
n11223,n4157,4,1.0,1.0,1.0
n11224,n2840,4,1.0,1.0,1.0
n11225,n11589,4,1.0,1.0,1.0
n11226,n16958,4,1.0,1.0,1.0
n11227,n11634,4,1.0,1.0,1.0
n11228,n2865,4,1.0,1.0,1.0
n11229,n11653,4,1.0,1.0,1.0
n1123,n21408,4,1.0,1.0,1.0
n11230,n2869,4,1.0,1.0,1.0
n11231,n11664,4,1.0,1.0,1.0
n11232,n4759,3,0.75,1.0,0.875
n11233,n11692,4,1.0,1.0,1.0
n11234,n4807,4,1.0,1.0,1.0
n11235,n2885,3,0.75,1.0,0.875
n11236,n19314,4,1.0,1.0,1.0
n11237,n19488,4,1.0,1.0,1.0
n11237,n4898,4,1.0,1.0,1.0
n11238,n11719,3,0.75,1.0,0.875
n11239,n19682,4,1.0,1.0,1.0
n1124,n20608,4,1.0,1.0,1.0
n11240,n20629,4,1.0,1.0,1.0
n11241,n20949,4,1.0,1.0,1.0
n11242,n5311,3,0.75,1.0,0.875
n11243,n2928,4,1.0,1.0,1.0
n11244,n2930,3,0.75,1.0,0.875
n11245,n5341,4,1.0,1.0,1.0
n11246,n11808,4,1.0,1.0,1.0
n11247,n5393,4,1.0,1.0,1.0
n11248,n11832,4,1.0,1.0,1.0
n11249,n11834,3,0.75,1.0,0.875
n1125,n21425,4,1.0,1.0,1.0
n11250,n11851,4,1.0,1.0,1.0
n11251,n989,4,1.0,1.0,1.0
n11252,n1535,4,1.0,1.0,1.0
n11253,n11903,3,0.75,1.0,0.875
n11254,n2961,4,1.0,1.0,1.0
n11255,n1967,4,1.0,1.0,1.0
n11256,n2968,4,1.0,1.0,1.0
n11256,n5877,4,1.0,1.0,1.0
n11257,n11922,4,1.0,1.0,1.0
n11258,n2977,4,1.0,1.0,1.0
n11259,n2981,3,0.75,1.0,0.875
n1126,n21542,4,1.0,1.0,1.0
n11260,n2596,4,1.0,1.0,1.0
n11261,n6096,4,1.0,1.0,1.0
n11262,n2983,4,1.0,1.0,1.0
n11263,n2987,4,1.0,1.0,1.0
n11264,n12011,4,1.0,1.0,1.0
n11265,n3267,3,0.75,1.0,0.875
n11266,n6338,3,0.75,1.0,0.875
n11267,n12061,3,0.75,1.0,0.875
n11268,n3006,3,0.75,1.0,0.875
n11269,n3639,4,1.0,1.0,1.0
n1127,n21209,4,1.0,1.0,1.0
n11270,n12067,4,1.0,1.0,1.0
n11271,n6463,3,0.75,1.0,0.875
n11272,n6470,4,1.0,1.0,1.0
n11273,n6475,4,1.0,1.0,1.0
n11274,n6481,3,0.75,1.0,0.875
n11275,n3896,3,0.75,1.0,0.875
n11276,n3017,4,1.0,1.0,1.0
n11277,n6670,3,0.75,1.0,0.875
n11278,n12124,4,1.0,1.0,1.0
n11279,n4663,4,1.0,1.0,1.0
n1128,n21684,4,1.0,1.0,1.0
n11280,n5116,3,0.75,1.0,0.875
n11281,n3034,4,1.0,1.0,1.0
n11282,n5452,4,1.0,1.0,1.0
n11283,n7069,4,1.0,1.0,1.0
n11284,n12233,4,1.0,1.0,1.0
n11285,n5913,4,1.0,1.0,1.0
n11286,n12242,3,0.75,1.0,0.875
n11287,n6378,4,1.0,1.0,1.0
n11288,n12305,4,1.0,1.0,1.0
n11289,n3082,3,0.75,1.0,0.875
n1129,n15915,4,1.0,1.0,1.0
n11290,n7478,3,0.75,1.0,0.875
n11291,n7489,4,1.0,1.0,1.0
n11292,n3092,3,0.75,1.0,0.875
n11293,n7613,4,1.0,1.0,1.0
n11294,n12368,3,0.75,1.0,0.875
n11295,n12429,4,1.0,1.0,1.0
n11295,n7814,4,1.0,1.0,1.0
n11296,n8716,3,0.75,1.0,0.875
n11297,n8023,3,0.75,1.0,0.875
n11298,n3126,3,0.75,1.0,0.875
n11299,n9383,4,1.0,1.0,1.0
n113,n1150,3,0.75,1.0,0.875
n1130,n194,4,1.0,1.0,1.0
n1130,n4158,4,1.0,1.0,1.0
n11300,n12523,4,1.0,1.0,1.0
n11301,n10717,2,0.5,1.0,0.75
n11302,n3159,4,1.0,1.0,1.0
n11303,n8546,3,0.75,0.75,0.75
n11303,n8547,1,0.25,0.25,0.25
n11304,n3174,4,1.0,1.0,1.0
n11305,n16023,4,1.0,1.0,1.0
n11306,n16582,4,1.0,1.0,1.0
n11307,n3201,4,1.0,1.0,1.0
n11308,n3202,4,1.0,1.0,1.0
n11309,n3203,4,1.0,1.0,1.0
n1131,n214,4,1.0,1.0,1.0
n11310,n9059,4,1.0,1.0,1.0
n11311,n12751,4,1.0,1.0,1.0
n11312,n3211,3,0.75,1.0,0.875
n11313,n17537,4,1.0,1.0,1.0
n11314,n3217,3,0.75,1.0,0.875
n11315,n17663,4,1.0,1.0,1.0
n11316,n9242,4,1.0,1.0,1.0
n11317,n3224,3,0.75,1.0,0.875
n11318,n3232,4,1.0,1.0,1.0
n11319,n12833,4,1.0,1.0,1.0
n1132,n101,4,1.0,1.0,1.0
n11320,n18377,4,1.0,1.0,1.0
n11321,n3233,4,1.0,1.0,1.0
n11322,n12853,4,1.0,1.0,1.0
n11322,n12854,4,1.0,1.0,1.0
n11323,n9506,4,1.0,1.0,1.0
n11324,n3242,3,0.75,0.75,0.75
n11324,n9511,4,1.0,1.0,1.0
n11325,n12899,4,1.0,1.0,1.0
n11326,n19291,3,0.75,1.0,0.875
n11327,n12948,3,0.75,1.0,0.875
n11328,n19630,4,1.0,1.0,1.0
n11329,n12954,4,1.0,1.0,1.0
n1133,n15992,4,1.0,1.0,1.0
n11330,n3281,4,1.0,1.0,1.0
n11331,n20034,3,0.75,1.0,0.875
n11332,n10183,4,1.0,1.0,1.0
n11333,n3302,3,0.75,1.0,0.875
n11334,n3308,4,1.0,1.0,1.0
n11335,n3309,4,1.0,1.0,1.0
n11336,n10381,4,1.0,1.0,1.0
n11337,n3313,4,1.0,1.0,1.0
n11338,n3317,4,1.0,1.0,1.0
n11339,n93,4,1.0,1.0,1.0
n1134,n16003,4,1.0,1.0,1.0
n11340,n10544,3,0.75,1.0,0.875
n11341,n324,3,0.75,1.0,0.875
n11342,n365,4,1.0,1.0,1.0
n11343,n10622,4,1.0,1.0,1.0
n11344,n3337,4,1.0,1.0,1.0
n11345,n10694,3,0.75,1.0,0.875
n11346,n10701,3,0.75,1.0,0.875
n11347,n800,3,0.75,1.0,0.875
n11348,n13170,4,1.0,1.0,1.0
n11349,n13172,4,1.0,1.0,1.0
n1135,n4172,4,1.0,1.0,1.0
n11350,n1430,4,1.0,1.0,1.0
n11351,n1654,3,0.75,1.0,0.875
n11352,n13203,3,0.75,1.0,0.875
n11353,n1740,4,1.0,1.0,1.0
n11354,n10955,4,1.0,1.0,1.0
n11355,n3363,3,0.75,1.0,0.875
n11356,n1925,3,0.75,1.0,0.875
n11357,n13227,4,1.0,1.0,1.0
n11358,n11025,3,0.75,1.0,0.875
n11359,n3368,3,0.75,1.0,0.875
n1136,n253,4,1.0,1.0,1.0
n11360,n3369,4,1.0,1.0,1.0
n11361,n2609,4,1.0,1.0,1.0
n11362,n11202,4,1.0,1.0,1.0
n11363,n13294,4,1.0,1.0,1.0
n11364,n2883,4,1.0,1.0,1.0
n11365,n11262,4,1.0,1.0,1.0
n11366,n11274,3,0.75,1.0,0.875
n11367,n3388,3,0.75,1.0,0.875
n11368,n3274,4,1.0,1.0,1.0
n11369,n3396,3,0.75,1.0,0.875
n1137,n332,4,1.0,1.0,1.0
n11370,n11371,4,1.0,1.0,1.0
n11371,n11383,4,1.0,1.0,1.0
n11372,n13375,4,1.0,1.0,1.0
n11373,n3635,3,0.75,1.0,0.875
n11374,n3709,4,1.0,1.0,1.0
n11375,n13398,4,1.0,1.0,1.0
n11376,n13410,4,1.0,1.0,1.0
n11377,n13436,4,1.0,1.0,1.0
n11378,n11698,4,1.0,1.0,1.0
n11379,n3441,4,1.0,1.0,1.0
n1138,n335,4,1.0,1.0,1.0
n11380,n11767,3,0.75,1.0,0.875
n11381,n3446,3,0.75,1.0,0.875
n11382,n11876,4,1.0,1.0,1.0
n11383,n3469,4,1.0,1.0,1.0
n11384,n3471,4,1.0,1.0,1.0
n11385,n6160,4,1.0,1.0,1.0
n11386,n13540,3,0.75,1.0,0.875
n11387,n3480,4,1.0,1.0,1.0
n11388,n13544,4,1.0,1.0,1.0
n11389,n6435,3,0.75,1.0,0.875
n1139,n4185,4,1.0,1.0,1.0
n11390,n6484,4,1.0,1.0,1.0
n11391,n3491,3,0.75,1.0,0.875
n11392,n13579,4,1.0,1.0,1.0
n11393,n13592,4,1.0,1.0,1.0
n11393,n7011,4,1.0,1.0,1.0
n11394,n3501,3,0.75,1.0,0.875
n11395,n3503,4,1.0,1.0,1.0
n11396,n12313,3,0.75,1.0,0.875
n11397,n12336,3,0.75,1.0,0.875
n11398,n13635,4,1.0,1.0,1.0
n11399,n12392,3,0.75,1.0,0.875
n114,n1155,4,1.0,1.0,1.0
n114,n16230,4,1.0,1.0,1.0
n1140,n1348,4,1.0,1.0,1.0
n11400,n7760,3,0.75,1.0,0.875
n11401,n7773,3,0.75,1.0,0.875
n11402,n3512,4,1.0,1.0,1.0
n11403,n12526,4,1.0,1.0,1.0
n11404,n3523,3,0.75,1.0,0.875
n11405,n13702,4,1.0,1.0,1.0
n11406,n13715,4,1.0,1.0,1.0
n11407,n12634,4,1.0,1.0,1.0
n11408,n13731,4,1.0,1.0,1.0
n11409,n13738,4,1.0,1.0,1.0
n1141,n532,4,1.0,1.0,1.0
n11410,n8780,4,1.0,1.0,1.0
n11411,n9055,4,1.0,1.0,1.0
n11412,n13776,3,0.75,1.0,0.875
n11413,n9431,4,1.0,1.0,1.0
n11414,n3548,4,1.0,1.0,1.0
n11415,n3557,4,1.0,1.0,1.0
n11416,n9731,3,0.75,1.0,0.875
n11417,n12964,3,0.75,1.0,0.875
n11418,n3573,4,1.0,1.0,1.0
n11419,n13871,4,1.0,1.0,1.0
n1142,n1676,4,1.0,1.0,1.0
n11420,n13153,4,1.0,1.0,1.0
n11421,n3585,4,1.0,1.0,1.0
n11422,n13931,4,1.0,1.0,1.0
n11423,n3610,4,1.0,1.0,1.0
n11424,n14009,4,1.0,1.0,1.0
n11425,n13562,3,0.75,1.0,0.875
n11426,n14048,4,1.0,1.0,1.0
n11427,n14052,3,0.75,1.0,0.875
n11428,n14057,4,1.0,1.0,1.0
n11429,n12388,4,1.0,1.0,1.0
n1143,n4194,4,1.0,1.0,1.0
n11430,n13678,4,1.0,1.0,1.0
n11431,n13790,4,1.0,1.0,1.0
n11432,n14113,3,0.75,1.0,0.875
n11433,n13837,4,1.0,1.0,1.0
n11433,n14120,4,1.0,1.0,1.0
n11434,n14129,4,1.0,1.0,1.0
n11435,n14130,4,1.0,1.0,1.0
n11436,n14134,4,1.0,1.0,1.0
n11437,n13135,3,0.75,1.0,0.875
n11438,n13251,3,0.75,1.0,0.875
n11439,n14167,4,1.0,1.0,1.0
n1144,n721,3,0.75,1.0,0.875
n11440,n13994,4,1.0,1.0,1.0
n11441,n14018,4,1.0,1.0,1.0
n11442,n14063,3,0.75,1.0,0.875
n11443,n13714,4,1.0,1.0,1.0
n11444,n14198,3,0.75,1.0,0.875
n11445,n14207,4,1.0,1.0,1.0
n11446,n14131,4,1.0,1.0,1.0
n11447,n14218,4,1.0,1.0,1.0
n11448,n14229,3,0.75,1.0,0.875
n11449,n14799,4,1.0,1.0,1.0
n1145,n2469,4,1.0,1.0,1.0
n11450,n14823,4,1.0,1.0,1.0
n11451,n14396,4,1.0,1.0,1.0
n11452,n14397,4,1.0,1.0,1.0
n11453,n15062,3,0.75,1.0,0.875
n11454,n14469,4,1.0,1.0,1.0
n11455,n15107,4,1.0,1.0,1.0
n11456,n15176,4,1.0,1.0,1.0
n11457,n14503,3,0.75,1.0,0.875
n11458,n3683,4,1.0,1.0,1.0
n11459,n3688,3,0.75,1.0,0.875
n1146,n840,4,1.0,1.0,1.0
n11460,n15501,4,1.0,1.0,1.0
n11461,n3701,4,1.0,1.0,1.0
n11462,n16083,4,1.0,1.0,1.0
n11463,n14715,4,1.0,1.0,1.0
n11464,n3702,4,1.0,1.0,1.0
n11465,n14363,4,1.0,1.0,1.0
n11466,n14883,3,0.75,1.0,0.875
n11467,n3719,4,1.0,1.0,1.0
n11468,n14946,3,0.75,1.0,0.875
n11469,n15042,4,1.0,1.0,1.0
n1147,n3264,4,1.0,1.0,1.0
n11470,n15051,4,1.0,1.0,1.0
n11471,n3741,4,1.0,1.0,1.0
n11472,n15229,4,1.0,1.0,1.0
n11473,n14508,4,1.0,1.0,1.0
n11474,n15462,4,1.0,1.0,1.0
n11475,n19434,4,1.0,1.0,1.0
n11476,n3764,4,1.0,1.0,1.0
n11477,n15524,3,0.75,1.0,0.875
n11478,n19767,4,1.0,1.0,1.0
n11479,n14611,3,0.75,1.0,0.875
n1148,n3312,4,1.0,1.0,1.0
n11480,n15650,4,1.0,1.0,1.0
n11481,n15715,4,1.0,1.0,1.0
n11482,n20664,4,1.0,1.0,1.0
n11483,n3789,4,1.0,1.0,1.0
n11484,n3800,4,1.0,1.0,1.0
n11485,n3802,4,1.0,1.0,1.0
n11486,n16208,4,1.0,1.0,1.0
n11487,n14774,4,1.0,1.0,1.0
n11488,n14792,3,0.75,1.0,0.875
n11489,n3263,4,1.0,1.0,1.0
n11489,n3265,4,1.0,1.0,1.0
n1149,n3778,4,1.0,1.0,1.0
n11490,n16550,3,0.75,1.0,0.875
n11491,n3859,4,1.0,1.0,1.0
n11492,n16644,4,1.0,1.0,1.0
n11493,n16728,4,1.0,1.0,1.0
n11494,n14866,3,0.75,1.0,0.875
n11495,n3877,4,1.0,1.0,1.0
n11496,n3887,4,1.0,1.0,1.0
n11497,n6430,4,1.0,1.0,1.0
n11498,n14966,4,1.0,1.0,1.0
n11499,n14982,3,0.75,1.0,0.875
n115,n369,4,1.0,1.0,1.0
n1150,n3821,3,0.75,1.0,0.875
n11500,n7762,4,1.0,1.0,1.0
n11501,n17560,3,0.75,1.0,0.875
n11502,n3912,4,1.0,1.0,1.0
n11503,n17673,3,0.75,1.0,0.875
n11504,n3921,4,1.0,1.0,1.0
n11505,n15053,4,1.0,1.0,1.0
n11506,n8798,4,1.0,1.0,1.0
n11507,n15072,4,1.0,1.0,1.0
n11508,n15076,4,1.0,1.0,1.0
n11509,n15117,4,1.0,1.0,1.0
n1151,n16168,3,0.75,1.0,0.875
n11510,n18055,3,0.75,1.0,0.875
n11511,n10029,4,1.0,1.0,1.0
n11512,n15158,4,1.0,1.0,1.0
n11513,n15160,3,0.75,1.0,0.875
n11514,n10602,3,0.75,1.0,0.875
n11515,n15187,4,1.0,1.0,1.0
n11516,n10780,4,1.0,1.0,1.0
n11517,n18414,4,1.0,1.0,1.0
n11518,n3954,3,0.75,1.0,0.875
n11519,n11175,4,1.0,1.0,1.0
n1152,n4493,4,1.0,1.0,1.0
n11520,n15236,4,1.0,1.0,1.0
n11521,n15256,4,1.0,1.0,1.0
n11522,n18609,3,0.75,1.0,0.875
n11523,n15279,4,1.0,1.0,1.0
n11524,n18788,4,1.0,1.0,1.0
n11525,n3979,4,1.0,1.0,1.0
n11526,n15306,3,0.75,1.0,0.875
n11527,n12092,4,1.0,1.0,1.0
n11528,n3983,4,1.0,1.0,1.0
n11529,n18921,4,1.0,1.0,1.0
n1153,n4231,4,1.0,1.0,1.0
n11530,n3991,4,1.0,1.0,1.0
n11531,n3995,3,0.75,1.0,0.875
n11532,n15368,3,0.75,1.0,0.875
n11533,n15393,4,1.0,1.0,1.0
n11534,n15402,4,1.0,1.0,1.0
n11535,n4004,4,1.0,1.0,1.0
n11536,n19218,4,1.0,1.0,1.0
n11537,n15434,4,1.0,1.0,1.0
n11538,n13643,4,1.0,1.0,1.0
n11539,n4013,4,1.0,1.0,1.0
n1154,n4236,4,1.0,1.0,1.0
n11540,n13821,3,0.75,1.0,0.875
n11541,n13861,4,1.0,1.0,1.0
n11542,n19407,4,1.0,1.0,1.0
n11543,n19464,3,0.75,1.0,0.875
n11544,n4037,3,0.75,1.0,0.875
n11545,n15535,4,1.0,1.0,1.0
n11545,n19687,4,1.0,1.0,1.0
n11546,n15549,3,0.75,1.0,0.875
n11547,n15357,4,1.0,1.0,1.0
n11548,n15584,4,1.0,1.0,1.0
n11549,n15587,4,1.0,1.0,1.0
n1155,n5418,4,1.0,1.0,1.0
n11550,n4057,4,1.0,1.0,1.0
n11551,n15626,4,1.0,1.0,1.0
n11552,n15636,4,1.0,1.0,1.0
n11553,n15638,3,0.75,1.0,0.875
n11554,n20257,4,1.0,1.0,1.0
n11555,n16480,3,0.75,1.0,0.875
n11556,n4067,4,1.0,1.0,1.0
n11557,n20503,4,1.0,1.0,1.0
n11558,n4075,3,0.75,1.0,0.875
n11559,n17222,3,0.75,1.0,0.875
n1156,n1609,4,1.0,1.0,1.0
n11560,n4079,4,1.0,1.0,1.0
n11561,n4081,4,1.0,1.0,1.0
n11562,n20650,3,0.75,1.0,0.875
n11563,n15722,4,1.0,1.0,1.0
n11564,n15726,4,1.0,1.0,1.0
n11565,n4086,4,1.0,1.0,1.0
n11566,n4102,3,0.75,1.0,0.875
n11567,n4104,4,1.0,1.0,1.0
n11568,n19166,4,1.0,1.0,1.0
n11569,n4111,3,0.75,1.0,0.875
n1157,n6418,4,1.0,1.0,1.0
n11570,n4116,4,1.0,1.0,1.0
n11571,n15828,4,1.0,1.0,1.0
n11572,n21467,3,0.75,1.0,0.875
n11573,n20776,4,1.0,1.0,1.0
n11574,n21542,4,1.0,1.0,1.0
n11574,n4136,4,1.0,1.0,1.0
n11575,n4143,4,1.0,1.0,1.0
n11576,n21550,4,1.0,1.0,1.0
n11577,n4150,4,1.0,1.0,1.0
n11578,n4168,4,1.0,1.0,1.0
n11579,n190,4,1.0,1.0,1.0
n1158,n16278,4,1.0,1.0,1.0
n11580,n1217,4,1.0,1.0,1.0
n11581,n459,4,1.0,1.0,1.0
n11582,n564,4,1.0,1.0,1.0
n11583,n4197,4,1.0,1.0,1.0
n11584,n16176,4,1.0,1.0,1.0
n11585,n16182,4,1.0,1.0,1.0
n11586,n16189,4,1.0,1.0,1.0
n11587,n4818,4,1.0,1.0,1.0
n11588,n1459,4,1.0,1.0,1.0
n11589,n16236,4,1.0,1.0,1.0
n1159,n16280,4,1.0,1.0,1.0
n11590,n1511,4,1.0,1.0,1.0
n11591,n4239,3,0.75,1.0,0.875
n11592,n16264,3,0.75,1.0,0.875
n11593,n6530,4,1.0,1.0,1.0
n11594,n1725,4,1.0,1.0,1.0
n11595,n1904,4,1.0,1.0,1.0
n11596,n4257,3,0.75,1.0,0.875
n11597,n8162,3,0.75,1.0,0.875
n11598,n2503,3,0.75,1.0,0.875
n11599,n2588,3,0.75,1.0,0.875
n116,n370,3,0.75,1.0,0.875
n1160,n4246,4,1.0,1.0,1.0
n11600,n16496,4,1.0,1.0,1.0
n11601,n4301,3,0.75,1.0,0.875
n11602,n4308,4,1.0,1.0,1.0
n11603,n14416,4,1.0,1.0,1.0
n11604,n16600,4,1.0,1.0,1.0
n11605,n4312,4,1.0,1.0,1.0
n11606,n16630,4,1.0,1.0,1.0
n11607,n16635,4,1.0,1.0,1.0
n11608,n4319,4,1.0,1.0,1.0
n11609,n4323,3,0.75,1.0,0.875
n1161,n4248,4,1.0,1.0,1.0
n11610,n4266,3,0.75,1.0,0.875
n11611,n4269,3,0.75,1.0,0.875
n11612,n17208,4,1.0,1.0,1.0
n11613,n16734,4,1.0,1.0,1.0
n11614,n4358,4,1.0,1.0,1.0
n11615,n16805,4,1.0,1.0,1.0
n11616,n16838,3,0.75,1.0,0.875
n11617,n5195,4,1.0,1.0,1.0
n11618,n16889,3,0.75,1.0,0.875
n11619,n16908,4,1.0,1.0,1.0
n1162,n7104,3,0.75,1.0,0.875
n11620,n21812,4,1.0,1.0,1.0
n11621,n4405,4,1.0,1.0,1.0
n11622,n5707,4,1.0,1.0,1.0
n11623,n16992,4,1.0,1.0,1.0
n11624,n4420,4,1.0,1.0,1.0
n11625,n17040,4,1.0,1.0,1.0
n11626,n4421,3,0.75,1.0,0.875
n11627,n17064,4,1.0,1.0,1.0
n11628,n2434,4,1.0,1.0,1.0
n11628,n4425,4,1.0,1.0,1.0
n11629,n17086,4,1.0,1.0,1.0
n1163,n4262,2,0.5,1.0,0.75
n11630,n4439,4,1.0,1.0,1.0
n11631,n4445,3,0.75,1.0,0.875
n11632,n17148,3,0.75,1.0,0.875
n11633,n6496,4,1.0,1.0,1.0
n11634,n6499,4,1.0,1.0,1.0
n11635,n4459,4,1.0,1.0,1.0
n11636,n4468,4,1.0,1.0,1.0
n11637,n4471,3,0.75,1.0,0.875
n11638,n4477,4,1.0,1.0,1.0
n11639,n7101,4,1.0,1.0,1.0
n1164,n16358,4,1.0,1.0,1.0
n11640,n7265,4,1.0,1.0,1.0
n11641,n4499,4,1.0,1.0,1.0
n11642,n7244,3,0.75,1.0,0.875
n11643,n4505,4,1.0,1.0,1.0
n11644,n4511,3,0.75,1.0,0.875
n11645,n4514,4,1.0,1.0,1.0
n11646,n4519,3,0.75,1.0,0.875
n11647,n8519,4,1.0,1.0,1.0
n11648,n17578,4,1.0,1.0,1.0
n11649,n4534,4,1.0,1.0,1.0
n1165,n16361,4,1.0,1.0,1.0
n11650,n9704,4,1.0,1.0,1.0
n11651,n17726,4,1.0,1.0,1.0
n11652,n11211,4,1.0,1.0,1.0
n11653,n4558,4,1.0,1.0,1.0
n11654,n4560,3,0.75,1.0,0.875
n11655,n17768,4,1.0,1.0,1.0
n11656,n16791,4,1.0,1.0,1.0
n11657,n17124,4,1.0,1.0,1.0
n11658,n4583,4,1.0,1.0,1.0
n11659,n9209,4,1.0,1.0,1.0
n1166,n16417,4,1.0,1.0,1.0
n11660,n4585,4,1.0,1.0,1.0
n11661,n4587,4,1.0,1.0,1.0
n11662,n9331,4,1.0,1.0,1.0
n11663,n18096,4,1.0,1.0,1.0
n11664,n9556,4,1.0,1.0,1.0
n11665,n18041,4,1.0,1.0,1.0
n11666,n4609,4,1.0,1.0,1.0
n11667,n18093,4,1.0,1.0,1.0
n11668,n9932,4,1.0,1.0,1.0
n11669,n20651,4,1.0,1.0,1.0
n1167,n16429,4,1.0,1.0,1.0
n11670,n20886,4,1.0,1.0,1.0
n11671,n21025,4,1.0,1.0,1.0
n11672,n18257,4,1.0,1.0,1.0
n11673,n4660,4,1.0,1.0,1.0
n11674,n4667,3,0.75,1.0,0.875
n11675,n18321,4,1.0,1.0,1.0
n11676,n10676,4,1.0,1.0,1.0
n11677,n10805,4,1.0,1.0,1.0
n11678,n4702,3,0.75,1.0,0.875
n11679,n11024,3,0.75,1.0,0.875
n1168,n4279,4,1.0,1.0,1.0
n11680,n3166,3,0.75,1.0,0.875
n11681,n11325,4,1.0,1.0,1.0
n11682,n4724,4,1.0,1.0,1.0
n11683,n3327,4,1.0,1.0,1.0
n11684,n3449,3,0.75,1.0,0.875
n11685,n3752,4,1.0,1.0,1.0
n11686,n4706,4,1.0,1.0,1.0
n11687,n18784,3,0.75,1.0,0.875
n11688,n18831,4,1.0,1.0,1.0
n11689,n12247,4,1.0,1.0,1.0
n1169,n2650,4,1.0,1.0,1.0
n11690,n7211,3,0.75,1.0,0.875
n11691,n7722,3,0.75,1.0,0.875
n11692,n12610,4,1.0,1.0,1.0
n11693,n19043,4,1.0,1.0,1.0
n11694,n12904,3,0.75,1.0,0.875
n11695,n19081,3,0.75,1.0,0.875
n11696,n13104,3,0.75,1.0,0.875
n11697,n11194,4,1.0,1.0,1.0
n11697,n4839,3,0.75,0.75,0.75
n11698,n11334,4,1.0,1.0,1.0
n11699,n4848,3,0.75,1.0,0.875
n117,n4253,4,1.0,1.0,1.0
n1170,n16447,4,1.0,1.0,1.0
n11700,n19201,4,1.0,1.0,1.0
n11701,n4855,3,0.75,1.0,0.875
n11702,n13424,4,1.0,1.0,1.0
n11703,n4856,4,1.0,1.0,1.0
n11704,n19229,4,1.0,1.0,1.0
n11705,n19297,4,1.0,1.0,1.0
n11706,n4869,4,1.0,1.0,1.0
n11707,n12617,4,1.0,1.0,1.0
n11708,n4875,4,1.0,1.0,1.0
n11709,n4876,4,1.0,1.0,1.0
n1171,n4289,4,1.0,1.0,1.0
n11710,n13013,4,1.0,1.0,1.0
n11711,n13253,4,1.0,1.0,1.0
n11712,n14033,4,1.0,1.0,1.0
n11713,n4886,4,1.0,1.0,1.0
n11714,n13847,4,1.0,1.0,1.0
n11715,n14161,4,1.0,1.0,1.0
n11716,n19468,3,0.75,1.0,0.875
n11717,n14468,4,1.0,1.0,1.0
n11718,n19503,3,0.75,1.0,0.875
n11719,n4900,3,0.75,1.0,0.875
n1172,n11424,4,1.0,1.0,1.0
n11720,n14600,4,1.0,1.0,1.0
n11721,n4904,4,1.0,1.0,1.0
n11722,n4909,3,0.75,1.0,0.875
n11723,n15155,4,1.0,1.0,1.0
n11724,n15168,4,1.0,1.0,1.0
n11725,n15201,4,1.0,1.0,1.0
n11726,n14496,4,1.0,1.0,1.0
n11727,n15224,4,1.0,1.0,1.0
n11728,n19591,3,0.75,1.0,0.875
n11729,n15455,3,0.75,1.0,0.875
n1173,n4290,4,1.0,1.0,1.0
n11730,n4927,4,1.0,1.0,1.0
n11731,n14724,4,1.0,1.0,1.0
n11732,n19654,4,1.0,1.0,1.0
n11733,n14848,4,1.0,1.0,1.0
n11734,n19701,4,1.0,1.0,1.0
n11735,n19732,4,1.0,1.0,1.0
n11736,n19742,3,0.75,1.0,0.875
n11737,n15035,4,1.0,1.0,1.0
n11738,n19781,4,1.0,1.0,1.0
n11739,n15136,4,1.0,1.0,1.0
n1174,n16469,4,1.0,1.0,1.0
n11740,n4966,4,1.0,1.0,1.0
n11741,n19843,4,1.0,1.0,1.0
n11742,n18787,3,0.75,1.0,0.875
n11743,n15418,4,1.0,1.0,1.0
n11744,n19916,3,0.75,1.0,0.875
n11745,n4996,4,1.0,1.0,1.0
n11746,n5000,4,1.0,1.0,1.0
n11747,n20836,4,1.0,1.0,1.0
n11748,n20043,4,1.0,1.0,1.0
n11749,n15799,4,1.0,1.0,1.0
n1175,n2875,4,1.0,1.0,1.0
n11750,n5014,4,1.0,1.0,1.0
n11751,n21563,4,1.0,1.0,1.0
n11752,n21584,4,1.0,1.0,1.0
n11753,n740,4,1.0,1.0,1.0
n11754,n1245,4,1.0,1.0,1.0
n11755,n20192,4,1.0,1.0,1.0
n11756,n1419,4,1.0,1.0,1.0
n11757,n16271,3,0.75,0.75,0.75
n11757,n16272,3,0.75,0.75,0.75
n11757,n16273,4,1.0,1.0,1.0
n11758,n1675,4,1.0,1.0,1.0
n11759,n1696,4,1.0,1.0,1.0
n1176,n2880,4,1.0,1.0,1.0
n11760,n20215,3,0.75,1.0,0.875
n11761,n16430,4,1.0,1.0,1.0
n11762,n20272,4,1.0,1.0,1.0
n11763,n5073,4,1.0,1.0,1.0
n11764,n5075,4,1.0,1.0,1.0
n11765,n5087,3,0.75,1.0,0.875
n11766,n16741,4,1.0,1.0,1.0
n11767,n16893,3,0.75,1.0,0.875
n11768,n20453,4,1.0,1.0,1.0
n11769,n5127,4,1.0,1.0,1.0
n1177,n16481,3,0.75,1.0,0.875
n11770,n17439,4,1.0,1.0,1.0
n11771,n5148,4,1.0,1.0,1.0
n11772,n20684,4,1.0,1.0,1.0
n11773,n5152,4,1.0,1.0,1.0
n11774,n17932,4,1.0,1.0,1.0
n11775,n5171,4,1.0,1.0,1.0
n11776,n5186,3,0.75,1.0,0.875
n11777,n5212,4,1.0,1.0,1.0
n11778,n13211,4,1.0,1.0,1.0
n11779,n13456,4,1.0,1.0,1.0
n1178,n3111,4,1.0,1.0,1.0
n11780,n5218,3,0.75,1.0,0.875
n11781,n13910,4,1.0,1.0,1.0
n11782,n5224,3,0.75,1.0,0.875
n11783,n14713,3,0.75,1.0,0.875
n11784,n19812,4,1.0,1.0,1.0
n11785,n21255,3,0.75,1.0,0.875
n11786,n16537,4,1.0,1.0,1.0
n11787,n16688,4,1.0,1.0,1.0
n11788,n5293,4,1.0,1.0,1.0
n11789,n5299,4,1.0,1.0,1.0
n1179,n4296,3,0.75,1.0,0.875
n11790,n21476,4,1.0,1.0,1.0
n11791,n20786,4,1.0,1.0,1.0
n11792,n20856,4,1.0,1.0,1.0
n11793,n5326,4,1.0,1.0,1.0
n11794,n18565,4,1.0,1.0,1.0
n11795,n20939,4,1.0,1.0,1.0
n11796,n18780,3,0.75,1.0,0.875
n11797,n20974,4,1.0,1.0,1.0
n11798,n21595,4,1.0,1.0,1.0
n11799,n21605,4,1.0,1.0,1.0
n118,n1184,4,1.0,1.0,1.0
n1180,n3180,4,1.0,1.0,1.0
n11800,n21102,4,1.0,1.0,1.0
n11800,n5338,3,0.75,0.75,0.75
n11801,n5339,4,1.0,1.0,1.0
n11802,n21161,3,0.75,1.0,0.875
n11803,n20178,4,1.0,1.0,1.0
n11804,n5352,4,1.0,1.0,1.0
n11805,n21729,4,1.0,1.0,1.0
n11806,n5360,4,1.0,1.0,1.0
n11807,n21754,4,1.0,1.0,1.0
n11808,n5370,4,1.0,1.0,1.0
n11809,n21118,4,1.0,1.0,1.0
n1181,n12992,4,1.0,1.0,1.0
n11810,n21644,4,1.0,1.0,1.0
n11811,n5389,3,0.75,1.0,0.875
n11812,n21329,4,1.0,1.0,1.0
n11813,n21840,4,1.0,1.0,1.0
n11814,n5399,4,1.0,1.0,1.0
n11815,n5403,3,0.75,1.0,0.875
n11816,n21813,4,1.0,1.0,1.0
n11817,n21913,4,1.0,1.0,1.0
n11817,n5413,4,1.0,1.0,1.0
n11818,n53,3,0.75,1.0,0.875
n11819,n5419,4,1.0,1.0,1.0
n1182,n13061,4,1.0,1.0,1.0
n11820,n219,4,1.0,1.0,1.0
n11821,n127,4,1.0,1.0,1.0
n11822,n1996,4,1.0,1.0,1.0
n11823,n5455,4,1.0,1.0,1.0
n11824,n250,4,1.0,1.0,1.0
n11825,n253,4,1.0,1.0,1.0
n11826,n5460,4,1.0,1.0,1.0
n11827,n2714,4,1.0,1.0,1.0
n11828,n792,4,1.0,1.0,1.0
n11829,n5462,4,1.0,1.0,1.0
n1183,n3409,4,1.0,1.0,1.0
n11830,n3184,4,1.0,1.0,1.0
n11831,n942,4,1.0,1.0,1.0
n11832,n960,4,1.0,1.0,1.0
n11833,n972,4,1.0,1.0,1.0
n11834,n346,3,0.75,1.0,0.875
n11835,n5485,4,1.0,1.0,1.0
n11836,n5493,4,1.0,1.0,1.0
n11837,n5501,3,0.75,1.0,0.875
n11838,n502,4,1.0,1.0,1.0
n11839,n6107,4,1.0,1.0,1.0
n1184,n13840,4,1.0,1.0,1.0
n11840,n537,3,0.75,1.0,0.875
n11841,n6138,4,1.0,1.0,1.0
n11842,n560,4,1.0,1.0,1.0
n11843,n2038,4,1.0,1.0,1.0
n11844,n2045,4,1.0,1.0,1.0
n11845,n8218,4,1.0,1.0,1.0
n11846,n631,3,0.75,1.0,0.875
n11847,n666,4,1.0,1.0,1.0
n11848,n674,4,1.0,1.0,1.0
n11849,n9450,4,1.0,1.0,1.0
n1185,n4306,4,1.0,1.0,1.0
n11850,n2407,4,1.0,1.0,1.0
n11851,n10177,4,1.0,1.0,1.0
n11852,n11049,4,1.0,1.0,1.0
n11853,n2741,3,0.75,1.0,0.875
n11854,n11705,4,1.0,1.0,1.0
n11855,n2906,4,1.0,1.0,1.0
n11856,n5582,4,1.0,1.0,1.0
n11857,n871,4,1.0,1.0,1.0
n11858,n891,4,1.0,1.0,1.0
n11859,n3240,4,1.0,1.0,1.0
n1186,n16588,4,1.0,1.0,1.0
n11860,n5591,4,1.0,1.0,1.0
n11861,n898,4,1.0,1.0,1.0
n11862,n3259,3,0.75,1.0,0.875
n11863,n911,4,1.0,1.0,1.0
n11864,n3326,4,1.0,1.0,1.0
n11865,n5594,4,1.0,1.0,1.0
n11866,n973,3,0.75,1.0,0.875
n11867,n5609,4,1.0,1.0,1.0
n11868,n3657,4,1.0,1.0,1.0
n11869,n14689,4,1.0,1.0,1.0
n1187,n16595,4,1.0,1.0,1.0
n11870,n1046,4,1.0,1.0,1.0
n11871,n14817,3,0.75,1.0,0.875
n11872,n4059,3,0.75,1.0,0.875
n11873,n5639,4,1.0,1.0,1.0
n11874,n4234,4,1.0,1.0,1.0
n11875,n16660,4,1.0,1.0,1.0
n11876,n4355,4,1.0,1.0,1.0
n11877,n16973,4,1.0,1.0,1.0
n11878,n17591,4,1.0,1.0,1.0
n11879,n5651,4,1.0,1.0,1.0
n1188,n4310,4,1.0,1.0,1.0
n11880,n18242,4,1.0,1.0,1.0
n11881,n5662,4,1.0,1.0,1.0
n11882,n1326,4,1.0,1.0,1.0
n11883,n1333,4,1.0,1.0,1.0
n11884,n4985,4,1.0,1.0,1.0
n11885,n1395,4,1.0,1.0,1.0
n11885,n1396,4,1.0,1.0,1.0
n11886,n21175,4,1.0,1.0,1.0
n11887,n21498,4,1.0,1.0,1.0
n11888,n5696,4,1.0,1.0,1.0
n11889,n1485,4,1.0,1.0,1.0
n1189,n3830,4,1.0,1.0,1.0
n11890,n5581,4,1.0,1.0,1.0
n11891,n5702,4,1.0,1.0,1.0
n11892,n954,4,1.0,1.0,1.0
n11893,n1504,3,0.75,1.0,0.875
n11894,n5710,4,1.0,1.0,1.0
n11895,n1447,4,1.0,1.0,1.0
n11896,n5929,4,1.0,1.0,1.0
n11897,n2272,4,1.0,1.0,1.0
n11898,n5736,4,1.0,1.0,1.0
n11899,n6079,4,1.0,1.0,1.0
n119,n385,4,1.0,1.0,1.0
n1190,n14797,4,1.0,1.0,1.0
n11900,n6187,4,1.0,1.0,1.0
n11901,n5753,4,1.0,1.0,1.0
n11902,n3631,4,1.0,1.0,1.0
n11903,n5763,3,0.75,1.0,0.875
n11904,n5766,4,1.0,1.0,1.0
n11905,n6674,4,1.0,1.0,1.0
n11906,n6682,4,1.0,1.0,1.0
n11907,n1752,4,1.0,1.0,1.0
n11908,n1773,4,1.0,1.0,1.0
n11909,n5193,4,1.0,1.0,1.0
n1191,n3881,4,1.0,1.0,1.0
n11910,n5362,4,1.0,1.0,1.0
n11911,n5456,4,1.0,1.0,1.0
n11912,n7068,3,0.75,1.0,0.875
n11913,n5804,4,1.0,1.0,1.0
n11914,n6184,4,1.0,1.0,1.0
n11915,n1859,4,1.0,1.0,1.0
n11916,n7337,4,1.0,1.0,1.0
n11917,n5824,3,0.75,0.75,0.75
n11917,n7499,4,1.0,1.0,1.0
n11918,n7764,4,1.0,1.0,1.0
n11919,n5839,4,1.0,1.0,1.0
n1192,n4046,4,1.0,1.0,1.0
n11920,n8508,4,1.0,1.0,1.0
n11921,n8018,3,0.75,1.0,0.875
n11922,n5885,4,1.0,1.0,1.0
n11923,n2079,4,1.0,1.0,1.0
n11924,n10000,4,1.0,1.0,1.0
n11925,n5887,4,1.0,1.0,1.0
n11926,n10226,3,0.75,1.0,0.875
n11927,n2085,4,1.0,1.0,1.0
n11928,n5891,4,1.0,1.0,1.0
n11929,n2094,4,1.0,1.0,1.0
n1193,n4317,4,1.0,1.0,1.0
n11930,n10487,4,1.0,1.0,1.0
n11931,n8504,3,0.75,1.0,0.875
n11932,n8539,3,0.75,1.0,0.875
n11933,n8545,4,1.0,1.0,1.0
n11934,n13820,4,1.0,1.0,1.0
n11935,n5922,3,0.75,1.0,0.875
n11936,n8717,3,0.75,1.0,0.875
n11937,n5924,4,1.0,1.0,1.0
n11938,n16008,3,0.75,1.0,0.875
n11939,n2161,4,1.0,1.0,1.0
n1194,n16671,4,1.0,1.0,1.0
n11940,n8775,4,1.0,1.0,1.0
n11941,n16258,3,0.75,1.0,0.875
n11942,n5941,4,1.0,1.0,1.0
n11943,n2199,4,1.0,1.0,1.0
n11944,n17188,4,1.0,1.0,1.0
n11945,n5945,4,1.0,1.0,1.0
n11946,n9183,4,1.0,1.0,1.0
n11947,n17656,4,1.0,1.0,1.0
n11948,n5950,4,1.0,1.0,1.0
n11949,n2273,3,0.75,1.0,0.875
n1195,n4329,4,1.0,1.0,1.0
n11950,n5976,3,0.75,1.0,0.875
n11951,n2316,3,0.75,1.0,0.875
n11952,n9882,4,1.0,1.0,1.0
n11953,n2355,3,0.75,1.0,0.875
n11954,n6001,3,0.75,1.0,0.875
n11955,n20090,4,1.0,1.0,1.0
n11956,n20555,4,1.0,1.0,1.0
n11957,n6016,4,1.0,1.0,1.0
n11958,n10185,4,1.0,1.0,1.0
n11959,n2424,4,1.0,1.0,1.0
n1196,n16709,4,1.0,1.0,1.0
n11960,n2426,4,1.0,1.0,1.0
n11961,n2455,4,1.0,1.0,1.0
n11962,n6027,4,1.0,1.0,1.0
n11963,n6032,4,1.0,1.0,1.0
n11964,n6038,4,1.0,1.0,1.0
n11965,n280,3,0.75,1.0,0.875
n11966,n288,4,1.0,1.0,1.0
n11967,n347,3,0.75,1.0,0.875
n11968,n478,4,1.0,1.0,1.0
n11969,n6052,3,0.75,1.0,0.875
n1197,n4339,4,1.0,1.0,1.0
n11970,n6053,3,0.75,1.0,0.875
n11971,n2575,4,1.0,1.0,1.0
n11972,n10742,4,1.0,1.0,1.0
n11973,n6061,4,1.0,1.0,1.0
n11974,n6066,4,1.0,1.0,1.0
n11975,n1386,4,1.0,1.0,1.0
n11976,n10929,4,1.0,1.0,1.0
n11977,n1728,4,1.0,1.0,1.0
n11978,n6087,3,0.75,1.0,0.875
n11979,n11023,3,0.75,1.0,0.875
n1198,n4348,4,1.0,1.0,1.0
n11980,n11139,3,0.75,1.0,0.875
n11981,n2713,4,1.0,1.0,1.0
n11982,n6101,4,1.0,1.0,1.0
n11983,n2720,4,1.0,1.0,1.0
n11984,n6104,3,0.75,1.0,0.875
n11985,n11205,3,0.75,1.0,0.875
n11986,n11207,4,1.0,1.0,1.0
n11987,n2838,4,1.0,1.0,1.0
n11988,n2887,4,1.0,1.0,1.0
n11989,n2734,4,1.0,1.0,1.0
n1199,n4550,4,1.0,1.0,1.0
n11990,n2745,4,1.0,1.0,1.0
n11991,n2750,4,1.0,1.0,1.0
n11992,n6116,4,1.0,1.0,1.0
n11993,n3427,3,0.75,1.0,0.875
n11994,n3502,4,1.0,1.0,1.0
n11995,n6125,3,0.75,1.0,0.875
n11996,n11445,4,1.0,1.0,1.0
n11997,n11520,4,1.0,1.0,1.0
n11998,n3984,4,1.0,1.0,1.0
n11999,n4027,4,1.0,1.0,1.0
n12,n39,3,0.75,1.0,0.875
n120,n389,4,1.0,1.0,1.0
n1200,n4356,4,1.0,1.0,1.0
n12000,n11551,4,1.0,1.0,1.0
n12001,n6142,3,0.75,1.0,0.875
n12002,n4498,4,1.0,1.0,1.0
n12003,n6144,4,1.0,1.0,1.0
n12004,n6152,3,0.75,1.0,0.875
n12005,n4965,3,0.75,1.0,0.875
n12006,n2927,4,1.0,1.0,1.0
n12007,n6161,4,1.0,1.0,1.0
n12008,n11859,4,1.0,1.0,1.0
n12009,n11869,4,1.0,1.0,1.0
n1201,n4659,4,1.0,1.0,1.0
n12010,n2970,3,0.75,1.0,0.875
n12011,n11962,4,1.0,1.0,1.0
n12012,n6264,3,0.75,1.0,0.875
n12013,n12053,3,0.75,1.0,0.875
n12014,n6421,3,0.75,1.0,0.875
n12015,n6753,4,1.0,1.0,1.0
n12016,n12160,3,0.75,1.0,0.875
n12017,n6842,3,0.75,1.0,0.875
n12018,n7048,4,1.0,1.0,1.0
n12019,n7141,4,1.0,1.0,1.0
n1202,n16770,4,1.0,1.0,1.0
n12020,n12277,3,0.75,1.0,0.875
n12021,n6213,4,1.0,1.0,1.0
n12022,n6227,3,0.75,1.0,0.875
n12023,n12450,4,1.0,1.0,1.0
n12024,n3117,3,0.75,1.0,0.875
n12025,n7973,3,0.75,1.0,0.875
n12026,n3135,4,1.0,1.0,1.0
n12027,n12558,4,1.0,1.0,1.0
n12027,n3140,3,0.75,0.75,0.75
n12028,n12559,4,1.0,1.0,1.0
n12029,n6253,4,1.0,1.0,1.0
n1203,n16800,4,1.0,1.0,1.0
n12030,n6260,4,1.0,1.0,1.0
n12031,n12628,3,0.75,1.0,0.875
n12032,n8640,3,0.75,1.0,0.875
n12033,n8708,4,1.0,1.0,1.0
n12034,n3182,3,0.75,1.0,0.875
n12035,n12678,3,0.75,1.0,0.875
n12036,n3253,4,1.0,1.0,1.0
n12037,n9841,3,0.75,1.0,0.875
n12038,n9917,4,1.0,1.0,1.0
n12039,n3301,4,1.0,1.0,1.0
n1204,n4374,4,1.0,1.0,1.0
n12040,n3329,4,1.0,1.0,1.0
n12041,n13148,4,1.0,1.0,1.0
n12042,n10904,4,1.0,1.0,1.0
n12043,n3372,3,0.75,1.0,0.875
n12044,n6322,4,1.0,1.0,1.0
n12045,n11158,4,1.0,1.0,1.0
n12046,n13282,4,1.0,1.0,1.0
n12047,n11239,4,1.0,1.0,1.0
n12048,n3406,4,1.0,1.0,1.0
n12048,n3407,3,0.75,0.75,0.75
n12049,n11699,3,0.75,1.0,0.875
n1205,n20061,4,1.0,1.0,1.0
n12050,n11830,4,1.0,1.0,1.0
n12051,n3476,3,0.75,1.0,0.875
n12052,n12362,3,0.75,1.0,0.875
n12053,n3514,3,0.75,1.0,0.875
n12054,n13709,4,1.0,1.0,1.0
n12055,n12641,4,1.0,1.0,1.0
n12056,n6388,4,1.0,1.0,1.0
n12057,n12931,4,1.0,1.0,1.0
n12058,n3572,3,0.75,1.0,0.875
n12059,n13865,3,0.75,1.0,0.875
n1206,n20171,4,1.0,1.0,1.0
n12060,n3580,4,1.0,1.0,1.0
n12061,n3598,3,0.75,1.0,0.875
n12062,n6416,3,0.75,1.0,0.875
n12063,n14068,4,1.0,1.0,1.0
n12064,n14137,3,0.75,1.0,0.875
n12065,n6442,3,0.75,1.0,0.875
n12066,n14242,3,0.75,1.0,0.875
n12067,n14267,4,1.0,1.0,1.0
n12068,n3679,4,1.0,1.0,1.0
n12069,n14284,3,0.75,1.0,0.875
n1207,n20399,4,1.0,1.0,1.0
n12070,n14288,4,1.0,1.0,1.0
n12071,n14537,4,1.0,1.0,1.0
n12072,n14549,4,1.0,1.0,1.0
n12073,n14685,4,1.0,1.0,1.0
n12074,n6465,3,0.75,1.0,0.875
n12075,n6468,3,0.75,1.0,0.875
n12076,n14466,3,0.75,1.0,0.875
n12077,n14534,3,0.75,1.0,0.875
n12078,n15370,4,1.0,1.0,1.0
n12079,n3762,4,1.0,1.0,1.0
n1208,n4384,4,1.0,1.0,1.0
n12080,n6490,4,1.0,1.0,1.0
n12081,n15774,3,0.75,1.0,0.875
n12082,n3790,3,0.75,1.0,0.875
n12083,n15926,4,1.0,1.0,1.0
n12084,n6500,3,0.75,1.0,0.875
n12085,n16632,4,1.0,1.0,1.0
n12086,n6508,3,0.75,1.0,0.875
n12087,n14892,3,0.75,1.0,0.875
n12088,n6513,3,0.75,1.0,0.875
n12089,n17290,4,1.0,1.0,1.0
n1209,n16888,4,1.0,1.0,1.0
n12090,n6528,4,1.0,1.0,1.0
n12091,n3959,4,1.0,1.0,1.0
n12092,n15231,4,1.0,1.0,1.0
n12092,n6541,4,1.0,1.0,1.0
n12093,n3962,3,0.75,1.0,0.875
n12094,n6542,4,1.0,1.0,1.0
n12095,n6544,4,1.0,1.0,1.0
n12096,n6545,4,1.0,1.0,1.0
n12097,n6547,3,0.75,1.0,0.875
n12098,n18861,4,1.0,1.0,1.0
n12099,n4008,4,1.0,1.0,1.0
n121,n393,4,1.0,1.0,1.0
n1210,n16891,4,1.0,1.0,1.0
n12100,n19329,4,1.0,1.0,1.0
n12100,n4012,4,1.0,1.0,1.0
n12101,n15452,4,1.0,1.0,1.0
n12102,n19421,3,0.75,1.0,0.875
n12103,n15484,3,0.75,1.0,0.875
n12104,n19549,4,1.0,1.0,1.0
n12105,n4029,4,1.0,1.0,1.0
n12106,n19722,4,1.0,1.0,1.0
n12107,n19953,4,1.0,1.0,1.0
n12108,n4061,4,1.0,1.0,1.0
n12109,n4066,3,0.75,1.0,0.875
n1211,n21491,4,1.0,1.0,1.0
n12110,n4103,3,0.75,1.0,0.875
n12111,n15784,3,0.75,1.0,0.875
n12112,n21160,4,1.0,1.0,1.0
n12113,n21641,4,1.0,1.0,1.0
n12114,n6603,4,1.0,1.0,1.0
n12115,n15985,4,1.0,1.0,1.0
n12116,n4202,4,1.0,1.0,1.0
n12117,n4229,4,1.0,1.0,1.0
n12118,n6632,4,1.0,1.0,1.0
n12119,n2587,4,1.0,1.0,1.0
n1212,n16902,4,1.0,1.0,1.0
n12120,n6637,4,1.0,1.0,1.0
n12121,n16878,4,1.0,1.0,1.0
n12122,n16969,4,1.0,1.0,1.0
n12123,n6661,4,1.0,1.0,1.0
n12124,n6677,4,1.0,1.0,1.0
n12125,n6679,3,0.75,1.0,0.875
n12126,n7135,3,0.75,1.0,0.875
n12127,n7507,3,0.75,1.0,0.875
n12128,n4507,4,1.0,1.0,1.0
n12129,n7578,4,1.0,1.0,1.0
n1213,n375,4,1.0,1.0,1.0
n12130,n6694,3,0.75,1.0,0.875
n12131,n17581,4,1.0,1.0,1.0
n12132,n4555,4,1.0,1.0,1.0
n12133,n6705,4,1.0,1.0,1.0
n12134,n4563,3,0.75,1.0,0.875
n12135,n4567,3,0.75,1.0,0.875
n12136,n6715,4,1.0,1.0,1.0
n12137,n17983,3,0.75,1.0,0.875
n12138,n9405,4,1.0,1.0,1.0
n12139,n18050,3,0.75,1.0,0.875
n1214,n4409,4,1.0,1.0,1.0
n12140,n18112,4,1.0,1.0,1.0
n12141,n4618,4,1.0,1.0,1.0
n12142,n10648,4,1.0,1.0,1.0
n12143,n4681,4,1.0,1.0,1.0
n12144,n10783,3,0.75,1.0,0.875
n12145,n4712,4,1.0,1.0,1.0
n12146,n4727,4,1.0,1.0,1.0
n12147,n4749,3,0.75,1.0,0.875
n12148,n4778,3,0.75,1.0,0.875
n12149,n18944,4,1.0,1.0,1.0
n1215,n16986,4,1.0,1.0,1.0
n12150,n19030,3,0.75,1.0,0.875
n12151,n4825,3,0.75,1.0,0.875
n12152,n13127,4,1.0,1.0,1.0
n12153,n4840,3,0.75,1.0,0.875
n12154,n4865,4,1.0,1.0,1.0
n12155,n4870,3,0.75,1.0,0.875
n12156,n19346,3,0.75,1.0,0.875
n12157,n4877,4,1.0,1.0,1.0
n12158,n19374,4,1.0,1.0,1.0
n12159,n19379,4,1.0,1.0,1.0
n1216,n1601,4,1.0,1.0,1.0
n12160,n14036,3,0.75,1.0,0.875
n12161,n14115,4,1.0,1.0,1.0
n12162,n19547,4,1.0,1.0,1.0
n12163,n19578,4,1.0,1.0,1.0
n12164,n4922,4,1.0,1.0,1.0
n12165,n19606,3,0.75,1.0,0.875
n12166,n4942,4,1.0,1.0,1.0
n12167,n6828,3,0.75,1.0,0.875
n12168,n4969,4,1.0,1.0,1.0
n12169,n4974,4,1.0,1.0,1.0
n1217,n4416,4,1.0,1.0,1.0
n12170,n15385,4,1.0,1.0,1.0
n12171,n19938,4,1.0,1.0,1.0
n12172,n6850,4,1.0,1.0,1.0
n12173,n15812,4,1.0,1.0,1.0
n12174,n20102,4,1.0,1.0,1.0
n12175,n6857,4,1.0,1.0,1.0
n12176,n5023,4,1.0,1.0,1.0
n12177,n16293,3,0.75,1.0,0.875
n12178,n20278,4,1.0,1.0,1.0
n12179,n6887,4,1.0,1.0,1.0
n1218,n1973,4,1.0,1.0,1.0
n12180,n20640,3,0.75,1.0,0.875
n12181,n5149,4,1.0,1.0,1.0
n12182,n17874,4,1.0,1.0,1.0
n12183,n20781,4,1.0,1.0,1.0
n12184,n18737,4,1.0,1.0,1.0
n12185,n5207,4,1.0,1.0,1.0
n12186,n21038,4,1.0,1.0,1.0
n12187,n19465,3,0.75,1.0,0.875
n12188,n5227,4,1.0,1.0,1.0
n12189,n6916,4,1.0,1.0,1.0
n1219,n17053,4,1.0,1.0,1.0
n12190,n6919,3,0.75,1.0,0.875
n12191,n20151,4,1.0,1.0,1.0
n12192,n20287,4,1.0,1.0,1.0
n12193,n6934,4,1.0,1.0,1.0
n12194,n6935,4,1.0,1.0,1.0
n12195,n6937,4,1.0,1.0,1.0
n12196,n6938,4,1.0,1.0,1.0
n12197,n5304,4,1.0,1.0,1.0
n12198,n5306,3,0.75,1.0,0.875
n12199,n5308,4,1.0,1.0,1.0
n122,n395,4,1.0,1.0,1.0
n1220,n2324,4,1.0,1.0,1.0
n12200,n6939,4,1.0,1.0,1.0
n12201,n21451,3,0.75,1.0,0.875
n12202,n21532,4,1.0,1.0,1.0
n12203,n6947,4,1.0,1.0,1.0
n12204,n21286,4,1.0,1.0,1.0
n12205,n21752,4,1.0,1.0,1.0
n12206,n21782,4,1.0,1.0,1.0
n12207,n21810,4,1.0,1.0,1.0
n12208,n21871,3,0.75,1.0,0.875
n12209,n108,4,1.0,1.0,1.0
n1221,n2415,3,0.75,1.0,0.875
n12210,n51,3,0.75,1.0,0.875
n12211,n839,4,1.0,1.0,1.0
n12212,n6974,4,1.0,1.0,1.0
n12213,n5473,4,1.0,1.0,1.0
n12214,n1777,4,1.0,1.0,1.0
n12215,n6992,4,1.0,1.0,1.0
n12216,n1008,4,1.0,1.0,1.0
n12217,n7012,4,1.0,1.0,1.0
n12218,n4792,4,1.0,1.0,1.0
n12219,n5158,4,1.0,1.0,1.0
n1222,n2434,4,1.0,1.0,1.0
n12220,n5744,4,1.0,1.0,1.0
n12221,n6170,3,0.75,1.0,0.875
n12222,n6592,4,1.0,1.0,1.0
n12223,n7051,4,1.0,1.0,1.0
n12224,n5784,4,1.0,1.0,1.0
n12225,n7052,4,1.0,1.0,1.0
n12226,n7058,4,1.0,1.0,1.0
n12227,n7067,4,1.0,1.0,1.0
n12228,n7070,4,1.0,1.0,1.0
n12229,n7076,4,1.0,1.0,1.0
n1223,n4435,3,0.75,1.0,0.875
n12230,n7082,3,0.75,1.0,0.875
n12231,n1964,4,1.0,1.0,1.0
n12232,n7083,4,1.0,1.0,1.0
n12233,n7085,4,1.0,1.0,1.0
n12234,n7846,3,0.75,1.0,0.875
n12235,n5865,4,1.0,1.0,1.0
n12236,n7095,4,1.0,1.0,1.0
n12237,n5893,3,0.75,1.0,0.875
n12238,n5897,4,1.0,1.0,1.0
n12239,n2118,3,0.75,1.0,0.875
n1224,n4437,4,1.0,1.0,1.0
n12240,n7107,3,0.75,1.0,0.875
n12241,n8648,3,0.75,1.0,0.875
n12242,n7115,3,0.75,1.0,0.875
n12243,n2173,4,1.0,1.0,1.0
n12244,n7121,3,0.75,1.0,0.875
n12245,n9289,3,0.75,1.0,0.875
n12246,n5964,3,0.75,1.0,0.875
n12247,n5966,4,1.0,1.0,1.0
n12247,n9576,3,0.75,0.75,0.75
n12248,n2289,4,1.0,1.0,1.0
n12248,n9592,4,1.0,1.0,1.0
n12248,n9594,3,0.75,0.75,0.75
n12249,n7132,4,1.0,1.0,1.0
n1225,n17108,4,1.0,1.0,1.0
n12250,n5984,3,0.75,1.0,0.875
n12251,n2338,4,1.0,1.0,1.0
n12252,n7138,4,1.0,1.0,1.0
n12253,n10084,4,1.0,1.0,1.0
n12254,n7145,4,1.0,1.0,1.0
n12255,n6024,3,0.75,1.0,0.875
n12256,n6044,4,1.0,1.0,1.0
n12257,n2550,4,1.0,1.0,1.0
n12258,n2569,4,1.0,1.0,1.0
n12259,n10956,3,0.75,1.0,0.875
n1226,n6311,4,1.0,1.0,1.0
n12260,n7171,4,1.0,1.0,1.0
n12261,n7178,4,1.0,1.0,1.0
n12262,n2789,4,1.0,1.0,1.0
n12263,n7183,4,1.0,1.0,1.0
n12264,n7184,4,1.0,1.0,1.0
n12265,n2835,4,1.0,1.0,1.0
n12266,n11771,4,1.0,1.0,1.0
n12267,n11867,4,1.0,1.0,1.0
n12268,n6176,4,1.0,1.0,1.0
n12269,n7200,4,1.0,1.0,1.0
n1227,n4245,4,1.0,1.0,1.0
n12270,n6220,3,0.75,1.0,0.875
n12271,n12360,4,1.0,1.0,1.0
n12272,n6228,4,1.0,1.0,1.0
n12273,n7218,3,0.75,1.0,0.875
n12274,n12541,4,1.0,1.0,1.0
n12275,n6257,4,1.0,1.0,1.0
n12276,n12642,4,1.0,1.0,1.0
n12277,n3177,3,0.75,1.0,0.875
n12278,n6288,4,1.0,1.0,1.0
n12279,n3251,4,1.0,1.0,1.0
n1228,n17305,4,1.0,1.0,1.0
n12280,n6293,4,1.0,1.0,1.0
n12281,n13087,4,1.0,1.0,1.0
n12282,n6324,3,0.75,1.0,0.875
n12283,n6330,3,0.75,1.0,0.875
n12284,n6351,4,1.0,1.0,1.0
n12285,n6357,4,1.0,1.0,1.0
n12286,n7248,4,1.0,1.0,1.0
n12287,n3474,3,0.75,1.0,0.875
n12288,n7251,4,1.0,1.0,1.0
n12289,n13795,3,0.75,1.0,0.875
n1229,n4480,4,1.0,1.0,1.0
n12290,n13808,4,1.0,1.0,1.0
n12291,n7257,4,1.0,1.0,1.0
n12292,n13941,4,1.0,1.0,1.0
n12293,n6420,3,0.75,1.0,0.875
n12294,n14067,4,1.0,1.0,1.0
n12295,n14234,3,0.75,1.0,0.875
n12296,n6488,4,1.0,1.0,1.0
n12297,n14612,3,0.75,0.75,0.75
n12297,n6489,4,1.0,1.0,1.0
n12298,n15703,4,1.0,1.0,1.0
n12299,n7317,4,1.0,1.0,1.0
n123,n17004,4,1.0,1.0,1.0
n1230,n4492,4,1.0,1.0,1.0
n12300,n16069,4,1.0,1.0,1.0
n12301,n7321,3,0.75,1.0,0.875
n12302,n4287,4,1.0,1.0,1.0
n12303,n17417,3,0.75,1.0,0.875
n12304,n17608,3,0.75,1.0,0.875
n12305,n18181,4,1.0,1.0,1.0
n12306,n4631,4,1.0,1.0,1.0
n12307,n4638,4,1.0,1.0,1.0
n12308,n7360,4,1.0,1.0,1.0
n12309,n4745,3,0.75,1.0,0.875
n1231,n7020,4,1.0,1.0,1.0
n12310,n4746,4,1.0,1.0,1.0
n12311,n7361,3,0.75,1.0,0.875
n12312,n4753,4,1.0,1.0,1.0
n12313,n19044,3,0.75,1.0,0.875
n12314,n4881,3,0.75,1.0,0.875
n12315,n4981,4,1.0,1.0,1.0
n12316,n5002,4,1.0,1.0,1.0
n12317,n7385,4,1.0,1.0,1.0
n12318,n20154,4,1.0,1.0,1.0
n12319,n20326,4,1.0,1.0,1.0
n1232,n7470,4,1.0,1.0,1.0
n12320,n6873,4,1.0,1.0,1.0
n12321,n20708,4,1.0,1.0,1.0
n12322,n7403,3,0.75,1.0,0.875
n12323,n7411,3,0.75,1.0,0.875
n12324,n5605,3,0.75,1.0,0.875
n12325,n5708,3,0.75,1.0,0.875
n12326,n1635,4,1.0,1.0,1.0
n12327,n7460,4,1.0,1.0,1.0
n12328,n7467,3,0.75,1.0,0.875
n12329,n7108,4,1.0,1.0,1.0
n1233,n17466,4,1.0,1.0,1.0
n1233,n17467,4,1.0,1.0,1.0
n1233,n7196,4,1.0,1.0,1.0
n12330,n7109,4,1.0,1.0,1.0
n12331,n2308,3,0.75,1.0,0.875
n12332,n2504,4,1.0,1.0,1.0
n12333,n6119,3,0.75,1.0,0.875
n12334,n7209,4,1.0,1.0,1.0
n12334,n7491,3,0.75,0.75,0.75
n12335,n7212,4,1.0,1.0,1.0
n12336,n7214,3,0.75,1.0,0.875
n12337,n6326,3,0.75,1.0,0.875
n12338,n7243,4,1.0,1.0,1.0
n12339,n3436,4,1.0,1.0,1.0
n1234,n4502,4,1.0,1.0,1.0
n1234,n7228,4,1.0,1.0,1.0
n1234,n7497,4,1.0,1.0,1.0
n12340,n3539,3,0.75,0.75,0.75
n12340,n3540,4,1.0,1.0,1.0
n12341,n6397,4,1.0,1.0,1.0
n12342,n3784,3,0.75,1.0,0.875
n12343,n7526,3,0.75,1.0,0.875
n12344,n7534,3,0.75,1.0,0.875
n12345,n4069,4,1.0,1.0,1.0
n12346,n7332,4,1.0,1.0,1.0
n12347,n6810,3,0.75,1.0,0.875
n12348,n6954,4,1.0,1.0,1.0
n12349,n6973,3,0.75,1.0,0.875
n1235,n8292,4,1.0,1.0,1.0
n12350,n5636,4,1.0,1.0,1.0
n12351,n7568,3,0.75,1.0,0.875
n12352,n7570,4,1.0,1.0,1.0
n12353,n5861,4,1.0,1.0,1.0
n12354,n5905,3,0.75,1.0,0.875
n12355,n7103,4,1.0,1.0,1.0
n12356,n7106,3,0.75,1.0,0.875
n12357,n5979,3,0.75,1.0,0.875
n12358,n7480,4,1.0,1.0,1.0
n12359,n7583,4,1.0,1.0,1.0
n1236,n4518,3,0.75,1.0,0.875
n12360,n6361,4,1.0,1.0,1.0
n12361,n7249,4,1.0,1.0,1.0
n12362,n6826,3,0.75,1.0,0.875
n12363,n7606,3,0.75,1.0,0.875
n12364,n7607,4,1.0,1.0,1.0
n12365,n7459,4,1.0,1.0,1.0
n12366,n8094,4,1.0,1.0,1.0
n12367,n7733,3,0.75,1.0,0.875
n12368,n7790,3,0.75,1.0,0.875
n12369,n8623,4,1.0,1.0,1.0
n1237,n17573,4,1.0,1.0,1.0
n12370,n7642,3,0.75,1.0,0.875
n12371,n8107,4,1.0,1.0,1.0
n12372,n7750,3,0.75,1.0,0.875
n12373,n7655,3,0.75,1.0,0.875
n12374,n8243,4,1.0,1.0,1.0
n12375,n7785,3,0.75,1.0,0.875
n12376,n8380,3,0.75,1.0,0.875
n12377,n7807,3,0.75,1.0,0.875
n12378,n7813,4,1.0,1.0,1.0
n12379,n7828,4,1.0,1.0,1.0
n1238,n17585,3,0.75,1.0,0.875
n12380,n7664,3,0.75,1.0,0.875
n12381,n12043,3,0.75,1.0,0.875
n12382,n12228,4,1.0,1.0,1.0
n12383,n12352,4,1.0,1.0,1.0
n12384,n12578,4,1.0,1.0,1.0
n12385,n7673,4,1.0,1.0,1.0
n12386,n8598,4,1.0,1.0,1.0
n12387,n7863,4,1.0,1.0,1.0
n12388,n7681,4,1.0,1.0,1.0
n12389,n15183,3,0.75,1.0,0.875
n1239,n4526,4,1.0,1.0,1.0
n12390,n15258,4,1.0,1.0,1.0
n12391,n8785,4,1.0,1.0,1.0
n12392,n7930,3,0.75,1.0,0.875
n12393,n8908,4,1.0,1.0,1.0
n12394,n16967,4,1.0,1.0,1.0
n12395,n9022,4,1.0,1.0,1.0
n12396,n7704,4,1.0,1.0,1.0
n12397,n7976,4,1.0,1.0,1.0
n12398,n7708,3,0.75,1.0,0.875
n12399,n7716,4,1.0,1.0,1.0
n124,n4424,4,1.0,1.0,1.0
n1240,n4530,4,1.0,1.0,1.0
n12400,n17674,4,1.0,1.0,1.0
n12401,n8092,4,1.0,1.0,1.0
n12402,n8105,3,0.75,1.0,0.875
n12403,n8124,4,1.0,1.0,1.0
n12404,n9510,4,1.0,1.0,1.0
n12405,n9531,4,1.0,1.0,1.0
n12406,n18604,4,1.0,1.0,1.0
n12407,n9606,3,0.75,1.0,0.875
n12408,n18910,3,0.75,0.75,0.75
n12408,n8176,4,1.0,1.0,1.0
n12409,n7758,4,1.0,1.0,1.0
n1241,n9217,4,1.0,1.0,1.0
n12410,n7761,4,1.0,1.0,1.0
n12411,n7769,4,1.0,1.0,1.0
n12412,n19483,4,1.0,1.0,1.0
n12413,n9878,3,0.75,1.0,0.875
n12414,n7776,3,0.75,1.0,0.875
n12415,n10035,4,1.0,1.0,1.0
n12416,n7782,4,1.0,1.0,1.0
n12417,n7789,4,1.0,1.0,1.0
n12418,n7791,4,1.0,1.0,1.0
n12419,n8352,4,1.0,1.0,1.0
n1242,n8345,4,1.0,1.0,1.0
n12420,n8360,4,1.0,1.0,1.0
n12421,n8362,4,1.0,1.0,1.0
n12422,n7799,4,1.0,1.0,1.0
n12423,n7805,3,0.75,1.0,0.875
n12424,n8443,3,0.75,1.0,0.875
n12425,n10632,4,1.0,1.0,1.0
n12426,n1230,4,1.0,1.0,1.0
n12427,n10836,4,1.0,1.0,1.0
n12428,n2351,4,1.0,1.0,1.0
n12429,n8470,4,1.0,1.0,1.0
n1243,n4554,4,1.0,1.0,1.0
n12430,n8474,4,1.0,1.0,1.0
n12431,n11356,3,0.75,1.0,0.875
n12432,n8486,4,1.0,1.0,1.0
n12433,n4669,4,1.0,1.0,1.0
n12434,n7823,3,0.75,1.0,0.875
n12435,n7830,4,1.0,1.0,1.0
n12436,n7831,4,1.0,1.0,1.0
n12437,n8515,4,1.0,1.0,1.0
n12438,n7832,4,1.0,1.0,1.0
n12439,n7845,3,0.75,1.0,0.875
n1244,n8574,4,1.0,1.0,1.0
n12440,n8563,4,1.0,1.0,1.0
n12441,n8582,3,0.75,1.0,0.875
n12442,n7866,4,1.0,1.0,1.0
n12443,n7869,4,1.0,1.0,1.0
n12444,n13717,3,0.75,1.0,0.875
n12445,n7873,4,1.0,1.0,1.0
n12446,n14172,4,1.0,1.0,1.0
n12447,n8651,4,1.0,1.0,1.0
n12448,n8652,4,1.0,1.0,1.0
n12449,n7877,4,1.0,1.0,1.0
n1245,n17748,4,1.0,1.0,1.0
n12450,n8666,4,1.0,1.0,1.0
n12451,n8673,4,1.0,1.0,1.0
n12452,n14899,4,1.0,1.0,1.0
n12453,n7885,4,1.0,1.0,1.0
n12454,n18059,4,1.0,1.0,1.0
n12455,n8705,3,0.75,1.0,0.875
n12456,n8720,4,1.0,1.0,1.0
n12457,n7895,3,0.75,1.0,0.875
n12458,n8777,3,0.75,1.0,0.875
n12459,n8789,4,1.0,1.0,1.0
n1246,n4561,3,0.75,1.0,0.875
n12460,n16188,3,0.75,1.0,0.875
n12461,n16269,4,1.0,1.0,1.0
n12462,n7927,3,0.75,1.0,0.875
n12463,n8859,4,1.0,1.0,1.0
n12464,n8860,4,1.0,1.0,1.0
n12465,n7933,4,1.0,1.0,1.0
n12466,n16411,4,1.0,1.0,1.0
n12467,n8879,4,1.0,1.0,1.0
n12468,n16424,3,0.75,1.0,0.875
n12469,n7937,4,1.0,1.0,1.0
n1247,n16289,4,1.0,1.0,1.0
n12470,n2989,4,1.0,1.0,1.0
n12471,n7943,3,0.75,1.0,0.875
n12472,n7951,4,1.0,1.0,1.0
n12473,n16948,4,1.0,1.0,1.0
n12473,n7960,3,0.75,0.75,0.75
n12474,n8988,4,1.0,1.0,1.0
n12475,n5574,4,1.0,1.0,1.0
n12476,n5814,4,1.0,1.0,1.0
n12477,n7968,4,1.0,1.0,1.0
n12478,n17081,4,1.0,1.0,1.0
n12479,n7974,4,1.0,1.0,1.0
n1248,n17838,4,1.0,1.0,1.0
n12480,n9038,4,1.0,1.0,1.0
n12481,n9048,3,0.75,1.0,0.875
n12482,n7979,4,1.0,1.0,1.0
n12483,n6769,4,1.0,1.0,1.0
n12484,n7984,3,0.75,1.0,0.875
n12485,n9095,4,1.0,1.0,1.0
n12486,n9109,4,1.0,1.0,1.0
n12487,n8009,4,1.0,1.0,1.0
n12488,n17440,4,1.0,1.0,1.0
n12489,n17442,3,0.75,0.75,0.75
n12489,n8010,4,1.0,1.0,1.0
n12489,n9142,4,1.0,1.0,1.0
n1249,n4570,4,1.0,1.0,1.0
n12490,n7443,4,1.0,1.0,1.0
n12491,n17456,4,1.0,1.0,1.0
n12492,n9153,4,1.0,1.0,1.0
n12493,n9154,3,0.75,1.0,0.875
n12494,n17497,4,1.0,1.0,1.0
n12495,n9173,4,1.0,1.0,1.0
n12496,n7749,4,1.0,1.0,1.0
n12497,n17584,3,0.75,1.0,0.875
n12498,n8032,3,0.75,1.0,0.875
n12499,n17669,4,1.0,1.0,1.0
n125,n399,4,1.0,1.0,1.0
n1250,n17882,4,1.0,1.0,1.0
n12500,n17730,3,0.75,1.0,0.875
n12501,n9255,4,1.0,1.0,1.0
n12502,n8051,4,1.0,1.0,1.0
n12503,n17757,3,0.75,1.0,0.875
n12504,n8642,3,0.75,1.0,0.875
n12505,n8065,4,1.0,1.0,1.0
n12506,n9305,3,0.75,1.0,0.875
n12507,n9387,4,1.0,1.0,1.0
n12508,n9650,4,1.0,1.0,1.0
n12509,n8085,3,0.75,1.0,0.875
n1251,n18012,4,1.0,1.0,1.0
n12510,n9351,4,1.0,1.0,1.0
n12511,n9910,4,1.0,1.0,1.0
n12512,n9376,4,1.0,1.0,1.0
n12513,n18161,4,1.0,1.0,1.0
n12514,n10139,3,0.75,1.0,0.875
n12515,n10309,4,1.0,1.0,1.0
n12516,n8104,4,1.0,1.0,1.0
n12517,n18357,3,0.75,1.0,0.875
n12518,n9440,4,1.0,1.0,1.0
n12519,n9453,3,0.75,1.0,0.875
n1252,n17979,4,1.0,1.0,1.0
n12520,n10996,3,0.75,1.0,0.875
n12521,n9489,4,1.0,1.0,1.0
n12522,n11223,4,1.0,1.0,1.0
n12523,n8132,4,1.0,1.0,1.0
n12524,n8142,4,1.0,1.0,1.0
n12525,n18640,3,0.75,1.0,0.875
n12526,n18755,4,1.0,1.0,1.0
n12527,n11944,4,1.0,1.0,1.0
n12528,n8163,4,1.0,1.0,1.0
n12529,n12114,4,1.0,1.0,1.0
n1253,n4597,4,1.0,1.0,1.0
n12530,n8167,4,1.0,1.0,1.0
n12531,n8172,4,1.0,1.0,1.0
n12532,n8177,4,1.0,1.0,1.0
n12533,n12502,4,1.0,1.0,1.0
n12534,n8189,4,1.0,1.0,1.0
n12535,n8190,4,1.0,1.0,1.0
n12536,n8195,3,0.75,1.0,0.875
n12537,n9700,4,1.0,1.0,1.0
n12538,n8200,3,0.75,1.0,0.875
n12539,n9719,3,0.75,1.0,0.875
n1254,n9447,4,1.0,1.0,1.0
n12540,n19116,4,1.0,1.0,1.0
n12541,n8210,4,1.0,1.0,1.0
n12542,n13500,3,0.75,1.0,0.875
n12543,n8220,4,1.0,1.0,1.0
n12544,n8226,4,1.0,1.0,1.0
n12545,n19296,4,1.0,1.0,1.0
n12546,n9796,3,0.75,1.0,0.875
n12547,n9801,3,0.75,1.0,0.875
n12548,n8235,4,1.0,1.0,1.0
n12549,n13874,3,0.75,1.0,0.875
n1255,n9835,3,0.75,1.0,0.875
n12550,n19409,4,1.0,1.0,1.0
n12550,n9819,4,1.0,1.0,1.0
n12551,n14007,3,0.75,1.0,0.875
n12552,n9825,4,1.0,1.0,1.0
n12553,n8250,4,1.0,1.0,1.0
n12554,n14235,4,1.0,1.0,1.0
n12555,n14261,4,1.0,1.0,1.0
n12556,n19491,3,0.75,1.0,0.875
n12557,n19502,4,1.0,1.0,1.0
n12558,n14512,4,1.0,1.0,1.0
n12559,n8270,4,1.0,1.0,1.0
n1256,n19853,3,0.75,1.0,0.875
n12560,n14739,4,1.0,1.0,1.0
n12561,n14913,3,0.75,1.0,0.875
n12562,n9947,4,1.0,1.0,1.0
n12563,n8291,4,1.0,1.0,1.0
n12564,n8296,3,0.75,1.0,0.875
n12565,n15438,4,1.0,1.0,1.0
n12566,n15485,3,0.75,1.0,0.875
n12567,n20071,3,0.75,1.0,0.875
n12568,n8314,4,1.0,1.0,1.0
n12569,n8315,4,1.0,1.0,1.0
n1257,n4623,4,1.0,1.0,1.0
n12570,n8319,4,1.0,1.0,1.0
n12571,n20176,4,1.0,1.0,1.0
n12572,n10082,3,0.75,1.0,0.875
n12573,n20497,4,1.0,1.0,1.0
n12574,n20505,4,1.0,1.0,1.0
n12575,n10146,4,1.0,1.0,1.0
n12576,n20617,4,1.0,1.0,1.0
n12577,n20687,4,1.0,1.0,1.0
n12578,n18051,4,1.0,1.0,1.0
n12578,n8369,4,1.0,1.0,1.0
n12579,n18224,4,1.0,1.0,1.0
n1258,n18199,3,0.75,1.0,0.875
n12580,n18697,4,1.0,1.0,1.0
n12581,n10270,3,0.75,1.0,0.875
n12582,n8382,3,0.75,1.0,0.875
n12583,n21002,4,1.0,1.0,1.0
n12584,n19306,3,0.75,0.75,0.75
n12584,n21074,4,1.0,1.0,1.0
n12585,n10331,3,0.75,1.0,0.875
n12586,n21136,4,1.0,1.0,1.0
n12587,n8397,3,0.75,1.0,0.875
n12588,n10361,4,1.0,1.0,1.0
n12589,n21295,4,1.0,1.0,1.0
n1259,n4650,4,1.0,1.0,1.0
n12590,n21301,4,1.0,1.0,1.0
n12591,n21394,4,1.0,1.0,1.0
n12592,n21567,4,1.0,1.0,1.0
n12593,n8428,4,1.0,1.0,1.0
n12594,n21172,4,1.0,1.0,1.0
n12595,n8440,4,1.0,1.0,1.0
n12596,n21822,4,1.0,1.0,1.0
n12597,n707,4,1.0,1.0,1.0
n12598,n11032,4,1.0,1.0,1.0
n12599,n2390,4,1.0,1.0,1.0
n126,n1238,3,0.75,1.0,0.875
n1260,n10450,4,1.0,1.0,1.0
n12600,n8467,4,1.0,1.0,1.0
n12601,n8469,4,1.0,1.0,1.0
n12602,n8482,4,1.0,1.0,1.0
n12603,n8494,3,0.75,1.0,0.875
n12604,n4472,4,1.0,1.0,1.0
n12605,n18122,4,1.0,1.0,1.0
n12606,n4711,4,1.0,1.0,1.0
n12607,n4911,4,1.0,1.0,1.0
n12608,n11766,4,1.0,1.0,1.0
n12609,n8502,4,1.0,1.0,1.0
n1261,n45,4,1.0,1.0,1.0
n12610,n11829,4,1.0,1.0,1.0
n12611,n297,3,0.75,1.0,0.875
n12612,n2995,3,0.75,1.0,0.875
n12613,n3751,4,1.0,1.0,1.0
n12614,n12106,4,1.0,1.0,1.0
n12615,n6782,4,1.0,1.0,1.0
n12616,n12180,3,0.75,1.0,0.875
n12617,n12248,4,1.0,1.0,1.0
n12618,n6716,3,0.75,1.0,0.875
n12619,n7357,3,0.75,1.0,0.875
n1262,n10535,4,1.0,1.0,1.0
n12620,n7843,4,1.0,1.0,1.0
n12621,n7878,4,1.0,1.0,1.0
n12622,n8529,4,1.0,1.0,1.0
n12623,n8609,4,1.0,1.0,1.0
n12624,n9222,4,1.0,1.0,1.0
n12625,n8560,3,0.75,1.0,0.875
n12626,n8561,4,1.0,1.0,1.0
n12627,n19403,4,1.0,1.0,1.0
n12628,n12936,3,0.75,1.0,0.875
n12629,n13041,3,0.75,1.0,0.875
n1263,n278,4,1.0,1.0,1.0
n12630,n21099,3,0.75,1.0,0.875
n12631,n13105,4,1.0,1.0,1.0
n12632,n506,4,1.0,1.0,1.0
n12633,n11273,1,0.25,1.0,0.625
n12634,n11311,4,1.0,1.0,1.0
n12635,n13353,4,1.0,1.0,1.0
n12636,n13574,3,0.75,1.0,0.875
n12637,n13613,4,1.0,1.0,1.0
n12638,n8602,4,1.0,1.0,1.0
n12639,n7835,3,0.75,1.0,0.875
n1264,n441,4,1.0,1.0,1.0
n12640,n8610,4,1.0,1.0,1.0
n12641,n13725,4,1.0,1.0,1.0
n12642,n8614,4,1.0,1.0,1.0
n12643,n12817,3,0.75,1.0,0.875
n12644,n13844,3,0.75,1.0,0.875
n12645,n10439,4,1.0,1.0,1.0
n12646,n13945,3,0.75,1.0,0.875
n12647,n13099,3,0.75,1.0,0.875
n12648,n8644,4,1.0,1.0,1.0
n12649,n8647,3,0.75,1.0,0.875
n1265,n565,4,1.0,1.0,1.0
n12650,n14178,3,0.75,1.0,0.875
n12651,n14073,4,1.0,1.0,1.0
n12652,n14203,4,1.0,1.0,1.0
n12653,n14351,4,1.0,1.0,1.0
n12654,n8668,3,0.75,1.0,0.875
n12655,n14524,4,1.0,1.0,1.0
n12656,n14555,4,1.0,1.0,1.0
n12657,n15631,4,1.0,1.0,1.0
n12658,n14681,3,0.75,1.0,0.875
n12659,n14692,4,1.0,1.0,1.0
n1266,n616,3,0.75,1.0,0.875
n12660,n8685,4,1.0,1.0,1.0
n12661,n14908,4,1.0,1.0,1.0
n12662,n17159,4,1.0,1.0,1.0
n12663,n14932,3,0.75,1.0,0.875
n12664,n8689,3,0.75,1.0,0.875
n12665,n15009,4,1.0,1.0,1.0
n12666,n17872,4,1.0,1.0,1.0
n12667,n8698,4,1.0,1.0,1.0
n12668,n17947,3,0.75,1.0,0.875
n12669,n9585,3,0.75,1.0,0.875
n1267,n18367,3,0.75,1.0,0.875
n12670,n10111,4,1.0,1.0,1.0
n12671,n15191,4,1.0,1.0,1.0
n12672,n15233,4,1.0,1.0,1.0
n12672,n18542,4,1.0,1.0,1.0
n12673,n11661,4,1.0,1.0,1.0
n12674,n8710,4,1.0,1.0,1.0
n12675,n15321,3,0.75,1.0,0.875
n12676,n13707,4,1.0,1.0,1.0
n12677,n8728,3,0.75,1.0,0.875
n12678,n19342,3,0.75,1.0,0.875
n12679,n14015,4,1.0,1.0,1.0
n1268,n18382,4,1.0,1.0,1.0
n12680,n8735,3,0.75,1.0,0.875
n12681,n15496,3,0.75,1.0,0.875
n12682,n14545,4,1.0,1.0,1.0
n12683,n8740,4,1.0,1.0,1.0
n12684,n8741,4,1.0,1.0,1.0
n12685,n8750,4,1.0,1.0,1.0
n12686,n15767,4,1.0,1.0,1.0
n12687,n15977,4,1.0,1.0,1.0
n12688,n1214,4,1.0,1.0,1.0
n12689,n16072,4,1.0,1.0,1.0
n1269,n4683,4,1.0,1.0,1.0
n12690,n8790,3,0.75,1.0,0.875
n12691,n4068,4,1.0,1.0,1.0
n12692,n8806,4,1.0,1.0,1.0
n12693,n5060,4,1.0,1.0,1.0
n12694,n8821,4,1.0,1.0,1.0
n12695,n8823,4,1.0,1.0,1.0
n12696,n1599,4,1.0,1.0,1.0
n12697,n1683,3,0.75,1.0,0.875
n12698,n6780,4,1.0,1.0,1.0
n12699,n1932,3,0.75,1.0,0.875
n127,n4619,4,1.0,1.0,1.0
n1270,n18407,4,1.0,1.0,1.0
n12700,n7900,4,1.0,1.0,1.0
n12701,n2109,4,1.0,1.0,1.0
n12702,n8857,4,1.0,1.0,1.0
n12703,n16377,4,1.0,1.0,1.0
n12704,n8861,4,1.0,1.0,1.0
n12705,n2279,4,1.0,1.0,1.0
n12706,n8863,4,1.0,1.0,1.0
n12707,n8866,3,0.75,1.0,0.875
n12708,n8872,4,1.0,1.0,1.0
n12709,n8883,4,1.0,1.0,1.0
n1271,n4689,4,1.0,1.0,1.0
n12710,n11384,4,1.0,1.0,1.0
n12711,n16467,3,0.75,1.0,0.875
n12712,n8898,4,1.0,1.0,1.0
n12713,n8899,4,1.0,1.0,1.0
n12714,n13237,3,0.75,1.0,0.875
n12715,n13779,4,1.0,1.0,1.0
n12716,n3564,4,1.0,1.0,1.0
n12717,n16568,3,0.75,1.0,0.875
n12718,n16575,4,1.0,1.0,1.0
n12719,n15242,3,0.75,1.0,0.875
n1272,n18440,4,1.0,1.0,1.0
n12720,n3974,3,0.75,1.0,0.875
n12721,n8931,3,0.75,1.0,0.875
n12722,n8944,4,1.0,1.0,1.0
n12723,n16978,4,1.0,1.0,1.0
n12724,n17553,4,1.0,1.0,1.0
n12725,n4649,4,1.0,1.0,1.0
n12726,n8951,4,1.0,1.0,1.0
n12727,n16790,3,0.75,1.0,0.875
n12728,n4831,4,1.0,1.0,1.0
n12729,n16839,4,1.0,1.0,1.0
n1273,n4700,4,1.0,1.0,1.0
n12730,n8964,4,1.0,1.0,1.0
n12731,n16851,4,1.0,1.0,1.0
n12732,n20550,4,1.0,1.0,1.0
n12733,n8972,4,1.0,1.0,1.0
n12734,n21227,4,1.0,1.0,1.0
n12735,n21558,3,0.75,1.0,0.875
n12736,n545,4,1.0,1.0,1.0
n12737,n654,4,1.0,1.0,1.0
n12738,n778,3,0.75,1.0,0.875
n12739,n16956,4,1.0,1.0,1.0
n1274,n11045,4,1.0,1.0,1.0
n12740,n1667,3,0.75,1.0,0.875
n12741,n5819,4,1.0,1.0,1.0
n12742,n9009,4,1.0,1.0,1.0
n12743,n5969,4,1.0,1.0,1.0
n12744,n2408,3,0.75,1.0,0.875
n12745,n6169,4,1.0,1.0,1.0
n12746,n17113,4,1.0,1.0,1.0
n12746,n6210,4,1.0,1.0,1.0
n12747,n6224,4,1.0,1.0,1.0
n12748,n6282,4,1.0,1.0,1.0
n12749,n6351,4,1.0,1.0,1.0
n1275,n2155,4,1.0,1.0,1.0
n12750,n6352,4,1.0,1.0,1.0
n12751,n9066,4,1.0,1.0,1.0
n12752,n17190,4,1.0,1.0,1.0
n12753,n9073,4,1.0,1.0,1.0
n12754,n9083,4,1.0,1.0,1.0
n12755,n9084,3,0.75,1.0,0.875
n12756,n4788,4,1.0,1.0,1.0
n12757,n17251,4,1.0,1.0,1.0
n12758,n17255,3,0.75,1.0,0.875
n12759,n9093,4,1.0,1.0,1.0
n1276,n18500,3,0.75,1.0,0.875
n12760,n9112,3,0.75,1.0,0.875
n12761,n17341,3,0.75,1.0,0.875
n12762,n7090,4,1.0,1.0,1.0
n12763,n17358,4,1.0,1.0,1.0
n12764,n7236,4,1.0,1.0,1.0
n12765,n9129,3,0.75,1.0,0.875
n12766,n17380,4,1.0,1.0,1.0
n12767,n6534,3,0.75,1.0,0.875
n12768,n6563,3,0.75,1.0,0.875
n12769,n6581,4,1.0,1.0,1.0
n1277,n11160,4,1.0,1.0,1.0
n12770,n9134,4,1.0,1.0,1.0
n12771,n7546,4,1.0,1.0,1.0
n12772,n17484,3,0.75,1.0,0.875
n12773,n9157,4,1.0,1.0,1.0
n12774,n7561,4,1.0,1.0,1.0
n12775,n17507,4,1.0,1.0,1.0
n12776,n17509,3,0.75,1.0,0.875
n12777,n7736,4,1.0,1.0,1.0
n12778,n7925,4,1.0,1.0,1.0
n12779,n7987,4,1.0,1.0,1.0
n1278,n4718,3,0.75,1.0,0.875
n12780,n9195,3,0.75,1.0,0.875
n12781,n9113,3,0.75,1.0,0.875
n12782,n9198,3,0.75,1.0,0.875
n12783,n8039,4,1.0,1.0,1.0
n12784,n9306,4,1.0,1.0,1.0
n12785,n9216,3,0.75,1.0,0.875
n12786,n9777,4,1.0,1.0,1.0
n12787,n17665,4,1.0,1.0,1.0
n12788,n9233,3,0.75,1.0,0.875
n12789,n9960,3,0.75,1.0,0.875
n1279,n18510,4,1.0,1.0,1.0
n12790,n9246,4,1.0,1.0,1.0
n12791,n8492,4,1.0,1.0,1.0
n12792,n9252,4,1.0,1.0,1.0
n12793,n9253,3,0.75,1.0,0.875
n12794,n13686,3,0.75,1.0,0.875
n12795,n8626,4,1.0,1.0,1.0
n12796,n9261,3,0.75,1.0,0.875
n12797,n15662,4,1.0,1.0,1.0
n12798,n8747,4,1.0,1.0,1.0
n12799,n8756,4,1.0,1.0,1.0
n128,n416,3,0.75,1.0,0.875
n1280,n18523,4,1.0,1.0,1.0
n12800,n16215,3,0.75,1.0,0.875
n12801,n8827,3,0.75,1.0,0.875
n12802,n8891,3,0.75,1.0,0.875
n12803,n16612,4,1.0,1.0,1.0
n12804,n8977,4,1.0,1.0,1.0
n12805,n17891,3,0.75,1.0,0.875
n12806,n9294,4,1.0,1.0,1.0
n12807,n17602,4,1.0,1.0,1.0
n12808,n17625,4,1.0,1.0,1.0
n12809,n9279,4,1.0,1.0,1.0
n1281,n2960,4,1.0,1.0,1.0
n12810,n9312,4,1.0,1.0,1.0
n12811,n9317,4,1.0,1.0,1.0
n12812,n9318,4,1.0,1.0,1.0
n12813,n9389,4,1.0,1.0,1.0
n12814,n18373,4,1.0,1.0,1.0
n12815,n9462,4,1.0,1.0,1.0
n12816,n9493,3,0.75,1.0,0.875
n12817,n9337,3,0.75,1.0,0.875
n12818,n9342,4,1.0,1.0,1.0
n12819,n18918,4,1.0,1.0,1.0
n1282,n3086,3,0.75,1.0,0.875
n12820,n18063,3,0.75,1.0,0.875
n12821,n19108,4,1.0,1.0,1.0
n12822,n18076,4,1.0,1.0,1.0
n12823,n18087,3,0.75,1.0,0.875
n12824,n9915,4,1.0,1.0,1.0
n12825,n20015,4,1.0,1.0,1.0
n12826,n9378,4,1.0,1.0,1.0
n12827,n10119,4,1.0,1.0,1.0
n12828,n10169,4,1.0,1.0,1.0
n12829,n20742,4,1.0,1.0,1.0
n1283,n11293,4,1.0,1.0,1.0
n12830,n18215,3,0.75,1.0,0.875
n12831,n10339,4,1.0,1.0,1.0
n12832,n10542,4,1.0,1.0,1.0
n12833,n402,4,1.0,1.0,1.0
n12834,n522,3,0.75,1.0,0.875
n12835,n10733,3,0.75,1.0,0.875
n12836,n10744,3,0.75,1.0,0.875
n12837,n10764,3,0.75,1.0,0.875
n12838,n9451,4,1.0,1.0,1.0
n12839,n18442,4,1.0,1.0,1.0
n1284,n11295,4,1.0,1.0,1.0
n12840,n1872,4,1.0,1.0,1.0
n12841,n18451,3,0.75,1.0,0.875
n12842,n9474,3,0.75,1.0,0.875
n12843,n11100,3,0.75,1.0,0.875
n12844,n18485,4,1.0,1.0,1.0
n12845,n2450,4,1.0,1.0,1.0
n12846,n2515,4,1.0,1.0,1.0
n12847,n18498,3,0.75,1.0,0.875
n12848,n2554,4,1.0,1.0,1.0
n12848,n9483,4,1.0,1.0,1.0
n12849,n2559,4,1.0,1.0,1.0
n1285,n3336,4,1.0,1.0,1.0
n12850,n9484,4,1.0,1.0,1.0
n12851,n18516,3,0.75,1.0,0.875
n12852,n2839,4,1.0,1.0,1.0
n12853,n18526,4,1.0,1.0,1.0
n12854,n18527,4,1.0,1.0,1.0
n12855,n2959,3,0.75,1.0,0.875
n12856,n18535,4,1.0,1.0,1.0
n12857,n18543,4,1.0,1.0,1.0
n12858,n11294,3,0.75,1.0,0.875
n12859,n9516,3,0.75,1.0,0.875
n1286,n4728,4,1.0,1.0,1.0
n12860,n9519,3,0.75,1.0,0.875
n12861,n3560,4,1.0,1.0,1.0
n12862,n11421,4,1.0,1.0,1.0
n12863,n18595,4,1.0,1.0,1.0
n12864,n9535,3,0.75,1.0,0.875
n12865,n9551,4,1.0,1.0,1.0
n12866,n4141,4,1.0,1.0,1.0
n12867,n18643,4,1.0,1.0,1.0
n12868,n9561,3,0.75,1.0,0.875
n12869,n9566,4,1.0,1.0,1.0
n1287,n4729,3,0.75,1.0,0.875
n12870,n4932,4,1.0,1.0,1.0
n12871,n9568,4,1.0,1.0,1.0
n12872,n18704,4,1.0,1.0,1.0
n12873,n9580,3,0.75,1.0,0.875
n12874,n18749,3,0.75,0.75,0.75
n12874,n9584,4,1.0,1.0,1.0
n12875,n9587,4,1.0,1.0,1.0
n12876,n5992,3,0.75,1.0,0.875
n12877,n11953,3,0.75,1.0,0.875
n12878,n6150,4,1.0,1.0,1.0
n12879,n12013,3,0.75,1.0,0.875
n1288,n4128,4,1.0,1.0,1.0
n12880,n12057,4,1.0,1.0,1.0
n12881,n6409,4,1.0,1.0,1.0
n12882,n9613,4,1.0,1.0,1.0
n12883,n6860,4,1.0,1.0,1.0
n12884,n7072,4,1.0,1.0,1.0
n12885,n12268,4,1.0,1.0,1.0
n12886,n18875,4,1.0,1.0,1.0
n12887,n7734,4,1.0,1.0,1.0
n12888,n18913,4,1.0,1.0,1.0
n12889,n18917,4,1.0,1.0,1.0
n1289,n4247,4,1.0,1.0,1.0
n12890,n7820,3,0.75,1.0,0.875
n12891,n9654,3,0.75,1.0,0.875
n12892,n9656,4,1.0,1.0,1.0
n12893,n8532,4,1.0,1.0,1.0
n12894,n12631,4,1.0,1.0,1.0
n12895,n18999,3,0.75,1.0,0.875
n12896,n12728,4,1.0,1.0,1.0
n12897,n9008,4,1.0,1.0,1.0
n12898,n12821,4,1.0,1.0,1.0
n12899,n9769,4,1.0,1.0,1.0
n129,n4691,4,1.0,1.0,1.0
n1290,n18707,4,1.0,1.0,1.0
n12900,n12934,4,1.0,1.0,1.0
n12901,n12937,4,1.0,1.0,1.0
n12902,n9929,4,1.0,1.0,1.0
n12903,n9988,4,1.0,1.0,1.0
n12904,n12982,3,0.75,1.0,0.875
n12905,n9714,4,1.0,1.0,1.0
n12906,n9720,4,1.0,1.0,1.0
n12907,n13053,4,1.0,1.0,1.0
n12908,n19125,4,1.0,1.0,1.0
n12909,n13173,4,1.0,1.0,1.0
n1291,n18719,4,1.0,1.0,1.0
n12910,n10832,4,1.0,1.0,1.0
n12911,n13189,4,1.0,1.0,1.0
n12912,n19156,4,1.0,1.0,1.0
n12913,n13271,4,1.0,1.0,1.0
n12914,n9766,3,0.75,1.0,0.875
n12915,n9767,3,0.75,1.0,0.875
n12916,n13428,4,1.0,1.0,1.0
n12917,n19282,4,1.0,1.0,1.0
n12918,n12349,3,0.75,1.0,0.875
n12919,n13753,4,1.0,1.0,1.0
n1292,n11818,3,0.75,1.0,0.875
n12920,n9802,4,1.0,1.0,1.0
n12921,n19336,4,1.0,1.0,1.0
n12922,n12961,4,1.0,1.0,1.0
n12923,n13440,3,0.75,1.0,0.875
n12924,n13995,4,1.0,1.0,1.0
n12924,n13996,4,1.0,1.0,1.0
n12925,n13488,4,1.0,1.0,1.0
n12926,n13717,1,0.25,1.0,0.625
n12927,n14094,3,0.75,1.0,0.875
n12928,n14119,4,1.0,1.0,1.0
n12929,n13817,3,0.75,1.0,0.875
n1293,n18789,4,1.0,1.0,1.0
n12930,n13962,4,1.0,1.0,1.0
n12931,n19456,4,1.0,1.0,1.0
n12932,n13987,3,0.75,1.0,0.875
n12933,n14142,4,1.0,1.0,1.0
n12934,n14145,4,1.0,1.0,1.0
n12935,n14214,3,0.75,1.0,0.875
n12936,n14297,3,0.75,1.0,0.875
n12937,n14245,4,1.0,1.0,1.0
n12938,n9847,4,1.0,1.0,1.0
n12939,n14763,4,1.0,1.0,1.0
n1294,n18790,4,1.0,1.0,1.0
n12940,n19538,4,1.0,1.0,1.0
n12941,n14398,4,1.0,1.0,1.0
n12942,n19556,4,1.0,1.0,1.0
n12943,n9860,4,1.0,1.0,1.0
n12944,n14480,4,1.0,1.0,1.0
n12945,n19576,3,0.75,1.0,0.875
n12946,n19577,4,1.0,1.0,1.0
n12947,n14531,3,0.75,1.0,0.875
n12948,n15401,3,0.75,1.0,0.875
n12949,n9871,4,1.0,1.0,1.0
n1295,n12020,3,0.75,1.0,0.875
n12950,n19593,3,0.75,1.0,0.875
n12951,n19596,3,0.75,1.0,0.875
n12952,n15868,3,0.75,1.0,0.875
n12953,n16014,4,1.0,1.0,1.0
n12954,n14725,4,1.0,1.0,1.0
n12955,n14781,4,1.0,1.0,1.0
n12956,n19695,4,1.0,1.0,1.0
n12957,n14885,4,1.0,1.0,1.0
n12958,n14956,4,1.0,1.0,1.0
n12959,n9925,4,1.0,1.0,1.0
n1296,n4768,4,1.0,1.0,1.0
n12960,n19745,4,1.0,1.0,1.0
n12961,n19747,4,1.0,1.0,1.0
n12962,n19768,4,1.0,1.0,1.0
n12963,n9933,4,1.0,1.0,1.0
n12964,n15188,3,0.75,1.0,0.875
n12965,n9948,4,1.0,1.0,1.0
n12966,n9954,4,1.0,1.0,1.0
n12967,n19878,4,1.0,1.0,1.0
n12968,n19048,4,1.0,1.0,1.0
n12969,n9961,3,0.75,1.0,0.875
n1297,n12099,4,1.0,1.0,1.0
n12970,n9964,4,1.0,1.0,1.0
n12971,n9965,4,1.0,1.0,1.0
n12972,n9968,4,1.0,1.0,1.0
n12973,n9972,4,1.0,1.0,1.0
n12974,n19676,4,1.0,1.0,1.0
n12975,n9983,3,0.75,1.0,0.875
n12976,n19937,4,1.0,1.0,1.0
n12977,n19996,3,0.75,1.0,0.875
n12978,n20042,4,1.0,1.0,1.0
n12979,n9992,4,1.0,1.0,1.0
n1298,n4783,4,1.0,1.0,1.0
n12980,n19979,4,1.0,1.0,1.0
n12981,n19994,4,1.0,1.0,1.0
n12982,n10011,3,0.75,1.0,0.875
n12983,n20698,4,1.0,1.0,1.0
n12984,n15748,4,1.0,1.0,1.0
n12985,n15804,4,1.0,1.0,1.0
n12986,n15823,4,1.0,1.0,1.0
n12987,n21507,4,1.0,1.0,1.0
n12988,n224,4,1.0,1.0,1.0
n12989,n16030,3,0.75,1.0,0.875
n1299,n18936,3,0.75,1.0,0.875
n12990,n16103,4,1.0,1.0,1.0
n12991,n10053,3,0.75,1.0,0.875
n12992,n16302,4,1.0,1.0,1.0
n12993,n20229,4,1.0,1.0,1.0
n12994,n2519,3,0.75,1.0,0.875
n12995,n20317,4,1.0,1.0,1.0
n12996,n20345,4,1.0,1.0,1.0
n12997,n20356,3,0.75,1.0,0.875
n12998,n10105,4,1.0,1.0,1.0
n12999,n4565,4,1.0,1.0,1.0
n13,n123,4,1.0,1.0,1.0
n130,n425,4,1.0,1.0,1.0
n1300,n12687,4,1.0,1.0,1.0
n13000,n10107,3,0.75,1.0,0.875
n13001,n16783,4,1.0,1.0,1.0
n13002,n10112,4,1.0,1.0,1.0
n13003,n16852,4,1.0,1.0,1.0
n13004,n10126,4,1.0,1.0,1.0
n13005,n5903,4,1.0,1.0,1.0
n13006,n6000,3,0.75,1.0,0.875
n13007,n6237,3,0.75,1.0,0.875
n13008,n10138,4,1.0,1.0,1.0
n13009,n6703,4,1.0,1.0,1.0
n1301,n12867,4,1.0,1.0,1.0
n13010,n17291,4,1.0,1.0,1.0
n13011,n7180,3,0.75,1.0,0.875
n13012,n10159,4,1.0,1.0,1.0
n13013,n7565,4,1.0,1.0,1.0
n13014,n17504,4,1.0,1.0,1.0
n13015,n7720,4,1.0,1.0,1.0
n13016,n17550,3,0.75,1.0,0.875
n13017,n7806,4,1.0,1.0,1.0
n13018,n8400,3,0.75,1.0,0.875
n13019,n20681,4,1.0,1.0,1.0
n1302,n12873,3,0.75,1.0,0.875
n13020,n8650,4,1.0,1.0,1.0
n13021,n10201,4,1.0,1.0,1.0
n13022,n10204,4,1.0,1.0,1.0
n13023,n20746,4,1.0,1.0,1.0
n13024,n10207,3,0.75,1.0,0.875
n13025,n9591,4,1.0,1.0,1.0
n13026,n18073,4,1.0,1.0,1.0
n13027,n10223,4,1.0,1.0,1.0
n13028,n10227,4,1.0,1.0,1.0
n13029,n10454,4,1.0,1.0,1.0
n1303,n19056,4,1.0,1.0,1.0
n13030,n10240,4,1.0,1.0,1.0
n13031,n18482,4,1.0,1.0,1.0
n13032,n10254,3,0.75,1.0,0.875
n13033,n10259,4,1.0,1.0,1.0
n13034,n20913,4,1.0,1.0,1.0
n13035,n18714,3,0.75,1.0,0.875
n13036,n12130,3,0.75,1.0,0.875
n13037,n10280,4,1.0,1.0,1.0
n13038,n12507,4,1.0,1.0,1.0
n13039,n10292,3,0.75,1.0,0.875
n1304,n4815,4,1.0,1.0,1.0
n13040,n21024,4,1.0,1.0,1.0
n13041,n19263,3,0.75,0.75,0.75
n13041,n19264,4,1.0,1.0,1.0
n13042,n10313,3,0.75,1.0,0.875
n13043,n13951,4,1.0,1.0,1.0
n13044,n19397,4,1.0,1.0,1.0
n13045,n14221,4,1.0,1.0,1.0
n13046,n10323,3,0.75,1.0,0.875
n13047,n14296,4,1.0,1.0,1.0
n13048,n21120,4,1.0,1.0,1.0
n13049,n10328,4,1.0,1.0,1.0
n1305,n4816,4,1.0,1.0,1.0
n13050,n10344,4,1.0,1.0,1.0
n13051,n10367,4,1.0,1.0,1.0
n13052,n15724,4,1.0,1.0,1.0
n13053,n10371,4,1.0,1.0,1.0
n13054,n10406,3,0.75,1.0,0.875
n13055,n17462,3,0.75,1.0,0.875
n13056,n20620,4,1.0,1.0,1.0
n13057,n21497,4,1.0,1.0,1.0
n13058,n21502,4,1.0,1.0,1.0
n13059,n20848,4,1.0,1.0,1.0
n1306,n10468,4,1.0,1.0,1.0
n13060,n10444,4,1.0,1.0,1.0
n13061,n21533,4,1.0,1.0,1.0
n13062,n21587,4,1.0,1.0,1.0
n13063,n21602,4,1.0,1.0,1.0
n13064,n19712,4,1.0,1.0,1.0
n13065,n10467,4,1.0,1.0,1.0
n13066,n10469,4,1.0,1.0,1.0
n13067,n21213,4,1.0,1.0,1.0
n13068,n21233,4,1.0,1.0,1.0
n13069,n21668,4,1.0,1.0,1.0
n1307,n13123,4,1.0,1.0,1.0
n13070,n21308,3,0.75,1.0,0.875
n13071,n21709,4,1.0,1.0,1.0
n13072,n20616,4,1.0,1.0,1.0
n13073,n21763,3,0.75,1.0,0.875
n13074,n21784,4,1.0,1.0,1.0
n13075,n21531,3,0.75,1.0,0.875
n13076,n21541,4,1.0,1.0,1.0
n13077,n21802,4,1.0,1.0,1.0
n13078,n10500,4,1.0,1.0,1.0
n13079,n21254,4,1.0,1.0,1.0
n1308,n10840,4,1.0,1.0,1.0
n13080,n21320,4,1.0,1.0,1.0
n13081,n240,4,1.0,1.0,1.0
n13082,n90,4,1.0,1.0,1.0
n13083,n457,3,0.75,1.0,0.875
n13084,n191,4,1.0,1.0,1.0
n13085,n80,4,1.0,1.0,1.0
n13086,n95,4,1.0,1.0,1.0
n13087,n103,4,1.0,1.0,1.0
n13088,n413,4,1.0,1.0,1.0
n13089,n1640,4,1.0,1.0,1.0
n1309,n4834,3,0.75,1.0,0.875
n13090,n212,4,1.0,1.0,1.0
n13091,n687,4,1.0,1.0,1.0
n13092,n720,4,1.0,1.0,1.0
n13093,n737,4,1.0,1.0,1.0
n13094,n746,3,0.75,1.0,0.875
n13095,n813,3,0.75,1.0,0.875
n13096,n10575,3,0.75,1.0,0.875
n13097,n10576,4,1.0,1.0,1.0
n13098,n2873,3,0.75,1.0,0.875
n13099,n825,3,0.75,1.0,0.875
n131,n1294,4,1.0,1.0,1.0
n1310,n19167,4,1.0,1.0,1.0
n13100,n2939,3,0.75,1.0,0.875
n13101,n843,3,0.75,1.0,0.875
n13102,n844,3,0.75,1.0,0.875
n13103,n2991,3,0.75,1.0,0.875
n13104,n915,3,0.75,1.0,0.875
n13105,n10588,4,1.0,1.0,1.0
n13106,n999,4,1.0,1.0,1.0
n13107,n1088,4,1.0,1.0,1.0
n13108,n4151,4,1.0,1.0,1.0
n13109,n376,4,1.0,1.0,1.0
n1311,n13309,3,0.75,1.0,0.875
n13110,n1195,4,1.0,1.0,1.0
n13111,n424,3,0.75,0.75,0.75
n13111,n4725,4,1.0,1.0,1.0
n13112,n1340,4,1.0,1.0,1.0
n13113,n5005,3,0.75,1.0,0.875
n13114,n447,3,0.75,1.0,0.875
n13115,n467,4,1.0,1.0,1.0
n13116,n10629,4,1.0,1.0,1.0
n13117,n480,4,1.0,1.0,1.0
n13118,n1490,4,1.0,1.0,1.0
n13119,n1498,4,1.0,1.0,1.0
n1312,n13492,4,1.0,1.0,1.0
n13120,n1605,4,1.0,1.0,1.0
n13121,n6271,3,0.75,1.0,0.875
n13122,n10642,3,0.75,1.0,0.875
n13123,n555,4,1.0,1.0,1.0
n13124,n10645,4,1.0,1.0,1.0
n13125,n10647,4,1.0,1.0,1.0
n13126,n575,4,1.0,1.0,1.0
n13127,n7295,4,1.0,1.0,1.0
n13128,n10651,3,0.75,1.0,0.875
n13129,n2039,4,1.0,1.0,1.0
n1313,n4859,4,1.0,1.0,1.0
n13130,n629,4,1.0,1.0,1.0
n13131,n2072,4,1.0,1.0,1.0
n13132,n647,4,1.0,1.0,1.0
n13133,n8910,4,1.0,1.0,1.0
n13134,n2227,4,1.0,1.0,1.0
n13135,n10673,3,0.75,1.0,0.875
n13136,n2286,4,1.0,1.0,1.0
n13137,n700,4,1.0,1.0,1.0
n13138,n9846,4,1.0,1.0,1.0
n13139,n10680,4,1.0,1.0,1.0
n1314,n19272,4,1.0,1.0,1.0
n13140,n731,4,1.0,1.0,1.0
n13141,n10608,4,1.0,1.0,1.0
n13142,n10634,4,1.0,1.0,1.0
n13143,n753,4,1.0,1.0,1.0
n13144,n2614,4,1.0,1.0,1.0
n13145,n2729,4,1.0,1.0,1.0
n13146,n2831,4,1.0,1.0,1.0
n13147,n816,4,1.0,1.0,1.0
n13148,n824,4,1.0,1.0,1.0
n13149,n12026,4,1.0,1.0,1.0
n1315,n13604,4,1.0,1.0,1.0
n13150,n3009,3,0.75,1.0,0.875
n13151,n3038,4,1.0,1.0,1.0
n13152,n3100,3,0.75,1.0,0.875
n13153,n872,4,1.0,1.0,1.0
n13154,n3214,4,1.0,1.0,1.0
n13155,n10732,4,1.0,1.0,1.0
n13156,n13113,3,0.75,1.0,0.875
n13157,n917,4,1.0,1.0,1.0
n13158,n13373,4,1.0,1.0,1.0
n13159,n944,4,1.0,1.0,1.0
n1316,n19387,4,1.0,1.0,1.0
n13160,n13435,4,1.0,1.0,1.0
n13161,n10749,3,0.75,1.0,0.875
n13162,n10765,3,0.75,1.0,0.875
n13163,n14190,4,1.0,1.0,1.0
n13164,n14286,4,1.0,1.0,1.0
n13165,n10770,4,1.0,1.0,1.0
n13166,n1005,4,1.0,1.0,1.0
n13167,n10773,4,1.0,1.0,1.0
n13168,n14500,4,1.0,1.0,1.0
n13169,n10775,4,1.0,1.0,1.0
n1317,n13888,4,1.0,1.0,1.0
n13170,n14726,4,1.0,1.0,1.0
n13171,n10781,3,0.75,1.0,0.875
n13172,n14880,4,1.0,1.0,1.0
n13173,n1082,4,1.0,1.0,1.0
n13174,n4008,4,1.0,1.0,1.0
n13175,n10803,3,0.75,1.0,0.875
n13176,n1118,4,1.0,1.0,1.0
n13177,n1126,4,1.0,1.0,1.0
n13178,n16061,4,1.0,1.0,1.0
n13179,n4208,3,0.75,1.0,0.875
n1318,n19454,4,1.0,1.0,1.0
n13180,n10815,4,1.0,1.0,1.0
n13181,n1180,4,1.0,1.0,1.0
n13182,n10818,4,1.0,1.0,1.0
n13183,n1232,4,1.0,1.0,1.0
n13184,n4714,3,0.75,1.0,0.875
n13185,n1277,4,1.0,1.0,1.0
n13186,n18587,4,1.0,1.0,1.0
n13187,n4847,4,1.0,1.0,1.0
n13188,n10843,4,1.0,1.0,1.0
n13189,n10851,4,1.0,1.0,1.0
n1319,n14198,4,1.0,1.0,1.0
n13190,n20319,4,1.0,1.0,1.0
n13191,n5106,4,1.0,1.0,1.0
n13192,n1412,4,1.0,1.0,1.0
n13193,n21140,4,1.0,1.0,1.0
n13194,n21620,4,1.0,1.0,1.0
n13195,n1457,4,1.0,1.0,1.0
n13196,n528,4,1.0,1.0,1.0
n13197,n1488,3,0.75,1.0,0.875
n13198,n10874,3,0.75,1.0,0.875
n13199,n1537,3,0.75,1.0,0.875
n132,n1301,4,1.0,1.0,1.0
n1320,n14239,4,1.0,1.0,1.0
n13200,n1549,4,1.0,1.0,1.0
n13201,n5888,4,1.0,1.0,1.0
n13202,n10901,4,1.0,1.0,1.0
n13203,n6309,3,0.75,1.0,0.875
n13204,n6437,4,1.0,1.0,1.0
n13205,n10933,3,0.75,1.0,0.875
n13206,n6523,4,1.0,1.0,1.0
n13207,n1712,3,0.75,1.0,0.875
n13208,n10940,4,1.0,1.0,1.0
n13209,n10947,4,1.0,1.0,1.0
n1321,n19480,4,1.0,1.0,1.0
n13210,n6635,4,1.0,1.0,1.0
n13211,n10949,4,1.0,1.0,1.0
n13212,n6787,4,1.0,1.0,1.0
n13213,n4885,3,0.75,1.0,0.875
n13214,n10960,4,1.0,1.0,1.0
n13215,n1791,4,1.0,1.0,1.0
n13216,n1794,4,1.0,1.0,1.0
n13217,n1810,4,1.0,1.0,1.0
n13218,n6989,4,1.0,1.0,1.0
n13219,n7053,4,1.0,1.0,1.0
n1322,n14268,3,0.75,1.0,0.875
n13220,n1827,3,0.75,1.0,0.875
n13221,n5830,4,1.0,1.0,1.0
n13222,n10974,4,1.0,1.0,1.0
n13223,n1921,3,0.75,1.0,0.875
n13224,n10993,3,0.75,1.0,0.875
n13225,n11002,3,0.75,1.0,0.875
n13226,n7737,3,0.75,1.0,0.875
n13227,n11010,4,1.0,1.0,1.0
n13228,n2001,4,1.0,1.0,1.0
n13229,n7855,4,1.0,1.0,1.0
n1323,n4901,4,1.0,1.0,1.0
n13230,n9437,4,1.0,1.0,1.0
n13231,n8322,4,1.0,1.0,1.0
n13232,n10134,4,1.0,1.0,1.0
n13233,n2104,4,1.0,1.0,1.0
n13234,n2121,3,0.75,1.0,0.875
n13235,n13027,4,1.0,1.0,1.0
n13236,n14994,3,0.75,1.0,0.875
n13237,n16274,4,1.0,1.0,1.0
n13237,n16277,3,0.75,0.75,0.75
n13238,n16438,3,0.75,1.0,0.875
n13239,n2180,4,1.0,1.0,1.0
n1324,n4906,3,0.75,1.0,0.875
n13240,n17192,4,1.0,1.0,1.0
n13241,n17490,3,0.75,1.0,0.875
n13242,n11074,3,0.75,1.0,0.875
n13243,n2265,4,1.0,1.0,1.0
n13244,n18371,4,1.0,1.0,1.0
n13245,n9676,3,0.75,1.0,0.875
n13246,n2315,3,0.75,1.0,0.875
n13247,n2332,4,1.0,1.0,1.0
n13248,n2335,3,0.75,1.0,0.875
n13249,n9879,4,1.0,1.0,1.0
n1325,n14418,4,1.0,1.0,1.0
n13250,n11098,3,0.75,1.0,0.875
n13251,n11110,3,0.75,1.0,0.875
n13252,n10235,4,1.0,1.0,1.0
n13253,n11115,4,1.0,1.0,1.0
n13254,n21023,4,1.0,1.0,1.0
n13255,n2444,3,0.75,1.0,0.875
n13256,n21592,3,0.75,1.0,0.875
n13257,n21598,4,1.0,1.0,1.0
n13258,n333,4,1.0,1.0,1.0
n13259,n11136,4,1.0,1.0,1.0
n1326,n14529,4,1.0,1.0,1.0
n13260,n2526,4,1.0,1.0,1.0
n13261,n2528,4,1.0,1.0,1.0
n13262,n493,4,1.0,1.0,1.0
n13263,n2564,3,0.75,1.0,0.875
n13264,n2565,4,1.0,1.0,1.0
n13265,n10755,3,0.75,1.0,0.875
n13266,n1168,4,1.0,1.0,1.0
n13267,n11154,4,1.0,1.0,1.0
n13268,n2608,3,0.75,1.0,0.875
n13269,n11157,4,1.0,1.0,1.0
n1327,n4920,4,1.0,1.0,1.0
n13270,n10850,3,0.75,1.0,0.875
n13271,n11159,4,1.0,1.0,1.0
n13272,n1473,4,1.0,1.0,1.0
n13273,n11169,3,0.75,1.0,0.875
n13274,n1941,4,1.0,1.0,1.0
n13275,n11174,4,1.0,1.0,1.0
n13276,n11178,4,1.0,1.0,1.0
n13277,n11180,3,0.75,1.0,0.875
n13278,n11082,3,0.75,1.0,0.875
n13278,n2280,3,0.75,1.0,0.875
n13278,n2683,3,0.75,1.0,0.875
n13279,n11191,3,0.75,1.0,0.875
n1328,n15516,4,1.0,1.0,1.0
n13280,n2715,3,0.75,1.0,0.875
n13281,n2717,4,1.0,1.0,1.0
n13282,n11196,4,1.0,1.0,1.0
n13282,n2719,4,1.0,1.0,1.0
n13283,n11199,4,1.0,1.0,1.0
n13283,n2725,4,1.0,1.0,1.0
n13284,n2727,4,1.0,1.0,1.0
n13285,n11206,4,1.0,1.0,1.0
n13286,n3060,3,0.75,1.0,0.875
n13287,n11339,4,1.0,1.0,1.0
n13288,n11212,3,0.75,0.75,0.75
n13288,n11365,4,1.0,1.0,1.0
n13289,n2795,3,0.75,1.0,0.875
n1329,n19631,4,1.0,1.0,1.0
n13290,n11456,4,1.0,1.0,1.0
n13291,n3685,4,1.0,1.0,1.0
n13292,n11479,3,0.75,1.0,0.875
n13293,n3890,4,1.0,1.0,1.0
n13294,n11218,4,1.0,1.0,1.0
n13295,n4006,4,1.0,1.0,1.0
n13296,n2828,4,1.0,1.0,1.0
n13297,n2845,4,1.0,1.0,1.0
n13298,n2847,4,1.0,1.0,1.0
n13299,n11665,4,1.0,1.0,1.0
n133,n4857,4,1.0,1.0,1.0
n1330,n14700,4,1.0,1.0,1.0
n13300,n2894,4,1.0,1.0,1.0
n13301,n2920,4,1.0,1.0,1.0
n13302,n11781,4,1.0,1.0,1.0
n13303,n2923,3,0.75,1.0,0.875
n13304,n11256,4,1.0,1.0,1.0
n13305,n5925,4,1.0,1.0,1.0
n13306,n11258,4,1.0,1.0,1.0
n13307,n11993,3,0.75,1.0,0.875
n13308,n11269,4,1.0,1.0,1.0
n13309,n3025,3,0.75,1.0,0.875
n1331,n19645,3,0.75,1.0,0.875
n13310,n12198,3,0.75,1.0,0.875
n13311,n3046,4,1.0,1.0,1.0
n13312,n12280,4,1.0,1.0,1.0
n13313,n7250,4,1.0,1.0,1.0
n13314,n12330,4,1.0,1.0,1.0
n13315,n12370,3,0.75,1.0,0.875
n13316,n3113,4,1.0,1.0,1.0
n13317,n12463,4,1.0,1.0,1.0
n13318,n12524,4,1.0,1.0,1.0
n13319,n3142,4,1.0,1.0,1.0
n1332,n19689,4,1.0,1.0,1.0
n13320,n8340,3,0.75,1.0,0.875
n13321,n3163,4,1.0,1.0,1.0
n13322,n8604,4,1.0,1.0,1.0
n13323,n3171,4,1.0,1.0,1.0
n13324,n8699,3,0.75,1.0,0.875
n13325,n12670,4,1.0,1.0,1.0
n13326,n3185,3,0.75,1.0,0.875
n13327,n3193,4,1.0,1.0,1.0
n13328,n8912,4,1.0,1.0,1.0
n13329,n11306,4,1.0,1.0,1.0
n1333,n4940,4,1.0,1.0,1.0
n13330,n9013,3,0.75,1.0,0.875
n13331,n9409,4,1.0,1.0,1.0
n13332,n11320,4,1.0,1.0,1.0
n13333,n9473,4,1.0,1.0,1.0
n13334,n12919,4,1.0,1.0,1.0
n13335,n3276,4,1.0,1.0,1.0
n13336,n10121,4,1.0,1.0,1.0
n13337,n13040,4,1.0,1.0,1.0
n13338,n11336,4,1.0,1.0,1.0
n13339,n11343,4,1.0,1.0,1.0
n1334,n4941,4,1.0,1.0,1.0
n13340,n3335,4,1.0,1.0,1.0
n13341,n13141,4,1.0,1.0,1.0
n13342,n10706,3,0.75,1.0,0.875
n13343,n3347,4,1.0,1.0,1.0
n13344,n13195,4,1.0,1.0,1.0
n13345,n13197,3,0.75,1.0,0.875
n13346,n13207,3,0.75,1.0,0.875
n13347,n11357,4,1.0,1.0,1.0
n13347,n13226,3,0.75,0.75,0.75
n13348,n11361,4,1.0,1.0,1.0
n13349,n3385,4,1.0,1.0,1.0
n1335,n4943,4,1.0,1.0,1.0
n13350,n13303,3,0.75,1.0,0.875
n13351,n11251,4,1.0,1.0,1.0
n13352,n13347,4,1.0,1.0,1.0
n13353,n3401,4,1.0,1.0,1.0
n13353,n3402,4,1.0,1.0,1.0
n13353,n3404,3,0.75,0.75,0.75
n13354,n13353,4,1.0,1.0,1.0
n13354,n13357,4,1.0,1.0,1.0
n13355,n11373,3,0.75,1.0,0.875
n13356,n11428,4,1.0,1.0,1.0
n13357,n3413,4,1.0,1.0,1.0
n13358,n11485,4,1.0,1.0,1.0
n13359,n11532,3,0.75,1.0,0.875
n1336,n14873,4,1.0,1.0,1.0
n13360,n11628,4,1.0,1.0,1.0
n13361,n3438,3,0.75,1.0,0.875
n13362,n11379,4,1.0,1.0,1.0
n13363,n11930,4,1.0,1.0,1.0
n13364,n3472,4,1.0,1.0,1.0
n13365,n12010,3,0.75,1.0,0.875
n13366,n13534,4,1.0,1.0,1.0
n13367,n13565,4,1.0,1.0,1.0
n13368,n13640,4,1.0,1.0,1.0
n13369,n11401,3,0.75,1.0,0.875
n1337,n14898,4,1.0,1.0,1.0
n13370,n13656,4,1.0,1.0,1.0
n13371,n11402,4,1.0,1.0,1.0
n13372,n11405,4,1.0,1.0,1.0
n13373,n11406,4,1.0,1.0,1.0
n13374,n13720,4,1.0,1.0,1.0
n13375,n11414,4,1.0,1.0,1.0
n13376,n3555,4,1.0,1.0,1.0
n13377,n3563,4,1.0,1.0,1.0
n13378,n3577,4,1.0,1.0,1.0
n13379,n13923,3,0.75,1.0,0.875
n1338,n15054,3,0.75,1.0,0.875
n13380,n14177,3,0.75,1.0,0.875
n13381,n11443,4,1.0,1.0,1.0
n13382,n14206,3,0.75,1.0,0.875
n13383,n14450,3,0.75,1.0,0.875
n13384,n14290,4,1.0,1.0,1.0
n13385,n14470,4,1.0,1.0,1.0
n13386,n3700,4,1.0,1.0,1.0
n13387,n11465,4,1.0,1.0,1.0
n13388,n3712,4,1.0,1.0,1.0
n13389,n3731,4,1.0,1.0,1.0
n1339,n4961,4,1.0,1.0,1.0
n13390,n15407,4,1.0,1.0,1.0
n13391,n15474,3,0.75,1.0,0.875
n13392,n15708,3,0.75,1.0,0.875
n13393,n11482,4,1.0,1.0,1.0
n13394,n11483,4,1.0,1.0,1.0
n13395,n3816,4,1.0,1.0,1.0
n13396,n14836,3,0.75,1.0,0.875
n13397,n11492,4,1.0,1.0,1.0
n13398,n14857,4,1.0,1.0,1.0
n13399,n3895,3,0.75,1.0,0.875
n134,n1320,4,1.0,1.0,1.0
n1340,n19806,4,1.0,1.0,1.0
n13400,n11506,4,1.0,1.0,1.0
n13401,n3933,4,1.0,1.0,1.0
n13402,n11510,3,0.75,1.0,0.875
n13403,n18815,4,1.0,1.0,1.0
n13403,n18816,4,1.0,1.0,1.0
n13403,n18818,4,1.0,1.0,1.0
n13403,n3981,4,1.0,1.0,1.0
n13404,n11530,4,1.0,1.0,1.0
n13405,n15387,3,0.75,1.0,0.875
n13406,n11534,4,1.0,1.0,1.0
n13407,n11538,4,1.0,1.0,1.0
n13408,n11544,3,0.75,1.0,0.875
n13409,n11545,4,1.0,1.0,1.0
n13409,n15534,3,0.75,0.75,0.75
n1341,n18497,4,1.0,1.0,1.0
n13410,n15615,4,1.0,1.0,1.0
n13411,n20099,4,1.0,1.0,1.0
n13412,n15657,4,1.0,1.0,1.0
n13413,n11563,4,1.0,1.0,1.0
n13414,n20769,4,1.0,1.0,1.0
n13415,n4127,4,1.0,1.0,1.0
n13416,n4150,4,1.0,1.0,1.0
n13417,n2147,4,1.0,1.0,1.0
n13418,n4288,4,1.0,1.0,1.0
n13419,n16567,3,0.75,1.0,0.875
n1342,n4972,4,1.0,1.0,1.0
n13420,n16723,4,1.0,1.0,1.0
n13421,n4360,4,1.0,1.0,1.0
n13422,n16789,4,1.0,1.0,1.0
n13423,n5337,3,0.75,1.0,0.875
n13424,n4419,4,1.0,1.0,1.0
n13424,n5873,4,1.0,1.0,1.0
n13425,n5954,4,1.0,1.0,1.0
n13426,n11627,4,1.0,1.0,1.0
n13427,n17096,4,1.0,1.0,1.0
n13428,n4458,4,1.0,1.0,1.0
n13429,n17264,4,1.0,1.0,1.0
n1343,n19193,3,0.75,1.0,0.875
n13430,n17342,4,1.0,1.0,1.0
n13431,n17534,3,0.75,1.0,0.875
n13432,n4515,3,0.75,1.0,0.875
n13433,n4516,4,1.0,1.0,1.0
n13434,n8252,3,0.75,1.0,0.875
n13435,n8548,4,1.0,1.0,1.0
n13436,n8575,4,1.0,1.0,1.0
n13437,n11670,4,1.0,1.0,1.0
n13438,n4665,4,1.0,1.0,1.0
n13439,n4678,3,0.75,1.0,0.875
n1344,n19899,3,0.75,1.0,0.875
n13440,n10709,3,0.75,1.0,0.875
n13441,n4696,4,1.0,1.0,1.0
n13442,n18552,3,0.75,1.0,0.875
n13443,n4766,4,1.0,1.0,1.0
n13444,n4771,4,1.0,1.0,1.0
n13445,n11690,3,0.75,1.0,0.875
n13446,n18972,4,1.0,1.0,1.0
n13447,n13367,4,1.0,1.0,1.0
n13448,n11702,4,1.0,1.0,1.0
n13449,n19293,3,0.75,1.0,0.875
n1345,n19620,4,1.0,1.0,1.0
n13450,n11708,4,1.0,1.0,1.0
n13451,n13905,3,0.75,1.0,0.875
n13452,n4883,3,0.75,1.0,0.875
n13453,n4884,3,0.75,1.0,0.875
n13454,n4894,4,1.0,1.0,1.0
n13455,n19471,3,0.75,1.0,0.875
n13456,n11720,4,1.0,1.0,1.0
n13457,n4903,4,1.0,1.0,1.0
n13458,n11722,3,0.75,1.0,0.875
n13459,n14430,4,1.0,1.0,1.0
n1346,n4997,4,1.0,1.0,1.0
n13460,n15108,3,0.75,1.0,0.875
n13461,n19930,3,0.75,1.0,0.875
n13462,n15850,4,1.0,1.0,1.0
n13463,n11751,4,1.0,1.0,1.0
n13464,n20098,4,1.0,1.0,1.0
n13465,n11753,4,1.0,1.0,1.0
n13466,n11759,4,1.0,1.0,1.0
n13466,n16276,4,1.0,1.0,1.0
n13466,n20210,4,1.0,1.0,1.0
n13467,n5080,3,0.75,1.0,0.875
n13468,n5085,4,1.0,1.0,1.0
n13469,n20500,4,1.0,1.0,1.0
n1347,n19951,4,1.0,1.0,1.0
n13470,n5110,4,1.0,1.0,1.0
n13471,n5113,3,0.75,1.0,0.875
n13472,n5125,4,1.0,1.0,1.0
n13473,n18741,4,1.0,1.0,1.0
n13474,n5194,4,1.0,1.0,1.0
n13475,n5220,3,0.75,1.0,0.875
n13476,n19405,4,1.0,1.0,1.0
n13477,n19828,3,0.75,1.0,0.875
n13478,n5239,4,1.0,1.0,1.0
n13479,n5292,4,1.0,1.0,1.0
n1348,n20073,4,1.0,1.0,1.0
n13480,n11794,4,1.0,1.0,1.0
n13481,n21593,4,1.0,1.0,1.0
n13482,n5333,4,1.0,1.0,1.0
n13483,n21603,4,1.0,1.0,1.0
n13484,n21586,4,1.0,1.0,1.0
n13485,n5392,3,0.75,1.0,0.875
n13486,n21774,4,1.0,1.0,1.0
n13487,n11816,4,1.0,1.0,1.0
n13488,n11820,4,1.0,1.0,1.0
n13489,n1077,4,1.0,1.0,1.0
n1349,n20869,4,1.0,1.0,1.0
n13490,n1480,4,1.0,1.0,1.0
n13491,n536,4,1.0,1.0,1.0
n13492,n11841,4,1.0,1.0,1.0
n13492,n537,4,1.0,1.0,1.0
n13493,n5525,4,1.0,1.0,1.0
n13494,n2521,4,1.0,1.0,1.0
n13495,n776,4,1.0,1.0,1.0
n13496,n11864,4,1.0,1.0,1.0
n13497,n947,3,0.75,1.0,0.875
n13498,n3496,3,0.75,1.0,0.875
n13499,n3533,3,0.75,1.0,0.875
n135,n4929,4,1.0,1.0,1.0
n1350,n20027,4,1.0,1.0,1.0
n13500,n11871,3,0.75,0.75,0.75
n13500,n5623,4,1.0,1.0,1.0
n13501,n1153,4,1.0,1.0,1.0
n13502,n11877,4,1.0,1.0,1.0
n13503,n11878,4,1.0,1.0,1.0
n13504,n5678,4,1.0,1.0,1.0
n13505,n11886,4,1.0,1.0,1.0
n13506,n1487,4,1.0,1.0,1.0
n13507,n11893,3,0.75,1.0,0.875
n13508,n1543,4,1.0,1.0,1.0
n13509,n5733,3,0.75,1.0,0.875
n1351,n20935,4,1.0,1.0,1.0
n13510,n6106,4,1.0,1.0,1.0
n13511,n6172,3,0.75,1.0,0.875
n13512,n11902,4,1.0,1.0,1.0
n13513,n11906,4,1.0,1.0,1.0
n13514,n7455,4,1.0,1.0,1.0
n13515,n5868,4,1.0,1.0,1.0
n13516,n2136,4,1.0,1.0,1.0
n13517,n8924,3,0.75,1.0,0.875
n13518,n5948,4,1.0,1.0,1.0
n13519,n11950,3,0.75,1.0,0.875
n1352,n5012,4,1.0,1.0,1.0
n13520,n11955,4,1.0,1.0,1.0
n13521,n11966,4,1.0,1.0,1.0
n13522,n11967,3,0.75,1.0,0.875
n13523,n10627,4,1.0,1.0,1.0
n13523,n6050,4,1.0,1.0,1.0
n13524,n6065,4,1.0,1.0,1.0
n13525,n6085,4,1.0,1.0,1.0
n13526,n6110,3,0.75,1.0,0.875
n13527,n2770,4,1.0,1.0,1.0
n13528,n2809,4,1.0,1.0,1.0
n13528,n6130,4,1.0,1.0,1.0
n13529,n2899,3,0.75,1.0,0.875
n1353,n21364,3,0.75,1.0,0.875
n13530,n2901,4,1.0,1.0,1.0
n13531,n6156,4,1.0,1.0,1.0
n13532,n2946,3,0.75,1.0,0.875
n13533,n6171,3,0.75,1.0,0.875
n13534,n6177,4,1.0,1.0,1.0
n13535,n12016,3,0.75,1.0,0.875
n13536,n12017,3,0.75,1.0,0.875
n13537,n3068,3,0.75,1.0,0.875
n13538,n12363,3,0.75,1.0,0.875
n13539,n12032,3,0.75,1.0,0.875
n1354,n20092,4,1.0,1.0,1.0
n13540,n6294,3,0.75,1.0,0.875
n13541,n3307,4,1.0,1.0,1.0
n13542,n6313,4,1.0,1.0,1.0
n13543,n12047,4,1.0,1.0,1.0
n13544,n12048,4,1.0,1.0,1.0
n13545,n6341,4,1.0,1.0,1.0
n13546,n3485,3,0.75,1.0,0.875
n13547,n12054,4,1.0,1.0,1.0
n13548,n6398,3,0.75,1.0,0.875
n13549,n6433,3,0.75,1.0,0.875
n1355,n20101,4,1.0,1.0,1.0
n13550,n12063,4,1.0,1.0,1.0
n13551,n14230,3,0.75,1.0,0.875
n13552,n3677,4,1.0,1.0,1.0
n13553,n6459,3,0.75,1.0,0.875
n13554,n6469,3,0.75,1.0,0.875
n13555,n12076,3,0.75,1.0,0.875
n13556,n3765,4,1.0,1.0,1.0
n13557,n14604,3,0.75,1.0,0.875
n13558,n12082,3,0.75,1.0,0.875
n13559,n12084,3,0.75,1.0,0.875
n1356,n24,3,0.75,1.0,0.875
n1356,n5022,3,0.75,1.0,0.875
n13560,n6501,4,1.0,1.0,1.0
n13561,n3860,3,0.75,1.0,0.875
n13562,n12086,3,0.75,1.0,0.875
n13563,n6510,4,1.0,1.0,1.0
n13564,n4021,3,0.75,1.0,0.875
n13565,n4138,4,1.0,1.0,1.0
n13566,n4182,4,1.0,1.0,1.0
n13567,n6620,3,0.75,1.0,0.875
n13568,n17820,4,1.0,1.0,1.0
n13569,n6756,4,1.0,1.0,1.0
n1357,n419,4,1.0,1.0,1.0
n13570,n18567,3,0.75,1.0,0.875
n13571,n4732,3,0.75,1.0,0.875
n13572,n4743,4,1.0,1.0,1.0
n13573,n6779,4,1.0,1.0,1.0
n13574,n4814,3,0.75,1.0,0.875
n13575,n6796,4,1.0,1.0,1.0
n13576,n12154,4,1.0,1.0,1.0
n13577,n4891,4,1.0,1.0,1.0
n13578,n12165,3,0.75,1.0,0.875
n13579,n6827,4,1.0,1.0,1.0
n1358,n460,3,0.75,1.0,0.875
n13580,n20095,4,1.0,1.0,1.0
n13581,n5253,4,1.0,1.0,1.0
n13582,n5298,4,1.0,1.0,1.0
n13583,n12199,4,1.0,1.0,1.0
n13584,n12207,4,1.0,1.0,1.0
n13585,n387,4,1.0,1.0,1.0
n13586,n6984,3,0.75,1.0,0.875
n13587,n12214,4,1.0,1.0,1.0
n13588,n5548,3,0.75,1.0,0.875
n13589,n5566,4,1.0,1.0,1.0
n1359,n1178,4,1.0,1.0,1.0
n13590,n7005,4,1.0,1.0,1.0
n13591,n5614,4,1.0,1.0,1.0
n13592,n1020,4,1.0,1.0,1.0
n13593,n7040,4,1.0,1.0,1.0
n13594,n5783,3,0.75,1.0,0.875
n13595,n5864,3,0.75,1.0,0.875
n13596,n7092,3,0.75,1.0,0.875
n13597,n2131,4,1.0,1.0,1.0
n13598,n5936,4,1.0,1.0,1.0
n13599,n5938,4,1.0,1.0,1.0
n136,n19633,4,1.0,1.0,1.0
n1360,n1181,4,1.0,1.0,1.0
n13600,n12247,3,0.75,1.0,0.875
n13601,n12250,3,0.75,1.0,0.875
n13602,n7137,4,1.0,1.0,1.0
n13603,n12251,4,1.0,1.0,1.0
n13604,n12256,4,1.0,1.0,1.0
n13605,n2576,4,1.0,1.0,1.0
n13606,n2601,3,0.75,1.0,0.875
n13607,n7169,4,1.0,1.0,1.0
n13608,n12266,4,1.0,1.0,1.0
n13609,n7197,4,1.0,1.0,1.0
n1361,n16210,4,1.0,1.0,1.0
n13610,n6216,4,1.0,1.0,1.0
n13611,n12271,4,1.0,1.0,1.0
n13612,n12274,4,1.0,1.0,1.0
n13613,n7224,4,1.0,1.0,1.0
n13614,n7241,3,0.75,1.0,0.875
n13615,n12284,4,1.0,1.0,1.0
n13616,n7257,4,1.0,1.0,1.0
n13617,n12294,4,1.0,1.0,1.0
n13618,n7285,3,0.75,1.0,0.875
n13619,n3796,3,0.75,1.0,0.875
n1362,n5048,4,1.0,1.0,1.0
n13620,n3904,3,0.75,1.0,0.875
n13621,n6538,4,1.0,1.0,1.0
n13622,n7328,4,1.0,1.0,1.0
n13623,n12304,3,0.75,1.0,0.875
n13624,n7372,4,1.0,1.0,1.0
n13625,n4956,4,1.0,1.0,1.0
n13626,n7379,4,1.0,1.0,1.0
n13627,n6949,4,1.0,1.0,1.0
n13628,n7276,4,1.0,1.0,1.0
n13629,n6564,4,1.0,1.0,1.0
n1363,n2206,4,1.0,1.0,1.0
n13630,n6590,3,0.75,1.0,0.875
n13631,n7343,4,1.0,1.0,1.0
n13632,n12356,3,0.75,1.0,0.875
n13633,n12357,3,0.75,1.0,0.875
n13634,n7182,4,1.0,1.0,1.0
n13635,n7208,4,1.0,1.0,1.0
n13636,n7586,4,1.0,1.0,1.0
n13637,n7495,3,0.75,1.0,0.875
n13638,n7501,4,1.0,1.0,1.0
n13639,n7307,4,1.0,1.0,1.0
n1364,n20274,4,1.0,1.0,1.0
n13640,n7545,4,1.0,1.0,1.0
n13641,n7591,3,0.75,1.0,0.875
n13642,n12369,4,1.0,1.0,1.0
n13643,n8217,4,1.0,1.0,1.0
n13644,n7658,4,1.0,1.0,1.0
n13645,n7839,3,0.75,1.0,0.875
n13646,n8579,4,1.0,1.0,1.0
n13647,n7959,4,1.0,1.0,1.0
n13648,n12394,4,1.0,1.0,1.0
n13649,n7701,3,0.75,1.0,0.875
n1365,n20283,4,1.0,1.0,1.0
n13650,n12396,4,1.0,1.0,1.0
n13651,n7981,3,0.75,1.0,0.875
n13652,n12400,4,1.0,1.0,1.0
n13653,n8158,4,1.0,1.0,1.0
n13654,n12412,4,1.0,1.0,1.0
n13655,n8321,4,1.0,1.0,1.0
n13656,n8446,4,1.0,1.0,1.0
n13657,n7818,4,1.0,1.0,1.0
n13658,n11475,4,1.0,1.0,1.0
n13658,n11476,4,1.0,1.0,1.0
n13659,n13894,4,1.0,1.0,1.0
n1366,n20294,4,1.0,1.0,1.0
n1366,n3268,4,1.0,1.0,1.0
n13660,n7867,3,0.75,1.0,0.875
n13661,n8670,4,1.0,1.0,1.0
n13662,n16331,3,0.75,1.0,0.875
n13663,n7932,4,1.0,1.0,1.0
n13664,n12465,4,1.0,1.0,1.0
n13665,n8928,4,1.0,1.0,1.0
n13666,n7983,4,1.0,1.0,1.0
n13667,n17293,4,1.0,1.0,1.0
n13668,n12489,4,1.0,1.0,1.0
n13669,n12493,3,0.75,1.0,0.875
n1367,n5072,4,1.0,1.0,1.0
n13670,n9172,3,0.75,1.0,0.875
n13671,n12497,3,0.75,1.0,0.875
n13672,n17587,3,0.75,1.0,0.875
n13673,n17677,4,1.0,1.0,1.0
n13674,n8059,4,1.0,1.0,1.0
n13675,n8076,4,1.0,1.0,1.0
n13675,n8077,3,0.75,0.75,0.75
n13676,n9348,4,1.0,1.0,1.0
n13677,n9461,4,1.0,1.0,1.0
n13678,n18556,4,1.0,1.0,1.0
n13679,n8185,4,1.0,1.0,1.0
n1368,n20310,4,1.0,1.0,1.0
n13680,n12538,3,0.75,1.0,0.875
n13681,n12539,3,0.75,1.0,0.875
n13682,n19092,3,0.75,1.0,0.875
n13683,n8213,3,0.75,1.0,0.875
n13684,n8221,4,1.0,1.0,1.0
n13685,n8225,4,1.0,1.0,1.0
n13686,n19352,3,0.75,1.0,0.875
n13687,n19414,4,1.0,1.0,1.0
n13688,n19426,4,1.0,1.0,1.0
n13689,n12554,4,1.0,1.0,1.0
n1369,n20334,4,1.0,1.0,1.0
n13690,n8259,3,0.75,1.0,0.875
n13691,n19616,4,1.0,1.0,1.0
n13692,n19759,4,1.0,1.0,1.0
n13693,n12572,3,0.75,1.0,0.875
n13694,n8337,3,0.75,1.0,0.875
n13695,n10149,3,0.75,1.0,0.875
n13696,n8344,4,1.0,1.0,1.0
n13697,n10166,4,1.0,1.0,1.0
n13698,n20839,4,1.0,1.0,1.0
n13699,n8376,3,0.75,1.0,0.875
n137,n1332,4,1.0,1.0,1.0
n1370,n5077,4,1.0,1.0,1.0
n13700,n12582,3,0.75,1.0,0.875
n13701,n8384,3,0.75,1.0,0.875
n13702,n10300,4,1.0,1.0,1.0
n13703,n10430,4,1.0,1.0,1.0
n13704,n10443,4,1.0,1.0,1.0
n13705,n10507,4,1.0,1.0,1.0
n13706,n8452,3,0.75,1.0,0.875
n13707,n8464,4,1.0,1.0,1.0
n13708,n8495,3,0.75,1.0,0.875
n13709,n4601,4,1.0,1.0,1.0
n1371,n16672,4,1.0,1.0,1.0
n13710,n8511,4,1.0,1.0,1.0
n13711,n12100,4,1.0,1.0,1.0
n13712,n12616,3,0.75,1.0,0.875
n13713,n12621,4,1.0,1.0,1.0
n13714,n12480,4,1.0,1.0,1.0
n13715,n8550,4,1.0,1.0,1.0
n13716,n12623,4,1.0,1.0,1.0
n13717,n8555,4,1.0,1.0,1.0
n13718,n12632,4,1.0,1.0,1.0
n13719,n11198,4,1.0,1.0,1.0
n1372,n16796,4,1.0,1.0,1.0
n13720,n13394,4,1.0,1.0,1.0
n13721,n13549,3,0.75,1.0,0.875
n13722,n12639,3,0.75,1.0,0.875
n13723,n12633,1,0.25,1.0,0.625
n13724,n8616,3,0.75,1.0,0.875
n13725,n13818,4,1.0,1.0,1.0
n13726,n8629,3,0.75,1.0,0.875
n13727,n14010,4,1.0,1.0,1.0
n13728,n12647,3,0.75,1.0,0.875
n13729,n14078,4,1.0,1.0,1.0
n1373,n5096,4,1.0,1.0,1.0
n13730,n14123,3,0.75,1.0,0.875
n13731,n14343,4,1.0,1.0,1.0
n13732,n8658,4,1.0,1.0,1.0
n13733,n14747,4,1.0,1.0,1.0
n13734,n17734,4,1.0,1.0,1.0
n13735,n12671,4,1.0,1.0,1.0
n13736,n15238,4,1.0,1.0,1.0
n13737,n8718,4,1.0,1.0,1.0
n13738,n12683,4,1.0,1.0,1.0
n13739,n21820,4,1.0,1.0,1.0
n1374,n5119,4,1.0,1.0,1.0
n13740,n12688,4,1.0,1.0,1.0
n13741,n16200,3,0.75,1.0,0.875
n13742,n12694,4,1.0,1.0,1.0
n13743,n16220,4,1.0,1.0,1.0
n13744,n12696,4,1.0,1.0,1.0
n13745,n12698,4,1.0,1.0,1.0
n13746,n12707,3,0.75,1.0,0.875
n13747,n16462,4,1.0,1.0,1.0
n13748,n12711,3,0.75,1.0,0.875
n13749,n3415,4,1.0,1.0,1.0
n1375,n6597,4,1.0,1.0,1.0
n13750,n4790,3,0.75,1.0,0.875
n13751,n12730,4,1.0,1.0,1.0
n13752,n5240,4,1.0,1.0,1.0
n13753,n8986,4,1.0,1.0,1.0
n13754,n12736,4,1.0,1.0,1.0
n13755,n5572,4,1.0,1.0,1.0
n13756,n16961,4,1.0,1.0,1.0
n13757,n5726,3,0.75,1.0,0.875
n13758,n5731,4,1.0,1.0,1.0
n13759,n12740,3,0.75,1.0,0.875
n1376,n5121,4,1.0,1.0,1.0
n13760,n5975,3,0.75,1.0,0.875
n13761,n17061,4,1.0,1.0,1.0
n13762,n12745,4,1.0,1.0,1.0
n13763,n12746,4,1.0,1.0,1.0
n13763,n17114,4,1.0,1.0,1.0
n13764,n12753,4,1.0,1.0,1.0
n13765,n6720,4,1.0,1.0,1.0
n13766,n17242,4,1.0,1.0,1.0
n13767,n12756,4,1.0,1.0,1.0
n13768,n17259,4,1.0,1.0,1.0
n13769,n6945,4,1.0,1.0,1.0
n1377,n17258,4,1.0,1.0,1.0
n13770,n9117,3,0.75,1.0,0.875
n13771,n12772,3,0.75,1.0,0.875
n13772,n12774,4,1.0,1.0,1.0
n13773,n9162,3,0.75,1.0,0.875
n13774,n9170,4,1.0,1.0,1.0
n13775,n17547,4,1.0,1.0,1.0
n13776,n17552,3,0.75,1.0,0.875
n13777,n12781,3,0.75,1.0,0.875
n13778,n9228,4,1.0,1.0,1.0
n13779,n12792,4,1.0,1.0,1.0
n1378,n5123,4,1.0,1.0,1.0
n13780,n9260,4,1.0,1.0,1.0
n13781,n12799,4,1.0,1.0,1.0
n13782,n9372,3,0.75,1.0,0.875
n13783,n9335,3,0.75,1.0,0.875
n13784,n9639,4,1.0,1.0,1.0
n13785,n9442,4,1.0,1.0,1.0
n13786,n10802,4,1.0,1.0,1.0
n13787,n11165,4,1.0,1.0,1.0
n13788,n18522,4,1.0,1.0,1.0
n13789,n12852,4,1.0,1.0,1.0
n1379,n7315,4,1.0,1.0,1.0
n13790,n11233,4,1.0,1.0,1.0
n13791,n12859,3,0.75,1.0,0.875
n13792,n11388,4,1.0,1.0,1.0
n13792,n9523,4,1.0,1.0,1.0
n13793,n11474,4,1.0,1.0,1.0
n13794,n11566,3,0.75,1.0,0.875
n13795,n12868,3,0.75,1.0,0.875
n13796,n11780,3,0.75,1.0,0.875
n13797,n18738,3,0.75,1.0,0.875
n13798,n11860,3,0.75,1.0,0.875
n13799,n12874,4,1.0,1.0,1.0
n138,n19698,4,1.0,1.0,1.0
n1380,n17412,4,1.0,1.0,1.0
n13800,n12029,4,1.0,1.0,1.0
n13801,n12882,4,1.0,1.0,1.0
n13802,n9621,3,0.75,1.0,0.875
n13803,n9652,3,0.75,1.0,0.875
n13804,n9711,3,0.75,1.0,0.875
n13805,n12903,4,1.0,1.0,1.0
n13806,n9717,4,1.0,1.0,1.0
n13807,n19135,3,0.75,1.0,0.875
n13807,n9742,3,0.75,1.0,0.875
n13808,n9748,4,1.0,1.0,1.0
n13809,n13287,4,1.0,1.0,1.0
n1381,n5131,3,0.75,1.0,0.875
n13810,n19208,4,1.0,1.0,1.0
n13811,n13409,4,1.0,1.0,1.0
n13812,n13421,4,1.0,1.0,1.0
n13813,n9788,3,0.75,1.0,0.875
n13814,n13805,4,1.0,1.0,1.0
n13815,n19354,4,1.0,1.0,1.0
n13816,n13885,3,0.75,1.0,0.875
n13817,n19411,3,0.75,1.0,0.875
n13818,n19427,4,1.0,1.0,1.0
n13818,n9826,4,1.0,1.0,1.0
n13819,n12929,3,0.75,1.0,0.875
n1382,n5132,3,0.75,1.0,0.875
n13820,n19450,4,1.0,1.0,1.0
n13821,n12932,3,0.75,1.0,0.875
n13822,n12935,3,0.75,1.0,0.875
n13823,n19473,4,1.0,1.0,1.0
n13824,n14314,3,0.75,1.0,0.875
n13825,n9864,4,1.0,1.0,1.0
n13826,n14476,4,1.0,1.0,1.0
n13827,n9866,4,1.0,1.0,1.0
n13828,n12949,4,1.0,1.0,1.0
n13829,n12950,3,0.75,1.0,0.875
n1383,n5133,4,1.0,1.0,1.0
n13830,n19598,4,1.0,1.0,1.0
n13831,n9887,3,0.75,1.0,0.875
n13832,n12952,3,0.75,1.0,0.875
n13833,n19661,4,1.0,1.0,1.0
n13834,n9962,3,0.75,1.0,0.875
n13835,n12970,4,1.0,1.0,1.0
n13836,n9975,4,1.0,1.0,1.0
n13837,n12976,4,1.0,1.0,1.0
n13838,n20161,4,1.0,1.0,1.0
n13839,n20181,4,1.0,1.0,1.0
n1384,n5135,4,1.0,1.0,1.0
n13840,n10080,4,1.0,1.0,1.0
n13840,n10081,3,0.75,0.75,0.75
n13841,n16461,4,1.0,1.0,1.0
n13842,n10089,4,1.0,1.0,1.0
n13843,n13001,4,1.0,1.0,1.0
n13844,n20515,3,0.75,1.0,0.875
n13845,n13010,4,1.0,1.0,1.0
n13846,n13015,4,1.0,1.0,1.0
n13847,n13017,4,1.0,1.0,1.0
n13848,n10184,3,0.75,1.0,0.875
n13849,n17834,4,1.0,1.0,1.0
n1385,n17515,4,1.0,1.0,1.0
n13850,n17888,4,1.0,1.0,1.0
n13851,n18214,3,0.75,1.0,0.875
n13852,n18302,4,1.0,1.0,1.0
n13853,n10238,4,1.0,1.0,1.0
n13854,n20865,4,1.0,1.0,1.0
n13855,n13033,4,1.0,1.0,1.0
n13856,n13038,4,1.0,1.0,1.0
n13857,n21029,4,1.0,1.0,1.0
n13858,n10307,3,0.75,1.0,0.875
n13859,n19466,3,0.75,1.0,0.875
n1386,n17597,4,1.0,1.0,1.0
n13860,n10360,3,0.75,1.0,0.875
n13861,n13052,4,1.0,1.0,1.0
n13862,n20207,4,1.0,1.0,1.0
n13863,n21375,4,1.0,1.0,1.0
n13864,n13054,3,0.75,1.0,0.875
n13865,n10436,3,0.75,1.0,0.875
n13866,n20994,4,1.0,1.0,1.0
n13867,n21316,4,1.0,1.0,1.0
n13868,n10521,4,1.0,1.0,1.0
n13869,n13082,4,1.0,1.0,1.0
n1387,n8248,4,1.0,1.0,1.0
n13870,n170,4,1.0,1.0,1.0
n13871,n200,4,1.0,1.0,1.0
n13872,n13103,3,0.75,1.0,0.875
n13873,n299,4,1.0,1.0,1.0
n13874,n10618,3,0.75,1.0,0.875
n13875,n10623,4,1.0,1.0,1.0
n13876,n1622,4,1.0,1.0,1.0
n13877,n10653,3,0.75,1.0,0.875
n13878,n2115,4,1.0,1.0,1.0
n13879,n646,4,1.0,1.0,1.0
n1388,n8774,4,1.0,1.0,1.0
n13880,n2297,4,1.0,1.0,1.0
n13881,n10678,4,1.0,1.0,1.0
n13882,n712,4,1.0,1.0,1.0
n13883,n13145,4,1.0,1.0,1.0
n13884,n2747,4,1.0,1.0,1.0
n13885,n2821,3,0.75,1.0,0.875
n13886,n2876,4,1.0,1.0,1.0
n13887,n859,3,0.75,1.0,0.875
n13888,n3451,4,1.0,1.0,1.0
n13889,n1057,4,1.0,1.0,1.0
n1389,n17812,4,1.0,1.0,1.0
n13890,n1087,3,0.75,1.0,0.875
n13891,n10812,3,0.75,1.0,0.875
n13892,n13181,4,1.0,1.0,1.0
n13893,n10821,4,1.0,1.0,1.0
n13894,n4827,4,1.0,1.0,1.0
n13895,n1318,4,1.0,1.0,1.0
n13896,n4977,4,1.0,1.0,1.0
n13897,n13193,4,1.0,1.0,1.0
n13898,n5363,4,1.0,1.0,1.0
n13899,n5492,4,1.0,1.0,1.0
n139,n440,4,1.0,1.0,1.0
n1390,n17860,4,1.0,1.0,1.0
n13900,n10888,4,1.0,1.0,1.0
n13901,n10895,3,0.75,1.0,0.875
n13902,n1578,3,0.75,1.0,0.875
n13903,n10917,4,1.0,1.0,1.0
n13904,n10923,4,1.0,1.0,1.0
n13905,n1679,3,0.75,1.0,0.875
n13906,n1778,3,0.75,1.0,0.875
n13907,n13214,4,1.0,1.0,1.0
n13908,n10961,4,1.0,1.0,1.0
n13909,n13215,4,1.0,1.0,1.0
n1391,n5160,4,1.0,1.0,1.0
n13910,n1885,4,1.0,1.0,1.0
n13911,n7402,3,0.75,1.0,0.875
n13912,n7648,4,1.0,1.0,1.0
n13913,n8202,4,1.0,1.0,1.0
n13914,n13237,4,1.0,1.0,1.0
n13914,n2170,4,1.0,1.0,1.0
n13915,n2209,4,1.0,1.0,1.0
n13916,n9199,4,1.0,1.0,1.0
n13917,n11083,4,1.0,1.0,1.0
n13918,n13246,3,0.75,1.0,0.875
n13919,n10324,4,1.0,1.0,1.0
n1392,n20723,4,1.0,1.0,1.0
n13920,n13261,4,1.0,1.0,1.0
n13921,n10650,4,1.0,1.0,1.0
n13922,n11143,4,1.0,1.0,1.0
n13923,n2580,3,0.75,1.0,0.875
n13924,n11156,4,1.0,1.0,1.0
n13925,n13270,3,0.75,1.0,0.875
n13926,n11159,4,1.0,1.0,1.0
n13927,n10870,3,0.75,1.0,0.875
n13928,n2625,4,1.0,1.0,1.0
n13929,n11176,3,0.75,1.0,0.875
n1393,n17906,4,1.0,1.0,1.0
n13930,n11038,4,1.0,1.0,1.0
n13931,n11054,4,1.0,1.0,1.0
n13932,n11190,3,0.75,1.0,0.875
n13933,n13285,4,1.0,1.0,1.0
n13934,n2757,3,0.75,1.0,0.875
n13935,n11213,4,1.0,1.0,1.0
n13936,n11533,4,1.0,1.0,1.0
n13936,n13295,4,1.0,1.0,1.0
n13937,n2934,4,1.0,1.0,1.0
n13938,n2945,3,0.75,1.0,0.875
n13939,n2982,4,1.0,1.0,1.0
n1394,n20730,4,1.0,1.0,1.0
n13940,n3010,3,0.75,1.0,0.875
n13941,n11278,4,1.0,1.0,1.0
n13942,n13316,4,1.0,1.0,1.0
n13943,n13319,4,1.0,1.0,1.0
n13944,n13320,3,0.75,1.0,0.875
n13945,n3167,3,0.75,1.0,0.875
n13946,n13322,4,1.0,1.0,1.0
n13947,n12649,3,0.75,1.0,0.875
n13948,n13327,4,1.0,1.0,1.0
n13949,n12838,4,1.0,1.0,1.0
n1395,n9217,4,1.0,1.0,1.0
n13950,n3241,3,0.75,1.0,0.875
n13951,n13339,4,1.0,1.0,1.0
n13952,n13340,4,1.0,1.0,1.0
n13953,n13168,4,1.0,1.0,1.0
n13954,n3358,4,1.0,1.0,1.0
n13955,n11354,4,1.0,1.0,1.0
n13956,n13350,3,0.75,1.0,0.875
n13957,n13426,4,1.0,1.0,1.0
n13958,n11386,3,0.75,1.0,0.875
n13959,n3486,4,1.0,1.0,1.0
n1396,n17935,4,1.0,1.0,1.0
n13960,n13372,4,1.0,1.0,1.0
n13961,n13792,4,1.0,1.0,1.0
n13962,n13377,4,1.0,1.0,1.0
n13963,n3629,4,1.0,1.0,1.0
n13964,n11425,3,0.75,1.0,0.875
n13965,n3662,3,0.75,1.0,0.875
n13966,n11457,3,0.75,1.0,0.875
n13967,n11460,4,1.0,1.0,1.0
n13968,n11463,4,1.0,1.0,1.0
n13969,n11466,3,0.75,1.0,0.875
n1397,n9690,4,1.0,1.0,1.0
n13970,n3793,3,0.75,1.0,0.875
n13971,n14931,4,1.0,1.0,1.0
n13972,n15263,4,1.0,1.0,1.0
n13973,n13405,3,0.75,1.0,0.875
n13974,n4010,4,1.0,1.0,1.0
n13975,n13413,4,1.0,1.0,1.0
n13976,n13414,4,1.0,1.0,1.0
n13977,n11583,4,1.0,1.0,1.0
n13978,n16120,4,1.0,1.0,1.0
n13979,n4346,3,0.75,1.0,0.875
n1398,n18155,3,0.75,1.0,0.875
n13980,n13423,3,0.75,1.0,0.875
n13981,n16959,4,1.0,1.0,1.0
n13982,n17013,3,0.75,1.0,0.875
n13983,n13429,4,1.0,1.0,1.0
n13984,n13430,4,1.0,1.0,1.0
n13985,n4701,4,1.0,1.0,1.0
n13986,n18728,4,1.0,1.0,1.0
n13987,n18993,3,0.75,1.0,0.875
n13988,n4863,4,1.0,1.0,1.0
n13989,n13449,3,0.75,1.0,0.875
n1399,n20823,4,1.0,1.0,1.0
n13990,n13454,4,1.0,1.0,1.0
n13991,n11731,4,1.0,1.0,1.0
n13992,n11741,4,1.0,1.0,1.0
n13993,n19882,3,0.75,1.0,0.875
n13994,n4984,4,1.0,1.0,1.0
n13995,n11757,4,1.0,1.0,1.0
n13995,n11758,4,1.0,1.0,1.0
n13995,n13466,4,1.0,1.0,1.0
n13995,n5045,4,1.0,1.0,1.0
n13996,n5047,4,1.0,1.0,1.0
n13997,n13467,3,0.75,1.0,0.875
n13998,n13470,4,1.0,1.0,1.0
n13999,n20813,3,0.75,1.0,0.875
n14,n52,4,1.0,1.0,1.0
n140,n444,3,0.75,0.75,0.75
n140,n5021,4,1.0,1.0,1.0
n1400,n10236,4,1.0,1.0,1.0
n14000,n5184,4,1.0,1.0,1.0
n14001,n5185,4,1.0,1.0,1.0
n14002,n11778,4,1.0,1.0,1.0
n14003,n11784,4,1.0,1.0,1.0
n14004,n13481,4,1.0,1.0,1.0
n14005,n13490,4,1.0,1.0,1.0
n14006,n888,3,0.75,1.0,0.875
n14007,n1331,3,0.75,1.0,0.875
n14008,n13512,4,1.0,1.0,1.0
n14009,n11913,4,1.0,1.0,1.0
n1401,n18268,4,1.0,1.0,1.0
n14010,n5882,4,1.0,1.0,1.0
n14011,n11925,4,1.0,1.0,1.0
n14012,n13517,3,0.75,1.0,0.875
n14013,n6003,4,1.0,1.0,1.0
n14014,n6013,4,1.0,1.0,1.0
n14015,n13524,4,1.0,1.0,1.0
n14016,n2792,3,0.75,1.0,0.875
n14017,n2863,3,0.75,1.0,0.875
n14018,n13530,4,1.0,1.0,1.0
n14019,n2988,3,0.75,1.0,0.875
n1402,n18316,4,1.0,1.0,1.0
n14020,n13535,3,0.75,1.0,0.875
n14021,n13538,3,0.75,1.0,0.875
n14022,n3106,4,1.0,1.0,1.0
n14023,n12023,4,1.0,1.0,1.0
n14024,n6279,3,0.75,1.0,0.875
n14025,n6371,4,1.0,1.0,1.0
n14026,n3570,4,1.0,1.0,1.0
n14027,n13550,4,1.0,1.0,1.0
n14028,n12077,3,0.75,1.0,0.875
n14029,n13556,4,1.0,1.0,1.0
n1403,n20878,4,1.0,1.0,1.0
n14030,n13561,3,0.75,1.0,0.875
n14031,n12102,3,0.75,1.0,0.875
n14032,n12103,3,0.75,1.0,0.875
n14033,n6600,4,1.0,1.0,1.0
n14034,n4203,4,1.0,1.0,1.0
n14035,n4371,4,1.0,1.0,1.0
n14036,n12127,3,0.75,1.0,0.875
n14037,n12132,4,1.0,1.0,1.0
n14038,n4626,3,0.75,1.0,0.875
n14039,n6759,3,0.75,1.0,0.875
n1404,n20882,4,1.0,1.0,1.0
n14040,n6803,3,0.75,1.0,0.875
n14041,n12156,3,0.75,1.0,0.875
n14042,n12164,4,1.0,1.0,1.0
n14043,n13578,3,0.75,1.0,0.875
n14044,n6864,3,0.75,1.0,0.875
n14045,n13586,3,0.75,1.0,0.875
n14046,n12239,3,0.75,1.0,0.875
n14047,n7110,3,0.75,1.0,0.875
n14048,n13610,4,1.0,1.0,1.0
n14049,n7223,3,0.75,1.0,0.875
n1405,n11087,4,1.0,1.0,1.0
n14050,n6327,4,1.0,1.0,1.0
n14051,n7269,4,1.0,1.0,1.0
n14052,n13619,3,0.75,1.0,0.875
n14053,n6529,4,1.0,1.0,1.0
n14054,n7389,4,1.0,1.0,1.0
n14055,n12320,4,1.0,1.0,1.0
n14056,n6972,3,0.75,1.0,0.875
n14057,n7451,4,1.0,1.0,1.0
n14058,n7179,3,0.75,1.0,0.875
n14059,n13630,3,0.75,1.0,0.875
n1406,n20925,4,1.0,1.0,1.0
n14060,n7359,4,1.0,1.0,1.0
n14061,n13641,3,0.75,1.0,0.875
n14062,n7768,4,1.0,1.0,1.0
n14063,n12377,3,0.75,1.0,0.875
n14064,n12381,3,0.75,1.0,0.875
n14065,n8089,3,0.75,1.0,0.875
n14066,n13654,4,1.0,1.0,1.0
n14067,n8282,4,1.0,1.0,1.0
n14068,n12436,4,1.0,1.0,1.0
n14069,n8603,4,1.0,1.0,1.0
n1407,n20943,4,1.0,1.0,1.0
n14070,n8608,4,1.0,1.0,1.0
n14071,n12454,4,1.0,1.0,1.0
n14072,n7893,3,0.75,1.0,0.875
n14073,n12475,4,1.0,1.0,1.0
n14074,n9597,3,0.75,1.0,0.875
n14075,n12536,3,0.75,1.0,0.875
n14076,n8216,4,1.0,1.0,1.0
n14077,n9795,4,1.0,1.0,1.0
n14078,n13688,4,1.0,1.0,1.0
n14079,n13691,4,1.0,1.0,1.0
n1408,n5209,3,0.75,1.0,0.875
n14080,n9976,4,1.0,1.0,1.0
n14081,n13694,3,0.75,1.0,0.875
n14082,n13705,4,1.0,1.0,1.0
n14083,n12598,4,1.0,1.0,1.0
n14084,n11736,3,0.75,1.0,0.875
n14085,n12612,3,0.75,1.0,0.875
n14086,n13726,3,0.75,1.0,0.875
n14087,n14091,4,1.0,1.0,1.0
n14088,n14148,4,1.0,1.0,1.0
n14089,n14275,4,1.0,1.0,1.0
n1409,n12908,4,1.0,1.0,1.0
n14090,n8711,4,1.0,1.0,1.0
n14091,n8733,4,1.0,1.0,1.0
n14092,n12682,4,1.0,1.0,1.0
n14092,n15515,4,1.0,1.0,1.0
n14093,n13739,4,1.0,1.0,1.0
n14094,n8823,3,0.75,1.0,0.875
n14095,n16788,3,0.75,1.0,0.875
n14096,n13756,4,1.0,1.0,1.0
n14097,n16975,3,0.75,1.0,0.875
n14098,n8996,3,0.75,1.0,0.875
n14099,n17107,4,1.0,1.0,1.0
n141,n1357,4,1.0,1.0,1.0
n1410,n12916,4,1.0,1.0,1.0
n14100,n17115,3,0.75,1.0,0.875
n14101,n12752,4,1.0,1.0,1.0
n14102,n13769,4,1.0,1.0,1.0
n14103,n17332,4,1.0,1.0,1.0
n14104,n17367,3,0.75,1.0,0.875
n14105,n13772,4,1.0,1.0,1.0
n14106,n13775,4,1.0,1.0,1.0
n14107,n12796,3,0.75,1.0,0.875
n14108,n17929,4,1.0,1.0,1.0
n14109,n12836,3,0.75,1.0,0.875
n1411,n13030,4,1.0,1.0,1.0
n1411,n19097,4,1.0,1.0,1.0
n14110,n12850,4,1.0,1.0,1.0
n14111,n12856,4,1.0,1.0,1.0
n14112,n13791,3,0.75,1.0,0.875
n14113,n13794,3,0.75,1.0,0.875
n14114,n18804,3,0.75,1.0,0.875
n14115,n9632,4,1.0,1.0,1.0
n14116,n18908,3,0.75,1.0,0.875
n14117,n19053,4,1.0,1.0,1.0
n14118,n12920,4,1.0,1.0,1.0
n14119,n13815,4,1.0,1.0,1.0
n1412,n21045,4,1.0,1.0,1.0
n14120,n12978,4,1.0,1.0,1.0
n14121,n12980,4,1.0,1.0,1.0
n14122,n12985,4,1.0,1.0,1.0
n14123,n12989,3,0.75,1.0,0.875
n14124,n13006,3,0.75,1.0,0.875
n14125,n13014,4,1.0,1.0,1.0
n14126,n13848,3,0.75,1.0,0.875
n14126,n20674,3,0.75,1.0,0.875
n14127,n13036,3,0.75,1.0,0.875
n14128,n13857,4,1.0,1.0,1.0
n14129,n13045,4,1.0,1.0,1.0
n1413,n19277,4,1.0,1.0,1.0
n14130,n21298,4,1.0,1.0,1.0
n14131,n13869,4,1.0,1.0,1.0
n14132,n13098,3,0.75,1.0,0.875
n14133,n10582,3,0.75,1.0,0.875
n14134,n10639,4,1.0,1.0,1.0
n14135,n576,4,1.0,1.0,1.0
n14136,n13879,4,1.0,1.0,1.0
n14137,n13887,3,0.75,1.0,0.875
n14138,n13152,3,0.75,1.0,0.875
n14139,n910,4,1.0,1.0,1.0
n1414,n5226,4,1.0,1.0,1.0
n14140,n13169,4,1.0,1.0,1.0
n14141,n13176,4,1.0,1.0,1.0
n14142,n1756,4,1.0,1.0,1.0
n14143,n10951,4,1.0,1.0,1.0
n14144,n1792,3,0.75,1.0,0.875
n14145,n13218,4,1.0,1.0,1.0
n14146,n10968,4,1.0,1.0,1.0
n14147,n2406,3,0.75,1.0,0.875
n14148,n13922,4,1.0,1.0,1.0
n14149,n11197,4,1.0,1.0,1.0
n1415,n19535,4,1.0,1.0,1.0
n14150,n13936,4,1.0,1.0,1.0
n14151,n13940,3,0.75,1.0,0.875
n14152,n13321,4,1.0,1.0,1.0
n14153,n13323,4,1.0,1.0,1.0
n14154,n13326,3,0.75,1.0,0.875
n14155,n13955,4,1.0,1.0,1.0
n14156,n13956,3,0.75,1.0,0.875
n14157,n3394,3,0.75,1.0,0.875
n14158,n3434,4,1.0,1.0,1.0
n14159,n3620,4,1.0,1.0,1.0
n1416,n19651,4,1.0,1.0,1.0
n14160,n11444,3,0.75,0.75,0.75
n14160,n13381,4,1.0,1.0,1.0
n14161,n3674,4,1.0,1.0,1.0
n14162,n13391,3,0.75,1.0,0.875
n14163,n11521,4,1.0,1.0,1.0
n14164,n4144,4,1.0,1.0,1.0
n14165,n11609,3,0.75,1.0,0.875
n14166,n13980,3,0.75,1.0,0.875
n14167,n11667,4,1.0,1.0,1.0
n14168,n4917,3,0.75,1.0,0.875
n14169,n5031,4,1.0,1.0,1.0
n1417,n14810,4,1.0,1.0,1.0
n14170,n5102,3,0.75,1.0,0.875
n14171,n5176,4,1.0,1.0,1.0
n14172,n5521,4,1.0,1.0,1.0
n14173,n14006,3,0.75,1.0,0.875
n14174,n11907,4,1.0,1.0,1.0
n14175,n5791,4,1.0,1.0,1.0
n14176,n14012,3,0.75,1.0,0.875
n14177,n14016,3,0.75,1.0,0.875
n14178,n14019,3,0.75,1.0,0.875
n14179,n14024,3,0.75,1.0,0.875
n1418,n19714,4,1.0,1.0,1.0
n14180,n12046,4,1.0,1.0,1.0
n14181,n14027,4,1.0,1.0,1.0
n14182,n14029,4,1.0,1.0,1.0
n14183,n14031,3,0.75,1.0,0.875
n14184,n6763,4,1.0,1.0,1.0
n14185,n12185,4,1.0,1.0,1.0
n14186,n12283,3,0.75,1.0,0.875
n14187,n7374,3,0.75,1.0,0.875
n14188,n13639,4,1.0,1.0,1.0
n14189,n14064,3,0.75,1.0,0.875
n1419,n5236,4,1.0,1.0,1.0
n14190,n12437,4,1.0,1.0,1.0
n14191,n13665,4,1.0,1.0,1.0
n14192,n14077,4,1.0,1.0,1.0
n14193,n8265,4,1.0,1.0,1.0
n14194,n13692,4,1.0,1.0,1.0
n14195,n14080,4,1.0,1.0,1.0
n14196,n13693,3,0.75,1.0,0.875
n14197,n14084,3,0.75,1.0,0.875
n14198,n8593,3,0.75,0.75,0.75
n14198,n8594,4,1.0,1.0,1.0
n14199,n14086,3,0.75,1.0,0.875
n142,n5036,4,1.0,1.0,1.0
n1420,n15167,4,1.0,1.0,1.0
n14200,n13729,4,1.0,1.0,1.0
n14201,n13732,4,1.0,1.0,1.0
n14202,n8703,3,0.75,1.0,0.875
n14203,n14093,4,1.0,1.0,1.0
n14204,n13784,4,1.0,1.0,1.0
n14205,n12862,4,1.0,1.0,1.0
n14206,n14114,3,0.75,1.0,0.875
n14207,n10091,4,1.0,1.0,1.0
n14208,n13851,3,0.75,1.0,0.875
n14209,n13854,4,1.0,1.0,1.0
n1421,n15245,4,1.0,1.0,1.0
n14210,n10747,3,0.75,1.0,0.875
n14211,n13184,3,0.75,1.0,0.875
n14212,n10930,3,0.75,1.0,0.875
n14213,n11005,3,0.75,1.0,0.875
n14214,n14151,3,0.75,1.0,0.875
n14215,n11598,3,0.75,1.0,0.875
n14216,n11740,4,1.0,1.0,1.0
n14217,n13471,3,0.75,1.0,0.875
n14218,n14174,4,1.0,1.0,1.0
n14219,n14179,3,0.75,1.0,0.875
n1422,n19993,4,1.0,1.0,1.0
n14220,n13555,3,0.75,1.0,0.875
n14221,n12172,4,1.0,1.0,1.0
n14222,n14060,4,1.0,1.0,1.0
n14223,n14081,3,0.75,1.0,0.875
n14224,n14197,3,0.75,1.0,0.875
n14225,n14085,3,0.75,1.0,0.875
n14226,n14204,4,1.0,1.0,1.0
n14227,n13986,4,1.0,1.0,1.0
n14228,n13822,3,0.75,1.0,0.875
n14229,n14238,3,0.75,1.0,0.875
n1423,n5254,4,1.0,1.0,1.0
n14230,n14460,3,0.75,1.0,0.875
n14231,n14243,4,1.0,1.0,1.0
n14232,n14506,4,1.0,1.0,1.0
n14233,n14244,4,1.0,1.0,1.0
n14234,n14323,3,0.75,1.0,0.875
n14235,n14257,4,1.0,1.0,1.0
n14236,n14266,4,1.0,1.0,1.0
n14237,n14897,3,0.75,1.0,0.875
n14238,n17345,3,0.75,1.0,0.875
n14239,n17776,4,1.0,1.0,1.0
n1424,n5259,4,1.0,1.0,1.0
n14240,n14301,4,1.0,1.0,1.0
n14241,n14497,3,0.75,1.0,0.875
n14242,n18509,3,0.75,1.0,0.875
n14243,n14304,3,0.75,0.75,0.75
n14243,n15246,4,1.0,1.0,1.0
n14244,n18891,4,1.0,1.0,1.0
n14245,n14527,4,1.0,1.0,1.0
n14246,n15367,4,1.0,1.0,1.0
n14247,n14547,3,0.75,1.0,0.875
n14248,n15459,4,1.0,1.0,1.0
n14249,n14319,3,0.75,1.0,0.875
n1425,n21262,4,1.0,1.0,1.0
n14250,n14327,4,1.0,1.0,1.0
n14251,n14617,4,1.0,1.0,1.0
n14252,n15679,4,1.0,1.0,1.0
n14253,n20567,4,1.0,1.0,1.0
n14254,n20683,4,1.0,1.0,1.0
n14255,n20859,3,0.75,1.0,0.875
n14256,n14339,4,1.0,1.0,1.0
n14257,n21100,4,1.0,1.0,1.0
n14258,n14658,4,1.0,1.0,1.0
n14259,n15807,4,1.0,1.0,1.0
n1426,n5261,4,1.0,1.0,1.0
n14260,n14352,4,1.0,1.0,1.0
n14261,n16057,4,1.0,1.0,1.0
n14261,n538,4,1.0,1.0,1.0
n14262,n14358,4,1.0,1.0,1.0
n14263,n16144,3,0.75,1.0,0.875
n14264,n14368,3,0.75,1.0,0.875
n14265,n14371,4,1.0,1.0,1.0
n14266,n14373,4,1.0,1.0,1.0
n14267,n14374,4,1.0,1.0,1.0
n14268,n16442,3,0.75,1.0,0.875
n14269,n3265,4,1.0,1.0,1.0
n1427,n5265,4,1.0,1.0,1.0
n14270,n14385,3,0.75,1.0,0.875
n14271,n16704,4,1.0,1.0,1.0
n14272,n14395,4,1.0,1.0,1.0
n14273,n16811,4,1.0,1.0,1.0
n14274,n16982,3,0.75,1.0,0.875
n14275,n14910,4,1.0,1.0,1.0
n14276,n17106,3,0.75,1.0,0.875
n14277,n14415,3,0.75,1.0,0.875
n14278,n17153,3,0.75,1.0,0.875
n14279,n17199,4,1.0,1.0,1.0
n1428,n5269,3,0.75,1.0,0.875
n14280,n6912,4,1.0,1.0,1.0
n14281,n14429,3,0.75,0.75,0.75
n14281,n14979,4,1.0,1.0,1.0
n14282,n17514,4,1.0,1.0,1.0
n14283,n17520,4,1.0,1.0,1.0
n14284,n14996,3,0.75,1.0,0.875
n14285,n14433,1,0.25,1.0,0.625
n14286,n14435,4,1.0,1.0,1.0
n14287,n17608,3,0.75,1.0,0.875
n14288,n8298,4,1.0,1.0,1.0
n14289,n14451,4,1.0,1.0,1.0
n1429,n20214,3,0.75,1.0,0.875
n14290,n8583,4,1.0,1.0,1.0
n14291,n8657,3,0.75,1.0,0.875
n14292,n9123,3,0.75,1.0,0.875
n14293,n17944,3,0.75,1.0,0.875
n14294,n14475,4,1.0,1.0,1.0
n14295,n14478,4,1.0,1.0,1.0
n14296,n15151,4,1.0,1.0,1.0
n14296,n18179,3,0.75,0.75,0.75
n14297,n10199,3,0.75,1.0,0.875
n14298,n10624,4,1.0,1.0,1.0
n14299,n10777,4,1.0,1.0,1.0
n143,n452,4,1.0,1.0,1.0
n1430,n20269,4,1.0,1.0,1.0
n14300,n10804,4,1.0,1.0,1.0
n14301,n11105,4,1.0,1.0,1.0
n14302,n18554,4,1.0,1.0,1.0
n14303,n11378,4,1.0,1.0,1.0
n14304,n18585,3,0.75,1.0,0.875
n14305,n18589,4,1.0,1.0,1.0
n14306,n11578,4,1.0,1.0,1.0
n14307,n15290,4,1.0,1.0,1.0
n14308,n18763,3,0.75,1.0,0.875
n14309,n18764,4,1.0,1.0,1.0
n1431,n5272,4,1.0,1.0,1.0
n14310,n15304,4,1.0,1.0,1.0
n14311,n14530,3,0.75,1.0,0.875
n14312,n13266,4,1.0,1.0,1.0
n14313,n19173,4,1.0,1.0,1.0
n14314,n14540,3,0.75,1.0,0.875
n14315,n14542,4,1.0,1.0,1.0
n14316,n19196,3,0.75,1.0,0.875
n14317,n13457,4,1.0,1.0,1.0
n14318,n19276,4,1.0,1.0,1.0
n14319,n14571,3,0.75,1.0,0.875
n1432,n16980,4,1.0,1.0,1.0
n14320,n14572,3,0.75,1.0,0.875
n14321,n14573,3,0.75,1.0,0.875
n14322,n14574,4,1.0,1.0,1.0
n14323,n19469,3,0.75,1.0,0.875
n14324,n14579,3,0.75,1.0,0.875
n14325,n14961,4,1.0,1.0,1.0
n14326,n14614,4,1.0,1.0,1.0
n14327,n15617,4,1.0,1.0,1.0
n14328,n20076,4,1.0,1.0,1.0
n14329,n20247,3,0.75,1.0,0.875
n1433,n17307,4,1.0,1.0,1.0
n14330,n16419,4,1.0,1.0,1.0
n14331,n20392,4,1.0,1.0,1.0
n14332,n20455,4,1.0,1.0,1.0
n14333,n15684,4,1.0,1.0,1.0
n14334,n14642,4,1.0,1.0,1.0
n14335,n20695,4,1.0,1.0,1.0
n14336,n18315,4,1.0,1.0,1.0
n14337,n15755,4,1.0,1.0,1.0
n14338,n18733,4,1.0,1.0,1.0
n14339,n18850,4,1.0,1.0,1.0
n1434,n5300,4,1.0,1.0,1.0
n14340,n14653,4,1.0,1.0,1.0
n14341,n19259,3,0.75,1.0,0.875
n14342,n14657,3,0.75,1.0,0.875
n14343,n15858,4,1.0,1.0,1.0
n14343,n20478,4,1.0,1.0,1.0
n14343,n21380,4,1.0,1.0,1.0
n14344,n14667,3,0.75,1.0,0.875
n14345,n20593,4,1.0,1.0,1.0
n14346,n14674,3,0.75,1.0,0.875
n14347,n21529,4,1.0,1.0,1.0
n14348,n21562,4,1.0,1.0,1.0
n14349,n15889,4,1.0,1.0,1.0
n1435,n21447,4,1.0,1.0,1.0
n14350,n15916,4,1.0,1.0,1.0
n14351,n15917,4,1.0,1.0,1.0
n14351,n15918,4,1.0,1.0,1.0
n14352,n15928,4,1.0,1.0,1.0
n14353,n14702,4,1.0,1.0,1.0
n14354,n468,3,0.75,1.0,0.875
n14355,n529,4,1.0,1.0,1.0
n14356,n16055,3,0.75,1.0,0.875
n14357,n14711,4,1.0,1.0,1.0
n14358,n14712,4,1.0,1.0,1.0
n14359,n997,3,0.75,1.0,0.875
n1436,n17865,4,1.0,1.0,1.0
n14360,n3923,4,1.0,1.0,1.0
n14361,n1084,4,1.0,1.0,1.0
n14362,n4562,4,1.0,1.0,1.0
n14363,n5180,4,1.0,1.0,1.0
n14364,n16243,4,1.0,1.0,1.0
n14365,n1681,4,1.0,1.0,1.0
n14366,n16285,4,1.0,1.0,1.0
n14367,n6789,3,0.75,1.0,0.875
n14368,n1888,3,0.75,1.0,0.875
n14369,n16341,3,0.75,1.0,0.875
n1437,n5316,3,0.75,1.0,0.875
n14370,n14771,4,1.0,1.0,1.0
n14371,n9334,4,1.0,1.0,1.0
n14372,n14776,4,1.0,1.0,1.0
n14373,n2333,4,1.0,1.0,1.0
n14374,n14777,4,1.0,1.0,1.0
n14375,n10437,3,0.75,1.0,0.875
n14376,n14783,3,0.75,1.0,0.875
n14377,n14785,4,1.0,1.0,1.0
n14378,n16436,3,0.75,1.0,0.875
n14379,n16500,4,1.0,1.0,1.0
n1438,n18295,4,1.0,1.0,1.0
n14380,n16503,4,1.0,1.0,1.0
n14381,n16562,4,1.0,1.0,1.0
n14382,n3579,4,1.0,1.0,1.0
n14383,n3633,4,1.0,1.0,1.0
n14384,n16584,4,1.0,1.0,1.0
n14385,n3720,3,0.75,1.0,0.875
n14386,n3987,3,0.75,1.0,0.875
n14387,n14838,4,1.0,1.0,1.0
n14388,n16700,4,1.0,1.0,1.0
n14389,n4456,4,1.0,1.0,1.0
n1439,n20931,4,1.0,1.0,1.0
n14390,n4578,4,1.0,1.0,1.0
n14391,n14855,4,1.0,1.0,1.0
n14392,n14858,4,1.0,1.0,1.0
n14393,n14859,4,1.0,1.0,1.0
n14394,n14862,4,1.0,1.0,1.0
n14395,n4913,4,1.0,1.0,1.0
n14396,n16806,4,1.0,1.0,1.0
n14397,n20022,4,1.0,1.0,1.0
n14398,n5041,4,1.0,1.0,1.0
n14399,n20510,4,1.0,1.0,1.0
n144,n5074,4,1.0,1.0,1.0
n1440,n20989,3,0.75,1.0,0.875
n14400,n16963,4,1.0,1.0,1.0
n14401,n5658,4,1.0,1.0,1.0
n14402,n1730,4,1.0,1.0,1.0
n14403,n5970,4,1.0,1.0,1.0
n14404,n14915,3,0.75,1.0,0.875
n14405,n14916,4,1.0,1.0,1.0
n14405,n2357,4,1.0,1.0,1.0
n14406,n2464,4,1.0,1.0,1.0
n14407,n2513,4,1.0,1.0,1.0
n14408,n2557,4,1.0,1.0,1.0
n14409,n17084,4,1.0,1.0,1.0
n1441,n21600,4,1.0,1.0,1.0
n14410,n14922,4,1.0,1.0,1.0
n14411,n14923,4,1.0,1.0,1.0
n14412,n6158,4,1.0,1.0,1.0
n14413,n14925,4,1.0,1.0,1.0
n14414,n17132,4,1.0,1.0,1.0
n14415,n3305,3,0.75,1.0,0.875
n14416,n6315,4,1.0,1.0,1.0
n14417,n14936,4,1.0,1.0,1.0
n14418,n17184,4,1.0,1.0,1.0
n14419,n14939,4,1.0,1.0,1.0
n1442,n19253,4,1.0,1.0,1.0
n14420,n17200,4,1.0,1.0,1.0
n14421,n14942,4,1.0,1.0,1.0
n14422,n14944,3,0.75,1.0,0.875
n14423,n6913,4,1.0,1.0,1.0
n14424,n6926,4,1.0,1.0,1.0
n14425,n7009,4,1.0,1.0,1.0
n14426,n6369,4,1.0,1.0,1.0
n14427,n7418,4,1.0,1.0,1.0
n14428,n14974,3,0.75,1.0,0.875
n14429,n7511,3,0.75,1.0,0.875
n1443,n21601,4,1.0,1.0,1.0
n14430,n14995,4,1.0,1.0,1.0
n14431,n8212,4,1.0,1.0,1.0
n14432,n8379,4,1.0,1.0,1.0
n14433,n8617,1,0.25,1.0,0.625
n14434,n15001,4,1.0,1.0,1.0
n14435,n15003,4,1.0,1.0,1.0
n14436,n8751,3,0.75,1.0,0.875
n14437,n17599,4,1.0,1.0,1.0
n14438,n15010,3,0.75,1.0,0.875
n14439,n15011,4,1.0,1.0,1.0
n1444,n5334,4,1.0,1.0,1.0
n14440,n9061,3,0.75,1.0,0.875
n14441,n15019,4,1.0,1.0,1.0
n14442,n17622,3,0.75,1.0,0.875
n14443,n8082,3,0.75,1.0,0.875
n14444,n8127,4,1.0,1.0,1.0
n14445,n15025,4,1.0,1.0,1.0
n14446,n15026,3,0.75,1.0,0.875
n14447,n8242,4,1.0,1.0,1.0
n14447,n9822,4,1.0,1.0,1.0
n14448,n8251,4,1.0,1.0,1.0
n14449,n15029,4,1.0,1.0,1.0
n1445,n19399,3,0.75,1.0,0.875
n14450,n9955,3,0.75,1.0,0.875
n14451,n10036,4,1.0,1.0,1.0
n14452,n10354,4,1.0,1.0,1.0
n14453,n17710,4,1.0,1.0,1.0
n14454,n8432,4,1.0,1.0,1.0
n14455,n15046,4,1.0,1.0,1.0
n14456,n15048,4,1.0,1.0,1.0
n14457,n8559,4,1.0,1.0,1.0
n14458,n15052,4,1.0,1.0,1.0
n14459,n8639,3,0.75,1.0,0.875
n1446,n19902,3,0.75,1.0,0.875
n14460,n15056,3,0.75,1.0,0.875
n14461,n15050,4,1.0,1.0,1.0
n14462,n8721,4,1.0,1.0,1.0
n14463,n17784,4,1.0,1.0,1.0
n14464,n15058,4,1.0,1.0,1.0
n14465,n17881,4,1.0,1.0,1.0
n14466,n15078,3,0.75,1.0,0.875
n14467,n17887,4,1.0,1.0,1.0
n14468,n15093,4,1.0,1.0,1.0
n14469,n9213,4,1.0,1.0,1.0
n1447,n21723,4,1.0,1.0,1.0
n14470,n15094,4,1.0,1.0,1.0
n14471,n9333,4,1.0,1.0,1.0
n14472,n15109,4,1.0,1.0,1.0
n14473,n18022,4,1.0,1.0,1.0
n14474,n18031,4,1.0,1.0,1.0
n14475,n18987,4,1.0,1.0,1.0
n14476,n15124,4,1.0,1.0,1.0
n14477,n18085,4,1.0,1.0,1.0
n14478,n15130,4,1.0,1.0,1.0
n14479,n9891,4,1.0,1.0,1.0
n1448,n20547,4,1.0,1.0,1.0
n14480,n19671,4,1.0,1.0,1.0
n14481,n19731,4,1.0,1.0,1.0
n14482,n15139,3,0.75,1.0,0.875
n14483,n15159,4,1.0,1.0,1.0
n14484,n18280,3,0.75,1.0,0.875
n14485,n18288,4,1.0,1.0,1.0
n14486,n15175,4,1.0,1.0,1.0
n14487,n221,4,1.0,1.0,1.0
n14488,n15184,3,0.75,1.0,0.875
n14489,n18323,4,1.0,1.0,1.0
n1449,n21751,4,1.0,1.0,1.0
n1449,n5366,4,1.0,1.0,1.0
n14490,n392,4,1.0,1.0,1.0
n14491,n429,4,1.0,1.0,1.0
n14492,n15185,4,1.0,1.0,1.0
n14493,n10710,4,1.0,1.0,1.0
n14494,n15195,4,1.0,1.0,1.0
n14495,n10879,4,1.0,1.0,1.0
n14496,n15212,4,1.0,1.0,1.0
n14497,n2551,3,0.75,1.0,0.875
n14498,n18502,4,1.0,1.0,1.0
n14499,n11263,4,1.0,1.0,1.0
n145,n1369,4,1.0,1.0,1.0
n1450,n5369,4,1.0,1.0,1.0
n14500,n18536,4,1.0,1.0,1.0
n14501,n18551,4,1.0,1.0,1.0
n14502,n11370,4,1.0,1.0,1.0
n14502,n3399,3,0.75,0.75,0.75
n14503,n3420,3,0.75,1.0,0.875
n14504,n11397,3,0.75,1.0,0.875
n14505,n15254,3,0.75,1.0,0.875
n14506,n18647,4,1.0,1.0,1.0
n14507,n11625,4,1.0,1.0,1.0
n14508,n11629,4,1.0,1.0,1.0
n14509,n18653,4,1.0,1.0,1.0
n1451,n21764,4,1.0,1.0,1.0
n14510,n18692,4,1.0,1.0,1.0
n14511,n18701,4,1.0,1.0,1.0
n14512,n18711,4,1.0,1.0,1.0
n14513,n15292,4,1.0,1.0,1.0
n14514,n15308,4,1.0,1.0,1.0
n14515,n15311,4,1.0,1.0,1.0
n14516,n12189,4,1.0,1.0,1.0
n14517,n15319,4,1.0,1.0,1.0
n14517,n7235,3,0.75,0.75,0.75
n14518,n18870,3,0.75,1.0,0.875
n14519,n7555,3,0.75,1.0,0.875
n1452,n5372,4,1.0,1.0,1.0
n14520,n12371,4,1.0,1.0,1.0
n14521,n7668,4,1.0,1.0,1.0
n14522,n12391,4,1.0,1.0,1.0
n14523,n7709,3,0.75,1.0,0.875
n14524,n12448,4,1.0,1.0,1.0
n14525,n12521,4,1.0,1.0,1.0
n14526,n15334,4,1.0,1.0,1.0
n14526,n15335,4,1.0,1.0,1.0
n14526,n8168,4,1.0,1.0,1.0
n14527,n15336,4,1.0,1.0,1.0
n14528,n15343,4,1.0,1.0,1.0
n14529,n15346,4,1.0,1.0,1.0
n1453,n5375,4,1.0,1.0,1.0
n14530,n19006,3,0.75,1.0,0.875
n14531,n9060,3,0.75,1.0,0.875
n14532,n9224,4,1.0,1.0,1.0
n14533,n12787,4,1.0,1.0,1.0
n14534,n12837,3,0.75,1.0,0.875
n14535,n12848,4,1.0,1.0,1.0
n14536,n12879,3,0.75,1.0,0.875
n14537,n19105,4,1.0,1.0,1.0
n14538,n10690,3,0.75,1.0,0.875
n14539,n15389,4,1.0,1.0,1.0
n1454,n21581,4,1.0,1.0,1.0
n14540,n11327,3,0.75,1.0,0.875
n14541,n15403,3,0.75,1.0,0.875
n14542,n19191,4,1.0,1.0,1.0
n14543,n15409,3,0.75,1.0,0.875
n14544,n11622,4,1.0,1.0,1.0
n14545,n15420,4,1.0,1.0,1.0
n14546,n13596,3,0.75,1.0,0.875
n14547,n19292,3,0.75,1.0,0.875
n14548,n15436,3,0.75,1.0,0.875
n14549,n15439,4,1.0,1.0,1.0
n1455,n5385,4,1.0,1.0,1.0
n14550,n15440,3,0.75,1.0,0.875
n14551,n13727,4,1.0,1.0,1.0
n14552,n15441,4,1.0,1.0,1.0
n14553,n12686,4,1.0,1.0,1.0
n14554,n13758,4,1.0,1.0,1.0
n14555,n12757,4,1.0,1.0,1.0
n14556,n12814,4,1.0,1.0,1.0
n14557,n13813,3,0.75,1.0,0.875
n14558,n13862,4,1.0,1.0,1.0
n14559,n13892,4,1.0,1.0,1.0
n1456,n21685,4,1.0,1.0,1.0
n14560,n15457,3,0.75,1.0,0.875
n14561,n13293,4,1.0,1.0,1.0
n14562,n13963,4,1.0,1.0,1.0
n14563,n13387,4,1.0,1.0,1.0
n14563,n13968,4,1.0,1.0,1.0
n14564,n13971,4,1.0,1.0,1.0
n14565,n15466,3,0.75,1.0,0.875
n14566,n19402,4,1.0,1.0,1.0
n14567,n13499,3,0.75,1.0,0.875
n14568,n14037,4,1.0,1.0,1.0
n14569,n13716,4,1.0,1.0,1.0
n1457,n5397,4,1.0,1.0,1.0
n14570,n19438,3,0.75,1.0,0.875
n14571,n13819,3,0.75,1.0,0.875
n14572,n13872,3,0.75,1.0,0.875
n14573,n19451,3,0.75,1.0,0.875
n14574,n19463,4,1.0,1.0,1.0
n14575,n14211,3,0.75,1.0,0.875
n14576,n14220,3,0.75,1.0,0.875
n14577,n19479,3,0.75,1.0,0.875
n14578,n19487,4,1.0,1.0,1.0
n14579,n14543,3,0.75,1.0,0.875
n1458,n21869,4,1.0,1.0,1.0
n14580,n19511,3,0.75,1.0,0.875
n14581,n14562,4,1.0,1.0,1.0
n14582,n19518,4,1.0,1.0,1.0
n14583,n14367,3,0.75,1.0,0.875
n14584,n19541,3,0.75,1.0,0.875
n14585,n15500,4,1.0,1.0,1.0
n14586,n15503,4,1.0,1.0,1.0
n14587,n15095,4,1.0,1.0,1.0
n14588,n14477,4,1.0,1.0,1.0
n14589,n14489,4,1.0,1.0,1.0
n1459,n21679,4,1.0,1.0,1.0
n14590,n15510,4,1.0,1.0,1.0
n14591,n19580,4,1.0,1.0,1.0
n14592,n15513,3,0.75,1.0,0.875
n14593,n15447,3,0.75,1.0,0.875
n14594,n14582,4,1.0,1.0,1.0
n14595,n15580,4,1.0,1.0,1.0
n14596,n15585,4,1.0,1.0,1.0
n14597,n15696,4,1.0,1.0,1.0
n14598,n19617,4,1.0,1.0,1.0
n14599,n15526,4,1.0,1.0,1.0
n146,n5115,4,1.0,1.0,1.0
n1460,n382,4,1.0,1.0,1.0
n14600,n17294,4,1.0,1.0,1.0
n14601,n17348,4,1.0,1.0,1.0
n14602,n19749,3,0.75,1.0,0.875
n14603,n15020,4,1.0,1.0,1.0
n14604,n19761,3,0.75,1.0,0.875
n14605,n17827,4,1.0,1.0,1.0
n14606,n15561,4,1.0,1.0,1.0
n14607,n15567,4,1.0,1.0,1.0
n14608,n15568,3,0.75,1.0,0.875
n14609,n19047,3,0.75,1.0,0.875
n1461,n587,4,1.0,1.0,1.0
n14610,n19396,4,1.0,1.0,1.0
n14611,n15496,3,0.75,1.0,0.875
n14612,n19605,3,0.75,1.0,0.875
n14613,n20108,4,1.0,1.0,1.0
n14614,n20127,4,1.0,1.0,1.0
n14615,n19983,4,1.0,1.0,1.0
n14616,n21607,4,1.0,1.0,1.0
n14617,n15627,4,1.0,1.0,1.0
n14618,n15630,4,1.0,1.0,1.0
n14619,n257,3,0.75,1.0,0.875
n1462,n705,4,1.0,1.0,1.0
n14620,n16022,4,1.0,1.0,1.0
n14621,n15634,4,1.0,1.0,1.0
n14622,n16108,4,1.0,1.0,1.0
n14623,n20177,4,1.0,1.0,1.0
n14624,n3381,4,1.0,1.0,1.0
n14625,n15658,4,1.0,1.0,1.0
n14626,n16561,4,1.0,1.0,1.0
n14627,n3714,4,1.0,1.0,1.0
n14628,n20385,4,1.0,1.0,1.0
n14629,n15669,4,1.0,1.0,1.0
n1463,n5432,4,1.0,1.0,1.0
n14630,n20395,3,0.75,1.0,0.875
n14631,n16798,4,1.0,1.0,1.0
n14632,n15681,4,1.0,1.0,1.0
n14633,n20488,3,0.75,1.0,0.875
n14634,n6783,4,1.0,1.0,1.0
n14635,n17339,4,1.0,1.0,1.0
n14636,n20582,4,1.0,1.0,1.0
n14637,n20599,4,1.0,1.0,1.0
n14638,n7477,4,1.0,1.0,1.0
n14639,n17524,3,0.75,1.0,0.875
n1464,n1228,4,1.0,1.0,1.0
n14640,n17590,4,1.0,1.0,1.0
n14641,n7918,4,1.0,1.0,1.0
n14642,n8135,4,1.0,1.0,1.0
n14643,n8364,4,1.0,1.0,1.0
n14644,n17767,4,1.0,1.0,1.0
n14645,n17814,4,1.0,1.0,1.0
n14646,n17836,4,1.0,1.0,1.0
n14647,n20725,4,1.0,1.0,1.0
n14648,n15762,3,0.75,1.0,0.875
n14649,n15766,3,0.75,1.0,0.875
n1465,n150,4,1.0,1.0,1.0
n14650,n12008,4,1.0,1.0,1.0
n14651,n15778,3,0.75,1.0,0.875
n14652,n21015,4,1.0,1.0,1.0
n14653,n21020,4,1.0,1.0,1.0
n14654,n19137,4,1.0,1.0,1.0
n14655,n15796,3,0.75,1.0,0.875
n14656,n13634,4,1.0,1.0,1.0
n14657,n14160,3,0.75,1.0,0.875
n14658,n15803,4,1.0,1.0,1.0
n14659,n14811,3,0.75,1.0,0.875
n1466,n206,3,0.75,1.0,0.875
n14660,n21188,3,0.75,1.0,0.875
n14661,n19908,4,1.0,1.0,1.0
n14662,n15836,4,1.0,1.0,1.0
n14663,n21256,4,1.0,1.0,1.0
n14664,n21344,4,1.0,1.0,1.0
n14665,n20474,4,1.0,1.0,1.0
n14666,n15859,4,1.0,1.0,1.0
n14667,n17209,3,0.75,1.0,0.875
n14668,n20542,4,1.0,1.0,1.0
n14669,n20618,4,1.0,1.0,1.0
n1467,n656,4,1.0,1.0,1.0
n14670,n21424,4,1.0,1.0,1.0
n14671,n17843,4,1.0,1.0,1.0
n14672,n20840,4,1.0,1.0,1.0
n14673,n21519,4,1.0,1.0,1.0
n14674,n18346,3,0.75,1.0,0.875
n14675,n18766,3,0.75,1.0,0.875
n14676,n15891,3,0.75,1.0,0.875
n14677,n21604,4,1.0,1.0,1.0
n14678,n15897,4,1.0,1.0,1.0
n14679,n21660,3,0.75,1.0,0.875
n1468,n2628,4,1.0,1.0,1.0
n14680,n19966,3,0.75,1.0,0.875
n14681,n15905,3,0.75,1.0,0.875
n14682,n21718,4,1.0,1.0,1.0
n14683,n21901,4,1.0,1.0,1.0
n14683,n21909,3,0.75,0.75,0.75
n14684,n381,4,1.0,1.0,1.0
n14685,n120,4,1.0,1.0,1.0
n14686,n15975,3,0.75,1.0,0.875
n14687,n100,4,1.0,1.0,1.0
n14688,n394,4,1.0,1.0,1.0
n14689,n489,4,1.0,1.0,1.0
n1469,n819,4,1.0,1.0,1.0
n14690,n494,4,1.0,1.0,1.0
n14691,n517,4,1.0,1.0,1.0
n14692,n2220,4,1.0,1.0,1.0
n14693,n16006,3,0.75,1.0,0.875
n14694,n16009,4,1.0,1.0,1.0
n14695,n16011,4,1.0,1.0,1.0
n14696,n269,4,1.0,1.0,1.0
n14697,n847,4,1.0,1.0,1.0
n14698,n867,4,1.0,1.0,1.0
n14699,n304,4,1.0,1.0,1.0
n147,n20703,4,1.0,1.0,1.0
n1470,n3133,4,1.0,1.0,1.0
n14700,n305,4,1.0,1.0,1.0
n14701,n3452,4,1.0,1.0,1.0
n14702,n949,4,1.0,1.0,1.0
n14703,n1054,4,1.0,1.0,1.0
n14704,n338,4,1.0,1.0,1.0
n14705,n16027,4,1.0,1.0,1.0
n14706,n411,4,1.0,1.0,1.0
n14707,n5676,3,0.75,1.0,0.875
n14708,n5741,3,0.75,1.0,0.875
n14709,n6368,4,1.0,1.0,1.0
n1471,n4159,4,1.0,1.0,1.0
n14710,n1710,4,1.0,1.0,1.0
n14711,n626,4,1.0,1.0,1.0
n14712,n633,4,1.0,1.0,1.0
n14713,n2152,3,0.75,1.0,0.875
n14714,n16086,4,1.0,1.0,1.0
n14715,n16087,4,1.0,1.0,1.0
n14716,n695,4,1.0,1.0,1.0
n14717,n9970,4,1.0,1.0,1.0
n14718,n2381,4,1.0,1.0,1.0
n14719,n16093,4,1.0,1.0,1.0
n1472,n1221,3,0.75,1.0,0.875
n14720,n11013,3,0.75,1.0,0.875
n14721,n2730,4,1.0,1.0,1.0
n14722,n812,4,1.0,1.0,1.0
n14723,n2917,4,1.0,1.0,1.0
n14724,n3377,4,1.0,1.0,1.0
n14725,n3566,4,1.0,1.0,1.0
n14726,n3636,4,1.0,1.0,1.0
n14727,n16131,4,1.0,1.0,1.0
n14728,n3694,4,1.0,1.0,1.0
n14729,n14519,3,0.75,1.0,0.875
n1473,n4674,4,1.0,1.0,1.0
n14730,n14546,3,0.75,1.0,0.875
n14731,n3888,3,0.75,1.0,0.875
n14732,n15388,4,1.0,1.0,1.0
n14733,n1119,4,1.0,1.0,1.0
n14734,n15909,4,1.0,1.0,1.0
n14735,n4254,4,1.0,1.0,1.0
n14736,n4300,3,0.75,1.0,0.875
n14737,n1198,4,1.0,1.0,1.0
n14738,n1231,4,1.0,1.0,1.0
n14739,n1233,4,1.0,1.0,1.0
n14739,n1234,4,1.0,1.0,1.0
n1474,n1310,4,1.0,1.0,1.0
n14740,n17612,4,1.0,1.0,1.0
n14741,n18312,4,1.0,1.0,1.0
n14742,n1271,4,1.0,1.0,1.0
n14743,n18848,4,1.0,1.0,1.0
n14744,n16193,4,1.0,1.0,1.0
n14745,n1322,3,0.75,1.0,0.875
n14746,n20760,4,1.0,1.0,1.0
n14747,n16212,4,1.0,1.0,1.0
n14748,n5321,3,0.75,1.0,0.875
n14749,n1456,4,1.0,1.0,1.0
n1475,n5514,4,1.0,1.0,1.0
n14750,n21854,4,1.0,1.0,1.0
n14751,n6,4,1.0,1.0,1.0
n14752,n1509,4,1.0,1.0,1.0
n14753,n1596,4,1.0,1.0,1.0
n14754,n2597,4,1.0,1.0,1.0
n14755,n6133,4,1.0,1.0,1.0
n14756,n2843,4,1.0,1.0,1.0
n14757,n16266,3,0.75,1.0,0.875
n14758,n3819,4,1.0,1.0,1.0
n14759,n16287,4,1.0,1.0,1.0
n1476,n5932,4,1.0,1.0,1.0
n14760,n5490,4,1.0,1.0,1.0
n14761,n16311,3,0.75,1.0,0.875
n14762,n1886,4,1.0,1.0,1.0
n14763,n1899,4,1.0,1.0,1.0
n14764,n7657,4,1.0,1.0,1.0
n14765,n7938,4,1.0,1.0,1.0
n14766,n8152,4,1.0,1.0,1.0
n14767,n2067,4,1.0,1.0,1.0
n14768,n16338,4,1.0,1.0,1.0
n14769,n8491,4,1.0,1.0,1.0
n1477,n5520,4,1.0,1.0,1.0
n14770,n8678,4,1.0,1.0,1.0
n14771,n8704,4,1.0,1.0,1.0
n14772,n15300,4,1.0,1.0,1.0
n14773,n16394,4,1.0,1.0,1.0
n14774,n17249,4,1.0,1.0,1.0
n14775,n9436,3,0.75,1.0,0.875
n14776,n16386,4,1.0,1.0,1.0
n14777,n9881,4,1.0,1.0,1.0
n14778,n2343,4,1.0,1.0,1.0
n14779,n16401,4,1.0,1.0,1.0
n1478,n554,4,1.0,1.0,1.0
n14780,n16407,4,1.0,1.0,1.0
n14781,n10408,4,1.0,1.0,1.0
n14782,n10526,3,0.75,1.0,0.875
n14783,n2508,3,0.75,1.0,0.875
n14784,n10577,4,1.0,1.0,1.0
n14785,n10946,4,1.0,1.0,1.0
n14786,n2666,4,1.0,1.0,1.0
n14787,n2095,3,0.75,1.0,0.875
n14788,n11163,3,0.75,1.0,0.875
n14789,n2896,4,1.0,1.0,1.0
n1479,n5538,3,0.75,1.0,0.875
n14790,n3033,4,1.0,1.0,1.0
n14791,n11499,3,0.75,1.0,0.875
n14792,n2851,3,0.75,1.0,0.875
n14793,n16470,4,1.0,1.0,1.0
n14794,n2904,4,1.0,1.0,1.0
n14795,n16477,4,1.0,1.0,1.0
n14796,n2944,4,1.0,1.0,1.0
n14797,n2969,4,1.0,1.0,1.0
n14798,n2972,4,1.0,1.0,1.0
n14799,n6064,4,1.0,1.0,1.0
n148,n5157,4,1.0,1.0,1.0
n1480,n2143,4,1.0,1.0,1.0
n14800,n6123,4,1.0,1.0,1.0
n14801,n12015,4,1.0,1.0,1.0
n14802,n6483,3,0.75,1.0,0.875
n14803,n6833,4,1.0,1.0,1.0
n14804,n3035,4,1.0,1.0,1.0
n14805,n7030,4,1.0,1.0,1.0
n14806,n8375,4,1.0,1.0,1.0
n14807,n16515,3,0.75,1.0,0.875
n14808,n16519,3,0.75,1.0,0.875
n14809,n12769,4,1.0,1.0,1.0
n1481,n5541,4,1.0,1.0,1.0
n14810,n12771,4,1.0,1.0,1.0
n14810,n16521,4,1.0,1.0,1.0
n14811,n16529,3,0.75,1.0,0.875
n14812,n12897,4,1.0,1.0,1.0
n14813,n16530,4,1.0,1.0,1.0
n14814,n12909,4,1.0,1.0,1.0
n14815,n3269,4,1.0,1.0,1.0
n14816,n16539,4,1.0,1.0,1.0
n14817,n11164,3,0.75,1.0,0.875
n14818,n11438,3,0.75,1.0,0.875
n14819,n3437,4,1.0,1.0,1.0
n1482,n2233,4,1.0,1.0,1.0
n14820,n12144,3,0.75,1.0,0.875
n14821,n3591,4,1.0,1.0,1.0
n14822,n13343,4,1.0,1.0,1.0
n14823,n3625,4,1.0,1.0,1.0
n14824,n14126,3,0.75,1.0,0.875
n14825,n14479,4,1.0,1.0,1.0
n14826,n15413,4,1.0,1.0,1.0
n14827,n14673,4,1.0,1.0,1.0
n14828,n3813,4,1.0,1.0,1.0
n14829,n3815,4,1.0,1.0,1.0
n1483,n692,4,1.0,1.0,1.0
n14830,n3829,4,1.0,1.0,1.0
n14831,n3847,4,1.0,1.0,1.0
n14832,n14978,4,1.0,1.0,1.0
n14833,n17679,4,1.0,1.0,1.0
n14834,n15069,4,1.0,1.0,1.0
n14835,n18849,4,1.0,1.0,1.0
n14836,n19135,3,0.75,1.0,0.875
n14837,n16637,3,0.75,1.0,0.875
n14838,n4082,4,1.0,1.0,1.0
n14839,n15870,4,1.0,1.0,1.0
n1484,n5557,4,1.0,1.0,1.0
n14840,n16667,4,1.0,1.0,1.0
n14841,n4228,3,0.75,1.0,0.875
n14842,n4265,4,1.0,1.0,1.0
n14843,n16693,4,1.0,1.0,1.0
n14844,n16696,4,1.0,1.0,1.0
n14845,n4377,4,1.0,1.0,1.0
n14846,n4388,4,1.0,1.0,1.0
n14847,n5871,4,1.0,1.0,1.0
n14848,n17165,4,1.0,1.0,1.0
n14849,n4454,3,0.75,1.0,0.875
n1485,n767,4,1.0,1.0,1.0
n14850,n4523,3,0.75,1.0,0.875
n14851,n17705,4,1.0,1.0,1.0
n14852,n9079,4,1.0,1.0,1.0
n14853,n17918,4,1.0,1.0,1.0
n14854,n17937,4,1.0,1.0,1.0
n14855,n9384,4,1.0,1.0,1.0
n14856,n4637,4,1.0,1.0,1.0
n14857,n10470,4,1.0,1.0,1.0
n14858,n4675,4,1.0,1.0,1.0
n14859,n11283,4,1.0,1.0,1.0
n1486,n2636,4,1.0,1.0,1.0
n14860,n18638,4,1.0,1.0,1.0
n14861,n16775,4,1.0,1.0,1.0
n14862,n11657,4,1.0,1.0,1.0
n14863,n16779,4,1.0,1.0,1.0
n14864,n19007,4,1.0,1.0,1.0
n14865,n13843,4,1.0,1.0,1.0
n14866,n16799,3,0.75,1.0,0.875
n14867,n14552,4,1.0,1.0,1.0
n14868,n16804,4,1.0,1.0,1.0
n14869,n15435,4,1.0,1.0,1.0
n1487,n782,4,1.0,1.0,1.0
n14870,n16816,4,1.0,1.0,1.0
n14871,n19922,4,1.0,1.0,1.0
n14872,n20044,4,1.0,1.0,1.0
n14873,n16025,4,1.0,1.0,1.0
n14874,n16846,4,1.0,1.0,1.0
n14875,n5099,4,1.0,1.0,1.0
n14876,n17431,4,1.0,1.0,1.0
n14877,n17457,4,1.0,1.0,1.0
n14878,n20638,4,1.0,1.0,1.0
n14879,n5205,4,1.0,1.0,1.0
n1488,n2697,3,0.75,1.0,0.875
n14880,n16870,4,1.0,1.0,1.0
n14881,n19977,3,0.75,1.0,0.875
n14882,n5257,4,1.0,1.0,1.0
n14883,n16884,3,0.75,1.0,0.875
n14884,n16885,4,1.0,1.0,1.0
n14885,n21363,4,1.0,1.0,1.0
n14886,n16892,4,1.0,1.0,1.0
n14887,n16905,4,1.0,1.0,1.0
n14888,n21551,4,1.0,1.0,1.0
n14889,n5390,4,1.0,1.0,1.0
n1489,n2700,4,1.0,1.0,1.0
n14890,n16923,4,1.0,1.0,1.0
n14891,n268,4,1.0,1.0,1.0
n14892,n5508,3,0.75,1.0,0.875
n14893,n513,4,1.0,1.0,1.0
n14894,n1777,4,1.0,1.0,1.0
n14895,n2167,4,1.0,1.0,1.0
n14896,n5571,4,1.0,1.0,1.0
n14897,n886,3,0.75,1.0,0.875
n14898,n890,4,1.0,1.0,1.0
n14899,n1055,4,1.0,1.0,1.0
n149,n461,4,1.0,1.0,1.0
n1490,n2935,4,1.0,1.0,1.0
n14900,n5512,4,1.0,1.0,1.0
n14901,n1576,4,1.0,1.0,1.0
n14902,n16994,3,0.75,1.0,0.875
n14903,n16999,3,0.75,1.0,0.875
n14904,n6394,3,0.75,1.0,0.875
n14905,n1706,4,1.0,1.0,1.0
n14906,n5789,4,1.0,1.0,1.0
n14907,n1968,4,1.0,1.0,1.0
n14908,n2004,4,1.0,1.0,1.0
n14909,n5862,4,1.0,1.0,1.0
n1491,n12161,4,1.0,1.0,1.0
n14910,n2052,4,1.0,1.0,1.0
n14911,n17037,4,1.0,1.0,1.0
n14912,n17044,4,1.0,1.0,1.0
n14913,n5957,3,0.75,1.0,0.875
n14914,n17050,3,0.75,1.0,0.875
n14915,n9906,3,0.75,1.0,0.875
n14916,n5998,4,1.0,1.0,1.0
n14917,n17062,4,1.0,1.0,1.0
n14918,n17066,4,1.0,1.0,1.0
n14919,n6043,4,1.0,1.0,1.0
n1492,n12802,3,0.75,1.0,0.875
n14920,n10842,4,1.0,1.0,1.0
n14921,n6092,4,1.0,1.0,1.0
n14922,n11614,4,1.0,1.0,1.0
n14923,n17098,4,1.0,1.0,1.0
n14924,n3040,3,0.75,1.0,0.875
n14925,n12574,4,1.0,1.0,1.0
n14926,n3564,4,1.0,1.0,1.0
n14927,n14281,4,1.0,1.0,1.0
n14928,n3684,4,1.0,1.0,1.0
n14929,n3755,4,1.0,1.0,1.0
n1493,n3235,4,1.0,1.0,1.0
n14930,n3756,3,0.75,1.0,0.875
n14931,n17166,4,1.0,1.0,1.0
n14932,n3836,3,0.75,1.0,0.875
n14933,n17172,4,1.0,1.0,1.0
n14934,n17176,4,1.0,1.0,1.0
n14935,n15228,4,1.0,1.0,1.0
n14936,n15380,4,1.0,1.0,1.0
n14937,n6553,4,1.0,1.0,1.0
n14938,n6575,3,0.75,1.0,0.875
n14939,n4073,4,1.0,1.0,1.0
n1494,n3390,4,1.0,1.0,1.0
n14940,n6596,4,1.0,1.0,1.0
n14941,n16486,4,1.0,1.0,1.0
n14942,n4450,4,1.0,1.0,1.0
n14943,n4486,4,1.0,1.0,1.0
n14944,n6699,3,0.75,1.0,0.875
n14945,n17223,3,0.75,1.0,0.875
n14946,n6709,3,0.75,1.0,0.875
n14947,n4835,4,1.0,1.0,1.0
n14948,n17253,4,1.0,1.0,1.0
n14948,n17254,4,1.0,1.0,1.0
n14949,n17284,4,1.0,1.0,1.0
n14949,n5189,4,1.0,1.0,1.0
n1495,n938,3,0.75,1.0,0.875
n14950,n6922,4,1.0,1.0,1.0
n14951,n21739,3,0.75,1.0,0.875
n14952,n6956,4,1.0,1.0,1.0
n14953,n5461,4,1.0,1.0,1.0
n14954,n17326,4,1.0,1.0,1.0
n14955,n17328,4,1.0,1.0,1.0
n14956,n17330,4,1.0,1.0,1.0
n14957,n1475,4,1.0,1.0,1.0
n14958,n1557,3,0.75,1.0,0.875
n14959,n7049,3,0.75,1.0,0.875
n1496,n946,3,0.75,1.0,0.875
n14960,n1763,3,0.75,1.0,0.875
n14961,n17340,4,1.0,1.0,1.0
n14962,n2113,4,1.0,1.0,1.0
n14963,n7125,3,0.75,1.0,0.875
n14964,n7156,4,1.0,1.0,1.0
n14965,n7158,3,0.75,1.0,0.875
n14966,n7163,4,1.0,1.0,1.0
n14967,n7203,4,1.0,1.0,1.0
n14968,n17366,4,1.0,1.0,1.0
n14969,n17371,4,1.0,1.0,1.0
n1497,n5615,4,1.0,1.0,1.0
n14970,n6462,3,0.75,1.0,0.875
n14971,n6464,4,1.0,1.0,1.0
n14972,n17397,4,1.0,1.0,1.0
n14973,n17426,4,1.0,1.0,1.0
n14974,n5540,3,0.75,1.0,0.875
n14975,n6120,3,0.75,1.0,0.875
n14975,n6122,3,0.75,1.0,0.875
n14976,n7190,4,1.0,1.0,1.0
n14977,n6173,4,1.0,1.0,1.0
n14978,n6272,4,1.0,1.0,1.0
n14979,n17470,4,1.0,1.0,1.0
n1498,n14452,4,1.0,1.0,1.0
n14980,n6511,3,0.75,1.0,0.875
n14981,n7533,3,0.75,1.0,0.875
n14982,n7344,3,0.75,1.0,0.875
n14983,n7425,3,0.75,1.0,0.875
n14984,n7569,4,1.0,1.0,1.0
n14985,n7094,4,1.0,1.0,1.0
n14986,n7527,3,0.75,1.0,0.875
n14987,n7531,3,0.75,1.0,0.875
n14988,n17494,4,1.0,1.0,1.0
n14989,n7419,3,0.75,1.0,0.875
n1499,n5617,3,0.75,1.0,0.875
n14990,n7433,4,1.0,1.0,1.0
n14991,n7580,4,1.0,1.0,1.0
n14992,n8033,3,0.75,1.0,0.875
n14993,n7838,3,0.75,1.0,0.875
n14994,n17531,3,0.75,1.0,0.875
n14995,n8154,4,1.0,1.0,1.0
n14996,n7763,3,0.75,1.0,0.875
n14997,n17562,3,0.75,1.0,0.875
n14998,n12680,3,0.75,1.0,0.875
n14999,n13049,4,1.0,1.0,1.0
n15,n144,4,1.0,1.0,1.0
n15,n145,4,1.0,1.0,1.0
n150,n1406,4,1.0,1.0,1.0
n1500,n1029,4,1.0,1.0,1.0
n15000,n7861,3,0.75,1.0,0.875
n15001,n13967,4,1.0,1.0,1.0
n15002,n8630,4,1.0,1.0,1.0
n15003,n14474,4,1.0,1.0,1.0
n15004,n15809,4,1.0,1.0,1.0
n15005,n8849,4,1.0,1.0,1.0
n15006,n8957,4,1.0,1.0,1.0
n15007,n8999,3,0.75,1.0,0.875
n15008,n17603,4,1.0,1.0,1.0
n15009,n17032,4,1.0,1.0,1.0
n1501,n5618,3,0.75,1.0,0.875
n15010,n17604,3,0.75,1.0,0.875
n15011,n9026,4,1.0,1.0,1.0
n15012,n17606,4,1.0,1.0,1.0
n15013,n17138,4,1.0,1.0,1.0
n15014,n17607,4,1.0,1.0,1.0
n15015,n9068,4,1.0,1.0,1.0
n15016,n17173,4,1.0,1.0,1.0
n15017,n17350,4,1.0,1.0,1.0
n15018,n8017,4,1.0,1.0,1.0
n15019,n17615,4,1.0,1.0,1.0
n1502,n5621,4,1.0,1.0,1.0
n15020,n17651,4,1.0,1.0,1.0
n15021,n9292,4,1.0,1.0,1.0
n15022,n18198,4,1.0,1.0,1.0
n15023,n17636,4,1.0,1.0,1.0
n15024,n8130,4,1.0,1.0,1.0
n15025,n18799,4,1.0,1.0,1.0
n15026,n17648,3,0.75,1.0,0.875
n15026,n17649,3,0.75,1.0,0.875
n15027,n9651,3,0.75,1.0,0.875
n15028,n17658,4,1.0,1.0,1.0
n15029,n8272,4,1.0,1.0,1.0
n1503,n5625,4,1.0,1.0,1.0
n15030,n17666,4,1.0,1.0,1.0
n15031,n19978,4,1.0,1.0,1.0
n15032,n10015,4,1.0,1.0,1.0
n15033,n10128,3,0.75,1.0,0.875
n15034,n8385,4,1.0,1.0,1.0
n15035,n17706,4,1.0,1.0,1.0
n15036,n21229,4,1.0,1.0,1.0
n15037,n17714,4,1.0,1.0,1.0
n15038,n8419,4,1.0,1.0,1.0
n15039,n10428,3,0.75,1.0,0.875
n1504,n1089,3,0.75,1.0,0.875
n15040,n1319,4,1.0,1.0,1.0
n15041,n11169,4,1.0,1.0,1.0
n15042,n8481,4,1.0,1.0,1.0
n15043,n3558,3,0.75,1.0,0.875
n15044,n11790,4,1.0,1.0,1.0
n15045,n7515,4,1.0,1.0,1.0
n15046,n17735,4,1.0,1.0,1.0
n15047,n7725,3,0.75,1.0,0.875
n15048,n7998,4,1.0,1.0,1.0
n15049,n12535,4,1.0,1.0,1.0
n1505,n1097,3,0.75,1.0,0.875
n15050,n10097,4,1.0,1.0,1.0
n15051,n13177,4,1.0,1.0,1.0
n15052,n8588,4,1.0,1.0,1.0
n15053,n13525,4,1.0,1.0,1.0
n15054,n17752,3,0.75,1.0,0.875
n15055,n8628,4,1.0,1.0,1.0
n15056,n13938,3,0.75,1.0,0.875
n15057,n16523,4,1.0,1.0,1.0
n15058,n20062,4,1.0,1.0,1.0
n15059,n439,4,1.0,1.0,1.0
n1506,n5634,4,1.0,1.0,1.0
n15060,n8886,4,1.0,1.0,1.0
n15061,n8892,3,0.75,1.0,0.875
n15062,n8896,3,0.75,1.0,0.875
n15063,n2922,3,0.75,1.0,0.875
n15064,n17835,3,0.75,1.0,0.875
n15065,n8907,4,1.0,1.0,1.0
n15066,n3999,4,1.0,1.0,1.0
n15067,n8943,3,0.75,1.0,0.875
n15068,n16814,4,1.0,1.0,1.0
n15069,n17850,4,1.0,1.0,1.0
n1507,n1102,4,1.0,1.0,1.0
n15070,n5612,4,1.0,1.0,1.0
n15071,n8998,4,1.0,1.0,1.0
n15072,n16985,4,1.0,1.0,1.0
n15073,n17001,4,1.0,1.0,1.0
n15074,n17043,3,0.75,1.0,0.875
n15075,n17046,4,1.0,1.0,1.0
n15076,n17871,4,1.0,1.0,1.0
n15076,n5956,4,1.0,1.0,1.0
n15076,n9016,4,1.0,1.0,1.0
n15077,n17885,4,1.0,1.0,1.0
n15078,n17886,3,0.75,1.0,0.875
n15079,n17889,4,1.0,1.0,1.0
n1508,n4087,4,1.0,1.0,1.0
n15080,n6710,4,1.0,1.0,1.0
n15081,n17239,4,1.0,1.0,1.0
n15082,n17246,3,0.75,1.0,0.875
n15083,n9106,4,1.0,1.0,1.0
n15084,n6993,4,1.0,1.0,1.0
n15085,n7144,4,1.0,1.0,1.0
n15086,n7282,4,1.0,1.0,1.0
n15087,n17401,4,1.0,1.0,1.0
n15088,n9147,3,0.75,1.0,0.875
n15089,n17917,4,1.0,1.0,1.0
n1509,n16047,4,1.0,1.0,1.0
n15090,n7786,4,1.0,1.0,1.0
n15091,n9190,4,1.0,1.0,1.0
n15092,n7952,3,0.75,1.0,0.875
n15093,n17637,4,1.0,1.0,1.0
n15094,n8497,4,1.0,1.0,1.0
n15095,n8505,4,1.0,1.0,1.0
n15096,n17740,4,1.0,1.0,1.0
n15097,n8577,4,1.0,1.0,1.0
n15097,n9256,4,1.0,1.0,1.0
n15098,n8627,4,1.0,1.0,1.0
n15099,n17946,4,1.0,1.0,1.0
n151,n21017,3,0.75,1.0,0.875
n1510,n4193,4,1.0,1.0,1.0
n15100,n17951,4,1.0,1.0,1.0
n15101,n17828,4,1.0,1.0,1.0
n15102,n9118,4,1.0,1.0,1.0
n15103,n9237,4,1.0,1.0,1.0
n15104,n9245,4,1.0,1.0,1.0
n15105,n17966,4,1.0,1.0,1.0
n15106,n18032,4,1.0,1.0,1.0
n15107,n17978,4,1.0,1.0,1.0
n15108,n9945,3,0.75,1.0,0.875
n15109,n17985,4,1.0,1.0,1.0
n1511,n1145,4,1.0,1.0,1.0
n15110,n18135,3,0.75,1.0,0.875
n15111,n9385,4,1.0,1.0,1.0
n15112,n18190,4,1.0,1.0,1.0
n15113,n17998,4,1.0,1.0,1.0
n15114,n18001,4,1.0,1.0,1.0
n15115,n18410,3,0.75,1.0,0.875
n15116,n18433,4,1.0,1.0,1.0
n15117,n11079,4,1.0,1.0,1.0
n15118,n18020,4,1.0,1.0,1.0
n15119,n18021,4,1.0,1.0,1.0
n1512,n5642,4,1.0,1.0,1.0
n15120,n18722,4,1.0,1.0,1.0
n15121,n12351,3,0.75,1.0,0.875
n15122,n9655,4,1.0,1.0,1.0
n15123,n9671,4,1.0,1.0,1.0
n15124,n18075,4,1.0,1.0,1.0
n15125,n9739,3,0.75,1.0,0.875
n15126,n19133,3,0.75,1.0,0.875
n15127,n19333,4,1.0,1.0,1.0
n15128,n19590,4,1.0,1.0,1.0
n15129,n19603,4,1.0,1.0,1.0
n1513,n5643,4,1.0,1.0,1.0
n15130,n18105,4,1.0,1.0,1.0
n15131,n14739,4,1.0,1.0,1.0
n15132,n9908,4,1.0,1.0,1.0
n15133,n19686,3,0.75,1.0,0.875
n15134,n15008,4,1.0,1.0,1.0
n15135,n15105,4,1.0,1.0,1.0
n15136,n19814,4,1.0,1.0,1.0
n15137,n15348,3,0.75,1.0,0.875
n15138,n19881,4,1.0,1.0,1.0
n15139,n18133,3,0.75,1.0,0.875
n1514,n5645,4,1.0,1.0,1.0
n15140,n9985,4,1.0,1.0,1.0
n15141,n18136,4,1.0,1.0,1.0
n15142,n9993,4,1.0,1.0,1.0
n15143,n15768,3,0.75,1.0,0.875
n15144,n15854,4,1.0,1.0,1.0
n15145,n20123,4,1.0,1.0,1.0
n15146,n20184,3,0.75,1.0,0.875
n15147,n10095,4,1.0,1.0,1.0
n15148,n18163,4,1.0,1.0,1.0
n15149,n18172,3,0.75,1.0,0.875
n1515,n1253,4,1.0,1.0,1.0
n15150,n20495,4,1.0,1.0,1.0
n15151,n18178,4,1.0,1.0,1.0
n15152,n18183,3,0.75,1.0,0.875
n15153,n20636,4,1.0,1.0,1.0
n15154,n10175,3,0.75,1.0,0.875
n15155,n18211,4,1.0,1.0,1.0
n15156,n10243,4,1.0,1.0,1.0
n15157,n20954,3,0.75,1.0,0.875
n15158,n18223,4,1.0,1.0,1.0
n15159,n18226,4,1.0,1.0,1.0
n1516,n4606,4,1.0,1.0,1.0
n15160,n10286,3,0.75,1.0,0.875
n15161,n10289,4,1.0,1.0,1.0
n15162,n10301,4,1.0,1.0,1.0
n15163,n19429,3,0.75,1.0,0.875
n15164,n18236,4,1.0,1.0,1.0
n15165,n19607,3,0.75,1.0,0.875
n15166,n10363,4,1.0,1.0,1.0
n15167,n21285,4,1.0,1.0,1.0
n15168,n20200,4,1.0,1.0,1.0
n15169,n18261,4,1.0,1.0,1.0
n1517,n18146,4,1.0,1.0,1.0
n15170,n10395,4,1.0,1.0,1.0
n15171,n18263,4,1.0,1.0,1.0
n15172,n18273,4,1.0,1.0,1.0
n15173,n10473,3,0.75,1.0,0.875
n15174,n10478,4,1.0,1.0,1.0
n15175,n21376,4,1.0,1.0,1.0
n15176,n21747,4,1.0,1.0,1.0
n15177,n21622,4,1.0,1.0,1.0
n15178,n21870,4,1.0,1.0,1.0
n15179,n10536,4,1.0,1.0,1.0
n1518,n1257,4,1.0,1.0,1.0
n15180,n148,4,1.0,1.0,1.0
n15181,n166,3,0.75,1.0,0.875
n15182,n181,4,1.0,1.0,1.0
n15183,n10553,3,0.75,1.0,0.875
n15184,n286,3,0.75,1.0,0.875
n15185,n18340,4,1.0,1.0,1.0
n15186,n1343,3,0.75,1.0,0.875
n15187,n804,4,1.0,1.0,1.0
n15188,n18369,3,0.75,1.0,0.875
n15189,n868,4,1.0,1.0,1.0
n1519,n4636,4,1.0,1.0,1.0
n15190,n18374,4,1.0,1.0,1.0
n15191,n10751,4,1.0,1.0,1.0
n15192,n18381,3,0.75,1.0,0.875
n15193,n3732,3,0.75,1.0,0.875
n15194,n1096,4,1.0,1.0,1.0
n15195,n1127,4,1.0,1.0,1.0
n15196,n4211,4,1.0,1.0,1.0
n15197,n18396,4,1.0,1.0,1.0
n15198,n10828,4,1.0,1.0,1.0
n15199,n5134,4,1.0,1.0,1.0
n152,n1416,4,1.0,1.0,1.0
n1520,n5656,4,1.0,1.0,1.0
n15200,n1439,4,1.0,1.0,1.0
n15201,n5545,4,1.0,1.0,1.0
n15202,n1512,4,1.0,1.0,1.0
n15203,n5915,3,0.75,1.0,0.875
n15204,n10916,4,1.0,1.0,1.0
n15205,n1672,3,0.75,1.0,0.875
n15206,n7119,3,0.75,1.0,0.875
n15207,n1847,3,0.75,1.0,0.875
n15208,n1867,4,1.0,1.0,1.0
n15209,n2018,3,0.75,1.0,0.875
n1521,n4775,4,1.0,1.0,1.0
n15210,n11022,4,1.0,1.0,1.0
n15211,n11052,4,1.0,1.0,1.0
n15212,n18462,4,1.0,1.0,1.0
n15213,n11060,4,1.0,1.0,1.0
n15214,n11067,4,1.0,1.0,1.0
n15215,n11075,4,1.0,1.0,1.0
n15216,n18471,4,1.0,1.0,1.0
n15217,n18475,3,0.75,1.0,0.875
n15218,n18476,4,1.0,1.0,1.0
n15219,n2328,4,1.0,1.0,1.0
n1522,n4785,3,0.75,1.0,0.875
n15220,n18484,3,0.75,1.0,0.875
n15221,n2558,4,1.0,1.0,1.0
n15222,n10766,4,1.0,1.0,1.0
n15223,n2600,4,1.0,1.0,1.0
n15224,n2642,4,1.0,1.0,1.0
n15225,n2651,4,1.0,1.0,1.0
n15226,n11008,4,1.0,1.0,1.0
n15227,n11189,4,1.0,1.0,1.0
n15228,n18517,4,1.0,1.0,1.0
n15229,n11919,4,1.0,1.0,1.0
n1523,n1311,3,0.75,1.0,0.875
n15230,n18534,4,1.0,1.0,1.0
n15231,n18537,4,1.0,1.0,1.0
n15232,n12128,4,1.0,1.0,1.0
n15233,n3056,4,1.0,1.0,1.0
n15234,n12322,3,0.75,1.0,0.875
n15235,n3085,4,1.0,1.0,1.0
n15236,n12411,4,1.0,1.0,1.0
n15237,n11295,4,1.0,1.0,1.0
n15238,n3104,4,1.0,1.0,1.0
n15239,n12482,4,1.0,1.0,1.0
n1524,n20446,4,1.0,1.0,1.0
n15240,n18555,4,1.0,1.0,1.0
n15241,n3357,4,1.0,1.0,1.0
n15242,n18566,3,0.75,1.0,0.875
n15243,n3410,4,1.0,1.0,1.0
n15244,n18579,3,0.75,1.0,0.875
n15245,n3530,4,1.0,1.0,1.0
n15246,n13788,4,1.0,1.0,1.0
n15246,n3551,4,1.0,1.0,1.0
n15247,n18591,4,1.0,1.0,1.0
n15248,n3597,4,1.0,1.0,1.0
n15249,n13943,4,1.0,1.0,1.0
n1525,n5165,4,1.0,1.0,1.0
n15250,n13983,4,1.0,1.0,1.0
n15251,n18599,3,0.75,1.0,0.875
n15252,n14181,4,1.0,1.0,1.0
n15253,n3692,4,1.0,1.0,1.0
n15254,n3748,3,0.75,1.0,0.875
n15255,n14586,4,1.0,1.0,1.0
n15256,n14641,4,1.0,1.0,1.0
n15257,n3875,3,0.75,1.0,0.875
n15258,n3893,4,1.0,1.0,1.0
n15259,n15040,4,1.0,1.0,1.0
n1526,n5685,4,1.0,1.0,1.0
n15260,n3931,3,0.75,1.0,0.875
n15261,n3936,4,1.0,1.0,1.0
n15262,n11540,3,0.75,1.0,0.875
n15263,n11541,4,1.0,1.0,1.0
n15264,n11542,4,1.0,1.0,1.0
n15265,n4484,4,1.0,1.0,1.0
n15266,n11639,4,1.0,1.0,1.0
n15267,n18659,4,1.0,1.0,1.0
n15268,n4529,4,1.0,1.0,1.0
n15269,n18665,3,0.75,1.0,0.875
n1527,n1454,4,1.0,1.0,1.0
n15270,n4580,3,0.75,1.0,0.875
n15271,n11662,4,1.0,1.0,1.0
n15272,n18668,4,1.0,1.0,1.0
n15273,n18048,4,1.0,1.0,1.0
n15274,n18672,3,0.75,1.0,0.875
n15275,n19149,4,1.0,1.0,1.0
n15276,n11700,4,1.0,1.0,1.0
n15277,n11730,4,1.0,1.0,1.0
n15278,n4953,3,0.75,1.0,0.875
n15279,n4971,4,1.0,1.0,1.0
n1528,n5416,4,1.0,1.0,1.0
n15280,n11749,4,1.0,1.0,1.0
n15281,n20341,4,1.0,1.0,1.0
n15282,n20483,4,1.0,1.0,1.0
n15283,n11774,4,1.0,1.0,1.0
n15284,n5170,4,1.0,1.0,1.0
n15285,n5179,4,1.0,1.0,1.0
n15286,n5238,3,0.75,1.0,0.875
n15287,n5348,3,0.75,1.0,0.875
n15288,n5394,4,1.0,1.0,1.0
n15289,n18739,4,1.0,1.0,1.0
n1529,n5503,3,0.75,1.0,0.875
n15290,n18753,4,1.0,1.0,1.0
n15291,n18754,4,1.0,1.0,1.0
n15292,n11880,4,1.0,1.0,1.0
n15293,n5689,3,0.75,1.0,0.875
n15294,n5693,4,1.0,1.0,1.0
n15295,n5833,4,1.0,1.0,1.0
n15296,n11932,3,0.75,1.0,0.875
n15297,n5907,3,0.75,1.0,0.875
n15298,n18773,4,1.0,1.0,1.0
n15299,n18777,3,0.75,1.0,0.875
n153,n1424,4,1.0,1.0,1.0
n1530,n1478,4,1.0,1.0,1.0
n15300,n3052,4,1.0,1.0,1.0
n15301,n12038,4,1.0,1.0,1.0
n15302,n12059,3,0.75,1.0,0.875
n15303,n18809,4,1.0,1.0,1.0
n15304,n3675,4,1.0,1.0,1.0
n15305,n3716,4,1.0,1.0,1.0
n15306,n6504,3,0.75,1.0,0.875
n15307,n3955,4,1.0,1.0,1.0
n15308,n12100,4,1.0,1.0,1.0
n15308,n12101,4,1.0,1.0,1.0
n15309,n12117,4,1.0,1.0,1.0
n1531,n5661,4,1.0,1.0,1.0
n15310,n4278,4,1.0,1.0,1.0
n15311,n4337,4,1.0,1.0,1.0
n15312,n18828,3,0.75,1.0,0.875
n15313,n4607,4,1.0,1.0,1.0
n15314,n6766,3,0.75,1.0,0.875
n15315,n18835,4,1.0,1.0,1.0
n15316,n12162,4,1.0,1.0,1.0
n15317,n12177,3,0.75,1.0,0.875
n15318,n18842,4,1.0,1.0,1.0
n15319,n7237,4,1.0,1.0,1.0
n1532,n1522,3,0.75,1.0,0.875
n15320,n18869,4,1.0,1.0,1.0
n15321,n12287,3,0.75,1.0,0.875
n15322,n18880,4,1.0,1.0,1.0
n15323,n12334,3,0.75,0.75,0.75
n15323,n12335,4,1.0,1.0,1.0
n15324,n12340,3,0.75,1.0,0.875
n15325,n7517,3,0.75,1.0,0.875
n15326,n7554,4,1.0,1.0,1.0
n15327,n12378,4,1.0,1.0,1.0
n15328,n12380,3,0.75,1.0,0.875
n15329,n8254,4,1.0,1.0,1.0
n1533,n1525,4,1.0,1.0,1.0
n15330,n7862,4,1.0,1.0,1.0
n15331,n12471,3,0.75,1.0,0.875
n15332,n9057,4,1.0,1.0,1.0
n15333,n9388,4,1.0,1.0,1.0
n15334,n9628,4,1.0,1.0,1.0
n15335,n12531,4,1.0,1.0,1.0
n15336,n18956,4,1.0,1.0,1.0
n15337,n12542,3,0.75,1.0,0.875
n15338,n9794,4,1.0,1.0,1.0
n15339,n9839,4,1.0,1.0,1.0
n1534,n5715,4,1.0,1.0,1.0
n15340,n10072,3,0.75,1.0,0.875
n15341,n8374,4,1.0,1.0,1.0
n15342,n8378,4,1.0,1.0,1.0
n15343,n10523,4,1.0,1.0,1.0
n15344,n18974,3,0.75,1.0,0.875
n15345,n12607,4,1.0,1.0,1.0
n15346,n11799,4,1.0,1.0,1.0
n15347,n12030,4,1.0,1.0,1.0
n15348,n18982,3,0.75,1.0,0.875
n15349,n18983,4,1.0,1.0,1.0
n1535,n5714,4,1.0,1.0,1.0
n15350,n18995,4,1.0,1.0,1.0
n15351,n12697,3,0.75,1.0,0.875
n15352,n16558,3,0.75,1.0,0.875
n15353,n19009,4,1.0,1.0,1.0
n15354,n17028,3,0.75,1.0,0.875
n15355,n9053,3,0.75,1.0,0.875
n15356,n17156,4,1.0,1.0,1.0
n15357,n19016,4,1.0,1.0,1.0
n15358,n12795,4,1.0,1.0,1.0
n15359,n12801,3,0.75,1.0,0.875
n1536,n5764,3,0.75,1.0,0.875
n15360,n12804,4,1.0,1.0,1.0
n15361,n18089,4,1.0,1.0,1.0
n15362,n9446,4,1.0,1.0,1.0
n15363,n9475,4,1.0,1.0,1.0
n15364,n9501,4,1.0,1.0,1.0
n15365,n19045,3,0.75,1.0,0.875
n15366,n12880,4,1.0,1.0,1.0
n15367,n9712,4,1.0,1.0,1.0
n15368,n19442,3,0.75,1.0,0.875
n15369,n9849,3,0.75,1.0,0.875
n1537,n5844,3,0.75,1.0,0.875
n15370,n19062,4,1.0,1.0,1.0
n15371,n12972,4,1.0,1.0,1.0
n15372,n10078,4,1.0,1.0,1.0
n15373,n13011,3,0.75,1.0,0.875
n15374,n10182,4,1.0,1.0,1.0
n15375,n20720,4,1.0,1.0,1.0
n15376,n19094,4,1.0,1.0,1.0
n15377,n10217,3,0.75,1.0,0.875
n15378,n21042,4,1.0,1.0,1.0
n15379,n21272,4,1.0,1.0,1.0
n1538,n2545,4,1.0,1.0,1.0
n15380,n19118,4,1.0,1.0,1.0
n15381,n10620,4,1.0,1.0,1.0
n15382,n10686,4,1.0,1.0,1.0
n15383,n13157,4,1.0,1.0,1.0
n15384,n13160,4,1.0,1.0,1.0
n15385,n1022,4,1.0,1.0,1.0
n15386,n10779,4,1.0,1.0,1.0
n15387,n13175,3,0.75,1.0,0.875
n15388,n1227,4,1.0,1.0,1.0
n15389,n19139,4,1.0,1.0,1.0
n1539,n2662,4,1.0,1.0,1.0
n15390,n19140,4,1.0,1.0,1.0
n15391,n19145,4,1.0,1.0,1.0
n15392,n10906,4,1.0,1.0,1.0
n15393,n10944,4,1.0,1.0,1.0
n15394,n13220,3,0.75,1.0,0.875
n15395,n1906,4,1.0,1.0,1.0
n15396,n11030,4,1.0,1.0,1.0
n15397,n19159,4,1.0,1.0,1.0
n15398,n2254,4,1.0,1.0,1.0
n15399,n2653,4,1.0,1.0,1.0
n154,n475,4,1.0,1.0,1.0
n1540,n2706,3,0.75,1.0,0.875
n15400,n13276,4,1.0,1.0,1.0
n15401,n13292,3,0.75,1.0,0.875
n15402,n11260,4,1.0,1.0,1.0
n15403,n13355,3,0.75,1.0,0.875
n15404,n11385,4,1.0,1.0,1.0
n15405,n11412,3,0.75,1.0,0.875
n15406,n11416,3,0.75,1.0,0.875
n15407,n19203,4,1.0,1.0,1.0
n15408,n13403,4,1.0,1.0,1.0
n15409,n19211,3,0.75,1.0,0.875
n1541,n6153,4,1.0,1.0,1.0
n15410,n4044,4,1.0,1.0,1.0
n15411,n11587,4,1.0,1.0,1.0
n15412,n13424,4,1.0,1.0,1.0
n15413,n19222,4,1.0,1.0,1.0
n15414,n4603,4,1.0,1.0,1.0
n15415,n11693,4,1.0,1.0,1.0
n15416,n13448,4,1.0,1.0,1.0
n15417,n13480,4,1.0,1.0,1.0
n15418,n11795,4,1.0,1.0,1.0
n15419,n19235,4,1.0,1.0,1.0
n1542,n6240,3,0.75,1.0,0.875
n15420,n11908,4,1.0,1.0,1.0
n15420,n5787,4,1.0,1.0,1.0
n15421,n5899,4,1.0,1.0,1.0
n15422,n11957,4,1.0,1.0,1.0
n15423,n11981,4,1.0,1.0,1.0
n15424,n6765,4,1.0,1.0,1.0
n15425,n19271,4,1.0,1.0,1.0
n15426,n7050,4,1.0,1.0,1.0
n15427,n13608,4,1.0,1.0,1.0
n15428,n19283,4,1.0,1.0,1.0
n15429,n19284,4,1.0,1.0,1.0
n1543,n1655,4,1.0,1.0,1.0
n15430,n13620,3,0.75,1.0,0.875
n15431,n19286,4,1.0,1.0,1.0
n15432,n7330,4,1.0,1.0,1.0
n15433,n7367,3,0.75,1.0,0.875
n15434,n13626,4,1.0,1.0,1.0
n15435,n7592,4,1.0,1.0,1.0
n15436,n7680,3,0.75,1.0,0.875
n15437,n19301,4,1.0,1.0,1.0
n15438,n8090,4,1.0,1.0,1.0
n15439,n13677,4,1.0,1.0,1.0
n1544,n5759,3,0.75,1.0,0.875
n15440,n8237,3,0.75,1.0,0.875
n15441,n12674,4,1.0,1.0,1.0
n15442,n19323,4,1.0,1.0,1.0
n15443,n13758,4,1.0,1.0,1.0
n15444,n9012,4,1.0,1.0,1.0
n15445,n9017,3,0.75,1.0,0.875
n15446,n19335,4,1.0,1.0,1.0
n15447,n12923,3,0.75,1.0,0.875
n15448,n9854,4,1.0,1.0,1.0
n15449,n19344,4,1.0,1.0,1.0
n1545,n5770,4,1.0,1.0,1.0
n15450,n13839,4,1.0,1.0,1.0
n15451,n13841,4,1.0,1.0,1.0
n15452,n13029,4,1.0,1.0,1.0
n15453,n19353,4,1.0,1.0,1.0
n15454,n19362,4,1.0,1.0,1.0
n15455,n19370,3,0.75,1.0,0.875
n15456,n10794,3,0.75,1.0,0.875
n15457,n10989,3,0.75,1.0,0.875
n15458,n11112,4,1.0,1.0,1.0
n15459,n19384,4,1.0,1.0,1.0
n1546,n6617,3,0.75,1.0,0.875
n15460,n13936,4,1.0,1.0,1.0
n15461,n13937,4,1.0,1.0,1.0
n15462,n11377,4,1.0,1.0,1.0
n15462,n19389,4,1.0,1.0,1.0
n15463,n11402,4,1.0,1.0,1.0
n15464,n13400,4,1.0,1.0,1.0
n15465,n11529,4,1.0,1.0,1.0
n15466,n13432,3,0.75,1.0,0.875
n15467,n11704,4,1.0,1.0,1.0
n15468,n19416,4,1.0,1.0,1.0
n15469,n11984,3,0.75,1.0,0.875
n1547,n5781,4,1.0,1.0,1.0
n15470,n13532,3,0.75,1.0,0.875
n15471,n14023,4,1.0,1.0,1.0
n15472,n14049,3,0.75,1.0,0.875
n15473,n12409,4,1.0,1.0,1.0
n15473,n19425,4,1.0,1.0,1.0
n15474,n19428,3,0.75,1.0,0.875
n15475,n19430,4,1.0,1.0,1.0
n15476,n13972,4,1.0,1.0,1.0
n15477,n14169,4,1.0,1.0,1.0
n15478,n13522,3,0.75,1.0,0.875
n15479,n14105,4,1.0,1.0,1.0
n1548,n5786,3,0.75,1.0,0.875
n15480,n14210,3,0.75,1.0,0.875
n15481,n14144,3,0.75,1.0,0.875
n15482,n14032,3,0.75,1.0,0.875
n15483,n14061,3,0.75,1.0,0.875
n15484,n14224,3,0.75,1.0,0.875
n15485,n14212,3,0.75,1.0,0.875
n15486,n14320,3,0.75,1.0,0.875
n15487,n14240,4,1.0,1.0,1.0
n15488,n19478,4,1.0,1.0,1.0
n15489,n19481,4,1.0,1.0,1.0
n1549,n6818,4,1.0,1.0,1.0
n15490,n14639,3,0.75,1.0,0.875
n15491,n14654,4,1.0,1.0,1.0
n15492,n14261,4,1.0,1.0,1.0
n15493,n14270,3,0.75,1.0,0.875
n15494,n19500,4,1.0,1.0,1.0
n15495,n15126,3,0.75,1.0,0.875
n15496,n19514,3,0.75,1.0,0.875
n15497,n14691,4,1.0,1.0,1.0
n15498,n19528,3,0.75,1.0,0.875
n15499,n14372,4,1.0,1.0,1.0
n155,n1435,4,1.0,1.0,1.0
n1550,n1783,3,0.75,1.0,0.875
n15500,n19542,4,1.0,1.0,1.0
n15501,n14383,4,1.0,1.0,1.0
n15502,n19543,4,1.0,1.0,1.0
n15503,n14390,4,1.0,1.0,1.0
n15504,n14907,4,1.0,1.0,1.0
n15505,n19558,4,1.0,1.0,1.0
n15506,n17486,4,1.0,1.0,1.0
n15507,n19562,3,0.75,1.0,0.875
n15508,n15030,4,1.0,1.0,1.0
n15509,n18427,4,1.0,1.0,1.0
n1551,n5801,4,1.0,1.0,1.0
n15510,n14498,4,1.0,1.0,1.0
n15511,n15309,4,1.0,1.0,1.0
n15512,n14522,4,1.0,1.0,1.0
n15513,n19589,3,0.75,1.0,0.875
n15514,n14548,3,0.75,1.0,0.875
n15515,n14551,4,1.0,1.0,1.0
n15516,n14564,4,1.0,1.0,1.0
n15517,n14566,4,1.0,1.0,1.0
n15518,n15475,4,1.0,1.0,1.0
n15519,n15483,3,0.75,1.0,0.875
n1552,n7046,3,0.75,1.0,0.875
n15520,n15564,4,1.0,1.0,1.0
n15521,n20449,4,1.0,1.0,1.0
n15522,n20668,4,1.0,1.0,1.0
n15523,n21053,4,1.0,1.0,1.0
n15524,n14660,3,0.75,1.0,0.875
n15525,n21414,3,0.75,1.0,0.875
n15526,n15922,4,1.0,1.0,1.0
n15527,n607,4,1.0,1.0,1.0
n15528,n770,4,1.0,1.0,1.0
n15529,n1034,4,1.0,1.0,1.0
n1553,n1829,4,1.0,1.0,1.0
n15530,n16209,4,1.0,1.0,1.0
n15531,n14756,4,1.0,1.0,1.0
n15532,n19675,3,0.75,1.0,0.875
n15533,n16585,4,1.0,1.0,1.0
n15534,n14837,3,0.75,1.0,0.875
n15535,n4031,4,1.0,1.0,1.0
n15536,n4051,4,1.0,1.0,1.0
n15537,n16742,4,1.0,1.0,1.0
n15538,n19700,4,1.0,1.0,1.0
n15539,n16801,3,0.75,1.0,0.875
n1554,n5853,4,1.0,1.0,1.0
n15540,n5782,4,1.0,1.0,1.0
n15541,n6146,4,1.0,1.0,1.0
n15542,n19728,3,0.75,1.0,0.875
n15543,n14929,4,1.0,1.0,1.0
n15543,n14930,3,0.75,0.75,0.75
n15544,n17219,4,1.0,1.0,1.0
n15545,n14952,4,1.0,1.0,1.0
n15546,n17314,4,1.0,1.0,1.0
n15547,n14955,4,1.0,1.0,1.0
n15548,n14977,4,1.0,1.0,1.0
n15549,n17471,3,0.75,1.0,0.875
n1555,n5968,4,1.0,1.0,1.0
n15550,n7575,4,1.0,1.0,1.0
n15551,n19750,4,1.0,1.0,1.0
n15552,n19753,3,0.75,1.0,0.875
n15553,n15002,4,1.0,1.0,1.0
n15554,n15016,4,1.0,1.0,1.0
n15555,n19758,4,1.0,1.0,1.0
n15556,n15028,4,1.0,1.0,1.0
n15557,n15057,4,1.0,1.0,1.0
n15558,n8813,4,1.0,1.0,1.0
n15559,n19773,3,0.75,1.0,0.875
n1556,n5809,3,0.75,1.0,0.875
n15560,n19774,3,0.75,1.0,0.875
n15561,n8983,4,1.0,1.0,1.0
n15562,n15097,4,1.0,1.0,1.0
n15563,n15102,4,1.0,1.0,1.0
n15564,n15112,4,1.0,1.0,1.0
n15565,n18018,3,0.75,1.0,0.875
n15566,n18068,3,0.75,1.0,0.875
n15567,n9773,4,1.0,1.0,1.0
n15568,n15129,4,1.0,1.0,1.0
n15568,n9872,3,0.75,0.75,0.75
n15569,n19797,4,1.0,1.0,1.0
n1557,n7263,3,0.75,1.0,0.875
n15570,n18293,4,1.0,1.0,1.0
n15571,n19811,4,1.0,1.0,1.0
n15572,n10558,4,1.0,1.0,1.0
n15573,n10984,4,1.0,1.0,1.0
n15574,n18519,3,0.75,1.0,0.875
n15575,n19835,4,1.0,1.0,1.0
n15576,n18578,4,1.0,1.0,1.0
n15577,n18617,4,1.0,1.0,1.0
n15578,n18642,4,1.0,1.0,1.0
n15579,n11680,3,0.75,1.0,0.875
n1558,n6434,3,0.75,1.0,0.875
n15580,n19857,4,1.0,1.0,1.0
n15581,n18853,3,0.75,1.0,0.875
n15582,n12253,4,1.0,1.0,1.0
n15583,n19022,3,0.75,1.0,0.875
n15584,n19880,4,1.0,1.0,1.0
n15585,n13028,4,1.0,1.0,1.0
n15586,n13335,4,1.0,1.0,1.0
n15587,n19894,4,1.0,1.0,1.0
n15588,n13664,4,1.0,1.0,1.0
n15589,n14217,3,0.75,1.0,0.875
n1559,n1891,3,0.75,1.0,0.875
n15590,n14513,4,1.0,1.0,1.0
n15591,n14583,3,0.75,1.0,0.875
n15592,n19602,4,1.0,1.0,1.0
n15593,n19934,4,1.0,1.0,1.0
n15594,n15194,4,1.0,1.0,1.0
n15595,n19838,4,1.0,1.0,1.0
n15596,n15578,4,1.0,1.0,1.0
n15597,n19943,3,0.75,1.0,0.875
n15598,n15423,4,1.0,1.0,1.0
n15599,n15589,3,0.75,1.0,0.875
n156,n479,4,1.0,1.0,1.0
n1560,n6904,4,1.0,1.0,1.0
n15600,n19945,4,1.0,1.0,1.0
n15601,n15609,4,1.0,1.0,1.0
n15602,n15902,4,1.0,1.0,1.0
n15603,n16141,4,1.0,1.0,1.0
n15604,n16173,4,1.0,1.0,1.0
n15605,n19976,4,1.0,1.0,1.0
n15606,n19985,4,1.0,1.0,1.0
n15607,n19986,4,1.0,1.0,1.0
n15608,n20359,3,0.75,1.0,0.875
n15609,n16929,4,1.0,1.0,1.0
n1561,n7026,3,0.75,1.0,0.875
n15610,n15678,4,1.0,1.0,1.0
n15611,n15686,4,1.0,1.0,1.0
n15612,n15691,4,1.0,1.0,1.0
n15613,n20006,3,0.75,1.0,0.875
n15614,n15714,4,1.0,1.0,1.0
n15615,n17450,4,1.0,1.0,1.0
n15616,n20753,4,1.0,1.0,1.0
n15617,n20021,4,1.0,1.0,1.0
n15618,n18392,4,1.0,1.0,1.0
n15619,n18625,4,1.0,1.0,1.0
n1562,n7217,3,0.75,1.0,0.875
n15620,n15775,3,0.75,1.0,0.875
n15621,n20040,4,1.0,1.0,1.0
n15622,n20045,4,1.0,1.0,1.0
n15623,n20056,4,1.0,1.0,1.0
n15624,n21261,4,1.0,1.0,1.0
n15625,n15838,4,1.0,1.0,1.0
n15626,n21744,4,1.0,1.0,1.0
n15627,n130,4,1.0,1.0,1.0
n15628,n20120,4,1.0,1.0,1.0
n15629,n691,4,1.0,1.0,1.0
n1563,n1924,4,1.0,1.0,1.0
n15630,n20121,4,1.0,1.0,1.0
n15631,n16020,4,1.0,1.0,1.0
n15632,n471,4,1.0,1.0,1.0
n15633,n2468,4,1.0,1.0,1.0
n15634,n20150,4,1.0,1.0,1.0
n15635,n845,3,0.75,1.0,0.875
n15636,n2997,4,1.0,1.0,1.0
n15637,n1146,4,1.0,1.0,1.0
n15637,n16166,4,1.0,1.0,1.0
n15638,n20182,3,0.75,1.0,0.875
n15639,n16178,4,1.0,1.0,1.0
n1564,n1949,4,1.0,1.0,1.0
n15640,n20183,4,1.0,1.0,1.0
n15641,n4960,4,1.0,1.0,1.0
n15642,n20204,4,1.0,1.0,1.0
n15643,n20206,4,1.0,1.0,1.0
n15644,n1647,4,1.0,1.0,1.0
n15645,n16300,4,1.0,1.0,1.0
n15646,n8034,3,0.75,1.0,0.875
n15647,n20231,4,1.0,1.0,1.0
n15648,n16387,3,0.75,1.0,0.875
n15649,n10366,4,1.0,1.0,1.0
n1565,n1969,4,1.0,1.0,1.0
n15650,n2491,4,1.0,1.0,1.0
n15651,n16489,4,1.0,1.0,1.0
n15652,n12291,4,1.0,1.0,1.0
n15653,n16509,4,1.0,1.0,1.0
n15654,n16526,4,1.0,1.0,1.0
n15655,n3254,3,0.75,1.0,0.875
n15656,n20295,4,1.0,1.0,1.0
n15657,n16544,4,1.0,1.0,1.0
n15658,n20305,4,1.0,1.0,1.0
n15659,n16580,4,1.0,1.0,1.0
n1566,n1977,4,1.0,1.0,1.0
n15660,n14388,4,1.0,1.0,1.0
n15661,n14843,4,1.0,1.0,1.0
n15662,n16648,4,1.0,1.0,1.0
n15663,n4152,4,1.0,1.0,1.0
n15664,n16064,4,1.0,1.0,1.0
n15665,n16712,4,1.0,1.0,1.0
n15666,n4528,3,0.75,1.0,0.875
n15667,n20379,4,1.0,1.0,1.0
n15668,n4581,3,0.75,1.0,0.875
n15669,n16762,4,1.0,1.0,1.0
n1567,n7706,3,0.75,1.0,0.875
n15670,n4989,4,1.0,1.0,1.0
n15671,n19939,4,1.0,1.0,1.0
n15672,n20007,4,1.0,1.0,1.0
n15673,n20408,4,1.0,1.0,1.0
n15674,n20410,3,0.75,1.0,0.875
n15675,n16906,4,1.0,1.0,1.0
n15676,n20436,4,1.0,1.0,1.0
n15677,n21875,4,1.0,1.0,1.0
n15678,n16933,4,1.0,1.0,1.0
n15679,n16936,4,1.0,1.0,1.0
n1568,n8290,4,1.0,1.0,1.0
n15680,n20447,3,0.75,1.0,0.875
n15681,n16943,4,1.0,1.0,1.0
n15682,n5573,4,1.0,1.0,1.0
n15683,n1063,3,0.75,1.0,0.875
n15684,n1079,4,1.0,1.0,1.0
n15684,n5628,4,1.0,1.0,1.0
n15685,n5641,3,0.75,1.0,0.875
n15686,n1585,4,1.0,1.0,1.0
n15687,n20466,4,1.0,1.0,1.0
n15688,n1764,4,1.0,1.0,1.0
n15689,n1779,4,1.0,1.0,1.0
n1569,n7941,4,1.0,1.0,1.0
n15690,n20477,4,1.0,1.0,1.0
n15691,n1861,4,1.0,1.0,1.0
n15692,n17021,4,1.0,1.0,1.0
n15693,n6019,4,1.0,1.0,1.0
n15694,n20498,4,1.0,1.0,1.0
n15695,n17095,4,1.0,1.0,1.0
n15696,n17105,4,1.0,1.0,1.0
n15697,n6377,4,1.0,1.0,1.0
n15698,n6384,3,0.75,1.0,0.875
n15699,n17217,3,0.75,1.0,0.875
n157,n21690,4,1.0,1.0,1.0
n1570,n2031,4,1.0,1.0,1.0
n15700,n20536,4,1.0,1.0,1.0
n15701,n17229,4,1.0,1.0,1.0
n15702,n6727,4,1.0,1.0,1.0
n15703,n4995,4,1.0,1.0,1.0
n15704,n20552,4,1.0,1.0,1.0
n15705,n5235,4,1.0,1.0,1.0
n15706,n17308,3,0.75,1.0,0.875
n15707,n20570,3,0.75,1.0,0.875
n15708,n20577,3,0.75,1.0,0.875
n15709,n6111,3,0.75,1.0,0.875
n1571,n2049,4,1.0,1.0,1.0
n15710,n7193,4,1.0,1.0,1.0
n15711,n17386,4,1.0,1.0,1.0
n15712,n7314,4,1.0,1.0,1.0
n15713,n17430,4,1.0,1.0,1.0
n15714,n20602,4,1.0,1.0,1.0
n15715,n7634,4,1.0,1.0,1.0
n15716,n8294,3,0.75,1.0,0.875
n15717,n8437,4,1.0,1.0,1.0
n15718,n8463,4,1.0,1.0,1.0
n15719,n8930,4,1.0,1.0,1.0
n1572,n9609,3,0.75,1.0,0.875
n15720,n20650,4,1.0,1.0,1.0
n15721,n9178,4,1.0,1.0,1.0
n15722,n8081,4,1.0,1.0,1.0
n15723,n8131,4,1.0,1.0,1.0
n15724,n20665,4,1.0,1.0,1.0
n15725,n17683,4,1.0,1.0,1.0
n15726,n20682,4,1.0,1.0,1.0
n15727,n17756,3,0.75,1.0,0.875
n15728,n14841,3,0.75,1.0,0.875
n15729,n17773,4,1.0,1.0,1.0
n1573,n2066,4,1.0,1.0,1.0
n15730,n8736,4,1.0,1.0,1.0
n15731,n8950,3,0.75,1.0,0.875
n15732,n8993,4,1.0,1.0,1.0
n15733,n17164,4,1.0,1.0,1.0
n15734,n20727,4,1.0,1.0,1.0
n15735,n9107,4,1.0,1.0,1.0
n15736,n9210,4,1.0,1.0,1.0
n15737,n9421,4,1.0,1.0,1.0
n15737,n9422,4,1.0,1.0,1.0
n15738,n9432,4,1.0,1.0,1.0
n15739,n9522,4,1.0,1.0,1.0
n1574,n2067,3,0.75,1.0,0.875
n15740,n19129,4,1.0,1.0,1.0
n15741,n9818,3,0.75,1.0,0.875
n15742,n18111,4,1.0,1.0,1.0
n15743,n20797,4,1.0,1.0,1.0
n15744,n9971,4,1.0,1.0,1.0
n15745,n18162,4,1.0,1.0,1.0
n15746,n18200,4,1.0,1.0,1.0
n15746,n20822,4,1.0,1.0,1.0
n15747,n20824,4,1.0,1.0,1.0
n15748,n18248,4,1.0,1.0,1.0
n15749,n20828,4,1.0,1.0,1.0
n1575,n9875,3,0.75,1.0,0.875
n15750,n10543,4,1.0,1.0,1.0
n15751,n10626,4,1.0,1.0,1.0
n15752,n18399,4,1.0,1.0,1.0
n15753,n1251,4,1.0,1.0,1.0
n15754,n20875,4,1.0,1.0,1.0
n15755,n20881,4,1.0,1.0,1.0
n15756,n18478,3,0.75,1.0,0.875
n15757,n18480,4,1.0,1.0,1.0
n15758,n3149,4,1.0,1.0,1.0
n15759,n20910,3,0.75,1.0,0.875
n1576,n5884,4,1.0,1.0,1.0
n15760,n18613,4,1.0,1.0,1.0
n15761,n18615,4,1.0,1.0,1.0
n15762,n20915,3,0.75,1.0,0.875
n15763,n20924,4,1.0,1.0,1.0
n15764,n11659,4,1.0,1.0,1.0
n15765,n18670,4,1.0,1.0,1.0
n15766,n18690,3,0.75,1.0,0.875
n15767,n11706,4,1.0,1.0,1.0
n15768,n4872,3,0.75,1.0,0.875
n15769,n20938,4,1.0,1.0,1.0
n1577,n10327,4,1.0,1.0,1.0
n15770,n20947,4,1.0,1.0,1.0
n15771,n11855,4,1.0,1.0,1.0
n15772,n5717,4,1.0,1.0,1.0
n15773,n12079,4,1.0,1.0,1.0
n15774,n6895,3,0.75,1.0,0.875
n15775,n18892,4,1.0,1.0,1.0
n15776,n18907,3,0.75,1.0,0.875
n15777,n8026,4,1.0,1.0,1.0
n15778,n12546,3,0.75,1.0,0.875
n15779,n21009,4,1.0,1.0,1.0
n1578,n5895,3,0.75,1.0,0.875
n15780,n19041,4,1.0,1.0,1.0
n15781,n9853,4,1.0,1.0,1.0
n15782,n12955,4,1.0,1.0,1.0
n15783,n9987,4,1.0,1.0,1.0
n15784,n19087,3,0.75,1.0,0.875
n15785,n13060,4,1.0,1.0,1.0
n15786,n10445,4,1.0,1.0,1.0
n15787,n10609,4,1.0,1.0,1.0
n15788,n21027,4,1.0,1.0,1.0
n15789,n21032,4,1.0,1.0,1.0
n1579,n11776,3,0.75,1.0,0.875
n15790,n10902,4,1.0,1.0,1.0
n15791,n13206,4,1.0,1.0,1.0
n15792,n10975,3,0.75,1.0,0.875
n15793,n21052,4,1.0,1.0,1.0
n15794,n21056,3,0.75,1.0,0.875
n15795,n13548,3,0.75,1.0,0.875
n15796,n12155,3,0.75,1.0,0.875
n15797,n19285,4,1.0,1.0,1.0
n15798,n19324,4,1.0,1.0,1.0
n15799,n19328,4,1.0,1.0,1.0
n158,n1452,4,1.0,1.0,1.0
n1580,n5910,3,0.75,1.0,0.875
n15800,n13852,4,1.0,1.0,1.0
n15801,n21089,3,0.75,1.0,0.875
n15802,n13995,4,1.0,1.0,1.0
n15803,n14227,4,1.0,1.0,1.0
n15804,n14664,4,1.0,1.0,1.0
n15805,n14671,4,1.0,1.0,1.0
n15806,n14420,4,1.0,1.0,1.0
n15807,n19584,4,1.0,1.0,1.0
n15808,n21133,4,1.0,1.0,1.0
n15809,n16042,4,1.0,1.0,1.0
n1581,n8597,4,1.0,1.0,1.0
n15810,n14717,4,1.0,1.0,1.0
n15811,n19649,3,0.75,1.0,0.875
n15812,n19679,4,1.0,1.0,1.0
n15813,n14810,4,1.0,1.0,1.0
n15814,n16692,4,1.0,1.0,1.0
n15815,n19694,4,1.0,1.0,1.0
n15816,n14964,4,1.0,1.0,1.0
n15817,n19754,3,0.75,1.0,0.875
n15818,n19770,3,0.75,1.0,0.875
n15819,n15091,4,1.0,1.0,1.0
n1582,n13680,3,0.75,1.0,0.875
n15820,n21176,4,1.0,1.0,1.0
n15821,n18706,4,1.0,1.0,1.0
n15822,n19413,4,1.0,1.0,1.0
n15823,n21203,4,1.0,1.0,1.0
n15824,n21206,4,1.0,1.0,1.0
n15825,n15550,4,1.0,1.0,1.0
n15826,n19932,3,0.75,1.0,0.875
n15827,n20000,4,1.0,1.0,1.0
n15828,n21228,4,1.0,1.0,1.0
n15829,n15787,4,1.0,1.0,1.0
n1583,n13989,3,0.75,1.0,0.875
n15830,n15831,3,0.75,1.0,0.875
n15831,n20057,3,0.75,1.0,0.875
n15832,n21236,4,1.0,1.0,1.0
n15833,n21238,3,0.75,1.0,0.875
n15834,n20097,3,0.75,1.0,0.875
n15835,n31,4,1.0,1.0,1.0
n15836,n21252,4,1.0,1.0,1.0
n15837,n20128,4,1.0,1.0,1.0
n15838,n21265,4,1.0,1.0,1.0
n15839,n20167,4,1.0,1.0,1.0
n1584,n2133,3,0.75,1.0,0.875
n15840,n16153,4,1.0,1.0,1.0
n15841,n21296,4,1.0,1.0,1.0
n15842,n16332,3,0.75,1.0,0.875
n15843,n20236,4,1.0,1.0,1.0
n15844,n2145,4,1.0,1.0,1.0
n15845,n2216,4,1.0,1.0,1.0
n15846,n20250,4,1.0,1.0,1.0
n15847,n20255,4,1.0,1.0,1.0
n15848,n16553,4,1.0,1.0,1.0
n15849,n21321,4,1.0,1.0,1.0
n1585,n2150,4,1.0,1.0,1.0
n15850,n21327,4,1.0,1.0,1.0
n15851,n21338,4,1.0,1.0,1.0
n15852,n21340,4,1.0,1.0,1.0
n15853,n21345,4,1.0,1.0,1.0
n15854,n21347,4,1.0,1.0,1.0
n15855,n16758,4,1.0,1.0,1.0
n15856,n20400,3,0.75,1.0,0.875
n15857,n20423,3,0.75,1.0,0.875
n15858,n20480,4,1.0,1.0,1.0
n15859,n5855,4,1.0,1.0,1.0
n1586,n2172,4,1.0,1.0,1.0
n15860,n6056,3,0.75,1.0,0.875
n15861,n21392,4,1.0,1.0,1.0
n15862,n17295,3,0.75,1.0,0.875
n15863,n20563,4,1.0,1.0,1.0
n15864,n20581,3,0.75,1.0,0.875
n15865,n17496,4,1.0,1.0,1.0
n15866,n21429,4,1.0,1.0,1.0
n15867,n8145,4,1.0,1.0,1.0
n15868,n21441,3,0.75,1.0,0.875
n15869,n20697,4,1.0,1.0,1.0
n1587,n8967,4,1.0,1.0,1.0
n15870,n9124,4,1.0,1.0,1.0
n15871,n20729,4,1.0,1.0,1.0
n15872,n9150,4,1.0,1.0,1.0
n15873,n20768,4,1.0,1.0,1.0
n15874,n10012,4,1.0,1.0,1.0
n15875,n21493,4,1.0,1.0,1.0
n15876,n21496,4,1.0,1.0,1.0
n15877,n18158,4,1.0,1.0,1.0
n15878,n21510,4,1.0,1.0,1.0
n15879,n18332,4,1.0,1.0,1.0
n1588,n9021,4,1.0,1.0,1.0
n15880,n20867,4,1.0,1.0,1.0
n15881,n18463,4,1.0,1.0,1.0
n15882,n11182,4,1.0,1.0,1.0
n15883,n11246,4,1.0,1.0,1.0
n15884,n18564,4,1.0,1.0,1.0
n15885,n20908,4,1.0,1.0,1.0
n15886,n21559,4,1.0,1.0,1.0
n15887,n18717,4,1.0,1.0,1.0
n15888,n18792,3,0.75,1.0,0.875
n15889,n20988,4,1.0,1.0,1.0
n1589,n17664,3,0.75,0.75,0.75
n1589,n9229,4,1.0,1.0,1.0
n15890,n12906,4,1.0,1.0,1.0
n15891,n13307,3,0.75,1.0,0.875
n15892,n19262,4,1.0,1.0,1.0
n15893,n19515,4,1.0,1.0,1.0
n15894,n19563,4,1.0,1.0,1.0
n15895,n21125,4,1.0,1.0,1.0
n15896,n21132,4,1.0,1.0,1.0
n15897,n14684,4,1.0,1.0,1.0
n15898,n21633,4,1.0,1.0,1.0
n15899,n15067,3,0.75,1.0,0.875
n159,n486,4,1.0,1.0,1.0
n1590,n2236,4,1.0,1.0,1.0
n15900,n21645,4,1.0,1.0,1.0
n15901,n15414,4,1.0,1.0,1.0
n15902,n19960,4,1.0,1.0,1.0
n15903,n19990,3,0.75,1.0,0.875
n15904,n21663,4,1.0,1.0,1.0
n15905,n15888,3,0.75,1.0,0.875
n15906,n21240,3,0.75,1.0,0.875
n15907,n20125,4,1.0,1.0,1.0
n15908,n21274,4,1.0,1.0,1.0
n15909,n21698,4,1.0,1.0,1.0
n1591,n18634,4,1.0,1.0,1.0
n15910,n21299,3,0.75,1.0,0.875
n15911,n21702,4,1.0,1.0,1.0
n15912,n21711,4,1.0,1.0,1.0
n15913,n21712,4,1.0,1.0,1.0
n15914,n21726,4,1.0,1.0,1.0
n15915,n16821,4,1.0,1.0,1.0
n15916,n21356,4,1.0,1.0,1.0
n15917,n21736,4,1.0,1.0,1.0
n15918,n17135,4,1.0,1.0,1.0
n15919,n21418,3,0.75,1.0,0.875
n1592,n9745,4,1.0,1.0,1.0
n15920,n17722,3,0.75,1.0,0.875
n15921,n21761,4,1.0,1.0,1.0
n15922,n17877,4,1.0,1.0,1.0
n15923,n20745,4,1.0,1.0,1.0
n15924,n21463,4,1.0,1.0,1.0
n15925,n21779,3,0.75,1.0,0.875
n15926,n20902,4,1.0,1.0,1.0
n15927,n18822,4,1.0,1.0,1.0
n15928,n20976,4,1.0,1.0,1.0
n15928,n21798,4,1.0,1.0,1.0
n15929,n21571,3,0.75,1.0,0.875
n1593,n9797,4,1.0,1.0,1.0
n15930,n21585,4,1.0,1.0,1.0
n15931,n19094,3,0.75,1.0,0.875
n15932,n19146,4,1.0,1.0,1.0
n15933,n19368,3,0.75,1.0,0.875
n15934,n19653,4,1.0,1.0,1.0
n15935,n21627,3,0.75,1.0,0.875
n15936,n21156,4,1.0,1.0,1.0
n15937,n20088,4,1.0,1.0,1.0
n15938,n21701,4,1.0,1.0,1.0
n15939,n21841,4,1.0,1.0,1.0
n1594,n19339,4,1.0,1.0,1.0
n15940,n21748,4,1.0,1.0,1.0
n15941,n20625,4,1.0,1.0,1.0
n15942,n21777,4,1.0,1.0,1.0
n15943,n21862,4,1.0,1.0,1.0
n15944,n21576,4,1.0,1.0,1.0
n15945,n21683,4,1.0,1.0,1.0
n15946,n21880,4,1.0,1.0,1.0
n15947,n21490,4,1.0,1.0,1.0
n15948,n21665,3,0.75,1.0,0.875
n15949,n21825,4,1.0,1.0,1.0
n1595,n9834,4,1.0,1.0,1.0
n15950,n21902,4,1.0,1.0,1.0
n15951,n21888,4,1.0,1.0,1.0
n15952,n21910,4,1.0,1.0,1.0
n15953,n8,4,1.0,1.0,1.0
n15954,n56,4,1.0,1.0,1.0
n15955,n59,4,1.0,1.0,1.0
n15956,n12,3,0.75,1.0,0.875
n15957,n18,3,0.75,1.0,0.875
n15958,n21,4,1.0,1.0,1.0
n15959,n379,4,1.0,1.0,1.0
n1596,n19496,4,1.0,1.0,1.0
n15960,n133,4,1.0,1.0,1.0
n15961,n563,4,1.0,1.0,1.0
n15962,n581,4,1.0,1.0,1.0
n15963,n71,4,1.0,1.0,1.0
n15964,n590,4,1.0,1.0,1.0
n15965,n764,4,1.0,1.0,1.0
n15966,n34,4,1.0,1.0,1.0
n15967,n108,4,1.0,1.0,1.0
n15968,n360,4,1.0,1.0,1.0
n15969,n418,4,1.0,1.0,1.0
n1597,n9880,4,1.0,1.0,1.0
n15970,n448,4,1.0,1.0,1.0
n15971,n53,4,1.0,1.0,1.0
n15972,n62,4,1.0,1.0,1.0
n15973,n65,4,1.0,1.0,1.0
n15974,n175,4,1.0,1.0,1.0
n15974,n530,4,1.0,1.0,1.0
n15975,n180,3,0.75,1.0,0.875
n15976,n2016,4,1.0,1.0,1.0
n15977,n2098,4,1.0,1.0,1.0
n15978,n211,4,1.0,1.0,1.0
n15979,n234,3,0.75,1.0,0.875
n1598,n19628,3,0.75,1.0,0.875
n15980,n735,4,1.0,1.0,1.0
n15981,n251,4,1.0,1.0,1.0
n15982,n91,4,1.0,1.0,1.0
n15983,n912,4,1.0,1.0,1.0
n15984,n3998,4,1.0,1.0,1.0
n15985,n104,4,1.0,1.0,1.0
n15986,n1132,4,1.0,1.0,1.0
n15987,n355,4,1.0,1.0,1.0
n15988,n111,4,1.0,1.0,1.0
n15989,n4206,4,1.0,1.0,1.0
n1599,n2360,4,1.0,1.0,1.0
n15990,n115,4,1.0,1.0,1.0
n15991,n4264,4,1.0,1.0,1.0
n15992,n4809,4,1.0,1.0,1.0
n15993,n1403,4,1.0,1.0,1.0
n15994,n5198,3,0.75,1.0,0.875
n15995,n473,4,1.0,1.0,1.0
n15996,n5569,4,1.0,1.0,1.0
n15997,n509,4,1.0,1.0,1.0
n15998,n519,4,1.0,1.0,1.0
n15999,n1670,4,1.0,1.0,1.0
n16,n595,4,1.0,1.0,1.0
n160,n5442,4,1.0,1.0,1.0
n1600,n6008,4,1.0,1.0,1.0
n16000,n568,4,1.0,1.0,1.0
n16001,n1807,4,1.0,1.0,1.0
n16002,n8106,4,1.0,1.0,1.0
n16003,n8445,4,1.0,1.0,1.0
n16004,n8878,4,1.0,1.0,1.0
n16005,n2218,4,1.0,1.0,1.0
n16006,n2302,3,0.75,1.0,0.875
n16007,n10522,4,1.0,1.0,1.0
n16008,n10527,3,0.75,1.0,0.875
n16009,n248,4,1.0,1.0,1.0
n1601,n6009,4,1.0,1.0,1.0
n16010,n254,4,1.0,1.0,1.0
n16011,n263,4,1.0,1.0,1.0
n16012,n11268,3,0.75,1.0,0.875
n16013,n2804,4,1.0,1.0,1.0
n16014,n11595,4,1.0,1.0,1.0
n16015,n2914,4,1.0,1.0,1.0
n16016,n11982,4,1.0,1.0,1.0
n16017,n287,4,1.0,1.0,1.0
n16018,n3199,4,1.0,1.0,1.0
n16019,n312,4,1.0,1.0,1.0
n1602,n2380,3,0.75,1.0,0.875
n16020,n313,4,1.0,1.0,1.0
n16021,n3715,4,1.0,1.0,1.0
n16022,n1049,4,1.0,1.0,1.0
n16023,n1074,4,1.0,1.0,1.0
n16024,n353,4,1.0,1.0,1.0
n16025,n15983,4,1.0,1.0,1.0
n16026,n1147,4,1.0,1.0,1.0
n16027,n16133,4,1.0,1.0,1.0
n16028,n16378,4,1.0,1.0,1.0
n16029,n377,4,1.0,1.0,1.0
n1603,n20672,4,1.0,1.0,1.0
n16030,n1179,3,0.75,1.0,0.875
n16031,n16717,4,1.0,1.0,1.0
n16032,n386,4,1.0,1.0,1.0
n16033,n397,4,1.0,1.0,1.0
n16034,n1249,4,1.0,1.0,1.0
n16035,n4596,4,1.0,1.0,1.0
n16036,n1298,4,1.0,1.0,1.0
n16037,n1300,4,1.0,1.0,1.0
n16038,n1330,4,1.0,1.0,1.0
n16039,n4939,4,1.0,1.0,1.0
n1604,n2427,4,1.0,1.0,1.0
n16040,n1342,4,1.0,1.0,1.0
n16041,n5001,4,1.0,1.0,1.0
n16042,n5011,4,1.0,1.0,1.0
n16043,n443,4,1.0,1.0,1.0
n16044,n20224,4,1.0,1.0,1.0
n16045,n1375,4,1.0,1.0,1.0
n16046,n1415,4,1.0,1.0,1.0
n16047,n1422,4,1.0,1.0,1.0
n16048,n1455,4,1.0,1.0,1.0
n16049,n482,4,1.0,1.0,1.0
n1605,n10375,4,1.0,1.0,1.0
n16050,n491,4,1.0,1.0,1.0
n16051,n1273,4,1.0,1.0,1.0
n16052,n1323,4,1.0,1.0,1.0
n16053,n5835,3,0.75,1.0,0.875
n16054,n525,4,1.0,1.0,1.0
n16055,n2245,3,0.75,1.0,0.875
n16056,n1618,3,0.75,1.0,0.875
n16057,n1629,4,1.0,1.0,1.0
n16058,n6243,3,0.75,1.0,0.875
n16059,n550,4,1.0,1.0,1.0
n1606,n6028,3,0.75,0.75,0.75
n1606,n6029,4,1.0,1.0,1.0
n16060,n1744,4,1.0,1.0,1.0
n16061,n4731,4,1.0,1.0,1.0
n16062,n5161,4,1.0,1.0,1.0
n16063,n6932,4,1.0,1.0,1.0
n16064,n1809,4,1.0,1.0,1.0
n16065,n6970,4,1.0,1.0,1.0
n16066,n5977,4,1.0,1.0,1.0
n16067,n1843,4,1.0,1.0,1.0
n16068,n1865,4,1.0,1.0,1.0
n16069,n594,4,1.0,1.0,1.0
n1607,n6031,4,1.0,1.0,1.0
n16070,n1897,3,0.75,1.0,0.875
n16070,n1898,3,0.75,1.0,0.875
n16071,n6952,4,1.0,1.0,1.0
n16071,n7420,3,0.75,0.75,0.75
n16072,n1912,4,1.0,1.0,1.0
n16073,n9051,4,1.0,1.0,1.0
n16074,n621,4,1.0,1.0,1.0
n16075,n622,4,1.0,1.0,1.0
n16076,n624,4,1.0,1.0,1.0
n16077,n10230,4,1.0,1.0,1.0
n16078,n11696,3,0.75,1.0,0.875
n16079,n12109,3,0.75,1.0,0.875
n1608,n6033,3,0.75,1.0,0.875
n16080,n651,4,1.0,1.0,1.0
n16081,n652,4,1.0,1.0,1.0
n16082,n8856,4,1.0,1.0,1.0
n16083,n657,4,1.0,1.0,1.0
n16084,n658,4,1.0,1.0,1.0
n16085,n675,4,1.0,1.0,1.0
n16086,n678,4,1.0,1.0,1.0
n16087,n2270,4,1.0,1.0,1.0
n16088,n18705,4,1.0,1.0,1.0
n16089,n20075,4,1.0,1.0,1.0
n1609,n6049,4,1.0,1.0,1.0
n16090,n711,4,1.0,1.0,1.0
n16091,n714,4,1.0,1.0,1.0
n16092,n722,4,1.0,1.0,1.0
n16093,n21402,4,1.0,1.0,1.0
n16094,n70,4,1.0,1.0,1.0
n16095,n10552,4,1.0,1.0,1.0
n16096,n2540,4,1.0,1.0,1.0
n16097,n904,3,0.75,1.0,0.875
n16098,n750,4,1.0,1.0,1.0
n16099,n759,4,1.0,1.0,1.0
n161,n208,4,1.0,1.0,1.0
n1610,n434,4,1.0,1.0,1.0
n16100,n775,4,1.0,1.0,1.0
n16101,n777,4,1.0,1.0,1.0
n16102,n11232,3,0.75,1.0,0.875
n16103,n2790,4,1.0,1.0,1.0
n16104,n809,4,1.0,1.0,1.0
n16105,n2856,4,1.0,1.0,1.0
n16106,n2859,4,1.0,1.0,1.0
n16107,n2924,4,1.0,1.0,1.0
n16108,n837,4,1.0,1.0,1.0
n16109,n2952,4,1.0,1.0,1.0
n1611,n676,3,0.75,1.0,0.875
n16110,n841,4,1.0,1.0,1.0
n16111,n11915,4,1.0,1.0,1.0
n16112,n2993,4,1.0,1.0,1.0
n16113,n866,4,1.0,1.0,1.0
n16114,n12329,4,1.0,1.0,1.0
n16115,n12338,4,1.0,1.0,1.0
n16116,n3097,3,0.75,1.0,0.875
n16117,n3130,4,1.0,1.0,1.0
n16118,n894,4,1.0,1.0,1.0
n16119,n3228,4,1.0,1.0,1.0
n1612,n2546,4,1.0,1.0,1.0
n16120,n899,4,1.0,1.0,1.0
n16121,n13034,4,1.0,1.0,1.0
n16122,n918,4,1.0,1.0,1.0
n16123,n10750,4,1.0,1.0,1.0
n16124,n925,3,0.75,1.0,0.875
n16125,n11044,4,1.0,1.0,1.0
n16126,n13328,4,1.0,1.0,1.0
n16127,n955,4,1.0,1.0,1.0
n16128,n3507,3,0.75,1.0,0.875
n16129,n13998,4,1.0,1.0,1.0
n1613,n2556,4,1.0,1.0,1.0
n16130,n14099,4,1.0,1.0,1.0
n16131,n3656,4,1.0,1.0,1.0
n16132,n14171,4,1.0,1.0,1.0
n16133,n1013,4,1.0,1.0,1.0
n16134,n14461,4,1.0,1.0,1.0
n16135,n1016,4,1.0,1.0,1.0
n16136,n3776,3,0.75,1.0,0.875
n16137,n1028,4,1.0,1.0,1.0
n16138,n1033,4,1.0,1.0,1.0
n16139,n16092,4,1.0,1.0,1.0
n1614,n2563,4,1.0,1.0,1.0
n16140,n1042,4,1.0,1.0,1.0
n16141,n3870,4,1.0,1.0,1.0
n16142,n14878,4,1.0,1.0,1.0
n16143,n1066,4,1.0,1.0,1.0
n16144,n1072,3,0.75,1.0,0.875
n16145,n18631,3,0.75,1.0,0.875
n16146,n18723,4,1.0,1.0,1.0
n16147,n18888,3,0.75,1.0,0.875
n16148,n3994,4,1.0,1.0,1.0
n16149,n4030,4,1.0,1.0,1.0
n1615,n6060,4,1.0,1.0,1.0
n16150,n15531,4,1.0,1.0,1.0
n16151,n4053,4,1.0,1.0,1.0
n16152,n1112,4,1.0,1.0,1.0
n16153,n4097,4,1.0,1.0,1.0
n16154,n15769,4,1.0,1.0,1.0
n16154,n20937,3,0.75,0.75,0.75
n16155,n4121,3,0.75,1.0,0.875
n16156,n21681,4,1.0,1.0,1.0
n16157,n1131,4,1.0,1.0,1.0
n16158,n113,3,0.75,1.0,0.875
n16159,n4163,4,1.0,1.0,1.0
n1616,n6068,4,1.0,1.0,1.0
n16160,n174,4,1.0,1.0,1.0
n16161,n1137,4,1.0,1.0,1.0
n16162,n4195,4,1.0,1.0,1.0
n16163,n684,4,1.0,1.0,1.0
n16164,n4199,4,1.0,1.0,1.0
n16165,n4200,4,1.0,1.0,1.0
n16166,n16112,4,1.0,1.0,1.0
n16167,n975,4,1.0,1.0,1.0
n16168,n4213,3,0.75,1.0,0.875
n16169,n1272,4,1.0,1.0,1.0
n1617,n10813,4,1.0,1.0,1.0
n16170,n16218,4,1.0,1.0,1.0
n16171,n2451,4,1.0,1.0,1.0
n16172,n1176,4,1.0,1.0,1.0
n16173,n4305,4,1.0,1.0,1.0
n16174,n16674,4,1.0,1.0,1.0
n16175,n4344,4,1.0,1.0,1.0
n16176,n1205,4,1.0,1.0,1.0
n16177,n16832,4,1.0,1.0,1.0
n16178,n5249,4,1.0,1.0,1.0
n16179,n4417,3,0.75,1.0,0.875
n1618,n6069,3,0.75,1.0,0.875
n16180,n6436,4,1.0,1.0,1.0
n16181,n4487,4,1.0,1.0,1.0
n16182,n17445,4,1.0,1.0,1.0
n16183,n17589,3,0.75,1.0,0.875
n16184,n4552,4,1.0,1.0,1.0
n16185,n10154,4,1.0,1.0,1.0
n16186,n4666,4,1.0,1.0,1.0
n16187,n4670,4,1.0,1.0,1.0
n16188,n10704,3,0.75,1.0,0.875
n16189,n10806,4,1.0,1.0,1.0
n1619,n2618,3,0.75,1.0,0.875
n16190,n18434,4,1.0,1.0,1.0
n16191,n18683,3,0.75,1.0,0.875
n16192,n4772,4,1.0,1.0,1.0
n16193,n12754,4,1.0,1.0,1.0
n16194,n4812,3,0.75,1.0,0.875
n16195,n19068,4,1.0,1.0,1.0
n16196,n1314,4,1.0,1.0,1.0
n16197,n4868,4,1.0,1.0,1.0
n16198,n4880,4,1.0,1.0,1.0
n16199,n19756,4,1.0,1.0,1.0
n162,n1472,3,0.75,1.0,0.875
n1620,n6074,4,1.0,1.0,1.0
n16200,n1356,3,0.75,1.0,0.875
n16201,n1360,4,1.0,1.0,1.0
n16202,n1364,4,1.0,1.0,1.0
n16203,n5093,4,1.0,1.0,1.0
n16204,n20458,4,1.0,1.0,1.0
n16205,n17109,4,1.0,1.0,1.0
n16206,n17268,4,1.0,1.0,1.0
n16207,n1378,4,1.0,1.0,1.0
n16208,n1400,4,1.0,1.0,1.0
n16208,n18212,4,1.0,1.0,1.0
n16209,n18637,4,1.0,1.0,1.0
n1621,n2626,4,1.0,1.0,1.0
n16210,n20972,4,1.0,1.0,1.0
n16211,n5213,4,1.0,1.0,1.0
n16212,n19206,4,1.0,1.0,1.0
n16213,n1423,4,1.0,1.0,1.0
n16214,n1433,4,1.0,1.0,1.0
n16215,n20660,3,0.75,1.0,0.875
n16216,n1436,4,1.0,1.0,1.0
n16217,n20810,4,1.0,1.0,1.0
n16218,n21569,4,1.0,1.0,1.0
n16219,n21282,4,1.0,1.0,1.0
n1622,n6086,4,1.0,1.0,1.0
n16220,n5382,4,1.0,1.0,1.0
n16221,n21674,4,1.0,1.0,1.0
n16221,n21824,3,0.75,0.75,0.75
n16222,n5396,4,1.0,1.0,1.0
n16223,n5401,4,1.0,1.0,1.0
n16224,n5404,4,1.0,1.0,1.0
n16225,n5408,4,1.0,1.0,1.0
n16226,n21879,4,1.0,1.0,1.0
n16226,n21899,4,1.0,1.0,1.0
n16227,n46,3,0.75,1.0,0.875
n16228,n112,4,1.0,1.0,1.0
n16229,n1463,4,1.0,1.0,1.0
n1623,n11050,4,1.0,1.0,1.0
n16230,n451,4,1.0,1.0,1.0
n16231,n5445,4,1.0,1.0,1.0
n16232,n237,4,1.0,1.0,1.0
n16233,n1469,4,1.0,1.0,1.0
n16234,n1471,4,1.0,1.0,1.0
n16235,n5506,3,0.75,1.0,0.875
n16236,n936,4,1.0,1.0,1.0
n16237,n5600,4,1.0,1.0,1.0
n16238,n1499,3,0.75,1.0,0.875
n16239,n4036,4,1.0,1.0,1.0
n1624,n2573,3,0.75,1.0,0.875
n16240,n1506,4,1.0,1.0,1.0
n16241,n1507,4,1.0,1.0,1.0
n16242,n1510,4,1.0,1.0,1.0
n16243,n1174,4,1.0,1.0,1.0
n16244,n1344,3,0.75,1.0,0.875
n16245,n5684,4,1.0,1.0,1.0
n16246,n1526,4,1.0,1.0,1.0
n16247,n5711,4,1.0,1.0,1.0
n16248,n1540,3,0.75,1.0,0.875
n16249,n5756,4,1.0,1.0,1.0
n1625,n6099,4,1.0,1.0,1.0
n16250,n1701,3,0.75,1.0,0.875
n16251,n5767,4,1.0,1.0,1.0
n16252,n6585,4,1.0,1.0,1.0
n16253,n1546,3,0.75,1.0,0.875
n16254,n1857,4,1.0,1.0,1.0
n16255,n1562,3,0.75,1.0,0.875
n16256,n2111,3,0.75,1.0,0.875
n16257,n1584,3,0.75,1.0,0.875
n16258,n1602,3,0.75,1.0,0.875
n16259,n6063,4,1.0,1.0,1.0
n1626,n2814,4,1.0,1.0,1.0
n16260,n11000,4,1.0,1.0,1.0
n16261,n11509,4,1.0,1.0,1.0
n16262,n11654,3,0.75,1.0,0.875
n16263,n11674,3,0.75,1.0,0.875
n16264,n2921,3,0.75,1.0,0.875
n16265,n2962,4,1.0,1.0,1.0
n16266,n1636,3,0.75,1.0,0.875
n16267,n1641,4,1.0,1.0,1.0
n16268,n6242,4,1.0,1.0,1.0
n16269,n3250,4,1.0,1.0,1.0
n1627,n11519,4,1.0,1.0,1.0
n16270,n6362,4,1.0,1.0,1.0
n16271,n6367,3,0.75,1.0,0.875
n16272,n1674,3,0.75,1.0,0.875
n16273,n3498,4,1.0,1.0,1.0
n16274,n1689,4,1.0,1.0,1.0
n16275,n6466,4,1.0,1.0,1.0
n16276,n1692,4,1.0,1.0,1.0
n16277,n1699,3,0.75,1.0,0.875
n16278,n1703,4,1.0,1.0,1.0
n16279,n3960,3,0.75,1.0,0.875
n1628,n4201,3,0.75,1.0,0.875
n16280,n4056,4,1.0,1.0,1.0
n16281,n6589,4,1.0,1.0,1.0
n16282,n1722,4,1.0,1.0,1.0
n16283,n1723,4,1.0,1.0,1.0
n16284,n4191,3,0.75,1.0,0.875
n16285,n6614,4,1.0,1.0,1.0
n16286,n16160,4,1.0,1.0,1.0
n16287,n16202,4,1.0,1.0,1.0
n16288,n4251,4,1.0,1.0,1.0
n16289,n1732,4,1.0,1.0,1.0
n1629,n5233,4,1.0,1.0,1.0
n16290,n16854,4,1.0,1.0,1.0
n16291,n1742,4,1.0,1.0,1.0
n16292,n6797,4,1.0,1.0,1.0
n16293,n1775,3,0.75,1.0,0.875
n16294,n4968,4,1.0,1.0,1.0
n16295,n6844,3,0.75,1.0,0.875
n16296,n20009,3,0.75,1.0,0.875
n16297,n1784,4,1.0,1.0,1.0
n16298,n5242,4,1.0,1.0,1.0
n16299,n6941,4,1.0,1.0,1.0
n163,n498,4,1.0,1.0,1.0
n1630,n6159,4,1.0,1.0,1.0
n16300,n5358,4,1.0,1.0,1.0
n16301,n5428,4,1.0,1.0,1.0
n16302,n586,4,1.0,1.0,1.0
n16303,n1123,4,1.0,1.0,1.0
n16304,n1574,3,0.75,1.0,0.875
n16305,n1577,4,1.0,1.0,1.0
n16306,n7081,4,1.0,1.0,1.0
n16307,n5878,4,1.0,1.0,1.0
n16308,n1835,4,1.0,1.0,1.0
n16309,n1844,4,1.0,1.0,1.0
n1631,n2938,4,1.0,1.0,1.0
n16310,n2868,4,1.0,1.0,1.0
n16311,n3266,3,0.75,1.0,0.875
n16312,n1866,4,1.0,1.0,1.0
n16313,n1870,4,1.0,1.0,1.0
n16314,n7340,3,0.75,1.0,0.875
n16315,n6771,4,1.0,1.0,1.0
n16316,n6812,4,1.0,1.0,1.0
n16317,n6914,4,1.0,1.0,1.0
n16318,n1926,4,1.0,1.0,1.0
n16319,n1929,4,1.0,1.0,1.0
n1632,n11848,4,1.0,1.0,1.0
n16320,n1931,4,1.0,1.0,1.0
n16321,n7530,4,1.0,1.0,1.0
n16322,n7611,4,1.0,1.0,1.0
n16323,n1976,4,1.0,1.0,1.0
n16324,n1981,4,1.0,1.0,1.0
n16325,n7711,4,1.0,1.0,1.0
n16326,n8047,4,1.0,1.0,1.0
n16327,n10463,4,1.0,1.0,1.0
n16328,n12895,3,0.75,1.0,0.875
n16329,n8601,3,0.75,1.0,0.875
n1633,n6175,4,1.0,1.0,1.0
n16330,n9021,4,1.0,1.0,1.0
n16331,n9078,3,0.75,1.0,0.875
n16332,n8067,3,0.75,1.0,0.875
n16333,n18271,4,1.0,1.0,1.0
n16334,n18798,3,0.75,1.0,0.875
n16335,n9701,3,0.75,1.0,0.875
n16336,n19319,3,0.75,1.0,0.875
n16337,n9820,4,1.0,1.0,1.0
n16338,n8320,4,1.0,1.0,1.0
n16339,n10068,4,1.0,1.0,1.0
n1634,n2986,4,1.0,1.0,1.0
n16340,n8338,4,1.0,1.0,1.0
n16341,n10143,3,0.75,1.0,0.875
n16342,n8391,4,1.0,1.0,1.0
n16343,n21112,3,0.75,1.0,0.875
n16344,n21389,4,1.0,1.0,1.0
n16345,n2096,4,1.0,1.0,1.0
n16346,n1427,4,1.0,1.0,1.0
n16347,n11006,3,0.75,1.0,0.875
n16348,n2103,4,1.0,1.0,1.0
n16349,n4224,4,1.0,1.0,1.0
n1635,n6183,4,1.0,1.0,1.0
n16350,n4372,4,1.0,1.0,1.0
n16351,n13438,4,1.0,1.0,1.0
n16352,n13563,4,1.0,1.0,1.0
n16353,n14329,3,0.75,1.0,0.875
n16354,n17231,4,1.0,1.0,1.0
n16355,n15974,4,1.0,1.0,1.0
n16356,n403,4,1.0,1.0,1.0
n16357,n8778,4,1.0,1.0,1.0
n16358,n8802,4,1.0,1.0,1.0
n16359,n2301,4,1.0,1.0,1.0
n1636,n3013,3,0.75,1.0,0.875
n16360,n8919,4,1.0,1.0,1.0
n16361,n8938,4,1.0,1.0,1.0
n16362,n2181,4,1.0,1.0,1.0
n16363,n5143,4,1.0,1.0,1.0
n16364,n2192,4,1.0,1.0,1.0
n16365,n6331,4,1.0,1.0,1.0
n16366,n9108,4,1.0,1.0,1.0
n16367,n17359,4,1.0,1.0,1.0
n16368,n9194,4,1.0,1.0,1.0
n16369,n2222,4,1.0,1.0,1.0
n1637,n6191,4,1.0,1.0,1.0
n16370,n17638,4,1.0,1.0,1.0
n16371,n2229,4,1.0,1.0,1.0
n16372,n2231,4,1.0,1.0,1.0
n16373,n8776,4,1.0,1.0,1.0
n16374,n17833,4,1.0,1.0,1.0
n16375,n2241,3,0.75,1.0,0.875
n16376,n2242,4,1.0,1.0,1.0
n16377,n18081,4,1.0,1.0,1.0
n16378,n2263,4,1.0,1.0,1.0
n16379,n10543,4,1.0,1.0,1.0
n1638,n6193,3,0.75,1.0,0.875
n16380,n10643,4,1.0,1.0,1.0
n16381,n9575,4,1.0,1.0,1.0
n16382,n2288,3,0.75,1.0,0.875
n16383,n12323,3,0.75,1.0,0.875
n16384,n2309,4,1.0,1.0,1.0
n16385,n2319,4,1.0,1.0,1.0
n16386,n9758,4,1.0,1.0,1.0
n16387,n13925,3,0.75,1.0,0.875
n16388,n13997,3,0.75,1.0,0.875
n16388,n9818,3,0.75,1.0,0.875
n16389,n19554,4,1.0,1.0,1.0
n1639,n6203,3,0.75,1.0,0.875
n16390,n2346,4,1.0,1.0,1.0
n16391,n9934,4,1.0,1.0,1.0
n16392,n2361,3,0.75,1.0,0.875
n16393,n19897,4,1.0,1.0,1.0
n16394,n15572,4,1.0,1.0,1.0
n16395,n19947,4,1.0,1.0,1.0
n16396,n10003,4,1.0,1.0,1.0
n16397,n2370,4,1.0,1.0,1.0
n16398,n10024,3,0.75,1.0,0.875
n16399,n10123,4,1.0,1.0,1.0
n164,n826,4,1.0,1.0,1.0
n1640,n3044,4,1.0,1.0,1.0
n16400,n2401,4,1.0,1.0,1.0
n16401,n10131,4,1.0,1.0,1.0
n16402,n2421,3,0.75,1.0,0.875
n16403,n18003,4,1.0,1.0,1.0
n16404,n2429,4,1.0,1.0,1.0
n16405,n21036,4,1.0,1.0,1.0
n16406,n19385,3,0.75,1.0,0.875
n16407,n10345,4,1.0,1.0,1.0
n16408,n10415,4,1.0,1.0,1.0
n16409,n20675,4,1.0,1.0,1.0
n1641,n3058,4,1.0,1.0,1.0
n16410,n20945,4,1.0,1.0,1.0
n16411,n21076,4,1.0,1.0,1.0
n16412,n10494,4,1.0,1.0,1.0
n16413,n21791,4,1.0,1.0,1.0
n16414,n21913,3,0.75,1.0,0.875
n16415,n409,4,1.0,1.0,1.0
n16416,n2498,4,1.0,1.0,1.0
n16417,n197,4,1.0,1.0,1.0
n16418,n10573,3,0.75,1.0,0.875
n16419,n10579,4,1.0,1.0,1.0
n1642,n6212,4,1.0,1.0,1.0
n16420,n1125,4,1.0,1.0,1.0
n16421,n1130,4,1.0,1.0,1.0
n16421,n354,4,1.0,1.0,1.0
n16422,n1408,3,0.75,1.0,0.875
n16423,n10638,4,1.0,1.0,1.0
n16424,n547,3,0.75,1.0,0.875
n16425,n10654,4,1.0,1.0,1.0
n16426,n2029,4,1.0,1.0,1.0
n16427,n2213,4,1.0,1.0,1.0
n16428,n679,4,1.0,1.0,1.0
n16429,n10682,4,1.0,1.0,1.0
n1643,n12372,3,0.75,1.0,0.875
n16430,n931,4,1.0,1.0,1.0
n16431,n10752,4,1.0,1.0,1.0
n16432,n1187,4,1.0,1.0,1.0
n16433,n4708,3,0.75,1.0,0.875
n16434,n10896,4,1.0,1.0,1.0
n16435,n2643,4,1.0,1.0,1.0
n16436,n7264,3,0.75,1.0,0.875
n16437,n7278,4,1.0,1.0,1.0
n16438,n2657,3,0.75,1.0,0.875
n16439,n7394,4,1.0,1.0,1.0
n1644,n6232,4,1.0,1.0,1.0
n16440,n2659,3,0.75,1.0,0.875
n16441,n11017,4,1.0,1.0,1.0
n16442,n2678,3,0.75,1.0,0.875
n16443,n9941,4,1.0,1.0,1.0
n16444,n10839,4,1.0,1.0,1.0
n16445,n2716,4,1.0,1.0,1.0
n16446,n10941,4,1.0,1.0,1.0
n16447,n11039,4,1.0,1.0,1.0
n16447,n2673,4,1.0,1.0,1.0
n16448,n11237,4,1.0,1.0,1.0
n16449,n2811,4,1.0,1.0,1.0
n1645,n7902,4,1.0,1.0,1.0
n16450,n11237,4,1.0,1.0,1.0
n16450,n11716,3,0.75,0.75,0.75
n16451,n3037,4,1.0,1.0,1.0
n16452,n12544,4,1.0,1.0,1.0
n16453,n3273,4,1.0,1.0,1.0
n16454,n11340,3,0.75,0.75,0.75
n16454,n2769,4,1.0,1.0,1.0
n16455,n2778,3,0.75,1.0,0.875
n16456,n11408,4,1.0,1.0,1.0
n16457,n2794,3,0.75,1.0,0.875
n16458,n3687,4,1.0,1.0,1.0
n16459,n11464,4,1.0,1.0,1.0
n1646,n6256,4,1.0,1.0,1.0
n16460,n14919,4,1.0,1.0,1.0
n16461,n3953,4,1.0,1.0,1.0
n16462,n3977,4,1.0,1.0,1.0
n16463,n2833,4,1.0,1.0,1.0
n16464,n16135,4,1.0,1.0,1.0
n16465,n2854,4,1.0,1.0,1.0
n16466,n4533,4,1.0,1.0,1.0
n16467,n4571,3,0.75,1.0,0.875
n16468,n4588,3,0.75,1.0,0.875
n16469,n17994,4,1.0,1.0,1.0
n1647,n8424,4,1.0,1.0,1.0
n16470,n2871,4,1.0,1.0,1.0
n16471,n4640,4,1.0,1.0,1.0
n16472,n4755,4,1.0,1.0,1.0
n16473,n2879,4,1.0,1.0,1.0
n16474,n19690,4,1.0,1.0,1.0
n16475,n11734,4,1.0,1.0,1.0
n16476,n2905,4,1.0,1.0,1.0
n16477,n11809,4,1.0,1.0,1.0
n16478,n60,4,1.0,1.0,1.0
n16479,n951,3,0.75,1.0,0.875
n1648,n3156,3,0.75,1.0,0.875
n16480,n5745,3,0.75,1.0,0.875
n16481,n2965,3,0.75,1.0,0.875
n16482,n11940,4,1.0,1.0,1.0
n16483,n5982,4,1.0,1.0,1.0
n16484,n2980,4,1.0,1.0,1.0
n16485,n2644,4,1.0,1.0,1.0
n16486,n11987,4,1.0,1.0,1.0
n16487,n6168,4,1.0,1.0,1.0
n16488,n6263,4,1.0,1.0,1.0
n16489,n2996,4,1.0,1.0,1.0
n1649,n12602,4,1.0,1.0,1.0
n16490,n12056,4,1.0,1.0,1.0
n16491,n12064,3,0.75,1.0,0.875
n16492,n4060,4,1.0,1.0,1.0
n16493,n4084,4,1.0,1.0,1.0
n16494,n3020,4,1.0,1.0,1.0
n16495,n5580,4,1.0,1.0,1.0
n16496,n12216,4,1.0,1.0,1.0
n16497,n5671,4,1.0,1.0,1.0
n16498,n12225,4,1.0,1.0,1.0
n16499,n3054,3,0.75,1.0,0.875
n165,n5610,4,1.0,1.0,1.0
n1650,n3158,4,1.0,1.0,1.0
n16500,n7117,4,1.0,1.0,1.0
n16501,n7244,4,1.0,1.0,1.0
n16502,n3071,4,1.0,1.0,1.0
n16503,n7410,4,1.0,1.0,1.0
n16504,n7589,3,0.75,1.0,0.875
n16505,n3096,3,0.75,1.0,0.875
n16506,n7871,4,1.0,1.0,1.0
n16507,n12445,4,1.0,1.0,1.0
n16508,n12452,4,1.0,1.0,1.0
n16509,n8766,4,1.0,1.0,1.0
n1651,n12644,3,0.75,1.0,0.875
n16510,n3115,4,1.0,1.0,1.0
n16511,n12519,3,0.75,1.0,0.875
n16512,n12585,3,0.75,1.0,0.875
n16513,n3154,4,1.0,1.0,1.0
n16514,n12614,4,1.0,1.0,1.0
n16515,n3194,3,0.75,1.0,0.875
n16516,n8911,4,1.0,1.0,1.0
n16517,n16907,4,1.0,1.0,1.0
n16518,n9003,4,1.0,1.0,1.0
n16519,n3208,3,0.75,1.0,0.875
n1652,n9231,3,0.75,1.0,0.875
n16520,n3210,4,1.0,1.0,1.0
n16521,n3212,4,1.0,1.0,1.0
n16522,n9192,4,1.0,1.0,1.0
n16523,n3219,4,1.0,1.0,1.0
n16524,n12805,3,0.75,1.0,0.875
n16525,n18184,4,1.0,1.0,1.0
n16526,n18207,4,1.0,1.0,1.0
n16527,n18561,4,1.0,1.0,1.0
n16528,n18896,4,1.0,1.0,1.0
n16529,n12891,3,0.75,1.0,0.875
n1653,n6291,4,1.0,1.0,1.0
n16530,n19126,4,1.0,1.0,1.0
n16531,n12911,4,1.0,1.0,1.0
n16532,n19221,4,1.0,1.0,1.0
n16533,n3262,4,1.0,1.0,1.0
n16534,n19517,4,1.0,1.0,1.0
n16535,n19898,4,1.0,1.0,1.0
n16536,n10197,3,0.75,1.0,0.875
n16537,n3304,4,1.0,1.0,1.0
n16538,n10294,4,1.0,1.0,1.0
n16539,n3310,4,1.0,1.0,1.0
n1654,n9836,3,0.75,1.0,0.875
n16540,n3311,4,1.0,1.0,1.0
n16541,n13205,3,0.75,1.0,0.875
n16542,n13232,4,1.0,1.0,1.0
n16543,n3375,4,1.0,1.0,1.0
n16544,n2743,4,1.0,1.0,1.0
n16545,n3391,4,1.0,1.0,1.0
n16546,n11393,4,1.0,1.0,1.0
n16547,n3655,3,0.75,1.0,0.875
n16548,n3422,4,1.0,1.0,1.0
n16549,n3426,4,1.0,1.0,1.0
n1655,n12933,4,1.0,1.0,1.0
n16550,n3429,3,0.75,1.0,0.875
n16551,n4441,3,0.75,1.0,0.875
n16552,n3445,3,0.75,1.0,0.875
n16553,n3450,4,1.0,1.0,1.0
n16554,n3453,4,1.0,1.0,1.0
n16555,n3454,4,1.0,1.0,1.0
n16556,n13500,4,1.0,1.0,1.0
n16557,n3487,4,1.0,1.0,1.0
n16558,n12187,3,0.75,1.0,0.875
n16559,n3504,4,1.0,1.0,1.0
n1656,n3277,3,0.75,1.0,0.875
n16560,n3525,3,0.75,1.0,0.875
n16561,n12579,4,1.0,1.0,1.0
n16562,n12588,4,1.0,1.0,1.0
n16563,n12700,4,1.0,1.0,1.0
n16564,n8941,4,1.0,1.0,1.0
n16565,n9390,4,1.0,1.0,1.0
n16566,n9539,4,1.0,1.0,1.0
n16567,n13803,3,0.75,1.0,0.875
n16568,n3565,3,0.75,1.0,0.875
n16569,n3569,4,1.0,1.0,1.0
n1657,n6300,4,1.0,1.0,1.0
n16570,n13868,4,1.0,1.0,1.0
n16571,n13163,4,1.0,1.0,1.0
n16572,n3599,4,1.0,1.0,1.0
n16573,n11815,3,0.75,1.0,0.875
n16574,n12179,4,1.0,1.0,1.0
n16575,n14117,4,1.0,1.0,1.0
n16576,n3671,4,1.0,1.0,1.0
n16577,n14232,4,1.0,1.0,1.0
n16578,n14258,4,1.0,1.0,1.0
n16579,n3681,4,1.0,1.0,1.0
n1658,n3296,4,1.0,1.0,1.0
n16580,n14300,4,1.0,1.0,1.0
n16581,n15446,4,1.0,1.0,1.0
n16582,n16033,4,1.0,1.0,1.0
n16583,n3713,4,1.0,1.0,1.0
n16584,n14400,4,1.0,1.0,1.0
n16585,n17009,4,1.0,1.0,1.0
n16586,n14921,4,1.0,1.0,1.0
n16587,n3723,4,1.0,1.0,1.0
n16588,n14441,4,1.0,1.0,1.0
n16589,n17926,4,1.0,1.0,1.0
n1659,n6304,3,0.75,1.0,0.875
n16590,n3734,3,0.75,1.0,0.875
n16591,n3735,4,1.0,1.0,1.0
n16592,n15145,4,1.0,1.0,1.0
n16593,n18419,4,1.0,1.0,1.0
n16594,n3753,4,1.0,1.0,1.0
n16595,n19035,4,1.0,1.0,1.0
n16596,n14553,4,1.0,1.0,1.0
n16597,n15453,4,1.0,1.0,1.0
n16598,n3761,3,0.75,1.0,0.875
n16599,n14589,4,1.0,1.0,1.0
n166,n1025,3,0.75,1.0,0.875
n1660,n10506,4,1.0,1.0,1.0
n16600,n3780,4,1.0,1.0,1.0
n16601,n15685,3,0.75,1.0,0.875
n16602,n15839,4,1.0,1.0,1.0
n16603,n21444,4,1.0,1.0,1.0
n16604,n14682,4,1.0,1.0,1.0
n16605,n14695,4,1.0,1.0,1.0
n16606,n270,3,0.75,1.0,0.875
n16607,n14723,4,1.0,1.0,1.0
n16608,n16148,4,1.0,1.0,1.0
n16609,n1116,4,1.0,1.0,1.0
n1661,n6308,4,1.0,1.0,1.0
n16610,n14801,4,1.0,1.0,1.0
n16611,n14802,3,0.75,1.0,0.875
n16612,n16615,4,1.0,1.0,1.0
n16613,n3980,4,1.0,1.0,1.0
n16614,n3865,4,1.0,1.0,1.0
n16615,n3882,4,1.0,1.0,1.0
n16616,n14918,4,1.0,1.0,1.0
n16617,n14954,4,1.0,1.0,1.0
n16618,n14970,3,0.75,1.0,0.875
n16619,n14972,4,1.0,1.0,1.0
n1662,n6316,4,1.0,1.0,1.0
n16620,n7469,4,1.0,1.0,1.0
n16621,n8632,4,1.0,1.0,1.0
n16622,n8656,4,1.0,1.0,1.0
n16623,n17808,4,1.0,1.0,1.0
n16624,n15148,4,1.0,1.0,1.0
n16625,n18191,4,1.0,1.0,1.0
n16626,n18209,3,0.75,1.0,0.875
n16627,n15216,4,1.0,1.0,1.0
n16628,n18586,4,1.0,1.0,1.0
n16629,n15253,4,1.0,1.0,1.0
n1663,n6321,3,0.75,1.0,0.875
n16630,n3968,4,1.0,1.0,1.0
n16631,n15339,4,1.0,1.0,1.0
n16632,n15349,4,1.0,1.0,1.0
n16633,n3992,4,1.0,1.0,1.0
n16634,n12827,4,1.0,1.0,1.0
n16635,n13503,4,1.0,1.0,1.0
n16636,n4009,4,1.0,1.0,1.0
n16637,n19310,3,0.75,1.0,0.875
n16638,n13875,4,1.0,1.0,1.0
n16639,n15490,3,0.75,1.0,0.875
n1664,n3374,4,1.0,1.0,1.0
n16640,n19788,4,1.0,1.0,1.0
n16641,n4042,3,0.75,1.0,0.875
n16642,n15603,4,1.0,1.0,1.0
n16643,n16283,4,1.0,1.0,1.0
n16644,n15661,4,1.0,1.0,1.0
n16645,n4074,4,1.0,1.0,1.0
n16646,n15718,4,1.0,1.0,1.0
n16647,n15737,4,1.0,1.0,1.0
n16648,n18687,4,1.0,1.0,1.0
n16649,n4108,4,1.0,1.0,1.0
n1665,n13337,4,1.0,1.0,1.0
n16650,n4110,4,1.0,1.0,1.0
n16651,n20417,4,1.0,1.0,1.0
n16652,n21374,4,1.0,1.0,1.0
n16653,n20546,4,1.0,1.0,1.0
n16654,n21080,4,1.0,1.0,1.0
n16655,n4147,4,1.0,1.0,1.0
n16656,n15913,4,1.0,1.0,1.0
n16657,n21715,4,1.0,1.0,1.0
n16658,n21828,4,1.0,1.0,1.0
n16659,n15950,4,1.0,1.0,1.0
n1666,n11407,4,1.0,1.0,1.0
n16660,n4161,4,1.0,1.0,1.0
n16661,n173,4,1.0,1.0,1.0
n16662,n4167,4,1.0,1.0,1.0
n16663,n207,4,1.0,1.0,1.0
n16664,n817,4,1.0,1.0,1.0
n16665,n293,3,0.75,1.0,0.875
n16666,n4181,3,0.75,1.0,0.875
n16667,n16039,4,1.0,1.0,1.0
n16668,n16082,4,1.0,1.0,1.0
n16669,n2263,4,1.0,1.0,1.0
n1667,n6344,3,0.75,1.0,0.875
n16670,n16102,3,0.75,1.0,0.875
n16671,n846,4,1.0,1.0,1.0
n16672,n1157,4,1.0,1.0,1.0
n16673,n1192,4,1.0,1.0,1.0
n16674,n4793,4,1.0,1.0,1.0
n16675,n6669,4,1.0,1.0,1.0
n16676,n4252,4,1.0,1.0,1.0
n16677,n1825,4,1.0,1.0,1.0
n16678,n2423,4,1.0,1.0,1.0
n16679,n4275,4,1.0,1.0,1.0
n1668,n3421,4,1.0,1.0,1.0
n16680,n2579,3,0.75,1.0,0.875
n16681,n10848,3,0.75,1.0,0.875
n16682,n11093,4,1.0,1.0,1.0
n16683,n11683,4,1.0,1.0,1.0
n16684,n11991,4,1.0,1.0,1.0
n16685,n4298,4,1.0,1.0,1.0
n16686,n12890,3,0.75,1.0,0.875
n16687,n16542,4,1.0,1.0,1.0
n16688,n4309,4,1.0,1.0,1.0
n16689,n3856,4,1.0,1.0,1.0
n1669,n13418,4,1.0,1.0,1.0
n16690,n14861,4,1.0,1.0,1.0
n16691,n4318,4,1.0,1.0,1.0
n16692,n16655,4,1.0,1.0,1.0
n16693,n4328,4,1.0,1.0,1.0
n16694,n4204,4,1.0,1.0,1.0
n16695,n16288,4,1.0,1.0,1.0
n16696,n16677,4,1.0,1.0,1.0
n16697,n4376,4,1.0,1.0,1.0
n16698,n4341,4,1.0,1.0,1.0
n16699,n16879,4,1.0,1.0,1.0
n167,n1171,4,1.0,1.0,1.0
n1670,n11929,4,1.0,1.0,1.0
n16700,n4430,4,1.0,1.0,1.0
n16701,n4485,4,1.0,1.0,1.0
n16702,n16740,4,1.0,1.0,1.0
n16703,n16751,3,0.75,1.0,0.875
n16704,n16759,4,1.0,1.0,1.0
n16705,n18560,4,1.0,1.0,1.0
n16706,n16782,4,1.0,1.0,1.0
n16707,n4365,4,1.0,1.0,1.0
n16708,n4369,3,0.75,1.0,0.875
n16709,n19574,4,1.0,1.0,1.0
n1671,n11933,4,1.0,1.0,1.0
n16710,n20338,4,1.0,1.0,1.0
n16711,n4380,4,1.0,1.0,1.0
n16712,n16864,4,1.0,1.0,1.0
n16713,n4387,4,1.0,1.0,1.0
n16714,n21201,4,1.0,1.0,1.0
n16715,n4392,3,0.75,1.0,0.875
n16716,n5343,4,1.0,1.0,1.0
n16717,n5395,4,1.0,1.0,1.0
n16718,n5496,4,1.0,1.0,1.0
n16719,n5556,4,1.0,1.0,1.0
n1672,n11954,3,0.75,1.0,0.875
n16720,n4410,4,1.0,1.0,1.0
n16721,n16981,4,1.0,1.0,1.0
n16722,n16988,4,1.0,1.0,1.0
n16723,n5806,4,1.0,1.0,1.0
n16724,n2205,4,1.0,1.0,1.0
n16725,n17075,4,1.0,1.0,1.0
n16726,n6449,4,1.0,1.0,1.0
n16727,n3876,3,0.75,1.0,0.875
n16728,n17177,4,1.0,1.0,1.0
n16729,n4219,4,1.0,1.0,1.0
n1673,n3473,3,0.75,1.0,0.875
n16730,n5345,4,1.0,1.0,1.0
n16731,n6983,4,1.0,1.0,1.0
n16732,n5811,4,1.0,1.0,1.0
n16733,n4489,4,1.0,1.0,1.0
n16734,n7382,4,1.0,1.0,1.0
n16735,n7146,3,0.75,1.0,0.875
n16736,n17543,4,1.0,1.0,1.0
n16737,n8466,3,0.75,1.0,0.875
n16738,n8770,4,1.0,1.0,1.0
n16739,n17631,4,1.0,1.0,1.0
n1674,n13569,4,1.0,1.0,1.0
n1674,n3494,3,0.75,0.75,0.75
n16740,n9600,4,1.0,1.0,1.0
n16741,n9655,4,1.0,1.0,1.0
n16742,n8316,4,1.0,1.0,1.0
n16743,n8346,4,1.0,1.0,1.0
n16744,n4551,4,1.0,1.0,1.0
n16745,n11746,4,1.0,1.0,1.0
n16746,n12376,3,0.75,1.0,0.875
n16747,n4559,4,1.0,1.0,1.0
n16748,n8754,3,0.75,1.0,0.875
n16749,n17793,3,0.75,1.0,0.875
n1675,n12672,4,1.0,1.0,1.0
n1675,n13736,4,1.0,1.0,1.0
n16750,n4566,4,1.0,1.0,1.0
n16751,n8853,3,0.75,1.0,0.875
n16752,n4569,4,1.0,1.0,1.0
n16753,n17875,4,1.0,1.0,1.0
n16754,n9028,4,1.0,1.0,1.0
n16755,n17746,4,1.0,1.0,1.0
n16756,n17986,4,1.0,1.0,1.0
n16757,n17997,4,1.0,1.0,1.0
n16758,n9590,4,1.0,1.0,1.0
n16759,n18082,4,1.0,1.0,1.0
n1676,n6395,4,1.0,1.0,1.0
n16760,n19608,4,1.0,1.0,1.0
n16761,n20496,4,1.0,1.0,1.0
n16762,n4633,4,1.0,1.0,1.0
n16763,n20826,4,1.0,1.0,1.0
n16764,n4646,4,1.0,1.0,1.0
n16765,n4648,3,0.75,1.0,0.875
n16766,n18272,4,1.0,1.0,1.0
n16767,n406,4,1.0,1.0,1.0
n16768,n18411,4,1.0,1.0,1.0
n16769,n10876,4,1.0,1.0,1.0
n1677,n3556,3,0.75,1.0,0.875
n16770,n4699,4,1.0,1.0,1.0
n16771,n1887,3,0.75,1.0,0.875
n16772,n11243,4,1.0,1.0,1.0
n16773,n11493,4,1.0,1.0,1.0
n16774,n18624,3,0.75,1.0,0.875
n16775,n11619,4,1.0,1.0,1.0
n16776,n11721,4,1.0,1.0,1.0
n16777,n5004,4,1.0,1.0,1.0
n16778,n5231,4,1.0,1.0,1.0
n16779,n18729,4,1.0,1.0,1.0
n1678,n13903,4,1.0,1.0,1.0
n16780,n18734,4,1.0,1.0,1.0
n16781,n18785,4,1.0,1.0,1.0
n16782,n12184,4,1.0,1.0,1.0
n16783,n4782,4,1.0,1.0,1.0
n16784,n7695,3,0.75,1.0,0.875
n16785,n18965,4,1.0,1.0,1.0
n16786,n12573,4,1.0,1.0,1.0
n16787,n18997,4,1.0,1.0,1.0
n16788,n4808,3,0.75,1.0,0.875
n16789,n9332,4,1.0,1.0,1.0
n1679,n3588,3,0.75,1.0,0.875
n16790,n4813,3,0.75,1.0,0.875
n16791,n19069,4,1.0,1.0,1.0
n16792,n4822,3,0.75,1.0,0.875
n16793,n19109,4,1.0,1.0,1.0
n16794,n10878,4,1.0,1.0,1.0
n16795,n13484,4,1.0,1.0,1.0
n16796,n19261,4,1.0,1.0,1.0
n16797,n19308,4,1.0,1.0,1.0
n16798,n19318,4,1.0,1.0,1.0
n16799,n14047,3,0.75,1.0,0.875
n168,n508,4,1.0,1.0,1.0
n1680,n3592,4,1.0,1.0,1.0
n16800,n14379,4,1.0,1.0,1.0
n16801,n4910,3,0.75,1.0,0.875
n16802,n19586,4,1.0,1.0,1.0
n16803,n4928,4,1.0,1.0,1.0
n16804,n4931,4,1.0,1.0,1.0
n16805,n15896,4,1.0,1.0,1.0
n16806,n4934,4,1.0,1.0,1.0
n16807,n19734,3,0.75,1.0,0.875
n16808,n15005,4,1.0,1.0,1.0
n16809,n19765,4,1.0,1.0,1.0
n1681,n3593,4,1.0,1.0,1.0
n16810,n17895,4,1.0,1.0,1.0
n16811,n15169,4,1.0,1.0,1.0
n16812,n19806,4,1.0,1.0,1.0
n16813,n18645,4,1.0,1.0,1.0
n16814,n19896,4,1.0,1.0,1.0
n16815,n15521,4,1.0,1.0,1.0
n16816,n4993,4,1.0,1.0,1.0
n16817,n19713,4,1.0,1.0,1.0
n16818,n19935,4,1.0,1.0,1.0
n16819,n15605,4,1.0,1.0,1.0
n1682,n6419,4,1.0,1.0,1.0
n16820,n4999,4,1.0,1.0,1.0
n16821,n20011,4,1.0,1.0,1.0
n16822,n15846,4,1.0,1.0,1.0
n16823,n21486,4,1.0,1.0,1.0
n16824,n15955,4,1.0,1.0,1.0
n16825,n20116,4,1.0,1.0,1.0
n16826,n154,4,1.0,1.0,1.0
n16827,n20132,4,1.0,1.0,1.0
n16828,n16043,4,1.0,1.0,1.0
n16829,n5035,4,1.0,1.0,1.0
n1683,n3632,3,0.75,1.0,0.875
n16830,n1337,4,1.0,1.0,1.0
n16831,n16239,4,1.0,1.0,1.0
n16832,n5046,4,1.0,1.0,1.0
n16833,n5056,4,1.0,1.0,1.0
n16834,n2303,3,0.75,1.0,0.875
n16835,n20256,4,1.0,1.0,1.0
n16836,n2621,4,1.0,1.0,1.0
n16837,n2853,4,1.0,1.0,1.0
n16838,n3027,3,0.75,1.0,0.875
n16839,n20293,4,1.0,1.0,1.0
n1684,n3659,3,0.75,1.0,0.875
n16840,n5069,3,0.75,1.0,0.875
n16841,n3768,4,1.0,1.0,1.0
n16842,n3962,4,1.0,1.0,1.0
n16843,n4135,4,1.0,1.0,1.0
n16844,n16670,3,0.75,1.0,0.875
n16845,n4321,4,1.0,1.0,1.0
n16846,n16753,4,1.0,1.0,1.0
n16847,n5094,4,1.0,1.0,1.0
n16848,n16949,4,1.0,1.0,1.0
n16849,n16965,4,1.0,1.0,1.0
n1685,n3670,3,0.75,1.0,0.875
n16850,n20460,4,1.0,1.0,1.0
n16851,n20468,4,1.0,1.0,1.0
n16852,n20473,4,1.0,1.0,1.0
n16853,n17094,4,1.0,1.0,1.0
n16854,n5108,4,1.0,1.0,1.0
n16855,n6678,4,1.0,1.0,1.0
n16856,n20591,4,1.0,1.0,1.0
n16857,n17554,3,0.75,1.0,0.875
n16858,n5141,4,1.0,1.0,1.0
n16859,n17680,4,1.0,1.0,1.0
n1686,n14281,3,0.75,1.0,0.875
n16860,n5145,4,1.0,1.0,1.0
n16861,n5147,4,1.0,1.0,1.0
n16862,n17764,4,1.0,1.0,1.0
n16863,n20711,4,1.0,1.0,1.0
n16864,n20775,4,1.0,1.0,1.0
n16865,n20801,4,1.0,1.0,1.0
n16866,n18157,4,1.0,1.0,1.0
n16867,n10505,4,1.0,1.0,1.0
n16868,n5205,4,1.0,1.0,1.0
n16869,n19067,4,1.0,1.0,1.0
n1687,n6451,3,0.75,1.0,0.875
n16870,n19143,4,1.0,1.0,1.0
n16871,n21067,4,1.0,1.0,1.0
n16872,n21129,4,1.0,1.0,1.0
n16873,n5234,3,0.75,1.0,0.875
n16874,n21210,4,1.0,1.0,1.0
n16875,n20051,4,1.0,1.0,1.0
n16876,n5267,4,1.0,1.0,1.0
n16877,n20235,3,0.75,1.0,0.875
n16878,n5273,4,1.0,1.0,1.0
n16879,n20303,4,1.0,1.0,1.0
n1688,n14708,3,0.75,1.0,0.875
n16880,n21331,4,1.0,1.0,1.0
n16881,n21335,4,1.0,1.0,1.0
n16882,n20344,4,1.0,1.0,1.0
n16883,n21355,4,1.0,1.0,1.0
n16884,n20419,3,0.75,1.0,0.875
n16885,n16865,4,1.0,1.0,1.0
n16886,n20426,4,1.0,1.0,1.0
n16887,n17067,4,1.0,1.0,1.0
n16888,n5303,4,1.0,1.0,1.0
n16889,n5313,3,0.75,1.0,0.875
n1689,n14393,4,1.0,1.0,1.0
n16890,n20761,4,1.0,1.0,1.0
n16891,n21475,4,1.0,1.0,1.0
n16892,n5319,4,1.0,1.0,1.0
n16893,n5327,3,0.75,1.0,0.875
n16894,n5328,4,1.0,1.0,1.0
n16895,n20952,4,1.0,1.0,1.0
n16896,n5331,4,1.0,1.0,1.0
n16897,n21613,4,1.0,1.0,1.0
n16898,n21616,4,1.0,1.0,1.0
n16899,n21630,4,1.0,1.0,1.0
n169,n1529,3,0.75,1.0,0.875
n169,n5698,3,0.75,1.0,0.875
n1690,n3727,3,0.75,1.0,0.875
n16900,n5344,4,1.0,1.0,1.0
n16901,n20114,3,0.75,1.0,0.875
n16902,n20209,4,1.0,1.0,1.0
n16903,n21710,3,0.75,1.0,0.875
n16904,n21322,3,0.75,1.0,0.875
n16905,n21712,4,1.0,1.0,1.0
n16906,n21361,4,1.0,1.0,1.0
n16907,n5361,4,1.0,1.0,1.0
n16908,n5364,4,1.0,1.0,1.0
n16909,n21440,4,1.0,1.0,1.0
n1691,n14484,3,0.75,1.0,0.875
n16910,n21452,4,1.0,1.0,1.0
n16911,n20731,3,0.75,1.0,0.875
n16912,n21466,4,1.0,1.0,1.0
n16913,n21771,4,1.0,1.0,1.0
n16914,n21509,4,1.0,1.0,1.0
n16915,n21785,4,1.0,1.0,1.0
n16916,n21578,4,1.0,1.0,1.0
n16917,n21594,4,1.0,1.0,1.0
n16918,n21111,4,1.0,1.0,1.0
n16919,n21623,4,1.0,1.0,1.0
n1692,n3753,4,1.0,1.0,1.0
n16920,n21625,4,1.0,1.0,1.0
n16921,n21712,4,1.0,1.0,1.0
n16922,n21727,4,1.0,1.0,1.0
n16923,n21377,4,1.0,1.0,1.0
n16924,n5400,4,1.0,1.0,1.0
n16925,n82,4,1.0,1.0,1.0
n16926,n87,4,1.0,1.0,1.0
n16927,n203,4,1.0,1.0,1.0
n16928,n5420,4,1.0,1.0,1.0
n16929,n67,4,1.0,1.0,1.0
n1693,n6480,4,1.0,1.0,1.0
n16930,n5424,4,1.0,1.0,1.0
n16931,n5426,4,1.0,1.0,1.0
n16932,n887,4,1.0,1.0,1.0
n16933,n5447,4,1.0,1.0,1.0
n16934,n1690,3,0.75,1.0,0.875
n16935,n598,4,1.0,1.0,1.0
n16936,n5459,4,1.0,1.0,1.0
n16937,n2420,3,0.75,1.0,0.875
n16938,n2926,4,1.0,1.0,1.0
n16939,n310,4,1.0,1.0,1.0
n1694,n3767,4,1.0,1.0,1.0
n16940,n1036,3,0.75,1.0,0.875
n16941,n343,4,1.0,1.0,1.0
n16942,n5488,3,0.75,1.0,0.875
n16943,n1237,4,1.0,1.0,1.0
n16944,n4801,4,1.0,1.0,1.0
n16945,n5505,4,1.0,1.0,1.0
n16946,n470,4,1.0,1.0,1.0
n16947,n5526,4,1.0,1.0,1.0
n16948,n2030,4,1.0,1.0,1.0
n16949,n5543,4,1.0,1.0,1.0
n1695,n15543,4,1.0,1.0,1.0
n16950,n5555,4,1.0,1.0,1.0
n16951,n2462,4,1.0,1.0,1.0
n16952,n728,4,1.0,1.0,1.0
n16953,n2492,4,1.0,1.0,1.0
n16954,n769,3,0.75,1.0,0.875
n16955,n2686,4,1.0,1.0,1.0
n16956,n11338,4,1.0,1.0,1.0
n16957,n855,4,1.0,1.0,1.0
n16958,n5576,4,1.0,1.0,1.0
n16959,n5579,4,1.0,1.0,1.0
n1696,n3772,4,1.0,1.0,1.0
n1696,n3774,4,1.0,1.0,1.0
n16960,n12469,4,1.0,1.0,1.0
n16961,n5584,4,1.0,1.0,1.0
n16962,n13005,4,1.0,1.0,1.0
n16963,n3364,4,1.0,1.0,1.0
n16964,n953,4,1.0,1.0,1.0
n16965,n957,4,1.0,1.0,1.0
n16966,n5603,4,1.0,1.0,1.0
n16967,n990,4,1.0,1.0,1.0
n16968,n3763,3,0.75,1.0,0.875
n16969,n14687,4,1.0,1.0,1.0
n1697,n15612,4,1.0,1.0,1.0
n16970,n3840,3,0.75,1.0,0.875
n16971,n1041,4,1.0,1.0,1.0
n16972,n14807,3,0.75,1.0,0.875
n16973,n14835,4,1.0,1.0,1.0
n16974,n1067,3,0.75,1.0,0.875
n16975,n1075,3,0.75,1.0,0.875
n16975,n1076,3,0.75,1.0,0.875
n16976,n15637,4,1.0,1.0,1.0
n16977,n16029,4,1.0,1.0,1.0
n16978,n5644,4,1.0,1.0,1.0
n16979,n17256,4,1.0,1.0,1.0
n1698,n6495,4,1.0,1.0,1.0
n16980,n4692,4,1.0,1.0,1.0
n16981,n5670,4,1.0,1.0,1.0
n16982,n4994,3,0.75,1.0,0.875
n16983,n1380,4,1.0,1.0,1.0
n16984,n5682,4,1.0,1.0,1.0
n16985,n1450,4,1.0,1.0,1.0
n16986,n5704,4,1.0,1.0,1.0
n16987,n5705,4,1.0,1.0,1.0
n16988,n983,4,1.0,1.0,1.0
n16989,n5709,4,1.0,1.0,1.0
n1699,n3804,3,0.75,1.0,0.875
n16990,n5720,4,1.0,1.0,1.0
n16991,n5812,3,0.75,1.0,0.875
n16992,n1560,4,1.0,1.0,1.0
n16993,n1905,4,1.0,1.0,1.0
n16994,n5901,3,0.75,1.0,0.875
n16995,n5734,4,1.0,1.0,1.0
n16996,n2212,4,1.0,1.0,1.0
n16997,n2313,3,0.75,1.0,0.875
n16998,n1612,4,1.0,1.0,1.0
n16999,n5747,3,0.75,1.0,0.875
n17,n32,4,1.0,1.0,1.0
n170,n511,4,1.0,1.0,1.0
n1700,n16056,3,0.75,1.0,0.875
n17000,n1639,3,0.75,1.0,0.875
n17001,n5755,4,1.0,1.0,1.0
n17002,n3395,4,1.0,1.0,1.0
n17003,n1718,4,1.0,1.0,1.0
n17004,n6646,4,1.0,1.0,1.0
n17005,n6649,4,1.0,1.0,1.0
n17006,n5780,4,1.0,1.0,1.0
n17007,n4453,4,1.0,1.0,1.0
n17008,n4622,4,1.0,1.0,1.0
n17009,n6777,4,1.0,1.0,1.0
n1701,n3827,3,0.75,1.0,0.875
n17010,n6859,4,1.0,1.0,1.0
n17011,n5066,4,1.0,1.0,1.0
n17012,n6885,3,0.75,1.0,0.875
n17013,n5908,3,0.75,1.0,0.875
n17014,n7112,4,1.0,1.0,1.0
n17015,n7278,4,1.0,1.0,1.0
n17016,n1876,4,1.0,1.0,1.0
n17017,n1914,4,1.0,1.0,1.0
n17018,n7638,4,1.0,1.0,1.0
n17019,n1955,4,1.0,1.0,1.0
n1702,n3834,4,1.0,1.0,1.0
n17020,n1965,4,1.0,1.0,1.0
n17021,n1986,4,1.0,1.0,1.0
n17022,n8692,4,1.0,1.0,1.0
n17023,n7977,4,1.0,1.0,1.0
n17024,n7986,3,0.75,1.0,0.875
n17025,n5863,4,1.0,1.0,1.0
n17026,n5866,4,1.0,1.0,1.0
n17027,n2059,4,1.0,1.0,1.0
n17028,n9752,3,0.75,1.0,0.875
n17029,n10056,4,1.0,1.0,1.0
n1703,n14790,4,1.0,1.0,1.0
n17030,n5889,4,1.0,1.0,1.0
n17031,n2086,4,1.0,1.0,1.0
n17032,n5898,4,1.0,1.0,1.0
n17033,n11744,3,0.75,1.0,0.875
n17034,n12560,4,1.0,1.0,1.0
n17035,n15727,3,0.75,1.0,0.875
n17036,n2164,4,1.0,1.0,1.0
n17037,n16326,4,1.0,1.0,1.0
n17038,n16455,3,0.75,1.0,0.875
n17039,n16968,3,0.75,1.0,0.875
n1704,n6509,4,1.0,1.0,1.0
n17040,n9005,4,1.0,1.0,1.0
n17041,n5940,3,0.75,1.0,0.875
n17042,n9075,4,1.0,1.0,1.0
n17043,n17429,3,0.75,1.0,0.875
n17044,n17745,4,1.0,1.0,1.0
n17045,n17893,4,1.0,1.0,1.0
n17046,n9309,4,1.0,1.0,1.0
n17047,n5958,4,1.0,1.0,1.0
n17048,n9425,4,1.0,1.0,1.0
n17049,n2274,4,1.0,1.0,1.0
n1705,n3918,3,0.75,1.0,0.875
n17050,n5960,3,0.75,1.0,0.875
n17051,n9520,3,0.75,1.0,0.875
n17052,n18629,4,1.0,1.0,1.0
n17053,n5962,4,1.0,1.0,1.0
n17054,n18742,4,1.0,1.0,1.0
n17054,n18743,4,1.0,1.0,1.0
n17054,n5967,3,0.75,0.75,0.75
n17055,n18746,4,1.0,1.0,1.0
n17055,n18747,4,1.0,1.0,1.0
n17056,n2287,4,1.0,1.0,1.0
n17057,n18889,4,1.0,1.0,1.0
n17058,n2299,4,1.0,1.0,1.0
n17059,n9737,4,1.0,1.0,1.0
n1706,n17911,4,1.0,1.0,1.0
n17060,n2352,3,0.75,1.0,0.875
n17061,n6002,4,1.0,1.0,1.0
n17062,n2373,4,1.0,1.0,1.0
n17063,n2377,3,0.75,1.0,0.875
n17064,n6011,4,1.0,1.0,1.0
n17065,n6012,4,1.0,1.0,1.0
n17066,n10064,4,1.0,1.0,1.0
n17066,n2384,4,1.0,1.0,1.0
n17067,n20282,4,1.0,1.0,1.0
n17068,n6014,4,1.0,1.0,1.0
n17069,n6020,4,1.0,1.0,1.0
n1707,n15104,4,1.0,1.0,1.0
n17070,n20911,4,1.0,1.0,1.0
n17071,n10276,4,1.0,1.0,1.0
n17072,n10306,4,1.0,1.0,1.0
n17073,n2447,4,1.0,1.0,1.0
n17074,n6030,4,1.0,1.0,1.0
n17075,n6039,4,1.0,1.0,1.0
n17076,n10585,3,0.75,1.0,0.875
n17077,n1060,4,1.0,1.0,1.0
n17078,n2590,4,1.0,1.0,1.0
n17079,n1757,4,1.0,1.0,1.0
n1708,n18366,3,0.75,1.0,0.875
n17080,n2693,4,1.0,1.0,1.0
n17081,n11144,4,1.0,1.0,1.0
n17082,n11149,3,0.75,1.0,0.875
n17083,n6100,4,1.0,1.0,1.0
n17084,n2669,4,1.0,1.0,1.0
n17085,n2722,4,1.0,1.0,1.0
n17086,n11215,4,1.0,1.0,1.0
n17087,n2964,4,1.0,1.0,1.0
n17088,n2775,3,0.75,1.0,0.875
n17089,n3365,3,0.75,1.0,0.875
n1709,n6536,3,0.75,1.0,0.875
n17090,n2796,4,1.0,1.0,1.0
n17091,n2799,4,1.0,1.0,1.0
n17092,n6129,4,1.0,1.0,1.0
n17093,n2852,4,1.0,1.0,1.0
n17094,n11671,4,1.0,1.0,1.0
n17095,n4652,4,1.0,1.0,1.0
n17096,n11681,4,1.0,1.0,1.0
n17097,n4735,4,1.0,1.0,1.0
n17098,n4794,4,1.0,1.0,1.0
n17099,n5063,4,1.0,1.0,1.0
n171,n1553,4,1.0,1.0,1.0
n1710,n3951,4,1.0,1.0,1.0
n17100,n2918,4,1.0,1.0,1.0
n17101,n5498,4,1.0,1.0,1.0
n17102,n11840,3,0.75,1.0,0.875
n17103,n11872,3,0.75,0.75,0.75
n17103,n5635,4,1.0,1.0,1.0
n17104,n2985,4,1.0,1.0,1.0
n17105,n12003,4,1.0,1.0,1.0
n17106,n2999,3,0.75,1.0,0.875
n17107,n3011,4,1.0,1.0,1.0
n17108,n6527,4,1.0,1.0,1.0
n17109,n6194,4,1.0,1.0,1.0
n1711,n3976,4,1.0,1.0,1.0
n17110,n6197,3,0.75,1.0,0.875
n17111,n12196,4,1.0,1.0,1.0
n17112,n3057,4,1.0,1.0,1.0
n17113,n12279,4,1.0,1.0,1.0
n17114,n6214,4,1.0,1.0,1.0
n17115,n6217,3,0.75,1.0,0.875
n17116,n7609,3,0.75,1.0,0.875
n17117,n12488,4,1.0,1.0,1.0
n17117,n12489,3,0.75,0.75,0.75
n17117,n12492,4,1.0,1.0,1.0
n17117,n3120,4,1.0,1.0,1.0
n17118,n3123,4,1.0,1.0,1.0
n17119,n8121,3,0.75,1.0,0.875
n1712,n18807,3,0.75,1.0,0.875
n1712,n18808,3,0.75,1.0,0.875
n17120,n12562,4,1.0,1.0,1.0
n17121,n3152,3,0.75,1.0,0.875
n17122,n3157,4,1.0,1.0,1.0
n17123,n8566,4,1.0,1.0,1.0
n17124,n8782,4,1.0,1.0,1.0
n17125,n3190,4,1.0,1.0,1.0
n17126,n8873,3,0.75,1.0,0.875
n17127,n12743,4,1.0,1.0,1.0
n17127,n9017,4,1.0,1.0,1.0
n17128,n6276,3,0.75,1.0,0.875
n17129,n9276,3,0.75,1.0,0.875
n1713,n15442,4,1.0,1.0,1.0
n17130,n6281,4,1.0,1.0,1.0
n17131,n12860,3,0.75,1.0,0.875
n17132,n6292,4,1.0,1.0,1.0
n17133,n3272,3,0.75,1.0,0.875
n17134,n9999,4,1.0,1.0,1.0
n17135,n3286,4,1.0,1.0,1.0
n17136,n6303,4,1.0,1.0,1.0
n17137,n6305,4,1.0,1.0,1.0
n17138,n13097,4,1.0,1.0,1.0
n17139,n13102,3,0.75,1.0,0.875
n1714,n6561,4,1.0,1.0,1.0
n17140,n13210,4,1.0,1.0,1.0
n17141,n6328,4,1.0,1.0,1.0
n17142,n11404,3,0.75,1.0,0.875
n17143,n11604,4,1.0,1.0,1.0
n17144,n6355,4,1.0,1.0,1.0
n17145,n3504,4,1.0,1.0,1.0
n17146,n13911,3,0.75,1.0,0.875
n17147,n6428,3,0.75,1.0,0.875
n17148,n6431,3,0.75,1.0,0.875
n17149,n6432,3,0.75,1.0,0.875
n1715,n15576,4,1.0,1.0,1.0
n17150,n13551,3,0.75,1.0,0.875
n17151,n14101,4,1.0,1.0,1.0
n17152,n3653,4,1.0,1.0,1.0
n17153,n3658,3,0.75,1.0,0.875
n17154,n3660,4,1.0,1.0,1.0
n17155,n14511,4,1.0,1.0,1.0
n17156,n14603,4,1.0,1.0,1.0
n17157,n3704,4,1.0,1.0,1.0
n17158,n14933,4,1.0,1.0,1.0
n17159,n3729,4,1.0,1.0,1.0
n1716,n6568,4,1.0,1.0,1.0
n17160,n14467,4,1.0,1.0,1.0
n17161,n15272,4,1.0,1.0,1.0
n17161,n15273,4,1.0,1.0,1.0
n17162,n6486,4,1.0,1.0,1.0
n17163,n15595,4,1.0,1.0,1.0
n17164,n14628,4,1.0,1.0,1.0
n17165,n3810,4,1.0,1.0,1.0
n17166,n14728,4,1.0,1.0,1.0
n17167,n14745,3,0.75,1.0,0.875
n17168,n3835,4,1.0,1.0,1.0
n17169,n16294,4,1.0,1.0,1.0
n1717,n4062,4,1.0,1.0,1.0
n17170,n17079,4,1.0,1.0,1.0
n17171,n17270,4,1.0,1.0,1.0
n17172,n17323,4,1.0,1.0,1.0
n17173,n15034,4,1.0,1.0,1.0
n17174,n3928,4,1.0,1.0,1.0
n17175,n15128,4,1.0,1.0,1.0
n17175,n18104,4,1.0,1.0,1.0
n17176,n6533,4,1.0,1.0,1.0
n17177,n3949,4,1.0,1.0,1.0
n17178,n15248,4,1.0,1.0,1.0
n17179,n18980,3,0.75,1.0,0.875
n1718,n15771,4,1.0,1.0,1.0
n17180,n4002,4,1.0,1.0,1.0
n17181,n6552,4,1.0,1.0,1.0
n17182,n6560,4,1.0,1.0,1.0
n17183,n15505,4,1.0,1.0,1.0
n17184,n6562,4,1.0,1.0,1.0
n17185,n6573,4,1.0,1.0,1.0
n17186,n20133,4,1.0,1.0,1.0
n17187,n20164,4,1.0,1.0,1.0
n17188,n4085,4,1.0,1.0,1.0
n17189,n15732,4,1.0,1.0,1.0
n1719,n21428,4,1.0,1.0,1.0
n17190,n15734,4,1.0,1.0,1.0
n17191,n21166,4,1.0,1.0,1.0
n17192,n21190,4,1.0,1.0,1.0
n17193,n6599,3,0.75,1.0,0.875
n17194,n21872,3,0.75,1.0,0.875
n17195,n4156,4,1.0,1.0,1.0
n17196,n15987,4,1.0,1.0,1.0
n17197,n496,4,1.0,1.0,1.0
n17198,n580,4,1.0,1.0,1.0
n17199,n16107,4,1.0,1.0,1.0
n172,n520,4,1.0,1.0,1.0
n1720,n4133,4,1.0,1.0,1.0
n17200,n4212,4,1.0,1.0,1.0
n17201,n6616,4,1.0,1.0,1.0
n17202,n16165,4,1.0,1.0,1.0
n17203,n6621,4,1.0,1.0,1.0
n17204,n1957,3,0.75,1.0,0.875
n17205,n6627,4,1.0,1.0,1.0
n17206,n16355,4,1.0,1.0,1.0
n17207,n2162,3,0.75,1.0,0.875
n17208,n2317,4,1.0,1.0,1.0
n17209,n3371,3,0.75,1.0,0.875
n1721,n6602,4,1.0,1.0,1.0
n17210,n16666,3,0.75,1.0,0.875
n17211,n6648,4,1.0,1.0,1.0
n17212,n16793,4,1.0,1.0,1.0
n17213,n16822,4,1.0,1.0,1.0
n17214,n4393,4,1.0,1.0,1.0
n17215,n4395,3,0.75,1.0,0.875
n17216,n16954,3,0.75,1.0,0.875
n17217,n16970,3,0.75,1.0,0.875
n17218,n5994,3,0.75,1.0,0.875
n17219,n17080,4,1.0,1.0,1.0
n1722,n22,4,1.0,1.0,1.0
n17220,n17273,3,0.75,1.0,0.875
n17221,n6681,3,0.75,1.0,0.875
n17222,n6698,3,0.75,1.0,0.875
n17223,n17783,3,0.75,1.0,0.875
n17224,n17798,3,0.75,1.0,0.875
n17225,n8811,4,1.0,1.0,1.0
n17226,n6711,4,1.0,1.0,1.0
n17227,n4573,3,0.75,1.0,0.875
n17228,n9115,4,1.0,1.0,1.0
n17229,n9426,4,1.0,1.0,1.0
n1723,n16001,4,1.0,1.0,1.0
n17230,n6718,4,1.0,1.0,1.0
n17231,n10070,4,1.0,1.0,1.0
n17232,n6732,3,0.75,1.0,0.875
n17233,n18247,4,1.0,1.0,1.0
n17234,n6736,4,1.0,1.0,1.0
n17235,n6747,4,1.0,1.0,1.0
n17236,n10892,4,1.0,1.0,1.0
n17237,n6751,4,1.0,1.0,1.0
n17238,n4709,3,0.75,1.0,0.875
n17239,n6754,4,1.0,1.0,1.0
n1724,n4174,4,1.0,1.0,1.0
n17240,n11420,4,1.0,1.0,1.0
n17241,n6761,3,0.75,1.0,0.875
n17242,n6772,4,1.0,1.0,1.0
n17243,n12074,3,0.75,1.0,0.875
n17244,n6778,3,0.75,1.0,0.875
n17245,n4784,3,0.75,1.0,0.875
n17246,n18961,4,1.0,1.0,1.0
n17247,n4800,4,1.0,1.0,1.0
n17248,n19026,4,1.0,1.0,1.0
n17249,n4826,4,1.0,1.0,1.0
n1725,n6611,4,1.0,1.0,1.0
n17250,n19148,3,0.75,1.0,0.875
n17251,n13609,4,1.0,1.0,1.0
n17252,n4867,3,0.75,1.0,0.875
n17253,n13952,4,1.0,1.0,1.0
n17254,n19393,4,1.0,1.0,1.0
n17255,n14168,3,0.75,1.0,0.875
n17256,n6815,4,1.0,1.0,1.0
n17257,n6816,4,1.0,1.0,1.0
n17258,n6817,4,1.0,1.0,1.0
n17259,n6823,4,1.0,1.0,1.0
n1726,n4186,4,1.0,1.0,1.0
n17260,n14732,4,1.0,1.0,1.0
n17261,n4937,4,1.0,1.0,1.0
n17262,n4954,4,1.0,1.0,1.0
n17263,n19784,4,1.0,1.0,1.0
n17264,n19822,4,1.0,1.0,1.0
n17265,n15372,4,1.0,1.0,1.0
n17266,n6839,4,1.0,1.0,1.0
n17267,n6845,4,1.0,1.0,1.0
n17268,n6854,4,1.0,1.0,1.0
n17269,n16065,4,1.0,1.0,1.0
n1727,n16159,4,1.0,1.0,1.0
n17270,n5027,4,1.0,1.0,1.0
n17270,n5028,3,0.75,0.75,0.75
n17271,n6858,4,1.0,1.0,1.0
n17272,n16121,4,1.0,1.0,1.0
n17273,n6865,3,0.75,1.0,0.875
n17274,n16609,4,1.0,1.0,1.0
n17275,n6874,4,1.0,1.0,1.0
n17276,n20398,4,1.0,1.0,1.0
n17277,n20416,4,1.0,1.0,1.0
n17278,n20438,4,1.0,1.0,1.0
n17279,n16993,4,1.0,1.0,1.0
n1728,n16177,4,1.0,1.0,1.0
n17280,n6891,4,1.0,1.0,1.0
n17281,n5146,4,1.0,1.0,1.0
n17282,n17936,4,1.0,1.0,1.0
n17282,n17938,4,1.0,1.0,1.0
n17283,n6899,4,1.0,1.0,1.0
n17284,n18598,4,1.0,1.0,1.0
n17285,n5197,3,0.75,1.0,0.875
n17286,n5200,4,1.0,1.0,1.0
n17287,n5217,4,1.0,1.0,1.0
n17288,n19280,4,1.0,1.0,1.0
n17289,n6917,4,1.0,1.0,1.0
n1729,n6619,4,1.0,1.0,1.0
n17290,n20138,4,1.0,1.0,1.0
n17291,n5266,4,1.0,1.0,1.0
n17292,n20361,3,0.75,1.0,0.875
n17293,n5283,4,1.0,1.0,1.0
n17293,n5287,4,1.0,1.0,1.0
n17294,n20677,4,1.0,1.0,1.0
n17295,n20696,3,0.75,1.0,0.875
n17296,n5312,4,1.0,1.0,1.0
n17297,n21484,3,0.75,1.0,0.875
n17298,n6943,3,0.75,1.0,0.875
n17299,n21555,4,1.0,1.0,1.0
n173,n5867,4,1.0,1.0,1.0
n1730,n1814,4,1.0,1.0,1.0
n17300,n21588,4,1.0,1.0,1.0
n17301,n21609,3,0.75,1.0,0.875
n17302,n5347,3,0.75,1.0,0.875
n17303,n5365,3,0.75,1.0,0.875
n17304,n21465,4,1.0,1.0,1.0
n17305,n5387,4,1.0,1.0,1.0
n17306,n21893,4,1.0,1.0,1.0
n17307,n79,4,1.0,1.0,1.0
n17308,n126,3,0.75,1.0,0.875
n17309,n81,4,1.0,1.0,1.0
n1731,n2185,4,1.0,1.0,1.0
n17310,n6965,4,1.0,1.0,1.0
n17311,n5438,4,1.0,1.0,1.0
n17312,n682,4,1.0,1.0,1.0
n17313,n6971,4,1.0,1.0,1.0
n17314,n5474,4,1.0,1.0,1.0
n17315,n5480,4,1.0,1.0,1.0
n17316,n6980,4,1.0,1.0,1.0
n17317,n1258,3,0.75,1.0,0.875
n17318,n1362,4,1.0,1.0,1.0
n17319,n6988,4,1.0,1.0,1.0
n1732,n6631,4,1.0,1.0,1.0
n17320,n5516,4,1.0,1.0,1.0
n17321,n6994,4,1.0,1.0,1.0
n17322,n5537,4,1.0,1.0,1.0
n17323,n681,4,1.0,1.0,1.0
n17324,n786,4,1.0,1.0,1.0
n17325,n3022,3,0.75,1.0,0.875
n17326,n5593,4,1.0,1.0,1.0
n17327,n3878,4,1.0,1.0,1.0
n17328,n7015,4,1.0,1.0,1.0
n17329,n4294,4,1.0,1.0,1.0
n1733,n2646,4,1.0,1.0,1.0
n17330,n1203,4,1.0,1.0,1.0
n17331,n4411,4,1.0,1.0,1.0
n17332,n5652,4,1.0,1.0,1.0
n17333,n5680,4,1.0,1.0,1.0
n17334,n5301,4,1.0,1.0,1.0
n17335,n5359,4,1.0,1.0,1.0
n17336,n5529,4,1.0,1.0,1.0
n17337,n7061,3,0.75,1.0,0.875
n17338,n7322,4,1.0,1.0,1.0
n17339,n5818,4,1.0,1.0,1.0
n1734,n3261,4,1.0,1.0,1.0
n17340,n7398,4,1.0,1.0,1.0
n17341,n1974,3,0.75,1.0,0.875
n17342,n7826,4,1.0,1.0,1.0
n17343,n5851,4,1.0,1.0,1.0
n17344,n7098,4,1.0,1.0,1.0
n17345,n5935,3,0.75,1.0,0.875
n17346,n9164,4,1.0,1.0,1.0
n17347,n7123,4,1.0,1.0,1.0
n17348,n7127,4,1.0,1.0,1.0
n17349,n9640,4,1.0,1.0,1.0
n1735,n6640,4,1.0,1.0,1.0
n17350,n5978,4,1.0,1.0,1.0
n17351,n2394,4,1.0,1.0,1.0
n17352,n10163,4,1.0,1.0,1.0
n17353,n10272,4,1.0,1.0,1.0
n17354,n2463,4,1.0,1.0,1.0
n17355,n6054,4,1.0,1.0,1.0
n17356,n6062,3,0.75,1.0,0.875
n17357,n7164,3,0.75,1.0,0.875
n17358,n10905,4,1.0,1.0,1.0
n17359,n2754,4,1.0,1.0,1.0
n1736,n6641,4,1.0,1.0,1.0
n17360,n7186,4,1.0,1.0,1.0
n17361,n2892,4,1.0,1.0,1.0
n17362,n2932,4,1.0,1.0,1.0
n17363,n11898,4,1.0,1.0,1.0
n17364,n12096,4,1.0,1.0,1.0
n17365,n7202,4,1.0,1.0,1.0
n17366,n12473,4,1.0,1.0,1.0
n17367,n12564,3,0.75,0.75,0.75
n17367,n7220,4,1.0,1.0,1.0
n17368,n12587,3,0.75,1.0,0.875
n17369,n12636,3,0.75,1.0,0.875
n1737,n4299,4,1.0,1.0,1.0
n17370,n7225,3,0.75,1.0,0.875
n17371,n12695,4,1.0,1.0,1.0
n17372,n6277,3,0.75,1.0,0.875
n17373,n12812,4,1.0,1.0,1.0
n17374,n7231,1,0.25,1.0,0.625
n17375,n6295,4,1.0,1.0,1.0
n17376,n6296,4,1.0,1.0,1.0
n17377,n13178,4,1.0,1.0,1.0
n17378,n6317,4,1.0,1.0,1.0
n17379,n6333,4,1.0,1.0,1.0
n1738,n4334,4,1.0,1.0,1.0
n17380,n3442,4,1.0,1.0,1.0
n17381,n3448,4,1.0,1.0,1.0
n17382,n13712,3,0.75,1.0,0.875
n17383,n7254,3,0.75,1.0,0.875
n17384,n13816,3,0.75,1.0,0.875
n17385,n7259,4,1.0,1.0,1.0
n17386,n3623,4,1.0,1.0,1.0
n17387,n14045,3,0.75,1.0,0.875
n17388,n14309,4,1.0,1.0,1.0
n17389,n14318,4,1.0,1.0,1.0
n1739,n6645,4,1.0,1.0,1.0
n17390,n7280,3,0.75,1.0,0.875
n17391,n6485,4,1.0,1.0,1.0
n17392,n7289,4,1.0,1.0,1.0
n17393,n3843,4,1.0,1.0,1.0
n17394,n7303,4,1.0,1.0,1.0
n17395,n15522,4,1.0,1.0,1.0
n17396,n7311,4,1.0,1.0,1.0
n17397,n7312,4,1.0,1.0,1.0
n17398,n4083,4,1.0,1.0,1.0
n17398,n6584,4,1.0,1.0,1.0
n17399,n4286,4,1.0,1.0,1.0
n174,n1581,4,1.0,1.0,1.0
n1740,n4379,4,1.0,1.0,1.0
n17400,n6636,4,1.0,1.0,1.0
n17401,n7336,4,1.0,1.0,1.0
n17402,n4449,4,1.0,1.0,1.0
n17403,n17149,3,0.75,1.0,0.875
n17404,n17180,4,1.0,1.0,1.0
n17405,n4501,4,1.0,1.0,1.0
n17406,n6692,4,1.0,1.0,1.0
n17407,n4517,4,1.0,1.0,1.0
n17408,n17576,4,1.0,1.0,1.0
n17409,n6697,4,1.0,1.0,1.0
n1741,n16860,4,1.0,1.0,1.0
n17410,n17862,4,1.0,1.0,1.0
n17411,n7349,4,1.0,1.0,1.0
n17412,n18287,4,1.0,1.0,1.0
n17413,n7358,4,1.0,1.0,1.0
n17414,n4748,4,1.0,1.0,1.0
n17415,n18885,3,0.75,1.0,0.875
n17416,n4819,4,1.0,1.0,1.0
n17417,n7369,3,0.75,1.0,0.875
n17418,n19345,3,0.75,1.0,0.875
n17419,n19395,4,1.0,1.0,1.0
n1742,n6656,4,1.0,1.0,1.0
n17420,n7375,3,0.75,1.0,0.875
n17421,n7377,3,0.75,1.0,0.875
n17422,n6848,3,0.75,1.0,0.875
n17423,n7386,4,1.0,1.0,1.0
n17424,n20306,4,1.0,1.0,1.0
n17425,n5103,4,1.0,1.0,1.0
n17426,n20688,4,1.0,1.0,1.0
n17427,n20735,4,1.0,1.0,1.0
n17428,n5172,4,1.0,1.0,1.0
n17429,n7404,3,0.75,1.0,0.875
n1743,n5513,4,1.0,1.0,1.0
n17430,n5221,4,1.0,1.0,1.0
n17431,n5245,4,1.0,1.0,1.0
n17432,n7409,4,1.0,1.0,1.0
n17433,n6933,4,1.0,1.0,1.0
n17434,n21448,4,1.0,1.0,1.0
n17435,n21692,3,0.75,1.0,0.875
n17436,n5368,4,1.0,1.0,1.0
n17437,n6955,4,1.0,1.0,1.0
n17438,n6963,4,1.0,1.0,1.0
n17439,n5454,4,1.0,1.0,1.0
n1744,n5900,4,1.0,1.0,1.0
n17440,n233,4,1.0,1.0,1.0
n17441,n7427,3,0.75,1.0,0.875
n17442,n7428,3,0.75,1.0,0.875
n17443,n5478,4,1.0,1.0,1.0
n17444,n6991,4,1.0,1.0,1.0
n17445,n5515,4,1.0,1.0,1.0
n17446,n7434,4,1.0,1.0,1.0
n17447,n5597,3,0.75,1.0,0.875
n17448,n5616,4,1.0,1.0,1.0
n17449,n5663,4,1.0,1.0,1.0
n1745,n6666,4,1.0,1.0,1.0
n17450,n1306,4,1.0,1.0,1.0
n17451,n5672,4,1.0,1.0,1.0
n17452,n1479,3,0.75,1.0,0.875
n17453,n7063,3,0.75,1.0,0.875
n17454,n7461,3,0.75,1.0,0.875
n17455,n2027,4,1.0,1.0,1.0
n17456,n7096,4,1.0,1.0,1.0
n17457,n7097,4,1.0,1.0,1.0
n17458,n5891,4,1.0,1.0,1.0
n17459,n2092,4,1.0,1.0,1.0
n1746,n5973,4,1.0,1.0,1.0
n17460,n5918,3,0.75,1.0,0.875
n17461,n7111,4,1.0,1.0,1.0
n17462,n7471,3,0.75,1.0,0.875
n17463,n7475,4,1.0,1.0,1.0
n17464,n6057,4,1.0,1.0,1.0
n17465,n7168,4,1.0,1.0,1.0
n17466,n7487,4,1.0,1.0,1.0
n17467,n7488,4,1.0,1.0,1.0
n17468,n6196,4,1.0,1.0,1.0
n17469,n7210,4,1.0,1.0,1.0
n1747,n4481,4,1.0,1.0,1.0
n17470,n3482,4,1.0,1.0,1.0
n17471,n7266,3,0.75,1.0,0.875
n17472,n7268,4,1.0,1.0,1.0
n17473,n7271,4,1.0,1.0,1.0
n17474,n7275,3,0.75,1.0,0.875
n17475,n3782,4,1.0,1.0,1.0
n17476,n3874,3,0.75,1.0,0.875
n17477,n7536,4,1.0,1.0,1.0
n17478,n6609,4,1.0,1.0,1.0
n17479,n7325,4,1.0,1.0,1.0
n1748,n6688,4,1.0,1.0,1.0
n17480,n7543,4,1.0,1.0,1.0
n17481,n4400,4,1.0,1.0,1.0
n17482,n7347,3,0.75,1.0,0.875
n17483,n6719,4,1.0,1.0,1.0
n17484,n6750,3,0.75,1.0,0.875
n17485,n7391,4,1.0,1.0,1.0
n17486,n7024,4,1.0,1.0,1.0
n17487,n5694,4,1.0,1.0,1.0
n17488,n7172,4,1.0,1.0,1.0
n17489,n7584,4,1.0,1.0,1.0
n1749,n7645,4,1.0,1.0,1.0
n17490,n7585,3,0.75,1.0,0.875
n17491,n7524,4,1.0,1.0,1.0
n17492,n6548,3,0.75,1.0,0.875
n17493,n7594,3,0.75,1.0,0.875
n17494,n7548,4,1.0,1.0,1.0
n17495,n7365,4,1.0,1.0,1.0
n17496,n7600,4,1.0,1.0,1.0
n17497,n7585,4,1.0,1.0,1.0
n17498,n7588,3,0.75,1.0,0.875
n17499,n7516,4,1.0,1.0,1.0
n175,n1591,4,1.0,1.0,1.0
n1750,n6691,3,0.75,1.0,0.875
n17500,n7323,4,1.0,1.0,1.0
n17501,n7602,4,1.0,1.0,1.0
n17502,n7610,4,1.0,1.0,1.0
n17503,n8019,3,0.75,1.0,0.875
n17504,n7660,4,1.0,1.0,1.0
n17505,n7810,4,1.0,1.0,1.0
n17506,n7669,4,1.0,1.0,1.0
n17507,n7847,4,1.0,1.0,1.0
n17508,n7627,4,1.0,1.0,1.0
n17509,n7924,3,0.75,1.0,0.875
n1751,n17549,4,1.0,1.0,1.0
n17510,n7633,4,1.0,1.0,1.0
n17511,n7721,4,1.0,1.0,1.0
n17512,n7646,4,1.0,1.0,1.0
n17513,n9601,4,1.0,1.0,1.0
n17514,n7653,4,1.0,1.0,1.0
n17515,n7780,4,1.0,1.0,1.0
n17516,n8390,4,1.0,1.0,1.0
n17517,n11489,4,1.0,1.0,1.0
n17517,n7663,4,1.0,1.0,1.0
n17518,n11632,3,0.75,1.0,0.875
n17519,n7665,3,0.75,1.0,0.875
n1752,n7793,4,1.0,1.0,1.0
n17520,n7836,4,1.0,1.0,1.0
n17521,n7672,4,1.0,1.0,1.0
n17522,n12999,4,1.0,1.0,1.0
n17523,n8615,4,1.0,1.0,1.0
n17524,n7872,3,0.75,1.0,0.875
n17525,n7879,4,1.0,1.0,1.0
n17525,n8661,4,1.0,1.0,1.0
n17526,n7682,4,1.0,1.0,1.0
n17527,n8680,4,1.0,1.0,1.0
n17528,n8690,3,0.75,1.0,0.875
n17529,n7688,3,0.75,1.0,0.875
n1753,n6696,4,1.0,1.0,1.0
n17530,n7913,4,1.0,1.0,1.0
n17531,n7915,3,0.75,1.0,0.875
n17532,n8852,3,0.75,1.0,0.875
n17533,n7926,4,1.0,1.0,1.0
n17534,n7944,3,0.75,1.0,0.875
n17535,n16876,4,1.0,1.0,1.0
n17536,n17110,3,0.75,1.0,0.875
n17537,n9069,4,1.0,1.0,1.0
n17538,n7707,4,1.0,1.0,1.0
n17539,n7997,3,0.75,1.0,0.875
n1754,n6701,4,1.0,1.0,1.0
n17540,n7710,4,1.0,1.0,1.0
n17541,n8024,4,1.0,1.0,1.0
n17542,n8027,4,1.0,1.0,1.0
n17543,n8031,4,1.0,1.0,1.0
n17544,n9205,4,1.0,1.0,1.0
n17545,n17715,4,1.0,1.0,1.0
n17546,n17785,3,0.75,1.0,0.875
n17547,n17915,4,1.0,1.0,1.0
n17548,n7726,4,1.0,1.0,1.0
n17549,n8097,4,1.0,1.0,1.0
n1755,n17839,4,1.0,1.0,1.0
n17550,n9452,3,0.75,1.0,0.875
n17551,n8153,3,0.75,1.0,0.875
n17552,n7742,3,0.75,1.0,0.875
n17553,n8173,4,1.0,1.0,1.0
n17554,n9646,3,0.75,1.0,0.875
n17555,n7751,4,1.0,1.0,1.0
n17556,n9770,4,1.0,1.0,1.0
n17557,n8215,4,1.0,1.0,1.0
n17558,n19244,4,1.0,1.0,1.0
n17559,n7774,4,1.0,1.0,1.0
n1756,n6713,4,1.0,1.0,1.0
n17560,n8275,3,0.75,1.0,0.875
n17561,n19799,4,1.0,1.0,1.0
n17562,n9953,3,0.75,1.0,0.875
n17563,n7777,3,0.75,1.0,0.875
n17564,n7778,4,1.0,1.0,1.0
n17565,n8333,4,1.0,1.0,1.0
n17566,n8351,4,1.0,1.0,1.0
n17567,n7797,3,0.75,1.0,0.875
n17568,n20991,4,1.0,1.0,1.0
n17569,n10333,4,1.0,1.0,1.0
n1757,n4593,4,1.0,1.0,1.0
n17570,n21297,4,1.0,1.0,1.0
n17571,n10434,3,0.75,1.0,0.875
n17572,n21650,4,1.0,1.0,1.0
n17573,n1985,4,1.0,1.0,1.0
n17574,n11512,4,1.0,1.0,1.0
n17575,n11689,4,1.0,1.0,1.0
n17576,n7825,4,1.0,1.0,1.0
n17577,n6220,4,1.0,1.0,1.0
n17578,n8540,4,1.0,1.0,1.0
n17579,n8784,4,1.0,1.0,1.0
n1758,n4594,4,1.0,1.0,1.0
n17580,n10756,4,1.0,1.0,1.0
n17581,n12146,4,1.0,1.0,1.0
n17582,n13891,3,0.75,1.0,0.875
n17583,n14812,4,1.0,1.0,1.0
n17584,n8694,3,0.75,1.0,0.875
n17585,n15317,3,0.75,1.0,0.875
n17586,n15970,4,1.0,1.0,1.0
n17587,n7907,3,0.75,1.0,0.875
n17588,n566,3,0.75,1.0,0.875
n17589,n8781,3,0.75,1.0,0.875
n1759,n9454,3,0.75,1.0,0.875
n17590,n8807,4,1.0,1.0,1.0
n17591,n1188,4,1.0,1.0,1.0
n17592,n1862,4,1.0,1.0,1.0
n17593,n7929,4,1.0,1.0,1.0
n17594,n16468,3,0.75,1.0,0.875
n17595,n8903,4,1.0,1.0,1.0
n17596,n7949,3,0.75,1.0,0.875
n17597,n16739,4,1.0,1.0,1.0
n17598,n8953,3,0.75,1.0,0.875
n17599,n4716,4,1.0,1.0,1.0
n176,n2372,4,1.0,1.0,1.0
n1760,n9528,3,0.75,1.0,0.875
n17600,n8987,3,0.75,1.0,0.875
n17601,n5718,3,0.75,1.0,0.875
n17602,n7967,4,1.0,1.0,1.0
n17603,n9010,4,1.0,1.0,1.0
n17604,n5981,3,0.75,1.0,0.875
n17604,n5985,3,0.75,1.0,0.875
n17605,n9043,3,0.75,1.0,0.875
n17606,n9045,4,1.0,1.0,1.0
n17607,n7978,4,1.0,1.0,1.0
n17608,n9100,3,0.75,1.0,0.875
n17608,n9101,3,0.75,1.0,0.875
n17609,n7995,3,0.75,1.0,0.875
n1761,n18045,4,1.0,1.0,1.0
n17610,n8003,4,1.0,1.0,1.0
n17611,n7413,4,1.0,1.0,1.0
n17612,n17455,4,1.0,1.0,1.0
n17612,n8012,4,1.0,1.0,1.0
n17613,n8016,3,0.75,1.0,0.875
n17614,n9158,3,0.75,1.0,0.875
n17615,n9175,4,1.0,1.0,1.0
n17616,n7931,4,1.0,1.0,1.0
n17617,n9204,4,1.0,1.0,1.0
n17618,n8233,4,1.0,1.0,1.0
n17619,n17660,4,1.0,1.0,1.0
n1762,n10009,4,1.0,1.0,1.0
n17620,n8262,4,1.0,1.0,1.0
n17621,n9234,4,1.0,1.0,1.0
n17622,n9247,3,0.75,1.0,0.875
n17623,n17790,4,1.0,1.0,1.0
n17624,n8058,4,1.0,1.0,1.0
n17625,n17822,4,1.0,1.0,1.0
n17626,n8063,4,1.0,1.0,1.0
n17627,n9322,4,1.0,1.0,1.0
n17628,n9449,4,1.0,1.0,1.0
n17629,n18034,4,1.0,1.0,1.0
n1763,n4627,3,0.75,1.0,0.875
n17630,n8083,4,1.0,1.0,1.0
n17631,n8095,4,1.0,1.0,1.0
n17632,n18171,3,0.75,1.0,0.875
n17633,n9396,4,1.0,1.0,1.0
n17634,n8102,4,1.0,1.0,1.0
n17635,n10342,4,1.0,1.0,1.0
n17636,n10788,4,1.0,1.0,1.0
n17637,n18397,4,1.0,1.0,1.0
n17638,n8117,4,1.0,1.0,1.0
n17639,n8119,3,0.75,1.0,0.875
n1764,n6730,4,1.0,1.0,1.0
n17640,n18458,4,1.0,1.0,1.0
n17641,n11084,4,1.0,1.0,1.0
n17642,n11108,4,1.0,1.0,1.0
n17643,n9503,4,1.0,1.0,1.0
n17644,n8137,3,0.75,1.0,0.875
n17645,n18601,4,1.0,1.0,1.0
n17646,n9574,3,0.75,1.0,0.875
n17647,n9583,4,1.0,1.0,1.0
n17648,n9607,3,0.75,1.0,0.875
n17649,n8164,3,0.75,1.0,0.875
n1765,n4634,3,0.75,1.0,0.875
n17650,n8165,4,1.0,1.0,1.0
n17651,n9614,4,1.0,1.0,1.0
n17652,n9637,4,1.0,1.0,1.0
n17653,n9649,4,1.0,1.0,1.0
n17654,n8211,3,0.75,1.0,0.875
n17655,n9779,3,0.75,1.0,0.875
n17656,n19242,4,1.0,1.0,1.0
n17657,n8222,4,1.0,1.0,1.0
n17658,n13849,4,1.0,1.0,1.0
n17659,n13867,4,1.0,1.0,1.0
n1766,n10266,4,1.0,1.0,1.0
n17660,n19364,4,1.0,1.0,1.0
n17661,n9845,4,1.0,1.0,1.0
n17662,n19527,4,1.0,1.0,1.0
n17663,n8266,4,1.0,1.0,1.0
n17664,n8267,3,0.75,1.0,0.875
n17665,n19709,4,1.0,1.0,1.0
n17666,n8277,4,1.0,1.0,1.0
n17667,n8280,4,1.0,1.0,1.0
n17668,n14958,3,0.75,1.0,0.875
n17669,n15023,4,1.0,1.0,1.0
n1767,n18474,4,1.0,1.0,1.0
n17670,n19766,4,1.0,1.0,1.0
n17671,n8286,4,1.0,1.0,1.0
n17672,n15088,3,0.75,1.0,0.875
n17673,n19791,3,0.75,1.0,0.875
n17674,n8295,4,1.0,1.0,1.0
n17675,n19981,4,1.0,1.0,1.0
n17676,n8305,4,1.0,1.0,1.0
n17677,n8308,4,1.0,1.0,1.0
n17678,n15898,4,1.0,1.0,1.0
n17679,n10041,4,1.0,1.0,1.0
n1768,n18594,4,1.0,1.0,1.0
n17680,n10057,4,1.0,1.0,1.0
n17681,n20273,4,1.0,1.0,1.0
n17682,n20327,4,1.0,1.0,1.0
n17683,n20479,4,1.0,1.0,1.0
n17684,n17103,4,1.0,1.0,1.0
n17685,n17112,4,1.0,1.0,1.0
n17686,n10133,4,1.0,1.0,1.0
n17687,n20511,4,1.0,1.0,1.0
n17687,n20512,4,1.0,1.0,1.0
n17688,n8355,3,0.75,1.0,0.875
n17689,n17702,4,1.0,1.0,1.0
n1769,n11857,4,1.0,1.0,1.0
n17690,n17781,4,1.0,1.0,1.0
n17691,n10189,4,1.0,1.0,1.0
n17692,n20751,4,1.0,1.0,1.0
n17693,n20879,3,0.75,1.0,0.875
n17694,n20892,3,0.75,1.0,0.875
n17695,n8381,4,1.0,1.0,1.0
n17696,n10277,4,1.0,1.0,1.0
n17697,n18868,4,1.0,1.0,1.0
n17698,n10297,3,0.75,1.0,0.875
n17699,n21057,4,1.0,1.0,1.0
n177,n2436,4,1.0,1.0,1.0
n1770,n6775,3,0.75,1.0,0.875
n17700,n19317,4,1.0,1.0,1.0
n17701,n8393,4,1.0,1.0,1.0
n17702,n19710,4,1.0,1.0,1.0
n17703,n8396,4,1.0,1.0,1.0
n17704,n10362,4,1.0,1.0,1.0
n17705,n21216,4,1.0,1.0,1.0
n17706,n8399,4,1.0,1.0,1.0
n17707,n10368,4,1.0,1.0,1.0
n17708,n10370,4,1.0,1.0,1.0
n17709,n21258,4,1.0,1.0,1.0
n1771,n4769,4,1.0,1.0,1.0
n17710,n20143,4,1.0,1.0,1.0
n17711,n8409,4,1.0,1.0,1.0
n17712,n8411,4,1.0,1.0,1.0
n17713,n8412,4,1.0,1.0,1.0
n17714,n8413,4,1.0,1.0,1.0
n17715,n21417,4,1.0,1.0,1.0
n17716,n8415,4,1.0,1.0,1.0
n17717,n21543,4,1.0,1.0,1.0
n17718,n10459,3,0.75,1.0,0.875
n17719,n8430,4,1.0,1.0,1.0
n1772,n12087,3,0.75,1.0,0.875
n17720,n21302,4,1.0,1.0,1.0
n17721,n21737,4,1.0,1.0,1.0
n17722,n8434,3,0.75,1.0,0.875
n17723,n21528,4,1.0,1.0,1.0
n17724,n503,3,0.75,1.0,0.875
n17725,n554,4,1.0,1.0,1.0
n17726,n8454,4,1.0,1.0,1.0
n17727,n8461,4,1.0,1.0,1.0
n17728,n2645,4,1.0,1.0,1.0
n17729,n13115,4,1.0,1.0,1.0
n1773,n18929,4,1.0,1.0,1.0
n17730,n11367,3,0.75,1.0,0.875
n17731,n8485,3,0.75,1.0,0.875
n17732,n8488,4,1.0,1.0,1.0
n17733,n5568,4,1.0,1.0,1.0
n17734,n8524,4,1.0,1.0,1.0
n17735,n7277,4,1.0,1.0,1.0
n17736,n7603,4,1.0,1.0,1.0
n17737,n12520,3,0.75,1.0,0.875
n17738,n8161,3,0.75,1.0,0.875
n17739,n8543,3,0.75,1.0,0.875
n1774,n18961,4,1.0,1.0,1.0
n17740,n12962,4,1.0,1.0,1.0
n17741,n8551,4,1.0,1.0,1.0
n17742,n8557,3,0.75,1.0,0.875
n17743,n9401,4,1.0,1.0,1.0
n17744,n12944,4,1.0,1.0,1.0
n17745,n8569,4,1.0,1.0,1.0
n17746,n10108,4,1.0,1.0,1.0
n17747,n156,4,1.0,1.0,1.0
n17748,n8580,4,1.0,1.0,1.0
n17749,n10853,4,1.0,1.0,1.0
n1775,n13419,3,0.75,1.0,0.875
n17750,n13202,4,1.0,1.0,1.0
n17751,n11436,4,1.0,1.0,1.0
n17752,n12851,3,0.75,1.0,0.875
n17753,n13305,4,1.0,1.0,1.0
n17754,n11861,4,1.0,1.0,1.0
n17755,n13497,3,0.75,1.0,0.875
n17756,n12755,3,0.75,1.0,0.875
n17757,n14147,3,0.75,1.0,0.875
n17758,n14184,4,1.0,1.0,1.0
n17759,n14276,3,0.75,1.0,0.875
n1776,n19531,3,0.75,1.0,0.875
n17760,n14308,3,0.75,1.0,0.875
n17761,n14516,4,1.0,1.0,1.0
n17762,n18702,4,1.0,1.0,1.0
n17763,n18761,4,1.0,1.0,1.0
n17764,n8669,4,1.0,1.0,1.0
n17765,n15472,3,0.75,1.0,0.875
n17766,n15651,4,1.0,1.0,1.0
n17767,n16024,4,1.0,1.0,1.0
n17768,n3297,4,1.0,1.0,1.0
n17769,n14852,4,1.0,1.0,1.0
n1777,n14491,4,1.0,1.0,1.0
n1777,n19572,4,1.0,1.0,1.0
n1777,n19573,4,1.0,1.0,1.0
n17770,n16856,4,1.0,1.0,1.0
n17771,n17057,4,1.0,1.0,1.0
n17772,n8688,4,1.0,1.0,1.0
n17773,n17183,4,1.0,1.0,1.0
n17774,n15010,3,0.75,1.0,0.875
n17775,n8695,4,1.0,1.0,1.0
n17776,n15250,4,1.0,1.0,1.0
n17777,n11550,4,1.0,1.0,1.0
n17778,n15293,3,0.75,1.0,0.875
n17779,n19326,4,1.0,1.0,1.0
n1778,n6820,3,0.75,1.0,0.875
n17780,n8729,3,0.75,1.0,0.875
n17781,n15479,4,1.0,1.0,1.0
n17782,n8737,3,0.75,1.0,0.875
n17783,n14630,3,0.75,1.0,0.875
n17784,n19959,4,1.0,1.0,1.0
n17785,n15646,3,0.75,1.0,0.875
n17786,n17646,3,0.75,1.0,0.875
n17787,n20777,3,0.75,1.0,0.875
n17788,n15765,4,1.0,1.0,1.0
n17789,n19096,4,1.0,1.0,1.0
n1779,n15476,4,1.0,1.0,1.0
n17790,n21235,4,1.0,1.0,1.0
n17791,n8757,3,0.75,1.0,0.875
n17792,n15887,4,1.0,1.0,1.0
n17793,n8768,3,0.75,1.0,0.875
n17794,n137,4,1.0,1.0,1.0
n17795,n331,4,1.0,1.0,1.0
n17796,n1290,4,1.0,1.0,1.0
n17797,n481,4,1.0,1.0,1.0
n17798,n16053,3,0.75,1.0,0.875
n17799,n588,4,1.0,1.0,1.0
n178,n534,4,1.0,1.0,1.0
n1780,n5029,4,1.0,1.0,1.0
n17800,n16073,4,1.0,1.0,1.0
n17801,n686,4,1.0,1.0,1.0
n17802,n930,4,1.0,1.0,1.0
n17803,n962,4,1.0,1.0,1.0
n17804,n16134,4,1.0,1.0,1.0
n17805,n8797,4,1.0,1.0,1.0
n17806,n8799,3,0.75,1.0,0.875
n17807,n4155,4,1.0,1.0,1.0
n17808,n5354,4,1.0,1.0,1.0
n17809,n16229,4,1.0,1.0,1.0
n1781,n16653,4,1.0,1.0,1.0
n17810,n1617,4,1.0,1.0,1.0
n17811,n6570,3,0.75,1.0,0.875
n17812,n8841,4,1.0,1.0,1.0
n17813,n7216,4,1.0,1.0,1.0
n17814,n8844,4,1.0,1.0,1.0
n17815,n7980,4,1.0,1.0,1.0
n17816,n8453,4,1.0,1.0,1.0
n17817,n2157,4,1.0,1.0,1.0
n17818,n8787,4,1.0,1.0,1.0
n17819,n8819,4,1.0,1.0,1.0
n1782,n20351,4,1.0,1.0,1.0
n17820,n16370,4,1.0,1.0,1.0
n17821,n16379,4,1.0,1.0,1.0
n17822,n8869,4,1.0,1.0,1.0
n17823,n10264,4,1.0,1.0,1.0
n17824,n8871,4,1.0,1.0,1.0
n17825,n8875,4,1.0,1.0,1.0
n17826,n10550,4,1.0,1.0,1.0
n17827,n2512,4,1.0,1.0,1.0
n17828,n16421,4,1.0,1.0,1.0
n17829,n8881,4,1.0,1.0,1.0
n1783,n6872,3,0.75,1.0,0.875
n17830,n2594,4,1.0,1.0,1.0
n17831,n11101,4,1.0,1.0,1.0
n17832,n8890,3,0.75,1.0,0.875
n17833,n8893,4,1.0,1.0,1.0
n17834,n8894,4,1.0,1.0,1.0
n17835,n12551,3,0.75,1.0,0.875
n17836,n8906,4,1.0,1.0,1.0
n17837,n3161,3,0.75,1.0,0.875
n17838,n3455,4,1.0,1.0,1.0
n17839,n8913,4,1.0,1.0,1.0
n1784,n5097,4,1.0,1.0,1.0
n17840,n8915,4,1.0,1.0,1.0
n17841,n16583,4,1.0,1.0,1.0
n17842,n16602,4,1.0,1.0,1.0
n17843,n14772,4,1.0,1.0,1.0
n17844,n8933,3,0.75,1.0,0.875
n17845,n4076,3,0.75,1.0,0.875
n17846,n15835,4,1.0,1.0,1.0
n17847,n4215,4,1.0,1.0,1.0
n17848,n17195,4,1.0,1.0,1.0
n17849,n18873,4,1.0,1.0,1.0
n1785,n16937,3,0.75,1.0,0.875
n17850,n20038,4,1.0,1.0,1.0
n17851,n8961,4,1.0,1.0,1.0
n17852,n20174,4,1.0,1.0,1.0
n17853,n16831,4,1.0,1.0,1.0
n17854,n5090,4,1.0,1.0,1.0
n17855,n8969,4,1.0,1.0,1.0
n17856,n5210,4,1.0,1.0,1.0
n17857,n16882,4,1.0,1.0,1.0
n17858,n21522,4,1.0,1.0,1.0
n17859,n5349,3,0.75,1.0,0.875
n1786,n17097,4,1.0,1.0,1.0
n17860,n21770,4,1.0,1.0,1.0
n17861,n16919,4,1.0,1.0,1.0
n17862,n8981,4,1.0,1.0,1.0
n17863,n5442,3,0.75,1.0,0.875
n17864,n8984,4,1.0,1.0,1.0
n17865,n5517,4,1.0,1.0,1.0
n17866,n8989,4,1.0,1.0,1.0
n17867,n16966,4,1.0,1.0,1.0
n17868,n9004,4,1.0,1.0,1.0
n17869,n1961,4,1.0,1.0,1.0
n1787,n20544,4,1.0,1.0,1.0
n17870,n17045,4,1.0,1.0,1.0
n17871,n2255,4,1.0,1.0,1.0
n17872,n17047,4,1.0,1.0,1.0
n17873,n6005,4,1.0,1.0,1.0
n17874,n9019,4,1.0,1.0,1.0
n17875,n6026,4,1.0,1.0,1.0
n17876,n6058,4,1.0,1.0,1.0
n17877,n6078,4,1.0,1.0,1.0
n17878,n9027,4,1.0,1.0,1.0
n17879,n2736,3,0.75,1.0,0.875
n1788,n6886,3,0.75,1.0,0.875
n17880,n9030,3,0.75,1.0,0.875
n17881,n9031,4,1.0,1.0,1.0
n17882,n9035,4,1.0,1.0,1.0
n17883,n3102,4,1.0,1.0,1.0
n17884,n9041,4,1.0,1.0,1.0
n17885,n17125,4,1.0,1.0,1.0
n17885,n9044,3,0.75,0.75,0.75
n17886,n6354,3,0.75,1.0,0.875
n17887,n6393,4,1.0,1.0,1.0
n17888,n9056,4,1.0,1.0,1.0
n17889,n6605,4,1.0,1.0,1.0
n1789,n17451,4,1.0,1.0,1.0
n1789,n5129,4,1.0,1.0,1.0
n17890,n17206,4,1.0,1.0,1.0
n17891,n17210,3,0.75,1.0,0.875
n17892,n17226,4,1.0,1.0,1.0
n17893,n6717,4,1.0,1.0,1.0
n17894,n4639,4,1.0,1.0,1.0
n17895,n9092,4,1.0,1.0,1.0
n17896,n4987,4,1.0,1.0,1.0
n17897,n9099,4,1.0,1.0,1.0
n17898,n9101,4,1.0,1.0,1.0
n17899,n17297,3,0.75,1.0,0.875
n179,n2583,4,1.0,1.0,1.0
n1790,n6896,4,1.0,1.0,1.0
n17900,n6982,4,1.0,1.0,1.0
n17901,n5583,4,1.0,1.0,1.0
n17902,n9111,4,1.0,1.0,1.0
n17903,n9116,4,1.0,1.0,1.0
n17904,n5911,3,0.75,1.0,0.875
n17905,n9120,4,1.0,1.0,1.0
n17906,n9122,4,1.0,1.0,1.0
n17907,n9132,4,1.0,1.0,1.0
n17908,n7334,3,0.75,1.0,0.875
n17909,n17407,4,1.0,1.0,1.0
n17909,n7342,4,1.0,1.0,1.0
n1791,n5159,4,1.0,1.0,1.0
n17910,n7354,4,1.0,1.0,1.0
n17911,n17413,4,1.0,1.0,1.0
n17912,n6841,3,0.75,1.0,0.875
n17913,n17422,3,0.75,1.0,0.875
n17914,n7003,4,1.0,1.0,1.0
n17915,n7143,4,1.0,1.0,1.0
n17916,n17474,3,0.75,1.0,0.875
n17917,n7390,4,1.0,1.0,1.0
n17918,n7624,4,1.0,1.0,1.0
n17919,n7639,4,1.0,1.0,1.0
n1792,n20774,3,0.75,1.0,0.875
n17920,n17518,3,0.75,1.0,0.875
n17921,n9174,4,1.0,1.0,1.0
n17922,n9176,4,1.0,1.0,1.0
n17923,n7779,4,1.0,1.0,1.0
n17924,n7882,4,1.0,1.0,1.0
n17925,n8767,4,1.0,1.0,1.0
n17926,n9188,4,1.0,1.0,1.0
n17927,n9063,4,1.0,1.0,1.0
n17928,n9203,4,1.0,1.0,1.0
n17929,n8086,4,1.0,1.0,1.0
n1793,n6907,4,1.0,1.0,1.0
n17930,n9211,4,1.0,1.0,1.0
n17931,n9214,4,1.0,1.0,1.0
n17932,n9217,4,1.0,1.0,1.0
n17933,n9683,4,1.0,1.0,1.0
n17934,n8231,3,0.75,1.0,0.875
n17935,n17671,4,1.0,1.0,1.0
n17936,n9239,4,1.0,1.0,1.0
n17937,n17690,4,1.0,1.0,1.0
n17938,n8368,4,1.0,1.0,1.0
n17939,n8448,3,0.75,1.0,0.875
n1794,n21062,4,1.0,1.0,1.0
n17940,n11375,4,1.0,1.0,1.0
n17941,n8513,4,1.0,1.0,1.0
n17942,n8533,4,1.0,1.0,1.0
n17943,n12569,4,1.0,1.0,1.0
n17944,n17742,3,0.75,1.0,0.875
n17945,n9259,4,1.0,1.0,1.0
n17946,n14273,4,1.0,1.0,1.0
n17947,n17760,3,0.75,1.0,0.875
n17948,n9267,4,1.0,1.0,1.0
n17949,n8759,4,1.0,1.0,1.0
n1795,n5225,4,1.0,1.0,1.0
n17950,n15956,3,0.75,1.0,0.875
n17951,n16231,4,1.0,1.0,1.0
n17952,n9274,4,1.0,1.0,1.0
n17953,n8836,4,1.0,1.0,1.0
n17954,n16444,4,1.0,1.0,1.0
n17955,n16586,4,1.0,1.0,1.0
n17956,n9285,4,1.0,1.0,1.0
n17957,n8929,4,1.0,1.0,1.0
n17958,n17243,3,0.75,1.0,0.875
n17959,n9135,4,1.0,1.0,1.0
n1796,n19755,4,1.0,1.0,1.0
n17960,n9146,4,1.0,1.0,1.0
n17961,n9297,4,1.0,1.0,1.0
n17962,n17540,4,1.0,1.0,1.0
n17963,n9299,3,0.75,1.0,0.875
n17964,n9240,4,1.0,1.0,1.0
n17965,n17942,4,1.0,1.0,1.0
n17966,n9314,4,1.0,1.0,1.0
n17967,n17974,4,1.0,1.0,1.0
n17968,n18088,4,1.0,1.0,1.0
n17969,n18015,4,1.0,1.0,1.0
n1797,n19948,4,1.0,1.0,1.0
n17970,n18622,3,0.75,0.75,0.75
n17970,n9546,4,1.0,1.0,1.0
n17971,n9589,4,1.0,1.0,1.0
n17972,n18043,4,1.0,1.0,1.0
n17973,n9344,3,0.75,1.0,0.875
n17974,n18935,4,1.0,1.0,1.0
n17975,n9694,4,1.0,1.0,1.0
n17976,n18067,3,0.75,1.0,0.875
n17977,n9729,4,1.0,1.0,1.0
n17978,n18077,4,1.0,1.0,1.0
n17979,n9363,4,1.0,1.0,1.0
n1798,n20029,4,1.0,1.0,1.0
n17980,n18097,4,1.0,1.0,1.0
n17981,n19655,4,1.0,1.0,1.0
n17982,n18121,4,1.0,1.0,1.0
n17983,n19813,3,0.75,1.0,0.875
n17984,n18126,4,1.0,1.0,1.0
n17985,n9969,4,1.0,1.0,1.0
n17986,n9373,4,1.0,1.0,1.0
n17987,n18140,3,0.75,1.0,0.875
n17988,n18142,4,1.0,1.0,1.0
n17989,n18148,3,0.75,1.0,0.875
n1799,n21268,4,1.0,1.0,1.0
n17990,n20630,3,0.75,1.0,0.875
n17991,n10179,3,0.75,1.0,0.875
n17992,n10224,4,1.0,1.0,1.0
n17992,n9395,4,1.0,1.0,1.0
n17993,n20842,3,0.75,1.0,0.875
n17994,n10241,4,1.0,1.0,1.0
n17995,n10253,4,1.0,1.0,1.0
n17996,n20921,4,1.0,1.0,1.0
n17997,n18228,4,1.0,1.0,1.0
n17998,n9411,4,1.0,1.0,1.0
n17999,n9413,4,1.0,1.0,1.0
n18,n749,3,0.75,1.0,0.875
n180,n6127,3,0.75,1.0,0.875
n1800,n21292,4,1.0,1.0,1.0
n18000,n9414,4,1.0,1.0,1.0
n18001,n18292,4,1.0,1.0,1.0
n18002,n9418,4,1.0,1.0,1.0
n18003,n10563,4,1.0,1.0,1.0
n18004,n10571,4,1.0,1.0,1.0
n18005,n18338,4,1.0,1.0,1.0
n18006,n9428,4,1.0,1.0,1.0
n18007,n9434,4,1.0,1.0,1.0
n18008,n10771,4,1.0,1.0,1.0
n18009,n18386,3,0.75,1.0,0.875
n1801,n5317,3,0.75,1.0,0.875
n18010,n18388,4,1.0,1.0,1.0
n18011,n9441,4,1.0,1.0,1.0
n18012,n9444,4,1.0,1.0,1.0
n18013,n9458,4,1.0,1.0,1.0
n18014,n1648,3,0.75,1.0,0.875
n18015,n1845,4,1.0,1.0,1.0
n18016,n10980,3,0.75,1.0,0.875
n18017,n10990,4,1.0,1.0,1.0
n18018,n9466,3,0.75,1.0,0.875
n18019,n18457,4,1.0,1.0,1.0
n1802,n5323,4,1.0,1.0,1.0
n18020,n2682,4,1.0,1.0,1.0
n18021,n2909,4,1.0,1.0,1.0
n18022,n18532,4,1.0,1.0,1.0
n18023,n9508,4,1.0,1.0,1.0
n18024,n18548,3,0.75,1.0,0.875
n18025,n11403,4,1.0,1.0,1.0
n18026,n18592,4,1.0,1.0,1.0
n18027,n9533,4,1.0,1.0,1.0
n18028,n11452,4,1.0,1.0,1.0
n18029,n9541,4,1.0,1.0,1.0
n1803,n21115,4,1.0,1.0,1.0
n18030,n11515,4,1.0,1.0,1.0
n18031,n11517,4,1.0,1.0,1.0
n18032,n9553,4,1.0,1.0,1.0
n18033,n4282,3,0.75,1.0,0.875
n18034,n18667,4,1.0,1.0,1.0
n18035,n11714,4,1.0,1.0,1.0
n18036,n5140,3,0.75,1.0,0.875
n18037,n11833,4,1.0,1.0,1.0
n18038,n11837,3,0.75,1.0,0.875
n18039,n5553,4,1.0,1.0,1.0
n1804,n21746,4,1.0,1.0,1.0
n18040,n9598,3,0.75,1.0,0.875
n18041,n9625,4,1.0,1.0,1.0
n18042,n9626,4,1.0,1.0,1.0
n18043,n12209,4,1.0,1.0,1.0
n18044,n12244,3,0.75,1.0,0.875
n18045,n12272,4,1.0,1.0,1.0
n18046,n9633,4,1.0,1.0,1.0
n18047,n18886,4,1.0,1.0,1.0
n18048,n7464,4,1.0,1.0,1.0
n18049,n12348,4,1.0,1.0,1.0
n1805,n5380,4,1.0,1.0,1.0
n18050,n12375,3,0.75,1.0,0.875
n18051,n12419,4,1.0,1.0,1.0
n18052,n12494,4,1.0,1.0,1.0
n18053,n9659,4,1.0,1.0,1.0
n18054,n18942,3,0.75,1.0,0.875
n18055,n18943,3,0.75,1.0,0.875
n18056,n8184,4,1.0,1.0,1.0
n18057,n12552,4,1.0,1.0,1.0
n18058,n18960,4,1.0,1.0,1.0
n18059,n8392,4,1.0,1.0,1.0
n1806,n5405,4,1.0,1.0,1.0
n18060,n12593,4,1.0,1.0,1.0
n18061,n18986,4,1.0,1.0,1.0
n18062,n9682,3,0.75,1.0,0.875
n18063,n12794,3,0.75,1.0,0.875
n18064,n12900,4,1.0,1.0,1.0
n18065,n9865,4,1.0,1.0,1.0
n18066,n9907,4,1.0,1.0,1.0
n18067,n13016,3,0.75,1.0,0.875
n18068,n9718,3,0.75,1.0,0.875
n18069,n10262,4,1.0,1.0,1.0
n1807,n110,4,1.0,1.0,1.0
n18070,n13037,4,1.0,1.0,1.0
n18071,n13057,4,1.0,1.0,1.0
n18072,n9733,4,1.0,1.0,1.0
n18073,n19114,4,1.0,1.0,1.0
n18074,n19122,3,0.75,1.0,0.875
n18075,n13134,4,1.0,1.0,1.0
n18075,n9738,4,1.0,1.0,1.0
n18076,n9744,4,1.0,1.0,1.0
n18077,n10921,4,1.0,1.0,1.0
n18077,n19151,4,1.0,1.0,1.0
n18078,n19162,4,1.0,1.0,1.0
n18079,n11201,4,1.0,1.0,1.0
n1808,n168,4,1.0,1.0,1.0
n18080,n9761,4,1.0,1.0,1.0
n18081,n19195,4,1.0,1.0,1.0
n18082,n19252,4,1.0,1.0,1.0
n18083,n13557,3,0.75,1.0,0.875
n18084,n9781,4,1.0,1.0,1.0
n18085,n13710,4,1.0,1.0,1.0
n18086,n12653,4,1.0,1.0,1.0
n18087,n12669,3,0.75,1.0,0.875
n18088,n12889,4,1.0,1.0,1.0
n18089,n13809,4,1.0,1.0,1.0
n1809,n5450,4,1.0,1.0,1.0
n18090,n19349,4,1.0,1.0,1.0
n18091,n13063,4,1.0,1.0,1.0
n18092,n13914,4,1.0,1.0,1.0
n18093,n19394,4,1.0,1.0,1.0
n18094,n19423,3,0.75,1.0,0.875
n18095,n13920,4,1.0,1.0,1.0
n18096,n9837,4,1.0,1.0,1.0
n18097,n19470,4,1.0,1.0,1.0
n18098,n19474,4,1.0,1.0,1.0
n18099,n9844,4,1.0,1.0,1.0
n181,n6147,4,1.0,1.0,1.0
n1810,n1161,4,1.0,1.0,1.0
n18100,n14348,4,1.0,1.0,1.0
n18101,n14937,4,1.0,1.0,1.0
n18102,n9863,4,1.0,1.0,1.0
n18103,n14536,3,0.75,1.0,0.875
n18104,n14594,4,1.0,1.0,1.0
n18105,n14622,4,1.0,1.0,1.0
n18106,n15706,3,0.75,1.0,0.875
n18107,n14679,3,0.75,1.0,0.875
n18108,n9894,4,1.0,1.0,1.0
n18109,n9898,4,1.0,1.0,1.0
n1811,n6990,4,1.0,1.0,1.0
n18110,n19663,4,1.0,1.0,1.0
n18111,n14794,4,1.0,1.0,1.0
n18112,n19685,4,1.0,1.0,1.0
n18113,n19715,4,1.0,1.0,1.0
n18114,n14896,4,1.0,1.0,1.0
n18115,n9918,4,1.0,1.0,1.0
n18116,n19748,4,1.0,1.0,1.0
n18117,n9930,4,1.0,1.0,1.0
n18118,n19768,4,1.0,1.0,1.0
n18119,n17862,4,1.0,1.0,1.0
n1812,n1698,4,1.0,1.0,1.0
n18120,n19783,3,0.75,1.0,0.875
n18121,n17959,4,1.0,1.0,1.0
n18122,n15122,4,1.0,1.0,1.0
n18123,n18319,4,1.0,1.0,1.0
n18124,n19815,4,1.0,1.0,1.0
n18125,n19816,3,0.75,1.0,0.875
n18126,n19819,4,1.0,1.0,1.0
n18127,n19850,3,0.75,1.0,0.875
n18128,n15314,3,0.75,1.0,0.875
n18129,n19868,3,0.75,1.0,0.875
n1813,n559,4,1.0,1.0,1.0
n18130,n18958,4,1.0,1.0,1.0
n18131,n9959,4,1.0,1.0,1.0
n18132,n15478,3,0.75,1.0,0.875
n18133,n19555,3,0.75,1.0,0.875
n18134,n19913,4,1.0,1.0,1.0
n18135,n19890,3,0.75,1.0,0.875
n18136,n20066,4,1.0,1.0,1.0
n18137,n19980,4,1.0,1.0,1.0
n18138,n10010,4,1.0,1.0,1.0
n18139,n20014,3,0.75,1.0,0.875
n1814,n7002,4,1.0,1.0,1.0
n18140,n15759,3,0.75,1.0,0.875
n18141,n20965,3,0.75,1.0,0.875
n18142,n10021,4,1.0,1.0,1.0
n18143,n15832,4,1.0,1.0,1.0
n18144,n10034,4,1.0,1.0,1.0
n18145,n15877,4,1.0,1.0,1.0
n18146,n20085,4,1.0,1.0,1.0
n18147,n21753,4,1.0,1.0,1.0
n18148,n15929,3,0.75,1.0,0.875
n18149,n15932,4,1.0,1.0,1.0
n1815,n5633,4,1.0,1.0,1.0
n18150,n10042,4,1.0,1.0,1.0
n18151,n279,4,1.0,1.0,1.0
n18152,n546,4,1.0,1.0,1.0
n18153,n16099,4,1.0,1.0,1.0
n18154,n16109,4,1.0,1.0,1.0
n18155,n16262,3,0.75,1.0,0.875
n18156,n16314,3,0.75,1.0,0.875
n18157,n2014,4,1.0,1.0,1.0
n18158,n2023,4,1.0,1.0,1.0
n18159,n20246,4,1.0,1.0,1.0
n1816,n7018,4,1.0,1.0,1.0
n18160,n16404,4,1.0,1.0,1.0
n18161,n20277,4,1.0,1.0,1.0
n18162,n3289,4,1.0,1.0,1.0
n18163,n10099,4,1.0,1.0,1.0
n18164,n16690,4,1.0,1.0,1.0
n18165,n4327,4,1.0,1.0,1.0
n18166,n10103,4,1.0,1.0,1.0
n18167,n10106,4,1.0,1.0,1.0
n18168,n10110,4,1.0,1.0,1.0
n18169,n16898,4,1.0,1.0,1.0
n1817,n4431,4,1.0,1.0,1.0
n18170,n20482,4,1.0,1.0,1.0
n18171,n5859,3,0.75,1.0,0.875
n18172,n10129,3,0.75,1.0,0.875
n18173,n17089,3,0.75,1.0,0.875
n18174,n10136,3,0.75,1.0,0.875
n18175,n17185,4,1.0,1.0,1.0
n18176,n20541,4,1.0,1.0,1.0
n18177,n10144,4,1.0,1.0,1.0
n18178,n20583,4,1.0,1.0,1.0
n18179,n17390,3,0.75,1.0,0.875
n1818,n5653,4,1.0,1.0,1.0
n18180,n7318,4,1.0,1.0,1.0
n18181,n10157,4,1.0,1.0,1.0
n18182,n17469,4,1.0,1.0,1.0
n18183,n17492,3,0.75,1.0,0.875
n18184,n10172,4,1.0,1.0,1.0
n18185,n20645,4,1.0,1.0,1.0
n18186,n10176,4,1.0,1.0,1.0
n18187,n8080,3,0.75,1.0,0.875
n18188,n8110,4,1.0,1.0,1.0
n18189,n8402,4,1.0,1.0,1.0
n1819,n1293,4,1.0,1.0,1.0
n18190,n8730,4,1.0,1.0,1.0
n18191,n17796,4,1.0,1.0,1.0
n18192,n10193,3,0.75,1.0,0.875
n18193,n20710,4,1.0,1.0,1.0
n18194,n8905,4,1.0,1.0,1.0
n18195,n17880,3,0.75,1.0,0.875
n18196,n9047,4,1.0,1.0,1.0
n18197,n17901,4,1.0,1.0,1.0
n18198,n20737,4,1.0,1.0,1.0
n18199,n9280,3,0.75,1.0,0.875
n182,n3866,4,1.0,1.0,1.0
n1820,n5665,4,1.0,1.0,1.0
n18200,n17960,4,1.0,1.0,1.0
n18201,n10208,4,1.0,1.0,1.0
n18202,n10213,3,0.75,1.0,0.875
n18202,n10214,3,0.75,1.0,0.875
n18203,n18060,4,1.0,1.0,1.0
n18204,n20817,4,1.0,1.0,1.0
n18205,n18185,4,1.0,1.0,1.0
n18206,n10228,4,1.0,1.0,1.0
n18207,n10231,4,1.0,1.0,1.0
n18208,n10392,4,1.0,1.0,1.0
n18209,n20834,3,0.75,1.0,0.875
n1821,n5686,4,1.0,1.0,1.0
n18210,n20846,3,0.75,1.0,0.875
n18211,n10242,4,1.0,1.0,1.0
n18212,n10244,4,1.0,1.0,1.0
n18213,n18422,4,1.0,1.0,1.0
n18214,n10251,3,0.75,1.0,0.875
n18215,n11147,3,0.75,1.0,0.875
n18216,n11208,4,1.0,1.0,1.0
n18217,n11224,4,1.0,1.0,1.0
n18218,n11231,4,1.0,1.0,1.0
n18219,n18614,4,1.0,1.0,1.0
n1822,n1486,4,1.0,1.0,1.0
n18220,n20930,3,0.75,1.0,0.875
n18221,n18750,4,1.0,1.0,1.0
n18222,n10273,3,0.75,1.0,0.875
n18223,n12267,4,1.0,1.0,1.0
n18224,n20977,4,1.0,1.0,1.0
n18225,n12427,4,1.0,1.0,1.0
n18226,n12722,4,1.0,1.0,1.0
n18227,n21030,4,1.0,1.0,1.0
n18228,n10296,4,1.0,1.0,1.0
n18229,n21048,4,1.0,1.0,1.0
n1823,n1563,4,1.0,1.0,1.0
n18230,n10302,4,1.0,1.0,1.0
n18231,n10304,4,1.0,1.0,1.0
n18232,n10311,4,1.0,1.0,1.0
n18233,n19328,4,1.0,1.0,1.0
n18234,n19338,3,0.75,1.0,0.875
n18235,n19415,4,1.0,1.0,1.0
n18236,n10324,4,1.0,1.0,1.0
n18237,n21117,4,1.0,1.0,1.0
n18238,n10326,4,1.0,1.0,1.0
n18239,n19559,4,1.0,1.0,1.0
n1824,n1668,4,1.0,1.0,1.0
n18240,n21122,4,1.0,1.0,1.0
n18241,n14592,3,0.75,1.0,0.875
n18242,n19612,4,1.0,1.0,1.0
n18243,n19652,4,1.0,1.0,1.0
n18244,n21142,4,1.0,1.0,1.0
n18245,n19678,4,1.0,1.0,1.0
n18246,n21153,4,1.0,1.0,1.0
n18247,n10338,4,1.0,1.0,1.0
n18248,n10349,4,1.0,1.0,1.0
n18249,n15210,4,1.0,1.0,1.0
n1825,n1720,4,1.0,1.0,1.0
n18250,n15674,3,0.75,1.0,0.875
n18251,n21234,3,0.75,1.0,0.875
n18252,n20087,4,1.0,1.0,1.0
n18253,n10380,4,1.0,1.0,1.0
n18254,n20211,4,1.0,1.0,1.0
n18255,n10385,4,1.0,1.0,1.0
n18256,n16375,3,0.75,1.0,0.875
n18257,n20253,4,1.0,1.0,1.0
n18258,n16421,4,1.0,1.0,1.0
n18259,n10387,3,0.75,1.0,0.875
n1826,n1737,4,1.0,1.0,1.0
n18260,n21319,4,1.0,1.0,1.0
n18261,n16610,4,1.0,1.0,1.0
n18262,n20386,3,0.75,1.0,0.875
n18263,n10396,4,1.0,1.0,1.0
n18264,n10400,4,1.0,1.0,1.0
n18265,n20499,4,1.0,1.0,1.0
n18266,n10407,4,1.0,1.0,1.0
n18267,n17137,4,1.0,1.0,1.0
n18268,n10409,4,1.0,1.0,1.0
n18269,n21399,4,1.0,1.0,1.0
n1827,n7054,3,0.75,1.0,0.875
n18270,n20572,4,1.0,1.0,1.0
n18271,n10411,4,1.0,1.0,1.0
n18272,n20594,4,1.0,1.0,1.0
n18273,n21420,4,1.0,1.0,1.0
n18274,n21423,4,1.0,1.0,1.0
n18275,n10421,4,1.0,1.0,1.0
n18276,n20678,4,1.0,1.0,1.0
n18277,n10426,4,1.0,1.0,1.0
n18278,n10429,4,1.0,1.0,1.0
n18279,n10432,4,1.0,1.0,1.0
n1828,n7056,4,1.0,1.0,1.0
n18280,n10433,3,0.75,1.0,0.875
n18281,n20796,4,1.0,1.0,1.0
n18282,n18234,3,0.75,1.0,0.875
n18283,n20844,4,1.0,1.0,1.0
n18284,n21521,4,1.0,1.0,1.0
n18285,n18320,4,1.0,1.0,1.0
n18286,n20904,3,0.75,1.0,0.875
n18287,n21564,4,1.0,1.0,1.0
n18288,n18813,4,1.0,1.0,1.0
n18289,n10453,4,1.0,1.0,1.0
n1829,n7060,4,1.0,1.0,1.0
n18290,n10461,4,1.0,1.0,1.0
n18291,n21139,4,1.0,1.0,1.0
n18292,n21149,4,1.0,1.0,1.0
n18293,n21694,4,1.0,1.0,1.0
n18294,n20284,4,1.0,1.0,1.0
n18295,n21365,4,1.0,1.0,1.0
n18296,n20634,4,1.0,1.0,1.0
n18297,n21759,4,1.0,1.0,1.0
n18298,n20805,4,1.0,1.0,1.0
n18299,n10490,4,1.0,1.0,1.0
n183,n4651,4,1.0,1.0,1.0
n1830,n7065,4,1.0,1.0,1.0
n18300,n20934,4,1.0,1.0,1.0
n18301,n21217,4,1.0,1.0,1.0
n18302,n21303,4,1.0,1.0,1.0
n18303,n21346,4,1.0,1.0,1.0
n18304,n10511,3,0.75,1.0,0.875
n18305,n21853,4,1.0,1.0,1.0
n18306,n21501,3,0.75,1.0,0.875
n18307,n10516,4,1.0,1.0,1.0
n18308,n21900,4,1.0,1.0,1.0
n18309,n21907,4,1.0,1.0,1.0
n18309,n21913,4,1.0,1.0,1.0
n1831,n7366,4,1.0,1.0,1.0
n18310,n20,4,1.0,1.0,1.0
n18311,n72,3,0.75,1.0,0.875
n18312,n88,4,1.0,1.0,1.0
n18313,n10539,4,1.0,1.0,1.0
n18314,n400,4,1.0,1.0,1.0
n18315,n463,4,1.0,1.0,1.0
n18316,n1662,4,1.0,1.0,1.0
n18317,n201,4,1.0,1.0,1.0
n18318,n667,4,1.0,1.0,1.0
n18319,n10566,4,1.0,1.0,1.0
n1832,n1992,4,1.0,1.0,1.0
n18320,n10581,4,1.0,1.0,1.0
n18321,n10583,4,1.0,1.0,1.0
n18322,n302,4,1.0,1.0,1.0
n18323,n3378,4,1.0,1.0,1.0
n18324,n941,4,1.0,1.0,1.0
n18325,n307,4,1.0,1.0,1.0
n18326,n945,4,1.0,1.0,1.0
n18327,n320,4,1.0,1.0,1.0
n18328,n3787,3,0.75,1.0,0.875
n18329,n3807,4,1.0,1.0,1.0
n1833,n7086,4,1.0,1.0,1.0
n18330,n328,3,0.75,1.0,0.875
n18331,n10593,4,1.0,1.0,1.0
n18332,n364,4,1.0,1.0,1.0
n18333,n1154,4,1.0,1.0,1.0
n18334,n10603,4,1.0,1.0,1.0
n18335,n10604,4,1.0,1.0,1.0
n18336,n10605,4,1.0,1.0,1.0
n18337,n1259,4,1.0,1.0,1.0
n18338,n4821,4,1.0,1.0,1.0
n18339,n4849,4,1.0,1.0,1.0
n1834,n7087,4,1.0,1.0,1.0
n18340,n4948,4,1.0,1.0,1.0
n18340,n4950,4,1.0,1.0,1.0
n18341,n5071,4,1.0,1.0,1.0
n18342,n5188,4,1.0,1.0,1.0
n18343,n5552,4,1.0,1.0,1.0
n18344,n535,3,0.75,1.0,0.875
n18345,n1782,4,1.0,1.0,1.0
n18346,n10646,3,0.75,1.0,0.875
n18347,n571,4,1.0,1.0,1.0
n18348,n578,3,0.75,1.0,0.875
n18349,n1837,4,1.0,1.0,1.0
n1835,n8388,4,1.0,1.0,1.0
n18350,n7260,4,1.0,1.0,1.0
n18351,n10649,3,0.75,1.0,0.875
n18352,n10652,4,1.0,1.0,1.0
n18353,n1930,4,1.0,1.0,1.0
n18354,n1945,3,0.75,1.0,0.875
n18355,n1971,4,1.0,1.0,1.0
n18355,n1972,4,1.0,1.0,1.0
n18356,n612,4,1.0,1.0,1.0
n18357,n10655,3,0.75,1.0,0.875
n18358,n10664,3,0.75,1.0,0.875
n18359,n2141,3,0.75,1.0,0.875
n1836,n2120,3,0.75,1.0,0.875
n18360,n2225,4,1.0,1.0,1.0
n18360,n2226,4,1.0,1.0,1.0
n18361,n2227,4,1.0,1.0,1.0
n18361,n2228,4,1.0,1.0,1.0
n18362,n2362,3,0.75,1.0,0.875
n18363,n10218,4,1.0,1.0,1.0
n18364,n10656,3,0.75,1.0,0.875
n18365,n744,4,1.0,1.0,1.0
n18366,n10693,3,0.75,1.0,0.875
n18367,n10703,3,0.75,1.0,0.875
n18368,n784,4,1.0,1.0,1.0
n18369,n2798,3,0.75,1.0,0.875
n1837,n9015,4,1.0,1.0,1.0
n18370,n834,3,0.75,1.0,0.875
n18371,n11883,4,1.0,1.0,1.0
n18372,n11935,1,0.25,1.0,0.625
n18373,n881,4,1.0,1.0,1.0
n18374,n3206,4,1.0,1.0,1.0
n18375,n901,4,1.0,1.0,1.0
n18376,n906,4,1.0,1.0,1.0
n18377,n916,4,1.0,1.0,1.0
n18378,n3499,4,1.0,1.0,1.0
n18379,n10757,4,1.0,1.0,1.0
n1838,n5947,4,1.0,1.0,1.0
n18380,n10759,3,0.75,1.0,0.875
n18381,n991,3,0.75,1.0,0.875
n18382,n10767,4,1.0,1.0,1.0
n18383,n10768,3,0.75,1.0,0.875
n18384,n10772,4,1.0,1.0,1.0
n18385,n3769,4,1.0,1.0,1.0
n18386,n14648,3,0.75,1.0,0.875
n18387,n14804,4,1.0,1.0,1.0
n18388,n14900,4,1.0,1.0,1.0
n18389,n10789,4,1.0,1.0,1.0
n1839,n2239,4,1.0,1.0,1.0
n18390,n10791,4,1.0,1.0,1.0
n18391,n10797,4,1.0,1.0,1.0
n18392,n15326,4,1.0,1.0,1.0
n18393,n15467,4,1.0,1.0,1.0
n18394,n10808,4,1.0,1.0,1.0
n18395,n15940,4,1.0,1.0,1.0
n18396,n16195,4,1.0,1.0,1.0
n18397,n16265,4,1.0,1.0,1.0
n18398,n1173,4,1.0,1.0,1.0
n18399,n1182,4,1.0,1.0,1.0
n184,n4914,3,0.75,1.0,0.875
n1840,n2257,4,1.0,1.0,1.0
n18400,n1191,4,1.0,1.0,1.0
n18401,n10816,4,1.0,1.0,1.0
n18402,n1200,4,1.0,1.0,1.0
n18403,n16812,4,1.0,1.0,1.0
n18404,n16849,4,1.0,1.0,1.0
n18405,n4413,4,1.0,1.0,1.0
n18406,n4470,4,1.0,1.0,1.0
n18407,n17379,4,1.0,1.0,1.0
n18408,n10825,4,1.0,1.0,1.0
n18409,n18013,4,1.0,1.0,1.0
n1841,n9663,3,0.75,1.0,0.875
n18410,n1255,3,0.75,1.0,0.875
n18411,n4615,4,1.0,1.0,1.0
n18412,n10834,4,1.0,1.0,1.0
n18413,n19171,4,1.0,1.0,1.0
n18414,n1315,4,1.0,1.0,1.0
n18415,n4924,3,0.75,0.75,0.75
n18415,n4925,4,1.0,1.0,1.0
n18416,n19670,3,0.75,1.0,0.875
n18417,n10846,4,1.0,1.0,1.0
n18418,n10847,4,1.0,1.0,1.0
n18419,n10852,4,1.0,1.0,1.0
n1842,n5991,4,1.0,1.0,1.0
n18420,n1393,4,1.0,1.0,1.0
n18421,n10859,3,0.75,1.0,0.875
n18422,n1417,4,1.0,1.0,1.0
n18423,n5260,4,1.0,1.0,1.0
n18424,n5314,4,1.0,1.0,1.0
n18425,n1440,3,0.75,1.0,0.875
n18426,n94,4,1.0,1.0,1.0
n18427,n5434,4,1.0,1.0,1.0
n18428,n5486,4,1.0,1.0,1.0
n18429,n5560,4,1.0,1.0,1.0
n1843,n2509,4,1.0,1.0,1.0
n18430,n10880,4,1.0,1.0,1.0
n18431,n5776,4,1.0,1.0,1.0
n18432,n1566,4,1.0,1.0,1.0
n18433,n1594,4,1.0,1.0,1.0
n18434,n3223,4,1.0,1.0,1.0
n18435,n1659,3,0.75,1.0,0.875
n18436,n1665,4,1.0,1.0,1.0
n18437,n10936,4,1.0,1.0,1.0
n18438,n4016,3,0.75,1.0,0.875
n18439,n10948,4,1.0,1.0,1.0
n1844,n7159,4,1.0,1.0,1.0
n18440,n1739,4,1.0,1.0,1.0
n18441,n6664,4,1.0,1.0,1.0
n18442,n6680,4,1.0,1.0,1.0
n18443,n10962,4,1.0,1.0,1.0
n18444,n6958,4,1.0,1.0,1.0
n18445,n5436,4,1.0,1.0,1.0
n18446,n5598,4,1.0,1.0,1.0
n18447,n1916,4,1.0,1.0,1.0
n18448,n1937,4,1.0,1.0,1.0
n18449,n11001,3,0.75,1.0,0.875
n1845,n6093,4,1.0,1.0,1.0
n18450,n7794,4,1.0,1.0,1.0
n18451,n7698,3,0.75,1.0,0.875
n18452,n11007,4,1.0,1.0,1.0
n18453,n7849,4,1.0,1.0,1.0
n18454,n11016,3,0.75,1.0,0.875
n18455,n7923,4,1.0,1.0,1.0
n18456,n8914,4,1.0,1.0,1.0
n18457,n9065,4,1.0,1.0,1.0
n18458,n9270,4,1.0,1.0,1.0
n18459,n9888,3,0.75,1.0,0.875
n1846,n6094,3,0.75,1.0,0.875
n18460,n2124,3,0.75,1.0,0.875
n18461,n8743,4,1.0,1.0,1.0
n18462,n16247,4,1.0,1.0,1.0
n18463,n16374,4,1.0,1.0,1.0
n18464,n8864,4,1.0,1.0,1.0
n18465,n2191,3,0.75,1.0,0.875
n18466,n11063,4,1.0,1.0,1.0
n18467,n17289,4,1.0,1.0,1.0
n18468,n9207,3,0.75,1.0,0.875
n18469,n11072,3,0.75,1.0,0.875
n1847,n11591,3,0.75,1.0,0.875
n18470,n9274,4,1.0,1.0,1.0
n18471,n18505,4,1.0,1.0,1.0
n18472,n18684,3,0.75,1.0,0.875
n18473,n18731,3,0.75,1.0,0.875
n18474,n19093,4,1.0,1.0,1.0
n18475,n11088,3,0.75,1.0,0.875
n18476,n2326,4,1.0,1.0,1.0
n18477,n19322,3,0.75,1.0,0.875
n18478,n2330,3,0.75,1.0,0.875
n18479,n2331,4,1.0,1.0,1.0
n1848,n11618,3,0.75,1.0,0.875
n18480,n11094,4,1.0,1.0,1.0
n18481,n2348,4,1.0,1.0,1.0
n18482,n19998,4,1.0,1.0,1.0
n18483,n2374,4,1.0,1.0,1.0
n18484,n2405,3,0.75,1.0,0.875
n18485,n2443,4,1.0,1.0,1.0
n18486,n10424,4,1.0,1.0,1.0
n18487,n21638,4,1.0,1.0,1.0
n18488,n21714,4,1.0,1.0,1.0
n18489,n21792,3,0.75,1.0,0.875
n1849,n2998,3,0.75,1.0,0.875
n18490,n11127,4,1.0,1.0,1.0
n18491,n61,4,1.0,1.0,1.0
n18492,n10547,4,1.0,1.0,1.0
n18493,n10554,4,1.0,1.0,1.0
n18494,n187,4,1.0,1.0,1.0
n18495,n2524,4,1.0,1.0,1.0
n18496,n11137,4,1.0,1.0,1.0
n18497,n11138,4,1.0,1.0,1.0
n18498,n10663,3,0.75,1.0,0.875
n18499,n2549,4,1.0,1.0,1.0
n185,n6976,4,1.0,1.0,1.0
n1850,n7199,4,1.0,1.0,1.0
n18500,n907,3,0.75,1.0,0.875
n18501,n10835,3,0.75,1.0,0.875
n18502,n1595,4,1.0,1.0,1.0
n18503,n2649,4,1.0,1.0,1.0
n18504,n10969,3,0.75,1.0,0.875
n18505,n2660,4,1.0,1.0,1.0
n18506,n11175,4,1.0,1.0,1.0
n18507,n2664,4,1.0,1.0,1.0
n18508,n2256,4,1.0,1.0,1.0
n18509,n2701,3,0.75,1.0,0.875
n1851,n3091,4,1.0,1.0,1.0
n18510,n2544,4,1.0,1.0,1.0
n18511,n2711,3,0.75,1.0,0.875
n18512,n2817,3,0.75,1.0,0.875
n18513,n11200,4,1.0,1.0,1.0
n18514,n3032,4,1.0,1.0,1.0
n18515,n3050,3,0.75,1.0,0.875
n18516,n3090,3,0.75,1.0,0.875
n18517,n3270,4,1.0,1.0,1.0
n18518,n2776,4,1.0,1.0,1.0
n18519,n3418,3,0.75,1.0,0.875
n1852,n12441,3,0.75,1.0,0.875
n18520,n2785,3,0.75,1.0,0.875
n18521,n3495,3,0.75,1.0,0.875
n18522,n3510,4,1.0,1.0,1.0
n18523,n11439,4,1.0,1.0,1.0
n18524,n11214,3,0.75,1.0,0.875
n18525,n11576,4,1.0,1.0,1.0
n18526,n11623,4,1.0,1.0,1.0
n18527,n4464,4,1.0,1.0,1.0
n18528,n2864,4,1.0,1.0,1.0
n18529,n11717,4,1.0,1.0,1.0
n1853,n6247,4,1.0,1.0,1.0
n18530,n2907,3,0.75,1.0,0.875
n18531,n2916,4,1.0,1.0,1.0
n18532,n11247,4,1.0,1.0,1.0
n18533,n6021,4,1.0,1.0,1.0
n18534,n11989,4,1.0,1.0,1.0
n18535,n12036,4,1.0,1.0,1.0
n18536,n3003,4,1.0,1.0,1.0
n18537,n12068,4,1.0,1.0,1.0
n18538,n7010,4,1.0,1.0,1.0
n18539,n3051,4,1.0,1.0,1.0
n1854,n3138,3,0.75,1.0,0.875
n18540,n12243,4,1.0,1.0,1.0
n18541,n12249,4,1.0,1.0,1.0
n18542,n12252,4,1.0,1.0,1.0
n18543,n12261,4,1.0,1.0,1.0
n18544,n7438,4,1.0,1.0,1.0
n18545,n11289,3,0.75,1.0,0.875
n18546,n11292,3,0.75,1.0,0.875
n18547,n7755,3,0.75,1.0,0.875
n18548,n11296,3,0.75,1.0,0.875
n18549,n7957,4,1.0,1.0,1.0
n1855,n12626,4,1.0,1.0,1.0
n18550,n12486,4,1.0,1.0,1.0
n18551,n12532,4,1.0,1.0,1.0
n18552,n3168,3,0.75,1.0,0.875
n18553,n8634,4,1.0,1.0,1.0
n18554,n3186,4,1.0,1.0,1.0
n18555,n11308,4,1.0,1.0,1.0
n18556,n9023,4,1.0,1.0,1.0
n18557,n3213,4,1.0,1.0,1.0
n18558,n11313,4,1.0,1.0,1.0
n18559,n12835,3,0.75,1.0,0.875
n1856,n6266,4,1.0,1.0,1.0
n18560,n9498,4,1.0,1.0,1.0
n18561,n9732,4,1.0,1.0,1.0
n18562,n12915,3,0.75,1.0,0.875
n18563,n3271,3,0.75,1.0,0.875
n18564,n10760,4,1.0,1.0,1.0
n18565,n11349,4,1.0,1.0,1.0
n18566,n11355,3,0.75,1.0,0.875
n18567,n11027,3,0.75,1.0,0.875
n18568,n11168,4,1.0,1.0,1.0
n18569,n3397,4,1.0,1.0,1.0
n1857,n6283,4,1.0,1.0,1.0
n18570,n11372,4,1.0,1.0,1.0
n18571,n13501,4,1.0,1.0,1.0
n18572,n3475,4,1.0,1.0,1.0
n18573,n11387,4,1.0,1.0,1.0
n18574,n13593,4,1.0,1.0,1.0
n18575,n11394,3,0.75,1.0,0.875
n18576,n11395,4,1.0,1.0,1.0
n18577,n13615,4,1.0,1.0,1.0
n18578,n3511,4,1.0,1.0,1.0
n18579,n11400,3,0.75,1.0,0.875
n1858,n6284,4,1.0,1.0,1.0
n18580,n3517,4,1.0,1.0,1.0
n18581,n12515,4,1.0,1.0,1.0
n18582,n11410,4,1.0,1.0,1.0
n18583,n3542,4,1.0,1.0,1.0
n18584,n12875,4,1.0,1.0,1.0
n18585,n13829,3,0.75,1.0,0.875
n18586,n11419,4,1.0,1.0,1.0
n18587,n13149,4,1.0,1.0,1.0
n18588,n13198,3,0.75,1.0,0.875
n18589,n3587,4,1.0,1.0,1.0
n1859,n6360,4,1.0,1.0,1.0
n18590,n13906,3,0.75,1.0,0.875
n18591,n3590,4,1.0,1.0,1.0
n18592,n13262,4,1.0,1.0,1.0
n18593,n3606,4,1.0,1.0,1.0
n18594,n3627,4,1.0,1.0,1.0
n18595,n11429,4,1.0,1.0,1.0
n18596,n3643,4,1.0,1.0,1.0
n18597,n11430,4,1.0,1.0,1.0
n18598,n14090,4,1.0,1.0,1.0
n18599,n11431,4,1.0,1.0,1.0
n18599,n11432,3,0.75,0.75,0.75
n186,n577,4,1.0,1.0,1.0
n1860,n3594,4,1.0,1.0,1.0
n18600,n11437,3,0.75,1.0,0.875
n18601,n14182,4,1.0,1.0,1.0
n18602,n14259,4,1.0,1.0,1.0
n18603,n11454,4,1.0,1.0,1.0
n18604,n11455,4,1.0,1.0,1.0
n18605,n3708,4,1.0,1.0,1.0
n18606,n11471,4,1.0,1.0,1.0
n18607,n15204,4,1.0,1.0,1.0
n18608,n11484,4,1.0,1.0,1.0
n18609,n3803,3,0.75,1.0,0.875
n1861,n7279,4,1.0,1.0,1.0
n18610,n14709,4,1.0,1.0,1.0
n18611,n14722,4,1.0,1.0,1.0
n18612,n11488,3,0.75,1.0,0.875
n18613,n3849,4,1.0,1.0,1.0
n18614,n11489,4,1.0,1.0,1.0
n18614,n14813,4,1.0,1.0,1.0
n18615,n14893,4,1.0,1.0,1.0
n18616,n14909,4,1.0,1.0,1.0
n18617,n3889,4,1.0,1.0,1.0
n18618,n14980,3,0.75,1.0,0.875
n18619,n11501,3,0.75,1.0,0.875
n1862,n3724,4,1.0,1.0,1.0
n18620,n11505,4,1.0,1.0,1.0
n18621,n3926,4,1.0,1.0,1.0
n18622,n17976,3,0.75,1.0,0.875
n18623,n15170,4,1.0,1.0,1.0
n18624,n15192,3,0.75,1.0,0.875
n18625,n11516,4,1.0,1.0,1.0
n18626,n18421,3,0.75,1.0,0.875
n18627,n3963,3,0.75,1.0,0.875
n18628,n3966,4,1.0,1.0,1.0
n18629,n4019,4,1.0,1.0,1.0
n1863,n3749,4,1.0,1.0,1.0
n18630,n11547,4,1.0,1.0,1.0
n18631,n11553,3,0.75,1.0,0.875
n18632,n4089,4,1.0,1.0,1.0
n18633,n4114,4,1.0,1.0,1.0
n18634,n21900,4,1.0,1.0,1.0
n18635,n4170,4,1.0,1.0,1.0
n18636,n495,4,1.0,1.0,1.0
n18637,n4188,4,1.0,1.0,1.0
n18638,n4215,4,1.0,1.0,1.0
n18639,n4235,4,1.0,1.0,1.0
n1864,n14532,4,1.0,1.0,1.0
n18640,n4240,3,0.75,1.0,0.875
n18641,n4258,4,1.0,1.0,1.0
n18642,n11605,4,1.0,1.0,1.0
n18643,n11606,4,1.0,1.0,1.0
n18644,n4278,4,1.0,1.0,1.0
n18645,n4345,4,1.0,1.0,1.0
n18646,n4363,4,1.0,1.0,1.0
n18647,n16872,4,1.0,1.0,1.0
n18648,n11621,4,1.0,1.0,1.0
n18649,n5725,4,1.0,1.0,1.0
n1865,n3770,4,1.0,1.0,1.0
n18650,n11631,3,0.75,1.0,0.875
n18651,n11635,4,1.0,1.0,1.0
n18652,n6881,3,0.75,1.0,0.875
n18653,n4483,4,1.0,1.0,1.0
n18654,n7093,3,0.75,1.0,0.875
n18655,n4503,4,1.0,1.0,1.0
n18656,n11643,4,1.0,1.0,1.0
n18657,n17485,4,1.0,1.0,1.0
n18658,n17570,4,1.0,1.0,1.0
n18659,n4524,4,1.0,1.0,1.0
n1866,n3864,4,1.0,1.0,1.0
n18660,n17612,4,1.0,1.0,1.0
n18661,n11650,4,1.0,1.0,1.0
n18662,n4542,4,1.0,1.0,1.0
n18663,n4556,4,1.0,1.0,1.0
n18664,n4557,3,0.75,1.0,0.875
n18665,n17778,3,0.75,1.0,0.875
n18666,n8815,3,0.75,1.0,0.875
n18667,n4568,4,1.0,1.0,1.0
n18668,n9631,4,1.0,1.0,1.0
n18669,n18098,4,1.0,1.0,1.0
n1867,n7304,4,1.0,1.0,1.0
n18670,n11668,4,1.0,1.0,1.0
n18671,n4617,4,1.0,1.0,1.0
n18672,n4621,3,0.75,1.0,0.875
n18673,n10120,4,1.0,1.0,1.0
n18674,n11672,4,1.0,1.0,1.0
n18675,n11673,4,1.0,1.0,1.0
n18676,n10471,4,1.0,1.0,1.0
n18677,n10635,4,1.0,1.0,1.0
n18678,n10739,4,1.0,1.0,1.0
n18679,n4697,3,0.75,1.0,0.875
n1868,n4000,4,1.0,1.0,1.0
n18680,n18460,3,0.75,1.0,0.875
n18681,n4715,4,1.0,1.0,1.0
n18682,n18507,4,1.0,1.0,1.0
n18683,n11684,3,0.75,1.0,0.875
n18684,n11569,3,0.75,1.0,0.875
n18685,n11596,3,0.75,1.0,0.875
n18686,n4758,4,1.0,1.0,1.0
n18687,n4761,4,1.0,1.0,1.0
n18688,n11691,3,0.75,1.0,0.875
n18689,n12511,4,1.0,1.0,1.0
n1869,n6576,4,1.0,1.0,1.0
n18690,n12768,3,0.75,1.0,0.875
n18691,n19106,4,1.0,1.0,1.0
n18692,n4846,4,1.0,1.0,1.0
n18693,n19190,4,1.0,1.0,1.0
n18694,n11701,3,0.75,1.0,0.875
n18695,n13437,4,1.0,1.0,1.0
n18696,n19254,4,1.0,1.0,1.0
n18697,n13583,4,1.0,1.0,1.0
n18698,n11709,4,1.0,1.0,1.0
n18699,n11726,4,1.0,1.0,1.0
n187,n582,4,1.0,1.0,1.0
n1870,n4070,4,1.0,1.0,1.0
n18700,n11745,4,1.0,1.0,1.0
n18701,n19955,4,1.0,1.0,1.0
n18702,n4998,4,1.0,1.0,1.0
n18703,n20243,4,1.0,1.0,1.0
n18704,n20245,4,1.0,1.0,1.0
n18705,n5059,4,1.0,1.0,1.0
n18706,n11762,4,1.0,1.0,1.0
n18707,n16527,4,1.0,1.0,1.0
n18708,n16572,4,1.0,1.0,1.0
n18709,n16859,4,1.0,1.0,1.0
n1871,n7319,4,1.0,1.0,1.0
n18710,n17270,3,0.75,1.0,0.875
n18711,n11769,4,1.0,1.0,1.0
n18712,n20691,4,1.0,1.0,1.0
n18713,n5154,4,1.0,1.0,1.0
n18714,n18132,3,0.75,1.0,0.875
n18715,n5168,4,1.0,1.0,1.0
n18716,n5182,4,1.0,1.0,1.0
n18717,n5183,4,1.0,1.0,1.0
n18718,n20901,3,0.75,1.0,0.875
n18719,n20956,4,1.0,1.0,1.0
n1872,n4226,4,1.0,1.0,1.0
n18720,n18978,3,0.75,1.0,0.875
n18721,n21034,4,1.0,1.0,1.0
n18722,n11779,4,1.0,1.0,1.0
n18723,n5232,4,1.0,1.0,1.0
n18724,n21204,4,1.0,1.0,1.0
n18725,n11785,3,0.75,1.0,0.875
n18726,n11786,4,1.0,1.0,1.0
n18727,n20513,4,1.0,1.0,1.0
n18728,n11798,4,1.0,1.0,1.0
n18729,n21717,4,1.0,1.0,1.0
n1873,n6624,4,1.0,1.0,1.0
n18730,n11811,3,0.75,1.0,0.875
n18731,n162,3,0.75,1.0,0.875
n18732,n540,3,0.75,1.0,0.875
n18733,n11827,4,1.0,1.0,1.0
n18734,n5472,4,1.0,1.0,1.0
n18735,n5477,4,1.0,1.0,1.0
n18736,n390,4,1.0,1.0,1.0
n18737,n5499,4,1.0,1.0,1.0
n18738,n5507,3,0.75,1.0,0.875
n18739,n1592,4,1.0,1.0,1.0
n1874,n16336,3,0.75,1.0,0.875
n18740,n593,4,1.0,1.0,1.0
n18741,n5528,4,1.0,1.0,1.0
n18742,n2035,4,1.0,1.0,1.0
n18743,n11843,4,1.0,1.0,1.0
n18743,n5534,4,1.0,1.0,1.0
n18744,n5535,3,0.75,1.0,0.875
n18745,n702,4,1.0,1.0,1.0
n18746,n11850,4,1.0,1.0,1.0
n18747,n2426,4,1.0,1.0,1.0
n18748,n5575,4,1.0,1.0,1.0
n18749,n3355,3,0.75,1.0,0.875
n1875,n6630,4,1.0,1.0,1.0
n18750,n3710,4,1.0,1.0,1.0
n18751,n1019,4,1.0,1.0,1.0
n18752,n4222,4,1.0,1.0,1.0
n18753,n4316,4,1.0,1.0,1.0
n18754,n4404,4,1.0,1.0,1.0
n18755,n5667,4,1.0,1.0,1.0
n18756,n4873,4,1.0,1.0,1.0
n18757,n4944,4,1.0,1.0,1.0
n18758,n5677,4,1.0,1.0,1.0
n18759,n11892,4,1.0,1.0,1.0
n1876,n4389,4,1.0,1.0,1.0
n18760,n5619,4,1.0,1.0,1.0
n18761,n11895,4,1.0,1.0,1.0
n18762,n5724,4,1.0,1.0,1.0
n18763,n5751,3,0.75,1.0,0.875
n18764,n6612,4,1.0,1.0,1.0
n18765,n1801,3,0.75,1.0,0.875
n18766,n11912,3,0.75,1.0,0.875
n18767,n7131,4,1.0,1.0,1.0
n18768,n5807,4,1.0,1.0,1.0
n18769,n1999,4,1.0,1.0,1.0
n1877,n6659,4,1.0,1.0,1.0
n18770,n5882,4,1.0,1.0,1.0
n18771,n2135,4,1.0,1.0,1.0
n18772,n2144,3,0.75,1.0,0.875
n18773,n11937,4,1.0,1.0,1.0
n18774,n11942,4,1.0,1.0,1.0
n18775,n11949,3,0.75,1.0,0.875
n18776,n9562,4,1.0,1.0,1.0
n18777,n6006,3,0.75,1.0,0.875
n18778,n11960,4,1.0,1.0,1.0
n18779,n2488,4,1.0,1.0,1.0
n1878,n4403,4,1.0,1.0,1.0
n18780,n10532,3,0.75,1.0,0.875
n18781,n2581,4,1.0,1.0,1.0
n18782,n6077,4,1.0,1.0,1.0
n18783,n10934,4,1.0,1.0,1.0
n18784,n11985,3,0.75,1.0,0.875
n18785,n2764,4,1.0,1.0,1.0
n18786,n11321,4,1.0,1.0,1.0
n18786,n11323,4,1.0,1.0,1.0
n18787,n11396,3,0.75,1.0,0.875
n18788,n11998,4,1.0,1.0,1.0
n18788,n6135,3,0.75,0.75,0.75
n18789,n6140,4,1.0,1.0,1.0
n1879,n16974,3,0.75,1.0,0.875
n18790,n2940,4,1.0,1.0,1.0
n18791,n6185,3,0.75,1.0,0.875
n18792,n6188,3,0.75,1.0,0.875
n18793,n12019,4,1.0,1.0,1.0
n18794,n3077,4,1.0,1.0,1.0
n18795,n12393,4,1.0,1.0,1.0
n18796,n6230,3,0.75,1.0,0.875
n18797,n12025,3,0.75,1.0,0.875
n18798,n12760,3,0.75,1.0,0.875
n18799,n3230,4,1.0,1.0,1.0
n188,n7166,3,0.75,1.0,0.875
n1880,n4432,4,1.0,1.0,1.0
n18800,n3294,4,1.0,1.0,1.0
n18801,n13022,4,1.0,1.0,1.0
n18802,n3353,4,1.0,1.0,1.0
n18803,n12049,3,0.75,0.75,0.75
n18803,n3435,4,1.0,1.0,1.0
n18804,n13461,3,0.75,1.0,0.875
n18805,n6376,4,1.0,1.0,1.0
n18806,n6387,4,1.0,1.0,1.0
n18807,n3611,3,0.75,1.0,0.875
n18808,n6441,3,0.75,1.0,0.875
n18809,n3667,4,1.0,1.0,1.0
n1881,n6676,4,1.0,1.0,1.0
n18810,n12073,4,1.0,1.0,1.0
n18811,n6476,4,1.0,1.0,1.0
n18812,n12083,4,1.0,1.0,1.0
n18813,n6521,4,1.0,1.0,1.0
n18814,n6540,4,1.0,1.0,1.0
n18815,n6551,4,1.0,1.0,1.0
n18816,n4011,4,1.0,1.0,1.0
n18817,n6556,4,1.0,1.0,1.0
n18818,n12104,4,1.0,1.0,1.0
n18819,n4034,4,1.0,1.0,1.0
n1882,n17271,4,1.0,1.0,1.0
n18820,n6571,4,1.0,1.0,1.0
n18821,n15613,3,0.75,1.0,0.875
n18822,n12108,4,1.0,1.0,1.0
n18823,n12113,4,1.0,1.0,1.0
n18824,n6604,3,0.75,1.0,0.875
n18825,n16071,3,0.75,1.0,0.875
n18826,n16172,4,1.0,1.0,1.0
n18827,n4394,4,1.0,1.0,1.0
n18828,n12126,3,0.75,1.0,0.875
n18829,n4491,3,0.75,1.0,0.875
n1883,n6686,4,1.0,1.0,1.0
n18830,n17535,4,1.0,1.0,1.0
n18831,n4625,4,1.0,1.0,1.0
n18832,n6734,4,1.0,1.0,1.0
n18833,n18648,4,1.0,1.0,1.0
n18834,n18981,3,0.75,1.0,0.875
n18835,n19369,4,1.0,1.0,1.0
n18836,n6813,3,0.75,1.0,0.875
n18837,n6853,4,1.0,1.0,1.0
n18838,n12176,4,1.0,1.0,1.0
n18839,n5050,4,1.0,1.0,1.0
n1884,n7341,4,1.0,1.0,1.0
n18840,n12183,4,1.0,1.0,1.0
n18841,n12188,4,1.0,1.0,1.0
n18842,n5258,4,1.0,1.0,1.0
n18843,n12194,4,1.0,1.0,1.0
n18844,n12197,4,1.0,1.0,1.0
n18845,n21523,4,1.0,1.0,1.0
n18846,n12211,4,1.0,1.0,1.0
n18847,n12212,4,1.0,1.0,1.0
n18848,n7001,4,1.0,1.0,1.0
n18849,n857,4,1.0,1.0,1.0
n1885,n17526,4,1.0,1.0,1.0
n18850,n5608,4,1.0,1.0,1.0
n18851,n5626,4,1.0,1.0,1.0
n18852,n7044,4,1.0,1.0,1.0
n18853,n1677,3,0.75,1.0,0.875
n18854,n5773,3,0.75,1.0,0.875
n18855,n12226,4,1.0,1.0,1.0
n18856,n1836,3,0.75,1.0,0.875
n18857,n1838,4,1.0,1.0,1.0
n18858,n1892,4,1.0,1.0,1.0
n18859,n12240,3,0.75,1.0,0.875
n1886,n7355,4,1.0,1.0,1.0
n18860,n7118,4,1.0,1.0,1.0
n18861,n2193,4,1.0,1.0,1.0
n18862,n12248,4,1.0,1.0,1.0
n18863,n6022,4,1.0,1.0,1.0
n18864,n7160,4,1.0,1.0,1.0
n18865,n12263,4,1.0,1.0,1.0
n18866,n2976,4,1.0,1.0,1.0
n18867,n6236,3,0.75,1.0,0.875
n18868,n7230,4,1.0,1.0,1.0
n18869,n12281,4,1.0,1.0,1.0
n1887,n6733,3,0.75,1.0,0.875
n18870,n7240,3,0.75,1.0,0.875
n18871,n3373,3,0.75,1.0,0.875
n18872,n6339,3,0.75,1.0,0.875
n18873,n3466,4,1.0,1.0,1.0
n18874,n3500,4,1.0,1.0,1.0
n18875,n6380,4,1.0,1.0,1.0
n18876,n12295,3,0.75,1.0,0.875
n18877,n7299,4,1.0,1.0,1.0
n18878,n7300,4,1.0,1.0,1.0
n18879,n4311,4,1.0,1.0,1.0
n1888,n7362,3,0.75,1.0,0.875
n18880,n4343,4,1.0,1.0,1.0
n18881,n6665,4,1.0,1.0,1.0
n18882,n12303,3,0.75,1.0,0.875
n18883,n7357,4,1.0,1.0,1.0
n18884,n5181,4,1.0,1.0,1.0
n18885,n6911,3,0.75,1.0,0.875
n18886,n5405,4,1.0,1.0,1.0
n18887,n5433,4,1.0,1.0,1.0
n18888,n7431,3,0.75,1.0,0.875
n18889,n7440,4,1.0,1.0,1.0
n1889,n7363,4,1.0,1.0,1.0
n18890,n5953,4,1.0,1.0,1.0
n18891,n7508,4,1.0,1.0,1.0
n18892,n7256,4,1.0,1.0,1.0
n18892,n7257,4,1.0,1.0,1.0
n18893,n12346,4,1.0,1.0,1.0
n18894,n6773,3,0.75,1.0,0.875
n18895,n6870,3,0.75,1.0,0.875
n18896,n7490,4,1.0,1.0,1.0
n18897,n7538,4,1.0,1.0,1.0
n18898,n12365,4,1.0,1.0,1.0
n18899,n7766,4,1.0,1.0,1.0
n189,n6310,4,1.0,1.0,1.0
n1890,n4797,4,1.0,1.0,1.0
n1890,n6788,4,1.0,1.0,1.0
n18900,n7617,4,1.0,1.0,1.0
n18901,n7641,4,1.0,1.0,1.0
n18902,n8354,4,1.0,1.0,1.0
n18903,n12379,4,1.0,1.0,1.0
n18904,n8531,3,0.75,1.0,0.875
n18905,n7853,3,0.75,1.0,0.875
n18906,n12385,4,1.0,1.0,1.0
n18907,n8638,3,0.75,1.0,0.875
n18908,n7875,3,0.75,1.0,0.875
n18909,n7985,4,1.0,1.0,1.0
n1891,n19311,3,0.75,1.0,0.875
n18910,n12398,3,0.75,1.0,0.875
n18911,n8022,3,0.75,1.0,0.875
n18912,n8091,4,1.0,1.0,1.0
n18913,n12403,4,1.0,1.0,1.0
n18914,n12408,4,1.0,1.0,1.0
n18915,n8196,4,1.0,1.0,1.0
n18916,n8312,4,1.0,1.0,1.0
n18917,n12416,4,1.0,1.0,1.0
n18917,n7781,3,0.75,0.75,0.75
n18918,n12417,4,1.0,1.0,1.0
n18919,n12422,4,1.0,1.0,1.0
n1892,n19741,4,1.0,1.0,1.0
n18920,n11585,4,1.0,1.0,1.0
n18921,n7822,4,1.0,1.0,1.0
n18922,n7858,3,0.75,1.0,0.875
n18923,n13685,4,1.0,1.0,1.0
n18924,n12442,4,1.0,1.0,1.0
n18925,n14136,4,1.0,1.0,1.0
n18926,n12447,4,1.0,1.0,1.0
n18927,n15132,4,1.0,1.0,1.0
n18928,n12459,4,1.0,1.0,1.0
n18929,n7928,4,1.0,1.0,1.0
n1893,n4979,4,1.0,1.0,1.0
n18930,n8895,4,1.0,1.0,1.0
n18931,n16686,3,0.75,1.0,0.875
n18932,n12472,4,1.0,1.0,1.0
n18933,n17000,3,0.75,1.0,0.875
n18934,n9037,4,1.0,1.0,1.0
n18935,n9039,4,1.0,1.0,1.0
n18935,n9040,4,1.0,1.0,1.0
n18936,n9119,3,0.75,1.0,0.875
n18937,n12491,4,1.0,1.0,1.0
n18938,n17525,4,1.0,1.0,1.0
n18939,n9316,4,1.0,1.0,1.0
n1894,n19911,4,1.0,1.0,1.0
n18940,n12508,4,1.0,1.0,1.0
n18941,n9459,4,1.0,1.0,1.0
n18942,n18469,3,0.75,1.0,0.875
n18943,n12525,3,0.75,1.0,0.875
n18944,n9596,4,1.0,1.0,1.0
n18945,n8160,3,0.75,1.0,0.875
n18946,n12529,4,1.0,1.0,1.0
n18947,n9615,3,0.75,1.0,0.875
n18948,n8169,4,1.0,1.0,1.0
n18949,n9638,3,0.75,1.0,0.875
n1895,n7383,4,1.0,1.0,1.0
n18950,n18909,4,1.0,1.0,1.0
n18951,n8179,3,0.75,1.0,0.875
n18952,n8181,4,1.0,1.0,1.0
n18953,n9675,3,0.75,1.0,0.875
n18954,n19003,4,1.0,1.0,1.0
n18955,n8205,4,1.0,1.0,1.0
n18956,n9765,4,1.0,1.0,1.0
n18957,n9790,4,1.0,1.0,1.0
n18958,n9807,4,1.0,1.0,1.0
n18959,n8238,4,1.0,1.0,1.0
n1896,n6852,4,1.0,1.0,1.0
n18960,n9867,4,1.0,1.0,1.0
n18961,n12560,4,1.0,1.0,1.0
n18962,n19685,3,0.75,1.0,0.875
n18963,n19870,4,1.0,1.0,1.0
n18964,n19941,4,1.0,1.0,1.0
n18965,n20020,4,1.0,1.0,1.0
n18966,n8325,3,0.75,1.0,0.875
n18967,n20896,3,0.75,1.0,0.875
n18968,n12580,4,1.0,1.0,1.0
n18969,n21000,4,1.0,1.0,1.0
n1897,n6861,3,0.75,1.0,0.875
n18970,n12583,4,1.0,1.0,1.0
n18971,n10386,4,1.0,1.0,1.0
n18972,n8427,4,1.0,1.0,1.0
n18973,n4015,4,1.0,1.0,1.0
n18974,n12603,3,0.75,1.0,0.875
n18975,n8496,4,1.0,1.0,1.0
n18976,n5840,3,0.75,1.0,0.875
n18977,n6345,4,1.0,1.0,1.0
n18978,n12617,3,0.75,1.0,0.875
n18979,n12432,4,1.0,1.0,1.0
n1898,n7387,3,0.75,1.0,0.875
n18980,n8556,3,0.75,1.0,0.875
n18981,n9605,3,0.75,1.0,0.875
n18982,n8572,3,0.75,1.0,0.875
n18983,n12635,4,1.0,1.0,1.0
n18984,n13433,4,1.0,1.0,1.0
n18985,n12637,4,1.0,1.0,1.0
n18986,n8600,4,1.0,1.0,1.0
n18987,n12638,4,1.0,1.0,1.0
n18988,n13649,3,0.75,1.0,0.875
n18989,n8606,3,0.75,1.0,0.875
n1899,n20252,4,1.0,1.0,1.0
n18990,n13379,3,0.75,1.0,0.875
n18991,n12651,4,1.0,1.0,1.0
n18992,n15495,3,0.75,1.0,0.875
n18993,n12664,3,0.75,1.0,0.875
n18994,n12665,4,1.0,1.0,1.0
n18995,n18996,4,1.0,1.0,1.0
n18996,n19957,4,1.0,1.0,1.0
n18997,n8760,4,1.0,1.0,1.0
n18998,n8823,4,1.0,1.0,1.0
n18998,n8824,4,1.0,1.0,1.0
n18999,n16238,3,0.75,1.0,0.875
n19,n35,4,1.0,1.0,1.0
n190,n7281,4,1.0,1.0,1.0
n1900,n5095,4,1.0,1.0,1.0
n19000,n1646,4,1.0,1.0,1.0
n19001,n12702,4,1.0,1.0,1.0
n19002,n8870,4,1.0,1.0,1.0
n19003,n12712,4,1.0,1.0,1.0
n19004,n8904,4,1.0,1.0,1.0
n19005,n16512,3,0.75,1.0,0.875
n19006,n16541,3,0.75,1.0,0.875
n19007,n16555,4,1.0,1.0,1.0
n19008,n3797,4,1.0,1.0,1.0
n19009,n4461,4,1.0,1.0,1.0
n1901,n7392,4,1.0,1.0,1.0
n19010,n4757,4,1.0,1.0,1.0
n19011,n5336,4,1.0,1.0,1.0
n19012,n8992,4,1.0,1.0,1.0
n19013,n12741,4,1.0,1.0,1.0
n19014,n12766,4,1.0,1.0,1.0
n19015,n9137,4,1.0,1.0,1.0
n19016,n17463,4,1.0,1.0,1.0
n19017,n17610,4,1.0,1.0,1.0
n19017,n8004,4,1.0,1.0,1.0
n19018,n12783,4,1.0,1.0,1.0
n19019,n8046,4,1.0,1.0,1.0
n1902,n7397,4,1.0,1.0,1.0
n19020,n9238,3,0.75,1.0,0.875
n19021,n8406,4,1.0,1.0,1.0
n19022,n12793,3,0.75,1.0,0.875
n19023,n12798,4,1.0,1.0,1.0
n19024,n17813,4,1.0,1.0,1.0
n19025,n9290,4,1.0,1.0,1.0
n19026,n12808,4,1.0,1.0,1.0
n19027,n9310,4,1.0,1.0,1.0
n19028,n12810,4,1.0,1.0,1.0
n19029,n9354,4,1.0,1.0,1.0
n1903,n7406,4,1.0,1.0,1.0
n19030,n12816,3,0.75,1.0,0.875
n19031,n18044,3,0.75,1.0,0.875
n19032,n12824,4,1.0,1.0,1.0
n19033,n18147,4,1.0,1.0,1.0
n19034,n12829,4,1.0,1.0,1.0
n19035,n9400,4,1.0,1.0,1.0
n19036,n10481,4,1.0,1.0,1.0
n19037,n9429,3,0.75,1.0,0.875
n19038,n10883,4,1.0,1.0,1.0
n19039,n11051,4,1.0,1.0,1.0
n1904,n6959,4,1.0,1.0,1.0
n19040,n12847,3,0.75,1.0,0.875
n19041,n11195,4,1.0,1.0,1.0
n19042,n18513,4,1.0,1.0,1.0
n19043,n9505,4,1.0,1.0,1.0
n19044,n9536,3,0.75,1.0,0.875
n19045,n9588,3,0.75,1.0,0.875
n19046,n11965,3,0.75,1.0,0.875
n19047,n11978,3,0.75,1.0,0.875
n19048,n12882,4,1.0,1.0,1.0
n19049,n12418,4,1.0,1.0,1.0
n1905,n7423,4,1.0,1.0,1.0
n19050,n12675,3,0.75,1.0,0.875
n19051,n9687,4,1.0,1.0,1.0
n19052,n12907,4,1.0,1.0,1.0
n19053,n12901,4,1.0,1.0,1.0
n19054,n9725,3,0.75,1.0,0.875
n19055,n19150,4,1.0,1.0,1.0
n19056,n9754,4,1.0,1.0,1.0
n19057,n13666,4,1.0,1.0,1.0
n19058,n9817,3,0.75,1.0,0.875
n19059,n12924,4,1.0,1.0,1.0
n1906,n5425,4,1.0,1.0,1.0
n19060,n14376,3,0.75,1.0,0.875
n19061,n12940,4,1.0,1.0,1.0
n19062,n12943,4,1.0,1.0,1.0
n19063,n9874,3,0.75,1.0,0.875
n19064,n14638,4,1.0,1.0,1.0
n19065,n14676,3,0.75,1.0,0.875
n19066,n12953,4,1.0,1.0,1.0
n19067,n9890,4,1.0,1.0,1.0
n19068,n14742,4,1.0,1.0,1.0
n19069,n12958,4,1.0,1.0,1.0
n1907,n5482,4,1.0,1.0,1.0
n19070,n9944,4,1.0,1.0,1.0
n19071,n19837,4,1.0,1.0,1.0
n19072,n12967,4,1.0,1.0,1.0
n19073,n12971,4,1.0,1.0,1.0
n19074,n19963,4,1.0,1.0,1.0
n19075,n12979,4,1.0,1.0,1.0
n19076,n9995,4,1.0,1.0,1.0
n19077,n12983,4,1.0,1.0,1.0
n19078,n12984,4,1.0,1.0,1.0
n19079,n12987,4,1.0,1.0,1.0
n1908,n5489,4,1.0,1.0,1.0
n1908,n7429,4,1.0,1.0,1.0
n19080,n10037,3,0.75,1.0,0.875
n19081,n10046,3,0.75,1.0,0.875
n19082,n10059,4,1.0,1.0,1.0
n19083,n16513,4,1.0,1.0,1.0
n19084,n12998,4,1.0,1.0,1.0
n19085,n20402,4,1.0,1.0,1.0
n19086,n13007,3,0.75,1.0,0.875
n19087,n20507,3,0.75,1.0,0.875
n19088,n10135,4,1.0,1.0,1.0
n19089,n17221,3,0.75,1.0,0.875
n1909,n6998,4,1.0,1.0,1.0
n19090,n10158,3,0.75,0.75,0.75
n19090,n13012,4,1.0,1.0,1.0
n19091,n20666,3,0.75,1.0,0.875
n19092,n10188,3,0.75,1.0,0.875
n19093,n17897,4,1.0,1.0,1.0
n19094,n17999,4,1.0,1.0,1.0
n19094,n20763,3,0.75,0.75,0.75
n19095,n13025,4,1.0,1.0,1.0
n19096,n10222,4,1.0,1.0,1.0
n19097,n18355,4,1.0,1.0,1.0
n19098,n19018,4,1.0,1.0,1.0
n19099,n19037,3,0.75,1.0,0.875
n191,n6525,4,1.0,1.0,1.0
n1910,n805,4,1.0,1.0,1.0
n19100,n13041,4,1.0,1.0,1.0
n19101,n10335,3,0.75,1.0,0.875
n19102,n19703,4,1.0,1.0,1.0
n19103,n10337,4,1.0,1.0,1.0
n19104,n20301,3,0.75,1.0,0.875
n19105,n10438,4,1.0,1.0,1.0
n19106,n21545,4,1.0,1.0,1.0
n19107,n21610,4,1.0,1.0,1.0
n19108,n10475,4,1.0,1.0,1.0
n19109,n21704,4,1.0,1.0,1.0
n1911,n7045,3,0.75,1.0,0.875
n19110,n13074,4,1.0,1.0,1.0
n19111,n13078,4,1.0,1.0,1.0
n19112,n21840,4,1.0,1.0,1.0
n19113,n158,4,1.0,1.0,1.0
n19114,n13089,4,1.0,1.0,1.0
n19115,n13092,4,1.0,1.0,1.0
n19116,n272,4,1.0,1.0,1.0
n19117,n13100,3,0.75,1.0,0.875
n19118,n986,4,1.0,1.0,1.0
n19119,n10617,4,1.0,1.0,1.0
n1912,n1726,4,1.0,1.0,1.0
n19120,n13118,4,1.0,1.0,1.0
n19121,n1532,3,0.75,1.0,0.875
n19122,n529,3,0.75,1.0,0.875
n19123,n13121,3,0.75,1.0,0.875
n19124,n1721,4,1.0,1.0,1.0
n19125,n13130,4,1.0,1.0,1.0
n19126,n10668,4,1.0,1.0,1.0
n19127,n2225,4,1.0,1.0,1.0
n19128,n2414,4,1.0,1.0,1.0
n19129,n2948,4,1.0,1.0,1.0
n1913,n7075,4,1.0,1.0,1.0
n19130,n3049,4,1.0,1.0,1.0
n19131,n10729,4,1.0,1.0,1.0
n19132,n10731,3,0.75,1.0,0.875
n19133,n935,3,0.75,1.0,0.875
n19134,n974,4,1.0,1.0,1.0
n19135,n10762,3,0.75,1.0,0.875
n19135,n984,3,0.75,1.0,0.875
n19136,n13166,4,1.0,1.0,1.0
n19137,n13167,4,1.0,1.0,1.0
n19138,n1162,3,0.75,1.0,0.875
n19139,n13183,4,1.0,1.0,1.0
n1914,n7462,4,1.0,1.0,1.0
n19140,n13188,4,1.0,1.0,1.0
n19141,n13190,4,1.0,1.0,1.0
n19142,n5112,4,1.0,1.0,1.0
n19143,n1384,4,1.0,1.0,1.0
n19144,n10861,4,1.0,1.0,1.0
n19145,n5692,4,1.0,1.0,1.0
n19146,n13200,4,1.0,1.0,1.0
n19147,n10890,3,0.75,1.0,0.875
n19148,n10891,3,0.75,1.0,0.875
n19149,n5882,4,1.0,1.0,1.0
n1915,n2371,4,1.0,1.0,1.0
n19150,n10903,4,1.0,1.0,1.0
n19151,n1650,4,1.0,1.0,1.0
n19152,n1656,3,0.75,1.0,0.875
n19153,n13208,4,1.0,1.0,1.0
n19154,n6714,4,1.0,1.0,1.0
n19155,n1789,4,1.0,1.0,1.0
n19156,n7442,4,1.0,1.0,1.0
n19157,n11003,3,0.75,1.0,0.875
n19157,n13225,3,0.75,1.0,0.875
n19158,n8347,3,0.75,1.0,0.875
n19159,n13233,4,1.0,1.0,1.0
n1916,n7474,4,1.0,1.0,1.0
n19160,n2137,3,0.75,1.0,0.875
n19161,n8845,3,0.75,1.0,0.875
n19162,n2247,4,1.0,1.0,1.0
n19163,n13244,4,1.0,1.0,1.0
n19164,n13247,4,1.0,1.0,1.0
n19165,n11103,3,0.75,1.0,0.875
n19166,n13259,4,1.0,1.0,1.0
n19167,n10661,4,1.0,1.0,1.0
n19168,n2568,4,1.0,1.0,1.0
n19169,n2638,4,1.0,1.0,1.0
n1917,n6051,4,1.0,1.0,1.0
n19170,n10954,3,0.75,1.0,0.875
n19171,n2676,4,1.0,1.0,1.0
n19172,n11070,4,1.0,1.0,1.0
n19173,n11221,4,1.0,1.0,1.0
n19174,n2849,4,1.0,1.0,1.0
n19175,n13299,4,1.0,1.0,1.0
n19176,n11894,4,1.0,1.0,1.0
n19177,n12085,4,1.0,1.0,1.0
n19178,n13314,4,1.0,1.0,1.0
n19179,n13317,4,1.0,1.0,1.0
n1918,n7155,4,1.0,1.0,1.0
n19180,n11303,4,1.0,1.0,1.0
n19181,n13330,3,0.75,1.0,0.875
n19182,n12823,3,0.75,1.0,0.875
n19183,n12888,4,1.0,1.0,1.0
n19184,n3260,4,1.0,1.0,1.0
n19185,n13336,4,1.0,1.0,1.0
n19186,n3315,3,0.75,1.0,0.875
n19187,n13346,3,0.75,1.0,0.875
n19188,n11364,4,1.0,1.0,1.0
n19189,n13406,4,1.0,1.0,1.0
n1919,n7176,4,1.0,1.0,1.0
n1919,n7482,4,1.0,1.0,1.0
n19190,n11382,4,1.0,1.0,1.0
n19191,n3465,4,1.0,1.0,1.0
n19192,n11392,4,1.0,1.0,1.0
n19193,n13369,3,0.75,1.0,0.875
n19194,n3545,3,0.75,1.0,0.875
n19195,n3554,4,1.0,1.0,1.0
n19196,n3649,3,0.75,1.0,0.875
n19197,n14128,4,1.0,1.0,1.0
n19198,n11435,4,1.0,1.0,1.0
n19199,n11461,4,1.0,1.0,1.0
n192,n6745,4,1.0,1.0,1.0
n1920,n7191,3,0.75,1.0,0.875
n19200,n3736,4,1.0,1.0,1.0
n19201,n14499,4,1.0,1.0,1.0
n19202,n13392,3,0.75,1.0,0.875
n19203,n13394,4,1.0,1.0,1.0
n19204,n3900,4,1.0,1.0,1.0
n19205,n14988,4,1.0,1.0,1.0
n19206,n3934,4,1.0,1.0,1.0
n19207,n11513,3,0.75,1.0,0.875
n19208,n3978,4,1.0,1.0,1.0
n19209,n13404,4,1.0,1.0,1.0
n1921,n6181,3,0.75,1.0,0.875
n19210,n15400,4,1.0,1.0,1.0
n19211,n11543,3,0.75,1.0,0.875
n19212,n11554,4,1.0,1.0,1.0
n19213,n15740,4,1.0,1.0,1.0
n19214,n4130,4,1.0,1.0,1.0
n19215,n15900,4,1.0,1.0,1.0
n19216,n13416,4,1.0,1.0,1.0
n19217,n16098,4,1.0,1.0,1.0
n19218,n16628,4,1.0,1.0,1.0
n19219,n16702,4,1.0,1.0,1.0
n1922,n7204,3,0.75,1.0,0.875
n19220,n16809,4,1.0,1.0,1.0
n19221,n11617,4,1.0,1.0,1.0
n19222,n17230,4,1.0,1.0,1.0
n19223,n4535,3,0.75,1.0,0.875
n19224,n4582,4,1.0,1.0,1.0
n19225,n13441,4,1.0,1.0,1.0
n19226,n18454,3,0.75,1.0,0.875
n19227,n13443,4,1.0,1.0,1.0
n19228,n18864,4,1.0,1.0,1.0
n19229,n11733,4,1.0,1.0,1.0
n1923,n6223,4,1.0,1.0,1.0
n1923,n6225,4,1.0,1.0,1.0
n19230,n5032,4,1.0,1.0,1.0
n19231,n20470,4,1.0,1.0,1.0
n19232,n5153,4,1.0,1.0,1.0
n19233,n13476,4,1.0,1.0,1.0
n19234,n21537,4,1.0,1.0,1.0
n19235,n5379,4,1.0,1.0,1.0
n19236,n11810,4,1.0,1.0,1.0
n19237,n13487,4,1.0,1.0,1.0
n19238,n11819,4,1.0,1.0,1.0
n19239,n5435,4,1.0,1.0,1.0
n1924,n7496,4,1.0,1.0,1.0
n19240,n11825,4,1.0,1.0,1.0
n19241,n314,4,1.0,1.0,1.0
n19242,n13491,4,1.0,1.0,1.0
n19243,n13493,4,1.0,1.0,1.0
n19244,n13496,4,1.0,1.0,1.0
n19245,n13502,4,1.0,1.0,1.0
n19246,n5669,4,1.0,1.0,1.0
n19247,n13507,3,0.75,1.0,0.875
n19248,n11899,4,1.0,1.0,1.0
n19249,n11945,4,1.0,1.0,1.0
n1925,n3236,3,0.75,1.0,0.875
n19250,n2295,4,1.0,1.0,1.0
n19251,n13520,4,1.0,1.0,1.0
n19252,n11964,4,1.0,1.0,1.0
n19253,n13523,4,1.0,1.0,1.0
n19254,n11973,4,1.0,1.0,1.0
n19255,n12004,3,0.75,1.0,0.875
n19256,n12005,3,0.75,1.0,0.875
n19257,n3595,4,1.0,1.0,1.0
n19258,n12066,3,0.75,1.0,0.875
n19259,n13554,3,0.75,1.0,0.875
n1926,n3245,4,1.0,1.0,1.0
n19260,n12098,4,1.0,1.0,1.0
n19261,n6574,4,1.0,1.0,1.0
n19262,n6598,4,1.0,1.0,1.0
n19263,n12139,3,0.75,1.0,0.875
n19264,n6739,4,1.0,1.0,1.0
n19265,n12143,4,1.0,1.0,1.0
n19266,n13573,4,1.0,1.0,1.0
n19267,n12170,4,1.0,1.0,1.0
n19268,n13580,4,1.0,1.0,1.0
n19269,n12206,4,1.0,1.0,1.0
n1927,n6347,4,1.0,1.0,1.0
n19270,n13584,4,1.0,1.0,1.0
n19271,n13585,4,1.0,1.0,1.0
n19272,n7000,4,1.0,1.0,1.0
n19273,n12217,4,1.0,1.0,1.0
n19274,n7031,4,1.0,1.0,1.0
n19275,n5719,4,1.0,1.0,1.0
n19276,n12223,4,1.0,1.0,1.0
n19276,n13594,3,0.75,0.75,0.75
n19277,n5823,4,1.0,1.0,1.0
n19278,n13597,4,1.0,1.0,1.0
n19279,n13602,4,1.0,1.0,1.0
n1928,n6390,4,1.0,1.0,1.0
n19280,n12257,4,1.0,1.0,1.0
n19281,n12260,4,1.0,1.0,1.0
n19282,n12262,4,1.0,1.0,1.0
n19283,n13612,4,1.0,1.0,1.0
n19284,n12286,4,1.0,1.0,1.0
n19285,n12289,3,0.75,0.75,0.75
n19285,n13616,4,1.0,1.0,1.0
n19286,n6643,4,1.0,1.0,1.0
n19287,n13623,3,0.75,1.0,0.875
n19288,n6731,4,1.0,1.0,1.0
n19289,n12319,4,1.0,1.0,1.0
n1929,n7257,4,1.0,1.0,1.0
n19290,n6879,4,1.0,1.0,1.0
n19291,n13633,3,0.75,1.0,0.875
n19292,n7625,3,0.75,1.0,0.875
n19293,n12373,3,0.75,1.0,0.875
n19294,n7948,3,0.75,1.0,0.875
n19295,n7768,4,1.0,1.0,1.0
n19296,n7811,4,1.0,1.0,1.0
n19297,n12467,4,1.0,1.0,1.0
n19298,n7990,4,1.0,1.0,1.0
n19299,n8042,3,0.75,1.0,0.875
n193,n7400,4,1.0,1.0,1.0
n1930,n6423,4,1.0,1.0,1.0
n19300,n12503,3,0.75,1.0,0.875
n19300,n8053,3,0.75,1.0,0.875
n19301,n13676,4,1.0,1.0,1.0
n19302,n8244,4,1.0,1.0,1.0
n19303,n9831,4,1.0,1.0,1.0
n19304,n8264,4,1.0,1.0,1.0
n19305,n10054,4,1.0,1.0,1.0
n19306,n13695,3,0.75,1.0,0.875
n19307,n13704,4,1.0,1.0,1.0
n19308,n12599,4,1.0,1.0,1.0
n19309,n11175,3,0.75,1.0,0.875
n1931,n3638,4,1.0,1.0,1.0
n19310,n12619,3,0.75,1.0,0.875
n19311,n13721,3,0.75,1.0,0.875
n19312,n13730,3,0.75,1.0,0.875
n19313,n13733,4,1.0,1.0,1.0
n19314,n12666,4,1.0,1.0,1.0
n19315,n12673,4,1.0,1.0,1.0
n19316,n15280,4,1.0,1.0,1.0
n19317,n8709,4,1.0,1.0,1.0
n19318,n15571,4,1.0,1.0,1.0
n19319,n13741,3,0.75,1.0,0.875
n1932,n7267,3,0.75,1.0,0.875
n19320,n16205,4,1.0,1.0,1.0
n19321,n13744,4,1.0,1.0,1.0
n19322,n12699,3,0.75,1.0,0.875
n19323,n16354,4,1.0,1.0,1.0
n19324,n12716,4,1.0,1.0,1.0
n19325,n16574,4,1.0,1.0,1.0
n19326,n16787,4,1.0,1.0,1.0
n19327,n8959,4,1.0,1.0,1.0
n19328,n13760,3,0.75,0.75,0.75
n19328,n17056,4,1.0,1.0,1.0
n19328,n9017,4,1.0,1.0,1.0
n19329,n13767,4,1.0,1.0,1.0
n19329,n17246,4,1.0,1.0,1.0
n1933,n7272,4,1.0,1.0,1.0
n19330,n12759,4,1.0,1.0,1.0
n19331,n9102,3,0.75,1.0,0.875
n19332,n9191,4,1.0,1.0,1.0
n19333,n13781,4,1.0,1.0,1.0
n19334,n17952,4,1.0,1.0,1.0
n19335,n9364,4,1.0,1.0,1.0
n19336,n9380,4,1.0,1.0,1.0
n19337,n12832,4,1.0,1.0,1.0
n19338,n18359,3,0.75,1.0,0.875
n19339,n9488,4,1.0,1.0,1.0
n1934,n7527,3,0.75,1.0,0.875
n19340,n12866,4,1.0,1.0,1.0
n19341,n9563,4,1.0,1.0,1.0
n19342,n13796,3,0.75,1.0,0.875
n19343,n9636,4,1.0,1.0,1.0
n19344,n13828,4,1.0,1.0,1.0
n19345,n13831,3,0.75,1.0,0.875
n19346,n9957,3,0.75,1.0,0.875
n19347,n19958,3,0.75,1.0,0.875
n19348,n12995,4,1.0,1.0,1.0
n19349,n10100,4,1.0,1.0,1.0
n1935,n3935,4,1.0,1.0,1.0
n1935,n7529,4,1.0,1.0,1.0
n19350,n13003,4,1.0,1.0,1.0
n19351,n20520,4,1.0,1.0,1.0
n19352,n20631,3,0.75,1.0,0.875
n19353,n20944,4,1.0,1.0,1.0
n19354,n10271,4,1.0,1.0,1.0
n19355,n13863,4,1.0,1.0,1.0
n19356,n10404,4,1.0,1.0,1.0
n19357,n10449,4,1.0,1.0,1.0
n19358,n13866,4,1.0,1.0,1.0
n19359,n13062,4,1.0,1.0,1.0
n1936,n7541,4,1.0,1.0,1.0
n19360,n21773,4,1.0,1.0,1.0
n19361,n21799,4,1.0,1.0,1.0
n19362,n21805,4,1.0,1.0,1.0
n19363,n13083,3,0.75,1.0,0.875
n19364,n13084,4,1.0,1.0,1.0
n19365,n13095,3,0.75,1.0,0.875
n19366,n10587,4,1.0,1.0,1.0
n19367,n13112,4,1.0,1.0,1.0
n19368,n13877,3,0.75,1.0,0.875
n19369,n13880,4,1.0,1.0,1.0
n1937,n7549,4,1.0,1.0,1.0
n19370,n13150,3,0.75,1.0,0.875
n19371,n10790,4,1.0,1.0,1.0
n19372,n10801,4,1.0,1.0,1.0
n19373,n13194,4,1.0,1.0,1.0
n19374,n10884,4,1.0,1.0,1.0
n19375,n1552,3,0.75,1.0,0.875
n19376,n13904,4,1.0,1.0,1.0
n19377,n13204,4,1.0,1.0,1.0
n19378,n13909,4,1.0,1.0,1.0
n19379,n11041,4,1.0,1.0,1.0
n1938,n5177,4,1.0,1.0,1.0
n19380,n13239,4,1.0,1.0,1.0
n19381,n13241,3,0.75,1.0,0.875
n19382,n13242,3,0.75,1.0,0.875
n19383,n2271,3,0.75,1.0,0.875
n19384,n13930,4,1.0,1.0,1.0
n19385,n13278,3,0.75,1.0,0.875
n19386,n13932,3,0.75,1.0,0.875
n19387,n13288,4,1.0,1.0,1.0
n19388,n13345,3,0.75,1.0,0.875
n19389,n13957,4,1.0,1.0,1.0
n1939,n5295,4,1.0,1.0,1.0
n19390,n13371,4,1.0,1.0,1.0
n19391,n11411,4,1.0,1.0,1.0
n19392,n13376,4,1.0,1.0,1.0
n19392,n13961,4,1.0,1.0,1.0
n19393,n3578,4,1.0,1.0,1.0
n19394,n11441,4,1.0,1.0,1.0
n19395,n4139,4,1.0,1.0,1.0
n19396,n4322,4,1.0,1.0,1.0
n19397,n11613,4,1.0,1.0,1.0
n19398,n11688,4,1.0,1.0,1.0
n19399,n13445,3,0.75,1.0,0.875
n194,n1907,4,1.0,1.0,1.0
n1940,n6950,4,1.0,1.0,1.0
n19400,n11728,3,0.75,1.0,0.875
n19401,n11760,3,0.75,1.0,0.875
n19402,n5051,4,1.0,1.0,1.0
n19403,n11768,4,1.0,1.0,1.0
n19404,n11775,4,1.0,1.0,1.0
n19405,n14001,4,1.0,1.0,1.0
n19406,n14002,4,1.0,1.0,1.0
n19407,n11804,4,1.0,1.0,1.0
n19408,n14005,4,1.0,1.0,1.0
n19409,n11838,4,1.0,1.0,1.0
n1941,n7566,4,1.0,1.0,1.0
n19410,n11839,4,1.0,1.0,1.0
n19410,n13492,4,1.0,1.0,1.0
n19411,n11853,3,0.75,1.0,0.875
n19412,n11870,4,1.0,1.0,1.0
n19413,n11901,4,1.0,1.0,1.0
n19414,n14008,4,1.0,1.0,1.0
n19415,n11918,4,1.0,1.0,1.0
n19416,n13518,4,1.0,1.0,1.0
n19417,n13519,3,0.75,1.0,0.875
n19418,n12006,4,1.0,1.0,1.0
n19419,n6218,4,1.0,1.0,1.0
n1942,n7573,4,1.0,1.0,1.0
n19420,n13570,3,0.75,1.0,0.875
n19421,n14042,4,1.0,1.0,1.0
n19421,n14043,3,0.75,0.75,0.75
n19422,n12238,4,1.0,1.0,1.0
n19423,n7185,3,0.75,1.0,0.875
n19424,n13642,4,1.0,1.0,1.0
n19425,n14066,4,1.0,1.0,1.0
n19426,n14070,4,1.0,1.0,1.0
n19427,n13659,4,1.0,1.0,1.0
n19428,n8007,3,0.75,1.0,0.875
n19429,n14074,3,0.75,1.0,0.875
n1943,n5846,3,0.75,1.0,0.875
n19430,n8183,4,1.0,1.0,1.0
n19431,n12568,4,1.0,1.0,1.0
n19432,n8371,3,0.75,1.0,0.875
n19433,n12611,3,0.75,1.0,0.875
n19434,n14089,4,1.0,1.0,1.0
n19435,n12681,3,0.75,1.0,0.875
n19436,n14097,3,0.75,1.0,0.875
n19436,n14098,3,0.75,1.0,0.875
n19437,n14103,4,1.0,1.0,1.0
n19438,n14104,3,0.75,1.0,0.875
n19439,n9268,4,1.0,1.0,1.0
n1944,n7503,4,1.0,1.0,1.0
n19440,n13789,4,1.0,1.0,1.0
n19441,n9727,4,1.0,1.0,1.0
n19442,n13824,3,0.75,1.0,0.875
n19443,n9857,4,1.0,1.0,1.0
n19444,n9903,4,1.0,1.0,1.0
n19445,n14125,4,1.0,1.0,1.0
n19446,n13075,3,0.75,1.0,0.875
n19447,n13085,4,1.0,1.0,1.0
n19448,n14139,4,1.0,1.0,1.0
n19449,n13902,3,0.75,1.0,0.875
n1945,n7522,3,0.75,1.0,0.875
n19450,n13301,4,1.0,1.0,1.0
n19451,n13310,3,0.75,1.0,0.875
n19452,n11298,3,0.75,1.0,0.875
n19453,n14154,3,0.75,1.0,0.875
n19454,n14158,4,1.0,1.0,1.0
n19455,n14159,4,1.0,1.0,1.0
n19456,n14164,4,1.0,1.0,1.0
n19457,n11677,4,1.0,1.0,1.0
n19458,n12044,4,1.0,1.0,1.0
n19459,n14186,3,0.75,1.0,0.875
n1946,n7535,4,1.0,1.0,1.0
n19460,n14188,4,1.0,1.0,1.0
n19461,n14192,4,1.0,1.0,1.0
n19462,n13802,3,0.75,1.0,0.875
n19463,n12893,4,1.0,1.0,1.0
n19464,n14138,3,0.75,1.0,0.875
n19465,n13223,3,0.75,1.0,0.875
n19466,n13969,3,0.75,1.0,0.875
n19467,n13655,4,1.0,1.0,1.0
n19468,n13929,3,0.75,1.0,0.875
n19469,n14225,3,0.75,1.0,0.875
n1947,n6700,3,0.75,1.0,0.875
n19470,n14406,4,1.0,1.0,1.0
n19471,n14291,3,0.75,1.0,0.875
n19472,n14241,3,0.75,1.0,0.875
n19473,n14569,4,1.0,1.0,1.0
n19474,n14271,4,1.0,1.0,1.0
n19475,n15251,3,0.75,1.0,0.875
n19476,n14310,4,1.0,1.0,1.0
n19477,n14313,4,1.0,1.0,1.0
n19478,n14315,4,1.0,1.0,1.0
n19479,n14249,3,0.75,1.0,0.875
n1948,n7595,4,1.0,1.0,1.0
n19480,n15489,4,1.0,1.0,1.0
n19481,n14601,4,1.0,1.0,1.0
n19482,n15560,3,0.75,1.0,0.875
n19483,n14250,4,1.0,1.0,1.0
n19484,n14252,4,1.0,1.0,1.0
n19485,n14342,3,0.75,1.0,0.875
n19486,n14343,4,1.0,1.0,1.0
n19486,n15858,4,1.0,1.0,1.0
n19487,n15863,4,1.0,1.0,1.0
n19488,n14352,4,1.0,1.0,1.0
n19489,n14716,4,1.0,1.0,1.0
n1949,n7422,4,1.0,1.0,1.0
n19490,n14370,4,1.0,1.0,1.0
n19491,n14375,3,0.75,1.0,0.875
n19492,n14818,3,0.75,1.0,0.875
n19493,n14851,4,1.0,1.0,1.0
n19494,n14278,3,0.75,1.0,0.875
n19495,n14426,4,1.0,1.0,1.0
n19496,n14991,4,1.0,1.0,1.0
n19497,n14282,4,1.0,1.0,1.0
n19498,n14462,4,1.0,1.0,1.0
n19499,n14471,4,1.0,1.0,1.0
n195,n7473,4,1.0,1.0,1.0
n1950,n7567,4,1.0,1.0,1.0
n19500,n18008,4,1.0,1.0,1.0
n19501,n14294,4,1.0,1.0,1.0
n19502,n15202,4,1.0,1.0,1.0
n19503,n18511,3,0.75,1.0,0.875
n19504,n14504,3,0.75,1.0,0.875
n19505,n14305,4,1.0,1.0,1.0
n19506,n14306,4,1.0,1.0,1.0
n19507,n14533,4,1.0,1.0,1.0
n19508,n15371,4,1.0,1.0,1.0
n19509,n15399,4,1.0,1.0,1.0
n1951,n7077,4,1.0,1.0,1.0
n19510,n15412,4,1.0,1.0,1.0
n19511,n14557,3,0.75,1.0,0.875
n19512,n14575,3,0.75,1.0,0.875
n19513,n19505,4,1.0,1.0,1.0
n19514,n14324,3,0.75,1.0,0.875
n19514,n19512,3,0.75,1.0,0.875
n19515,n14591,4,1.0,1.0,1.0
n19516,n14610,4,1.0,1.0,1.0
n19517,n15592,4,1.0,1.0,1.0
n19518,n14620,4,1.0,1.0,1.0
n19519,n14330,4,1.0,1.0,1.0
n1952,n7465,4,1.0,1.0,1.0
n19520,n20304,3,0.75,1.0,0.875
n19521,n15682,4,1.0,1.0,1.0
n19522,n15711,4,1.0,1.0,1.0
n19523,n14334,4,1.0,1.0,1.0
n19524,n20922,3,0.75,1.0,0.875
n19525,n15815,4,1.0,1.0,1.0
n19526,n15842,3,0.75,1.0,0.875
n19527,n14351,4,1.0,1.0,1.0
n19528,n14693,3,0.75,1.0,0.875
n19529,n16046,4,1.0,1.0,1.0
n1953,n7551,4,1.0,1.0,1.0
n19530,n14354,3,0.75,1.0,0.875
n19531,n1098,3,0.75,1.0,0.875
n19532,n14744,4,1.0,1.0,1.0
n19533,n16298,4,1.0,1.0,1.0
n19534,n14760,4,1.0,1.0,1.0
n19535,n16312,4,1.0,1.0,1.0
n19536,n1871,4,1.0,1.0,1.0
n19537,n2336,4,1.0,1.0,1.0
n19538,n2637,4,1.0,1.0,1.0
n19539,n2702,4,1.0,1.0,1.0
n1954,n7618,4,1.0,1.0,1.0
n19540,n14793,4,1.0,1.0,1.0
n19541,n16499,3,0.75,1.0,0.875
n19542,n14822,4,1.0,1.0,1.0
n19543,n16587,4,1.0,1.0,1.0
n19544,n14827,4,1.0,1.0,1.0
n19545,n14833,4,1.0,1.0,1.0
n19546,n14387,4,1.0,1.0,1.0
n19547,n16726,4,1.0,1.0,1.0
n19548,n14389,4,1.0,1.0,1.0
n19549,n4737,4,1.0,1.0,1.0
n1955,n8064,4,1.0,1.0,1.0
n19550,n16819,4,1.0,1.0,1.0
n19551,n14890,4,1.0,1.0,1.0
n19552,n17015,4,1.0,1.0,1.0
n19553,n17042,4,1.0,1.0,1.0
n19554,n14410,4,1.0,1.0,1.0
n19555,n6453,3,0.75,1.0,0.875
n19556,n14417,4,1.0,1.0,1.0
n19557,n14419,4,1.0,1.0,1.0
n19558,n6610,4,1.0,1.0,1.0
n19559,n17287,4,1.0,1.0,1.0
n1956,n7647,4,1.0,1.0,1.0
n19560,n7371,4,1.0,1.0,1.0
n19561,n14428,3,0.75,1.0,0.875
n19562,n14998,3,0.75,1.0,0.875
n19563,n15004,4,1.0,1.0,1.0
n19564,n17623,4,1.0,1.0,1.0
n19565,n14448,4,1.0,1.0,1.0
n19566,n17777,4,1.0,1.0,1.0
n19567,n15061,3,0.75,1.0,0.875
n19568,n17902,4,1.0,1.0,1.0
n19569,n15138,4,1.0,1.0,1.0
n1957,n7808,3,0.75,1.0,0.875
n19570,n10233,4,1.0,1.0,1.0
n19571,n10417,4,1.0,1.0,1.0
n19572,n10559,4,1.0,1.0,1.0
n19572,n18317,4,1.0,1.0,1.0
n19573,n14487,4,1.0,1.0,1.0
n19574,n14492,4,1.0,1.0,1.0
n19575,n18378,4,1.0,1.0,1.0
n19576,n18472,3,0.75,1.0,0.875
n19577,n18628,4,1.0,1.0,1.0
n19578,n15275,4,1.0,1.0,1.0
n19579,n15277,4,1.0,1.0,1.0
n1958,n7821,3,0.75,1.0,0.875
n19580,n15288,4,1.0,1.0,1.0
n19581,n11865,4,1.0,1.0,1.0
n19582,n15297,3,0.75,1.0,0.875
n19583,n18786,4,1.0,1.0,1.0
n19584,n12290,4,1.0,1.0,1.0
n19585,n18883,4,1.0,1.0,1.0
n19586,n12443,4,1.0,1.0,1.0
n19587,n18975,4,1.0,1.0,1.0
n19588,n18989,3,0.75,1.0,0.875
n19589,n15359,3,0.75,1.0,0.875
n1959,n9000,3,0.75,1.0,0.875
n19590,n13196,4,1.0,1.0,1.0
n19591,n13224,3,0.75,1.0,0.875
n19592,n14544,4,1.0,1.0,1.0
n19593,n15456,3,0.75,1.0,0.875
n19594,n15460,4,1.0,1.0,1.0
n19595,n14563,4,1.0,1.0,1.0
n19596,n14576,3,0.75,1.0,0.875
n19596,n15482,3,0.75,1.0,0.875
n19597,n14347,4,1.0,1.0,1.0
n19598,n15499,4,1.0,1.0,1.0
n19599,n15508,4,1.0,1.0,1.0
n196,n1948,4,1.0,1.0,1.0
n196,n601,4,1.0,1.0,1.0
n1960,n7703,3,0.75,1.0,0.875
n19600,n14588,4,1.0,1.0,1.0
n19601,n15514,3,0.75,1.0,0.875
n19602,n14595,4,1.0,1.0,1.0
n19602,n14596,4,1.0,1.0,1.0
n19603,n14597,4,1.0,1.0,1.0
n19604,n14605,4,1.0,1.0,1.0
n19605,n15082,3,0.75,1.0,0.875
n19606,n15312,3,0.75,1.0,0.875
n19607,n15608,3,0.75,1.0,0.875
n19608,n15628,4,1.0,1.0,1.0
n19609,n20157,4,1.0,1.0,1.0
n1961,n7732,4,1.0,1.0,1.0
n19610,n15663,4,1.0,1.0,1.0
n19611,n20437,4,1.0,1.0,1.0
n19612,n20490,4,1.0,1.0,1.0
n19613,n14636,4,1.0,1.0,1.0
n19614,n20792,4,1.0,1.0,1.0
n19615,n20812,3,0.75,1.0,0.875
n19616,n18232,4,1.0,1.0,1.0
n19617,n20968,4,1.0,1.0,1.0
n19618,n15792,3,0.75,1.0,0.875
n19619,n21194,4,1.0,1.0,1.0
n1962,n9460,4,1.0,1.0,1.0
n19620,n14661,4,1.0,1.0,1.0
n19621,n20069,3,0.75,1.0,0.875
n19622,n15841,4,1.0,1.0,1.0
n19623,n14668,4,1.0,1.0,1.0
n19624,n21568,4,1.0,1.0,1.0
n19625,n14677,4,1.0,1.0,1.0
n19626,n14678,4,1.0,1.0,1.0
n19627,n21631,4,1.0,1.0,1.0
n19628,n15910,3,0.75,1.0,0.875
n19629,n21333,4,1.0,1.0,1.0
n1963,n7738,4,1.0,1.0,1.0
n19630,n21814,4,1.0,1.0,1.0
n19631,n129,4,1.0,1.0,1.0
n19632,n15982,4,1.0,1.0,1.0
n19633,n497,4,1.0,1.0,1.0
n19634,n16018,4,1.0,1.0,1.0
n19635,n14699,4,1.0,1.0,1.0
n19636,n14701,4,1.0,1.0,1.0
n19637,n348,4,1.0,1.0,1.0
n19638,n14705,4,1.0,1.0,1.0
n19639,n14706,4,1.0,1.0,1.0
n1964,n9755,4,1.0,1.0,1.0
n19640,n16071,4,1.0,1.0,1.0
n19641,n16074,4,1.0,1.0,1.0
n19642,n2038,4,1.0,1.0,1.0
n19643,n708,3,0.75,1.0,0.875
n19644,n770,4,1.0,1.0,1.0
n19645,n14720,3,0.75,1.0,0.875
n19646,n952,4,1.0,1.0,1.0
n19647,n14727,4,1.0,1.0,1.0
n19648,n1017,3,0.75,1.0,0.875
n19649,n14731,3,0.75,1.0,0.875
n1965,n10033,4,1.0,1.0,1.0
n19650,n16157,4,1.0,1.0,1.0
n19651,n4189,4,1.0,1.0,1.0
n19652,n4359,4,1.0,1.0,1.0
n19653,n1209,4,1.0,1.0,1.0
n19654,n16185,4,1.0,1.0,1.0
n19655,n14741,4,1.0,1.0,1.0
n19656,n1329,4,1.0,1.0,1.0
n19657,n16216,4,1.0,1.0,1.0
n19658,n16228,4,1.0,1.0,1.0
n19659,n5523,4,1.0,1.0,1.0
n1966,n8334,4,1.0,1.0,1.0
n19660,n16237,4,1.0,1.0,1.0
n19661,n1500,4,1.0,1.0,1.0
n19662,n1608,3,0.75,1.0,0.875
n19663,n6660,4,1.0,1.0,1.0
n19664,n14762,4,1.0,1.0,1.0
n19665,n16327,4,1.0,1.0,1.0
n19666,n2042,4,1.0,1.0,1.0
n19667,n16334,3,0.75,1.0,0.875
n19668,n8324,3,0.75,1.0,0.875
n19669,n16366,4,1.0,1.0,1.0
n1967,n11066,4,1.0,1.0,1.0
n19670,n9427,3,0.75,1.0,0.875
n19671,n16428,4,1.0,1.0,1.0
n19672,n2585,4,1.0,1.0,1.0
n19673,n14787,3,0.75,1.0,0.875
n19674,n16450,4,1.0,1.0,1.0
n19675,n11244,3,0.75,1.0,0.875
n19676,n16451,4,1.0,1.0,1.0
n19677,n14795,4,1.0,1.0,1.0
n19678,n2951,4,1.0,1.0,1.0
n19679,n14803,4,1.0,1.0,1.0
n1968,n7671,4,1.0,1.0,1.0
n19680,n16532,4,1.0,1.0,1.0
n19681,n3350,4,1.0,1.0,1.0
n19682,n13919,4,1.0,1.0,1.0
n19683,n14830,4,1.0,1.0,1.0
n19684,n14938,3,0.75,1.0,0.875
n19685,n15077,4,1.0,1.0,1.0
n19686,n16639,3,0.75,1.0,0.875
n19687,n4028,4,1.0,1.0,1.0
n19688,n15817,3,0.75,1.0,0.875
n19689,n4173,4,1.0,1.0,1.0
n1969,n7856,4,1.0,1.0,1.0
n19690,n16242,4,1.0,1.0,1.0
n19691,n14844,4,1.0,1.0,1.0
n19692,n4340,4,1.0,1.0,1.0
n19693,n4354,4,1.0,1.0,1.0
n19694,n14845,4,1.0,1.0,1.0
n19695,n16721,4,1.0,1.0,1.0
n19696,n16730,4,1.0,1.0,1.0
n19697,n16750,4,1.0,1.0,1.0
n19698,n4629,4,1.0,1.0,1.0
n19699,n18352,4,1.0,1.0,1.0
n197,n7631,4,1.0,1.0,1.0
n1970,n7860,4,1.0,1.0,1.0
n19700,n4693,4,1.0,1.0,1.0
n19701,n16772,4,1.0,1.0,1.0
n19702,n4828,3,0.75,1.0,0.875
n19703,n14865,4,1.0,1.0,1.0
n19704,n4930,4,1.0,1.0,1.0
n19705,n14871,4,1.0,1.0,1.0
n19706,n5043,4,1.0,1.0,1.0
n19707,n20405,4,1.0,1.0,1.0
n19708,n5126,4,1.0,1.0,1.0
n19709,n16862,4,1.0,1.0,1.0
n1971,n7679,4,1.0,1.0,1.0
n19710,n5187,4,1.0,1.0,1.0
n19711,n14879,4,1.0,1.0,1.0
n19712,n21026,4,1.0,1.0,1.0
n19713,n5223,4,1.0,1.0,1.0
n19714,n21384,4,1.0,1.0,1.0
n19715,n5305,4,1.0,1.0,1.0
n19716,n14888,4,1.0,1.0,1.0
n19717,n16917,4,1.0,1.0,1.0
n19718,n5388,4,1.0,1.0,1.0
n19719,n14891,4,1.0,1.0,1.0
n1972,n8625,4,1.0,1.0,1.0
n19720,n5630,4,1.0,1.0,1.0
n19721,n1653,4,1.0,1.0,1.0
n19722,n14906,4,1.0,1.0,1.0
n19723,n5825,4,1.0,1.0,1.0
n19723,n5826,4,1.0,1.0,1.0
n19724,n17060,3,0.75,1.0,0.875
n19725,n17099,4,1.0,1.0,1.0
n19726,n2929,4,1.0,1.0,1.0
n19727,n6406,4,1.0,1.0,1.0
n19728,n17146,3,0.75,1.0,0.875
n19729,n3737,4,1.0,1.0,1.0
n1973,n14146,4,1.0,1.0,1.0
n19730,n17175,4,1.0,1.0,1.0
n19731,n14935,4,1.0,1.0,1.0
n19732,n17178,4,1.0,1.0,1.0
n19733,n14943,4,1.0,1.0,1.0
n19734,n17224,3,0.75,1.0,0.875
n19735,n17257,4,1.0,1.0,1.0
n19735,n4908,4,1.0,1.0,1.0
n19736,n6909,4,1.0,1.0,1.0
n19737,n6921,4,1.0,1.0,1.0
n19738,n5378,4,1.0,1.0,1.0
n19739,n5648,4,1.0,1.0,1.0
n1974,n7876,3,0.75,1.0,0.875
n19740,n17356,3,0.75,1.0,0.875
n19741,n14969,4,1.0,1.0,1.0
n19742,n17387,3,0.75,1.0,0.875
n19743,n14971,4,1.0,1.0,1.0
n19744,n17441,3,0.75,1.0,0.875
n19745,n7439,4,1.0,1.0,1.0
n19746,n7253,4,1.0,1.0,1.0
n19746,n7514,4,1.0,1.0,1.0
n19747,n14990,4,1.0,1.0,1.0
n19748,n7623,4,1.0,1.0,1.0
n19749,n7756,3,0.75,1.0,0.875
n1975,n8702,3,0.75,1.0,0.875
n19750,n7718,4,1.0,1.0,1.0
n19751,n7746,4,1.0,1.0,1.0
n19752,n17558,4,1.0,1.0,1.0
n19753,n14997,3,0.75,1.0,0.875
n19754,n8595,3,0.75,1.0,0.875
n19755,n15006,4,1.0,1.0,1.0
n19756,n8991,4,1.0,1.0,1.0
n19757,n15012,4,1.0,1.0,1.0
n19758,n9248,4,1.0,1.0,1.0
n19759,n15024,4,1.0,1.0,1.0
n1976,n7686,4,1.0,1.0,1.0
n19760,n8136,3,0.75,1.0,0.875
n19761,n9644,3,0.75,1.0,0.875
n19762,n8323,4,1.0,1.0,1.0
n19763,n17682,4,1.0,1.0,1.0
n19764,n17685,4,1.0,1.0,1.0
n19765,n15037,4,1.0,1.0,1.0
n19766,n8480,4,1.0,1.0,1.0
n19767,n12120,4,1.0,1.0,1.0
n19768,n12341,4,1.0,1.0,1.0
n19768,n15045,4,1.0,1.0,1.0
n19769,n8676,3,0.75,1.0,0.875
n1977,n16060,4,1.0,1.0,1.0
n19770,n8762,3,0.75,1.0,0.875
n19771,n15059,4,1.0,1.0,1.0
n19772,n8818,4,1.0,1.0,1.0
n19773,n16382,3,0.75,1.0,0.875
n19774,n17837,3,0.75,1.0,0.875
n19775,n17852,4,1.0,1.0,1.0
n19776,n17856,4,1.0,1.0,1.0
n19777,n8985,4,1.0,1.0,1.0
n19778,n17919,4,1.0,1.0,1.0
n19779,n17923,4,1.0,1.0,1.0
n1978,n16423,4,1.0,1.0,1.0
n19780,n15090,4,1.0,1.0,1.0
n19781,n9180,4,1.0,1.0,1.0
n19782,n9236,4,1.0,1.0,1.0
n19783,n17786,3,0.75,1.0,0.875
n19784,n17794,4,1.0,1.0,1.0
n19785,n17817,4,1.0,1.0,1.0
n19786,n9300,3,0.75,1.0,0.875
n19787,n15110,3,0.75,1.0,0.875
n19788,n18175,4,1.0,1.0,1.0
n19789,n9417,4,1.0,1.0,1.0
n1979,n16989,4,1.0,1.0,1.0
n19790,n18696,4,1.0,1.0,1.0
n19791,n9619,3,0.75,1.0,0.875
n19792,n18071,4,1.0,1.0,1.0
n19793,n15125,3,0.75,1.0,0.875
n19794,n9756,4,1.0,1.0,1.0
n19795,n19533,4,1.0,1.0,1.0
n19796,n9902,3,0.75,1.0,0.875
n19797,n19808,4,1.0,1.0,1.0
n19798,n10071,4,1.0,1.0,1.0
n19799,n15147,4,1.0,1.0,1.0
n198,n608,4,1.0,1.0,1.0
n1980,n17319,4,1.0,1.0,1.0
n19800,n20444,4,1.0,1.0,1.0
n19801,n15149,3,0.75,1.0,0.875
n19802,n10229,4,1.0,1.0,1.0
n19803,n15165,3,0.75,1.0,0.875
n19804,n21186,4,1.0,1.0,1.0
n19805,n21350,4,1.0,1.0,1.0
n19806,n15171,4,1.0,1.0,1.0
n19806,n21370,4,1.0,1.0,1.0
n19807,n18265,4,1.0,1.0,1.0
n19808,n18281,4,1.0,1.0,1.0
n19809,n21732,3,0.75,1.0,0.875
n1981,n9110,4,1.0,1.0,1.0
n19810,n18296,4,1.0,1.0,1.0
n19811,n15177,4,1.0,1.0,1.0
n19812,n18308,4,1.0,1.0,1.0
n19813,n18330,3,0.75,1.0,0.875
n19814,n10640,4,1.0,1.0,1.0
n19815,n558,4,1.0,1.0,1.0
n19816,n18354,3,0.75,1.0,0.875
n19817,n18358,3,0.75,1.0,0.875
n19818,n15190,4,1.0,1.0,1.0
n19819,n908,4,1.0,1.0,1.0
n1982,n8001,3,0.75,1.0,0.875
n19820,n18395,4,1.0,1.0,1.0
n19821,n18405,4,1.0,1.0,1.0
n19822,n1215,4,1.0,1.0,1.0
n19823,n18430,4,1.0,1.0,1.0
n19824,n1664,4,1.0,1.0,1.0
n19825,n10938,4,1.0,1.0,1.0
n19826,n10966,4,1.0,1.0,1.0
n19827,n15206,3,0.75,1.0,0.875
n19828,n15209,3,0.75,1.0,0.875
n19829,n11035,3,0.75,1.0,0.875
n1983,n17393,4,1.0,1.0,1.0
n19830,n15211,4,1.0,1.0,1.0
n19831,n18466,4,1.0,1.0,1.0
n19832,n18473,3,0.75,1.0,0.875
n19833,n11106,4,1.0,1.0,1.0
n19834,n3056,4,1.0,1.0,1.0
n19835,n18540,4,1.0,1.0,1.0
n19835,n18541,4,1.0,1.0,1.0
n19836,n15234,3,0.75,1.0,0.875
n19837,n15235,4,1.0,1.0,1.0
n19838,n15239,4,1.0,1.0,1.0
n19839,n11346,3,0.75,1.0,0.875
n1984,n9163,3,0.75,1.0,0.875
n19840,n18580,4,1.0,1.0,1.0
n19841,n15247,4,1.0,1.0,1.0
n19842,n3739,3,0.75,1.0,0.875
n19843,n18616,4,1.0,1.0,1.0
n19844,n4109,3,0.75,1.0,0.875
n19845,n18646,4,1.0,1.0,1.0
n19846,n18652,3,0.75,1.0,0.875
n19847,n15268,4,1.0,1.0,1.0
n19848,n18664,3,0.75,1.0,0.875
n19849,n15269,3,0.75,1.0,0.875
n1985,n7714,4,1.0,1.0,1.0
n19850,n15274,3,0.75,1.0,0.875
n19851,n18688,3,0.75,1.0,0.875
n19852,n18691,4,1.0,1.0,1.0
n19853,n5105,3,0.75,1.0,0.875
n19854,n18757,4,1.0,1.0,1.0
n19855,n5762,3,0.75,1.0,0.875
n19856,n15295,4,1.0,1.0,1.0
n19857,n18770,4,1.0,1.0,1.0
n19858,n15296,3,0.75,1.0,0.875
n19859,n18771,4,1.0,1.0,1.0
n1986,n7728,4,1.0,1.0,1.0
n19860,n18786,4,1.0,1.0,1.0
n19861,n6391,3,0.75,1.0,0.875
n19862,n12169,4,1.0,1.0,1.0
n19863,n6908,4,1.0,1.0,1.0
n19864,n7016,4,1.0,1.0,1.0
n19865,n12228,4,1.0,1.0,1.0
n19866,n12246,3,0.75,1.0,0.875
n19867,n18900,4,1.0,1.0,1.0
n19868,n12402,3,0.75,1.0,0.875
n19869,n15329,4,1.0,1.0,1.0
n1987,n7731,4,1.0,1.0,1.0
n19870,n8099,4,1.0,1.0,1.0
n19871,n18949,3,0.75,1.0,0.875
n19872,n12578,4,1.0,1.0,1.0
n19873,n15341,4,1.0,1.0,1.0
n19874,n15350,4,1.0,1.0,1.0
n19875,n15351,3,0.75,1.0,0.875
n19876,n15352,3,0.75,1.0,0.875
n19877,n12715,4,1.0,1.0,1.0
n19878,n15356,4,1.0,1.0,1.0
n19879,n12790,4,1.0,1.0,1.0
n1988,n9404,3,0.75,1.0,0.875
n19880,n15358,4,1.0,1.0,1.0
n19881,n19027,4,1.0,1.0,1.0
n19882,n9612,3,0.75,1.0,0.875
n19883,n19055,4,1.0,1.0,1.0
n19884,n19095,4,1.0,1.0,1.0
n19885,n15378,4,1.0,1.0,1.0
n19886,n15382,4,1.0,1.0,1.0
n19887,n10837,4,1.0,1.0,1.0
n19888,n15395,4,1.0,1.0,1.0
n19889,n19160,3,0.75,1.0,0.875
n1989,n7750,4,1.0,1.0,1.0
n19890,n11102,3,0.75,1.0,0.875
n19891,n19169,4,1.0,1.0,1.0
n19892,n19205,4,1.0,1.0,1.0
n19893,n19215,4,1.0,1.0,1.0
n19894,n11686,4,1.0,1.0,1.0
n19895,n15415,4,1.0,1.0,1.0
n19896,n13474,4,1.0,1.0,1.0
n19897,n19239,4,1.0,1.0,1.0
n19898,n15429,4,1.0,1.0,1.0
n19899,n15433,3,0.75,1.0,0.875
n199,n8234,4,1.0,1.0,1.0
n1990,n19279,4,1.0,1.0,1.0
n19900,n19295,4,1.0,1.0,1.0
n19901,n19309,3,0.75,1.0,0.875
n19902,n12630,3,0.75,1.0,0.875
n19903,n12685,4,1.0,1.0,1.0
n19904,n15454,4,1.0,1.0,1.0
n19905,n13080,4,1.0,1.0,1.0
n19906,n13934,3,0.75,1.0,0.875
n19907,n13505,4,1.0,1.0,1.0
n19908,n15471,4,1.0,1.0,1.0
n19909,n19448,4,1.0,1.0,1.0
n1991,n9823,3,0.75,1.0,0.875
n19910,n14357,4,1.0,1.0,1.0
n19911,n14364,4,1.0,1.0,1.0
n19912,n14432,4,1.0,1.0,1.0
n19913,n15315,4,1.0,1.0,1.0
n19914,n15512,4,1.0,1.0,1.0
n19915,n15518,4,1.0,1.0,1.0
n19916,n15525,3,0.75,1.0,0.875
n19917,n16075,4,1.0,1.0,1.0
n19918,n15530,4,1.0,1.0,1.0
n19919,n16241,4,1.0,1.0,1.0
n1992,n8249,4,1.0,1.0,1.0
n19920,n15536,4,1.0,1.0,1.0
n19921,n16656,4,1.0,1.0,1.0
n19922,n19692,4,1.0,1.0,1.0
n19923,n14856,4,1.0,1.0,1.0
n19924,n15540,4,1.0,1.0,1.0
n19925,n19725,4,1.0,1.0,1.0
n19926,n19735,4,1.0,1.0,1.0
n19927,n17329,4,1.0,1.0,1.0
n19928,n17511,4,1.0,1.0,1.0
n19929,n15554,4,1.0,1.0,1.0
n1993,n19495,4,1.0,1.0,1.0
n19930,n19760,3,0.75,1.0,0.875
n19931,n19763,4,1.0,1.0,1.0
n19932,n15039,3,0.75,1.0,0.875
n19933,n15558,4,1.0,1.0,1.0
n19934,n19782,4,1.0,1.0,1.0
n19935,n15144,4,1.0,1.0,1.0
n19936,n15162,4,1.0,1.0,1.0
n19937,n15164,4,1.0,1.0,1.0
n19938,n19804,4,1.0,1.0,1.0
n19939,n15200,4,1.0,1.0,1.0
n1994,n8269,3,0.75,1.0,0.875
n19940,n18426,4,1.0,1.0,1.0
n19941,n19826,4,1.0,1.0,1.0
n19942,n19832,3,0.75,1.0,0.875
n19943,n18791,3,0.75,1.0,0.875
n19944,n18940,4,1.0,1.0,1.0
n19945,n19874,4,1.0,1.0,1.0
n19946,n19004,4,1.0,1.0,1.0
n19947,n19883,4,1.0,1.0,1.0
n19948,n15417,4,1.0,1.0,1.0
n19949,n19373,4,1.0,1.0,1.0
n1995,n20018,3,0.75,1.0,0.875
n19950,n15464,4,1.0,1.0,1.0
n19951,n15590,4,1.0,1.0,1.0
n19952,n19919,4,1.0,1.0,1.0
n19953,n15533,4,1.0,1.0,1.0
n19954,n19691,4,1.0,1.0,1.0
n19955,n15593,4,1.0,1.0,1.0
n19956,n15594,4,1.0,1.0,1.0
n19957,n15596,4,1.0,1.0,1.0
n19958,n15597,3,0.75,1.0,0.875
n19959,n15600,4,1.0,1.0,1.0
n19959,n19952,4,1.0,1.0,1.0
n1996,n20225,4,1.0,1.0,1.0
n19960,n20028,4,1.0,1.0,1.0
n19961,n20049,3,0.75,1.0,0.875
n19962,n15611,4,1.0,1.0,1.0
n19963,n15783,4,1.0,1.0,1.0
n19964,n20046,4,1.0,1.0,1.0
n19965,n15851,4,1.0,1.0,1.0
n19966,n15857,3,0.75,1.0,0.875
n19967,n15923,4,1.0,1.0,1.0
n19967,n15924,4,1.0,1.0,1.0
n19968,n21831,4,1.0,1.0,1.0
n19969,n16089,4,1.0,1.0,1.0
n1997,n7787,4,1.0,1.0,1.0
n19970,n16127,4,1.0,1.0,1.0
n19971,n15637,4,1.0,1.0,1.0
n19972,n16169,4,1.0,1.0,1.0
n19973,n15640,4,1.0,1.0,1.0
n19974,n15641,4,1.0,1.0,1.0
n19975,n15645,4,1.0,1.0,1.0
n19976,n16362,4,1.0,1.0,1.0
n19977,n2409,3,0.75,1.0,0.875
n19978,n20265,4,1.0,1.0,1.0
n19979,n16459,4,1.0,1.0,1.0
n1998,n20987,4,1.0,1.0,1.0
n19980,n16488,4,1.0,1.0,1.0
n19981,n20285,4,1.0,1.0,1.0
n19982,n16501,4,1.0,1.0,1.0
n19983,n16518,4,1.0,1.0,1.0
n19984,n15655,3,0.75,1.0,0.875
n19985,n3282,4,1.0,1.0,1.0
n19986,n3628,4,1.0,1.0,1.0
n19987,n15660,4,1.0,1.0,1.0
n19988,n3938,4,1.0,1.0,1.0
n19989,n16745,4,1.0,1.0,1.0
n1999,n10420,4,1.0,1.0,1.0
n19990,n15668,3,0.75,1.0,0.875
n19991,n15672,4,1.0,1.0,1.0
n19992,n20406,4,1.0,1.0,1.0
n19993,n5030,4,1.0,1.0,1.0
n19994,n5398,4,1.0,1.0,1.0
n19995,n20450,4,1.0,1.0,1.0
n19996,n20452,3,0.75,1.0,0.875
n19997,n5732,3,0.75,1.0,0.875
n19998,n15690,4,1.0,1.0,1.0
n19999,n15692,4,1.0,1.0,1.0
n2,n19,4,1.0,1.0,1.0
n2,n4,4,1.0,1.0,1.0
n20,n342,4,1.0,1.0,1.0
n200,n1993,4,1.0,1.0,1.0
n2000,n7804,4,1.0,1.0,1.0
n20000,n17120,4,1.0,1.0,1.0
n20001,n6493,4,1.0,1.0,1.0
n20002,n6728,4,1.0,1.0,1.0
n20003,n20543,3,0.75,1.0,0.875
n20004,n17265,4,1.0,1.0,1.0
n20005,n6849,4,1.0,1.0,1.0
n20006,n15707,3,0.75,1.0,0.875
n20006,n17325,3,0.75,1.0,0.875
n20007,n7435,4,1.0,1.0,1.0
n20008,n7540,4,1.0,1.0,1.0
n20009,n7741,3,0.75,1.0,0.875
n2001,n1944,4,1.0,1.0,1.0
n20010,n20679,4,1.0,1.0,1.0
n20011,n20693,4,1.0,1.0,1.0
n20012,n15730,4,1.0,1.0,1.0
n20013,n8902,4,1.0,1.0,1.0
n20014,n15731,3,0.75,1.0,0.875
n20015,n15733,4,1.0,1.0,1.0
n20016,n9230,4,1.0,1.0,1.0
n20017,n9241,3,0.75,1.0,0.875
n20018,n17989,3,0.75,1.0,0.875
n20019,n9534,4,1.0,1.0,1.0
n2002,n7842,3,0.75,1.0,0.875
n20020,n9734,4,1.0,1.0,1.0
n20021,n20783,4,1.0,1.0,1.0
n20022,n9956,4,1.0,1.0,1.0
n20023,n15744,4,1.0,1.0,1.0
n20024,n15746,4,1.0,1.0,1.0
n20025,n20861,4,1.0,1.0,1.0
n20026,n10858,4,1.0,1.0,1.0
n20027,n10939,4,1.0,1.0,1.0
n20028,n15757,4,1.0,1.0,1.0
n20029,n20912,4,1.0,1.0,1.0
n2003,n12884,4,1.0,1.0,1.0
n20030,n15760,4,1.0,1.0,1.0
n20031,n15764,4,1.0,1.0,1.0
n20032,n20939,4,1.0,1.0,1.0
n20033,n11801,4,1.0,1.0,1.0
n20034,n20957,3,0.75,1.0,0.875
n20035,n15775,4,1.0,1.0,1.0
n20036,n15776,3,0.75,1.0,0.875
n20037,n15777,4,1.0,1.0,1.0
n20038,n15790,4,1.0,1.0,1.0
n20039,n15791,4,1.0,1.0,1.0
n2004,n7857,4,1.0,1.0,1.0
n20040,n13478,4,1.0,1.0,1.0
n20041,n21051,4,1.0,1.0,1.0
n20042,n15793,4,1.0,1.0,1.0
n20043,n19257,4,1.0,1.0,1.0
n20044,n21060,4,1.0,1.0,1.0
n20045,n13881,4,1.0,1.0,1.0
n20046,n19551,4,1.0,1.0,1.0
n20047,n14404,3,0.75,1.0,0.875
n20048,n21131,4,1.0,1.0,1.0
n20049,n14683,3,0.75,1.0,0.875
n2005,n7868,4,1.0,1.0,1.0
n20050,n21171,3,0.75,1.0,0.875
n20051,n21182,4,1.0,1.0,1.0
n20052,n19841,4,1.0,1.0,1.0
n20053,n19860,4,1.0,1.0,1.0
n20054,n19863,4,1.0,1.0,1.0
n20055,n15822,4,1.0,1.0,1.0
n20056,n15855,4,1.0,1.0,1.0
n20057,n20079,3,0.75,1.0,0.875
n20058,n15834,3,0.75,1.0,0.875
n20059,n21248,4,1.0,1.0,1.0
n2006,n13687,4,1.0,1.0,1.0
n20060,n16203,4,1.0,1.0,1.0
n20061,n15844,4,1.0,1.0,1.0
n20062,n15845,4,1.0,1.0,1.0
n20063,n16380,4,1.0,1.0,1.0
n20064,n16707,4,1.0,1.0,1.0
n20065,n20389,4,1.0,1.0,1.0
n20066,n20415,4,1.0,1.0,1.0
n20067,n21361,4,1.0,1.0,1.0
n20068,n20441,4,1.0,1.0,1.0
n20069,n17193,3,0.75,1.0,0.875
n2007,n14447,4,1.0,1.0,1.0
n20070,n20647,4,1.0,1.0,1.0
n20071,n17613,3,0.75,1.0,0.875
n20072,n21464,3,0.75,1.0,0.875
n20073,n21481,4,1.0,1.0,1.0
n20074,n20794,3,0.75,1.0,0.875
n20075,n15876,4,1.0,1.0,1.0
n20076,n20808,4,1.0,1.0,1.0
n20077,n20819,4,1.0,1.0,1.0
n20078,n20827,4,1.0,1.0,1.0
n20079,n21514,3,0.75,1.0,0.875
n2008,n7881,3,0.75,1.0,0.875
n20080,n15880,4,1.0,1.0,1.0
n20081,n15884,4,1.0,1.0,1.0
n20082,n18930,4,1.0,1.0,1.0
n20083,n15890,4,1.0,1.0,1.0
n20084,n21191,3,0.75,1.0,0.875
n20085,n19927,4,1.0,1.0,1.0
n20086,n15903,3,0.75,1.0,0.875
n20087,n20105,4,1.0,1.0,1.0
n20087,n21675,4,1.0,1.0,1.0
n20088,n20152,4,1.0,1.0,1.0
n20089,n21305,3,0.75,1.0,0.875
n2009,n15323,4,1.0,1.0,1.0
n20090,n20314,4,1.0,1.0,1.0
n20091,n21725,4,1.0,1.0,1.0
n20092,n20566,4,1.0,1.0,1.0
n20093,n15919,3,0.75,1.0,0.875
n20094,n20764,4,1.0,1.0,1.0
n20095,n21772,4,1.0,1.0,1.0
n20096,n21504,3,0.75,1.0,0.875
n20097,n20830,3,0.75,1.0,0.875
n20098,n21582,4,1.0,1.0,1.0
n20099,n15930,4,1.0,1.0,1.0
n201,n613,4,1.0,1.0,1.0
n2010,n8714,4,1.0,1.0,1.0
n20100,n15931,3,0.75,1.0,0.875
n20101,n15934,4,1.0,1.0,1.0
n20102,n21150,4,1.0,1.0,1.0
n20103,n15937,4,1.0,1.0,1.0
n20104,n21796,4,1.0,1.0,1.0
n20105,n15948,3,0.75,0.75,0.75
n20105,n15949,4,1.0,1.0,1.0
n20106,n21898,4,1.0,1.0,1.0
n20107,n15951,4,1.0,1.0,1.0
n20108,n15952,4,1.0,1.0,1.0
n20109,n52,3,0.75,1.0,0.875
n2011,n19982,4,1.0,1.0,1.0
n20110,n15961,4,1.0,1.0,1.0
n20111,n15964,4,1.0,1.0,1.0
n20112,n15969,4,1.0,1.0,1.0
n20113,n57,4,1.0,1.0,1.0
n20114,n15979,3,0.75,1.0,0.875
n20115,n252,4,1.0,1.0,1.0
n20116,n267,4,1.0,1.0,1.0
n20117,n415,4,1.0,1.0,1.0
n20118,n421,4,1.0,1.0,1.0
n20119,n15997,4,1.0,1.0,1.0
n2012,n7905,4,1.0,1.0,1.0
n20120,n2186,4,1.0,1.0,1.0
n20121,n2383,4,1.0,1.0,1.0
n20122,n16007,4,1.0,1.0,1.0
n20123,n2822,4,1.0,1.0,1.0
n20124,n289,4,1.0,1.0,1.0
n20125,n311,4,1.0,1.0,1.0
n20126,n1052,4,1.0,1.0,1.0
n20127,n3930,4,1.0,1.0,1.0
n20128,n336,4,1.0,1.0,1.0
n20129,n345,3,0.75,1.0,0.875
n2013,n16221,4,1.0,1.0,1.0
n20130,n16028,4,1.0,1.0,1.0
n20131,n16031,4,1.0,1.0,1.0
n20132,n1336,4,1.0,1.0,1.0
n20133,n16045,4,1.0,1.0,1.0
n20134,n1420,4,1.0,1.0,1.0
n20135,n1428,3,0.75,1.0,0.875
n20136,n16051,4,1.0,1.0,1.0
n20137,n1564,4,1.0,1.0,1.0
n20138,n16059,4,1.0,1.0,1.0
n20139,n552,4,1.0,1.0,1.0
n2014,n8822,4,1.0,1.0,1.0
n20140,n1750,3,0.75,1.0,0.875
n20141,n6781,4,1.0,1.0,1.0
n20142,n562,4,1.0,1.0,1.0
n20143,n7692,4,1.0,1.0,1.0
n20144,n8207,4,1.0,1.0,1.0
n20145,n2142,3,0.75,1.0,0.875
n20146,n668,4,1.0,1.0,1.0
n20147,n9914,4,1.0,1.0,1.0
n20148,n16091,4,1.0,1.0,1.0
n20149,n2453,4,1.0,1.0,1.0
n2015,n16244,3,0.75,1.0,0.875
n20150,n10530,4,1.0,1.0,1.0
n20151,n745,4,1.0,1.0,1.0
n20152,n765,4,1.0,1.0,1.0
n20153,n773,4,1.0,1.0,1.0
n20154,n16101,4,1.0,1.0,1.0
n20155,n781,4,1.0,1.0,1.0
n20156,n11228,4,1.0,1.0,1.0
n20157,n2780,4,1.0,1.0,1.0
n20158,n806,4,1.0,1.0,1.0
n20159,n2870,4,1.0,1.0,1.0
n2016,n16364,4,1.0,1.0,1.0
n20160,n16111,4,1.0,1.0,1.0
n20161,n869,4,1.0,1.0,1.0
n20162,n16118,4,1.0,1.0,1.0
n20163,n3266,3,0.75,1.0,0.875
n20164,n961,4,1.0,1.0,1.0
n20165,n3652,4,1.0,1.0,1.0
n20166,n16132,4,1.0,1.0,1.0
n20167,n1009,4,1.0,1.0,1.0
n20168,n1010,4,1.0,1.0,1.0
n20169,n14427,4,1.0,1.0,1.0
n2017,n16393,4,1.0,1.0,1.0
n20170,n3758,4,1.0,1.0,1.0
n20171,n16140,4,1.0,1.0,1.0
n20172,n1044,4,1.0,1.0,1.0
n20173,n3848,4,1.0,1.0,1.0
n20174,n3911,4,1.0,1.0,1.0
n20175,n16167,4,1.0,1.0,1.0
n20176,n16142,4,1.0,1.0,1.0
n20177,n16170,4,1.0,1.0,1.0
n20178,n16246,4,1.0,1.0,1.0
n20179,n1167,4,1.0,1.0,1.0
n2018,n7934,3,0.75,1.0,0.875
n20180,n1170,4,1.0,1.0,1.0
n20181,n1189,4,1.0,1.0,1.0
n20182,n4362,3,0.75,1.0,0.875
n20183,n17036,4,1.0,1.0,1.0
n20184,n4538,3,0.75,1.0,0.875
n20185,n18954,4,1.0,1.0,1.0
n20186,n4879,4,1.0,1.0,1.0
n20187,n1341,4,1.0,1.0,1.0
n20188,n19967,4,1.0,1.0,1.0
n20189,n19992,4,1.0,1.0,1.0
n2019,n8885,4,1.0,1.0,1.0
n20190,n5038,4,1.0,1.0,1.0
n20191,n1371,4,1.0,1.0,1.0
n20192,n5081,4,1.0,1.0,1.0
n20193,n20414,4,1.0,1.0,1.0
n20194,n16208,4,1.0,1.0,1.0
n20195,n21479,4,1.0,1.0,1.0
n20196,n16221,3,0.75,1.0,0.875
n20197,n16226,4,1.0,1.0,1.0
n20198,n1474,4,1.0,1.0,1.0
n20199,n5577,4,1.0,1.0,1.0
n202,n8554,4,1.0,1.0,1.0
n2020,n16524,3,0.75,1.0,0.875
n20200,n1443,4,1.0,1.0,1.0
n20201,n1536,3,0.75,1.0,0.875
n20202,n1545,4,1.0,1.0,1.0
n20203,n2234,4,1.0,1.0,1.0
n20204,n2322,4,1.0,1.0,1.0
n20205,n2354,4,1.0,1.0,1.0
n20206,n2366,4,1.0,1.0,1.0
n20207,n1604,4,1.0,1.0,1.0
n20208,n1610,4,1.0,1.0,1.0
n20209,n16261,4,1.0,1.0,1.0
n2021,n8926,4,1.0,1.0,1.0
n20210,n1693,4,1.0,1.0,1.0
n20211,n1713,4,1.0,1.0,1.0
n20212,n6608,4,1.0,1.0,1.0
n20213,n1741,4,1.0,1.0,1.0
n20214,n6794,3,0.75,1.0,0.875
n20215,n16295,3,0.75,1.0,0.875
n20216,n16297,4,1.0,1.0,1.0
n20217,n5164,3,0.75,1.0,0.875
n20218,n6925,4,1.0,1.0,1.0
n20219,n6505,4,1.0,1.0,1.0
n2022,n16589,4,1.0,1.0,1.0
n20220,n7348,4,1.0,1.0,1.0
n20221,n1900,4,1.0,1.0,1.0
n20222,n16317,4,1.0,1.0,1.0
n20223,n6942,4,1.0,1.0,1.0
n20224,n1935,4,1.0,1.0,1.0
n20225,n16321,4,1.0,1.0,1.0
n20226,n7649,4,1.0,1.0,1.0
n20227,n7693,4,1.0,1.0,1.0
n20228,n8499,4,1.0,1.0,1.0
n20229,n7897,4,1.0,1.0,1.0
n2023,n8934,4,1.0,1.0,1.0
n20230,n2034,4,1.0,1.0,1.0
n20231,n16333,4,1.0,1.0,1.0
n20232,n2044,4,1.0,1.0,1.0
n20233,n9570,4,1.0,1.0,1.0
n20234,n2078,3,0.75,1.0,0.875
n20235,n2080,3,0.75,1.0,0.875
n20236,n16340,4,1.0,1.0,1.0
n20237,n2091,3,0.75,1.0,0.875
n20238,n16345,4,1.0,1.0,1.0
n20239,n8621,3,0.75,1.0,0.875
n2024,n16703,3,0.75,1.0,0.875
n20240,n8665,4,1.0,1.0,1.0
n20241,n9080,4,1.0,1.0,1.0
n20242,n2203,4,1.0,1.0,1.0
n20243,n17322,4,1.0,1.0,1.0
n20244,n2276,4,1.0,1.0,1.0
n20245,n9608,4,1.0,1.0,1.0
n20246,n9658,4,1.0,1.0,1.0
n20247,n19786,3,0.75,1.0,0.875
n20248,n16392,3,0.75,1.0,0.875
n20249,n16397,4,1.0,1.0,1.0
n2025,n8978,3,0.75,1.0,0.875
n20250,n10055,4,1.0,1.0,1.0
n20251,n16399,4,1.0,1.0,1.0
n20252,n16403,4,1.0,1.0,1.0
n20253,n2441,4,1.0,1.0,1.0
n20254,n16405,4,1.0,1.0,1.0
n20255,n2449,4,1.0,1.0,1.0
n20256,n10378,4,1.0,1.0,1.0
n20257,n16409,4,1.0,1.0,1.0
n20258,n16412,4,1.0,1.0,1.0
n20259,n16414,3,0.75,1.0,0.875
n2026,n16995,4,1.0,1.0,1.0
n20260,n2486,3,0.75,1.0,0.875
n20261,n10565,4,1.0,1.0,1.0
n20262,n16418,3,0.75,1.0,0.875
n20263,n2514,4,1.0,1.0,1.0
n20264,n10699,4,1.0,1.0,1.0
n20265,n10826,4,1.0,1.0,1.0
n20266,n1651,3,0.75,1.0,0.875
n20267,n1989,4,1.0,1.0,1.0
n20268,n11085,4,1.0,1.0,1.0
n20269,n11109,4,1.0,1.0,1.0
n2027,n7975,4,1.0,1.0,1.0
n20270,n16454,3,0.75,1.0,0.875
n20271,n11422,4,1.0,1.0,1.0
n20272,n16458,4,1.0,1.0,1.0
n20273,n2832,4,1.0,1.0,1.0
n20274,n4476,4,1.0,1.0,1.0
n20275,n2866,4,1.0,1.0,1.0
n20276,n16474,4,1.0,1.0,1.0
n20277,n16476,4,1.0,1.0,1.0
n20278,n2919,4,1.0,1.0,1.0
n20279,n5458,4,1.0,1.0,1.0
n2028,n9054,4,1.0,1.0,1.0
n20280,n16479,3,0.75,1.0,0.875
n20281,n5850,3,0.75,1.0,0.875
n20282,n3019,4,1.0,1.0,1.0
n20283,n16495,4,1.0,1.0,1.0
n20284,n3059,4,1.0,1.0,1.0
n20285,n12276,4,1.0,1.0,1.0
n20286,n12297,4,1.0,1.0,1.0
n20287,n3089,4,1.0,1.0,1.0
n20288,n12506,3,0.75,1.0,0.875
n20289,n8101,4,1.0,1.0,1.0
n2029,n9103,4,1.0,1.0,1.0
n20290,n12537,4,1.0,1.0,1.0
n20291,n8442,4,1.0,1.0,1.0
n20292,n16520,4,1.0,1.0,1.0
n20293,n12872,4,1.0,1.0,1.0
n20294,n16534,4,1.0,1.0,1.0
n20295,n9883,4,1.0,1.0,1.0
n20296,n16535,4,1.0,1.0,1.0
n20297,n3346,3,0.75,1.0,0.875
n20298,n10793,4,1.0,1.0,1.0
n20299,n3356,3,0.75,1.0,0.875
n203,n620,4,1.0,1.0,1.0
n2030,n7426,4,1.0,1.0,1.0
n20300,n16545,4,1.0,1.0,1.0
n20301,n16547,3,0.75,1.0,0.875
n20302,n11537,4,1.0,1.0,1.0
n20303,n3428,4,1.0,1.0,1.0
n20304,n16551,3,0.75,1.0,0.875
n20305,n13446,4,1.0,1.0,1.0
n20306,n16554,4,1.0,1.0,1.0
n20307,n16559,4,1.0,1.0,1.0
n20308,n13766,4,1.0,1.0,1.0
n20309,n13773,3,0.75,1.0,0.875
n2031,n7479,4,1.0,1.0,1.0
n20310,n16570,4,1.0,1.0,1.0
n20311,n13870,4,1.0,1.0,1.0
n20312,n3646,4,1.0,1.0,1.0
n20313,n13771,3,0.75,1.0,0.875
n20314,n3669,4,1.0,1.0,1.0
n20315,n16576,4,1.0,1.0,1.0
n20316,n14454,4,1.0,1.0,1.0
n20317,n15085,4,1.0,1.0,1.0
n20318,n16591,4,1.0,1.0,1.0
n20319,n16592,4,1.0,1.0,1.0
n2032,n17498,3,0.75,1.0,0.875
n20320,n16593,4,1.0,1.0,1.0
n20321,n16603,4,1.0,1.0,1.0
n20322,n3812,3,0.75,1.0,0.875
n20323,n14788,3,0.75,0.75,0.75
n20323,n16447,4,1.0,1.0,1.0
n20324,n16613,4,1.0,1.0,1.0
n20325,n16617,4,1.0,1.0,1.0
n20326,n16620,4,1.0,1.0,1.0
n20327,n3940,4,1.0,1.0,1.0
n20328,n16625,4,1.0,1.0,1.0
n20329,n18409,4,1.0,1.0,1.0
n2033,n8043,3,0.75,0.75,0.75
n2033,n8146,4,1.0,1.0,1.0
n20330,n3996,4,1.0,1.0,1.0
n20331,n16640,4,1.0,1.0,1.0
n20332,n20476,4,1.0,1.0,1.0
n20333,n15701,4,1.0,1.0,1.0
n20334,n21095,4,1.0,1.0,1.0
n20335,n16649,4,1.0,1.0,1.0
n20336,n21406,4,1.0,1.0,1.0
n20337,n4149,3,0.75,1.0,0.875
n20338,n15945,4,1.0,1.0,1.0
n20339,n4171,4,1.0,1.0,1.0
n2034,n8317,4,1.0,1.0,1.0
n20340,n16663,4,1.0,1.0,1.0
n20341,n16016,4,1.0,1.0,1.0
n20342,n16044,4,1.0,1.0,1.0
n20343,n623,4,1.0,1.0,1.0
n20344,n4196,4,1.0,1.0,1.0
n20345,n16126,4,1.0,1.0,1.0
n20346,n4210,4,1.0,1.0,1.0
n20347,n4232,4,1.0,1.0,1.0
n20348,n4233,4,1.0,1.0,1.0
n20349,n1877,4,1.0,1.0,1.0
n2035,n9249,4,1.0,1.0,1.0
n20350,n2261,4,1.0,1.0,1.0
n20351,n16400,4,1.0,1.0,1.0
n20352,n16464,4,1.0,1.0,1.0
n20353,n16685,4,1.0,1.0,1.0
n20354,n3498,3,0.75,1.0,0.875
n20355,n3952,4,1.0,1.0,1.0
n20356,n4050,3,0.75,1.0,0.875
n20357,n16695,4,1.0,1.0,1.0
n20358,n4353,3,0.75,1.0,0.875
n20359,n16708,3,0.75,1.0,0.875
n2036,n8050,4,1.0,1.0,1.0
n20360,n16914,4,1.0,1.0,1.0
n20361,n16921,3,0.75,1.0,0.875
n20362,n5423,4,1.0,1.0,1.0
n20363,n5431,4,1.0,1.0,1.0
n20364,n16718,4,1.0,1.0,1.0
n20365,n4407,3,0.75,1.0,0.875
n20366,n16947,4,1.0,1.0,1.0
n20367,n17023,4,1.0,1.0,1.0
n20368,n6103,4,1.0,1.0,1.0
n20369,n6374,4,1.0,1.0,1.0
n2037,n9325,4,1.0,1.0,1.0
n20370,n16732,4,1.0,1.0,1.0
n20371,n4488,4,1.0,1.0,1.0
n20372,n7291,4,1.0,1.0,1.0
n20373,n7393,4,1.0,1.0,1.0
n20374,n17437,4,1.0,1.0,1.0
n20375,n17479,4,1.0,1.0,1.0
n20376,n7582,4,1.0,1.0,1.0
n20377,n16737,3,0.75,1.0,0.875
n20378,n4527,4,1.0,1.0,1.0
n20379,n8209,4,1.0,1.0,1.0
n2038,n9349,4,1.0,1.0,1.0
n20380,n8918,4,1.0,1.0,1.0
n20381,n16752,4,1.0,1.0,1.0
n20382,n8960,4,1.0,1.0,1.0
n20383,n17934,3,0.75,1.0,0.875
n20384,n4591,4,1.0,1.0,1.0
n20385,n4614,4,1.0,1.0,1.0
n20386,n9896,3,0.75,1.0,0.875
n20387,n4620,4,1.0,1.0,1.0
n20388,n18139,3,0.75,1.0,0.875
n20389,n16761,4,1.0,1.0,1.0
n2039,n9353,4,1.0,1.0,1.0
n20390,n4641,4,1.0,1.0,1.0
n20391,n16764,4,1.0,1.0,1.0
n20392,n10572,4,1.0,1.0,1.0
n20393,n18376,4,1.0,1.0,1.0
n20394,n16768,4,1.0,1.0,1.0
n20395,n16771,3,0.75,1.0,0.875
n20396,n4721,4,1.0,1.0,1.0
n20397,n4723,3,0.75,1.0,0.875
n20398,n16777,4,1.0,1.0,1.0
n20399,n4754,4,1.0,1.0,1.0
n204,n9495,4,1.0,1.0,1.0
n2040,n9355,4,1.0,1.0,1.0
n20400,n19123,3,0.75,1.0,0.875
n20401,n19199,4,1.0,1.0,1.0
n20402,n15259,4,1.0,1.0,1.0
n20403,n19991,4,1.0,1.0,1.0
n20404,n15673,4,1.0,1.0,1.0
n20405,n15978,4,1.0,1.0,1.0
n20406,n16034,4,1.0,1.0,1.0
n20407,n16156,4,1.0,1.0,1.0
n20408,n16829,4,1.0,1.0,1.0
n20409,n5040,4,1.0,1.0,1.0
n2041,n9946,3,0.75,1.0,0.875
n20410,n16250,3,0.75,1.0,0.875
n20411,n5057,4,1.0,1.0,1.0
n20412,n16834,3,0.75,1.0,0.875
n20413,n5062,4,1.0,1.0,1.0
n20414,n5082,4,1.0,1.0,1.0
n20415,n16797,4,1.0,1.0,1.0
n20416,n20409,4,1.0,1.0,1.0
n20417,n16833,4,1.0,1.0,1.0
n20418,n20524,4,1.0,1.0,1.0
n20419,n20571,3,0.75,1.0,0.875
n2042,n9407,4,1.0,1.0,1.0
n20420,n16863,4,1.0,1.0,1.0
n20421,n5178,4,1.0,1.0,1.0
n20422,n5190,4,1.0,1.0,1.0
n20423,n18825,3,0.75,1.0,0.875
n20424,n20992,4,1.0,1.0,1.0
n20425,n16874,4,1.0,1.0,1.0
n20426,n21309,4,1.0,1.0,1.0
n20427,n16880,4,1.0,1.0,1.0
n20428,n20378,4,1.0,1.0,1.0
n20429,n16886,4,1.0,1.0,1.0
n2043,n9408,4,1.0,1.0,1.0
n20430,n20481,4,1.0,1.0,1.0
n20431,n5342,4,1.0,1.0,1.0
n20432,n5356,4,1.0,1.0,1.0
n20433,n21365,4,1.0,1.0,1.0
n20434,n5367,4,1.0,1.0,1.0
n20435,n16911,3,0.75,0.75,0.75
n20435,n21455,4,1.0,1.0,1.0
n20436,n16913,4,1.0,1.0,1.0
n20437,n16916,4,1.0,1.0,1.0
n20438,n16918,4,1.0,1.0,1.0
n20439,n21713,3,0.75,1.0,0.875
n2044,n10613,4,1.0,1.0,1.0
n20440,n21728,3,0.75,0.75,0.75
n20440,n21733,4,1.0,1.0,1.0
n20441,n21817,4,1.0,1.0,1.0
n20442,n21895,4,1.0,1.0,1.0
n20443,n16927,4,1.0,1.0,1.0
n20444,n260,4,1.0,1.0,1.0
n20445,n858,4,1.0,1.0,1.0
n20446,n1004,4,1.0,1.0,1.0
n20447,n16940,3,0.75,1.0,0.875
n20448,n1212,4,1.0,1.0,1.0
n20449,n396,4,1.0,1.0,1.0
n2045,n10758,4,1.0,1.0,1.0
n20450,n1909,4,1.0,1.0,1.0
n20451,n16951,4,1.0,1.0,1.0
n20452,n5559,3,0.75,1.0,0.875
n20453,n3023,4,1.0,1.0,1.0
n20454,n862,4,1.0,1.0,1.0
n20455,n5585,4,1.0,1.0,1.0
n20455,n880,4,1.0,1.0,1.0
n20456,n5599,4,1.0,1.0,1.0
n20457,n1219,4,1.0,1.0,1.0
n20458,n1354,4,1.0,1.0,1.0
n20459,n5681,4,1.0,1.0,1.0
n2046,n8126,4,1.0,1.0,1.0
n20460,n5219,4,1.0,1.0,1.0
n20461,n1431,4,1.0,1.0,1.0
n20462,n5688,4,1.0,1.0,1.0
n20463,n1441,4,1.0,1.0,1.0
n20464,n5701,4,1.0,1.0,1.0
n20465,n5668,4,1.0,1.0,1.0
n20466,n5735,4,1.0,1.0,1.0
n20467,n6097,4,1.0,1.0,1.0
n20468,n6180,4,1.0,1.0,1.0
n20469,n5749,3,0.75,1.0,0.875
n2047,n8129,4,1.0,1.0,1.0
n20470,n1644,4,1.0,1.0,1.0
n20471,n5754,4,1.0,1.0,1.0
n20472,n6364,4,1.0,1.0,1.0
n20473,n17003,4,1.0,1.0,1.0
n20474,n17007,4,1.0,1.0,1.0
n20475,n17008,4,1.0,1.0,1.0
n20476,n6807,4,1.0,1.0,1.0
n20477,n6929,4,1.0,1.0,1.0
n20478,n17014,4,1.0,1.0,1.0
n20479,n7288,4,1.0,1.0,1.0
n2048,n9509,3,0.75,1.0,0.875
n20480,n1896,4,1.0,1.0,1.0
n20480,n7385,4,1.0,1.0,1.0
n20481,n5820,4,1.0,1.0,1.0
n20482,n5821,4,1.0,1.0,1.0
n20483,n17017,4,1.0,1.0,1.0
n20484,n7650,4,1.0,1.0,1.0
n20485,n7982,4,1.0,1.0,1.0
n20486,n5870,4,1.0,1.0,1.0
n20487,n5923,4,1.0,1.0,1.0
n20488,n17041,3,0.75,1.0,0.875
n20489,n17047,4,1.0,1.0,1.0
n2049,n18550,4,1.0,1.0,1.0
n20490,n17055,4,1.0,1.0,1.0
n20491,n2403,4,1.0,1.0,1.0
n20492,n17069,4,1.0,1.0,1.0
n20493,n17072,4,1.0,1.0,1.0
n20494,n6034,4,1.0,1.0,1.0
n20495,n6042,4,1.0,1.0,1.0
n20496,n2562,4,1.0,1.0,1.0
n20497,n10866,4,1.0,1.0,1.0
n20498,n10889,4,1.0,1.0,1.0
n20499,n10971,4,1.0,1.0,1.0
n205,n9805,4,1.0,1.0,1.0
n2050,n9511,4,1.0,1.0,1.0
n20500,n6090,4,1.0,1.0,1.0
n20501,n6109,4,1.0,1.0,1.0
n20502,n6114,3,0.75,1.0,0.875
n20503,n6139,4,1.0,1.0,1.0
n20504,n2955,4,1.0,1.0,1.0
n20505,n6195,4,1.0,1.0,1.0
n20506,n3039,4,1.0,1.0,1.0
n20507,n3169,3,0.75,1.0,0.875
n20508,n3218,4,1.0,1.0,1.0
n20509,n17136,4,1.0,1.0,1.0
n2051,n9518,4,1.0,1.0,1.0
n20510,n6323,4,1.0,1.0,1.0
n20511,n6332,4,1.0,1.0,1.0
n20512,n13331,4,1.0,1.0,1.0
n20513,n6399,4,1.0,1.0,1.0
n20514,n6404,3,0.75,1.0,0.875
n20515,n6405,3,0.75,1.0,0.875
n20516,n6424,4,1.0,1.0,1.0
n20517,n3672,3,0.75,1.0,0.875
n20518,n6461,4,1.0,1.0,1.0
n20519,n14854,4,1.0,1.0,1.0
n2052,n11467,4,1.0,1.0,1.0
n20520,n15379,4,1.0,1.0,1.0
n20521,n6586,3,0.75,1.0,0.875
n20522,n17191,4,1.0,1.0,1.0
n20523,n17194,3,0.75,1.0,0.875
n20524,n6613,4,1.0,1.0,1.0
n20525,n17204,3,0.75,1.0,0.875
n20526,n17207,3,0.75,1.0,0.875
n20527,n17211,4,1.0,1.0,1.0
n20528,n16784,3,0.75,1.0,0.875
n20529,n6655,4,1.0,1.0,1.0
n2053,n8141,4,1.0,1.0,1.0
n20530,n17216,3,0.75,1.0,0.875
n20531,n4494,4,1.0,1.0,1.0
n20532,n17423,4,1.0,1.0,1.0
n20533,n6690,3,0.75,1.0,0.875
n20534,n4531,4,1.0,1.0,1.0
n20535,n6706,4,1.0,1.0,1.0
n20536,n17225,4,1.0,1.0,1.0
n20537,n17232,3,0.75,1.0,0.875
n20538,n18208,4,1.0,1.0,1.0
n20539,n18243,4,1.0,1.0,1.0
n2054,n9552,4,1.0,1.0,1.0
n20540,n6740,4,1.0,1.0,1.0
n20541,n4671,4,1.0,1.0,1.0
n20542,n18608,4,1.0,1.0,1.0
n20543,n6760,3,0.75,1.0,0.875
n20544,n4751,4,1.0,1.0,1.0
n20545,n4765,4,1.0,1.0,1.0
n20546,n18841,4,1.0,1.0,1.0
n20547,n18941,4,1.0,1.0,1.0
n20548,n4838,3,0.75,1.0,0.875
n20549,n4866,3,0.75,1.0,0.875
n2055,n9554,4,1.0,1.0,1.0
n20550,n17267,4,1.0,1.0,1.0
n20551,n6867,4,1.0,1.0,1.0
n20552,n17277,4,1.0,1.0,1.0
n20553,n17279,4,1.0,1.0,1.0
n20554,n5137,3,0.75,1.0,0.875
n20555,n6900,4,1.0,1.0,1.0
n20556,n5215,4,1.0,1.0,1.0
n20557,n21354,3,0.75,1.0,0.875
n20558,n17298,3,0.75,1.0,0.875
n20559,n5325,4,1.0,1.0,1.0
n2056,n8151,3,0.75,1.0,0.875
n20560,n21777,4,1.0,1.0,1.0
n20561,n21835,4,1.0,1.0,1.0
n20562,n6961,3,0.75,1.0,0.875
n20563,n5466,4,1.0,1.0,1.0
n20564,n317,4,1.0,1.0,1.0
n20565,n327,3,0.75,1.0,0.875
n20566,n17315,4,1.0,1.0,1.0
n20567,n5500,4,1.0,1.0,1.0
n20568,n5554,4,1.0,1.0,1.0
n20569,n802,4,1.0,1.0,1.0
n2057,n11917,3,0.75,1.0,0.875
n20570,n5578,3,0.75,1.0,0.875
n20571,n956,3,0.75,1.0,0.875
n20572,n7021,4,1.0,1.0,1.0
n20573,n17334,4,1.0,1.0,1.0
n20574,n7041,4,1.0,1.0,1.0
n20575,n2055,4,1.0,1.0,1.0
n20576,n17344,4,1.0,1.0,1.0
n20577,n7100,3,0.75,1.0,0.875
n20578,n2148,4,1.0,1.0,1.0
n20579,n7122,4,1.0,1.0,1.0
n2058,n9623,4,1.0,1.0,1.0
n20580,n5993,4,1.0,1.0,1.0
n20581,n2344,3,0.75,1.0,0.875
n20582,n6036,4,1.0,1.0,1.0
n20583,n7150,4,1.0,1.0,1.0
n20584,n2535,4,1.0,1.0,1.0
n20585,n17370,3,0.75,1.0,0.875
n20586,n6290,4,1.0,1.0,1.0
n20587,n6425,4,1.0,1.0,1.0
n20588,n3619,4,1.0,1.0,1.0
n20589,n7274,4,1.0,1.0,1.0
n2059,n12222,4,1.0,1.0,1.0
n20590,n7284,3,0.75,1.0,0.875
n20591,n7313,4,1.0,1.0,1.0
n20592,n6615,4,1.0,1.0,1.0
n20593,n4225,4,1.0,1.0,1.0
n20594,n6657,4,1.0,1.0,1.0
n20595,n4608,3,0.75,1.0,0.875
n20596,n17424,4,1.0,1.0,1.0
n20597,n6875,3,0.75,1.0,0.875
n20598,n6888,4,1.0,1.0,1.0
n20599,n17427,4,1.0,1.0,1.0
n206,n2101,3,0.75,1.0,0.875
n2060,n8174,4,1.0,1.0,1.0
n2060,n9641,4,1.0,1.0,1.0
n20600,n7399,3,0.75,1.0,0.875
n20601,n17428,4,1.0,1.0,1.0
n20602,n6915,4,1.0,1.0,1.0
n20602,n7407,4,1.0,1.0,1.0
n20603,n7414,4,1.0,1.0,1.0
n20604,n7421,4,1.0,1.0,1.0
n20605,n17438,4,1.0,1.0,1.0
n20606,n17447,3,0.75,1.0,0.875
n20607,n7029,4,1.0,1.0,1.0
n20608,n7071,4,1.0,1.0,1.0
n20609,n6102,4,1.0,1.0,1.0
n2061,n8175,4,1.0,1.0,1.0
n20610,n17468,4,1.0,1.0,1.0
n20611,n6363,4,1.0,1.0,1.0
n20612,n17475,4,1.0,1.0,1.0
n20612,n7287,3,0.75,0.75,0.75
n20613,n17476,3,0.75,1.0,0.875
n20614,n7545,3,0.75,1.0,0.875
n20615,n7571,4,1.0,1.0,1.0
n20615,n7572,4,1.0,1.0,1.0
n20616,n7129,4,1.0,1.0,1.0
n20617,n7292,4,1.0,1.0,1.0
n20618,n7556,4,1.0,1.0,1.0
n20619,n7417,4,1.0,1.0,1.0
n2062,n12966,4,1.0,1.0,1.0
n20620,n17499,4,1.0,1.0,1.0
n20621,n17505,4,1.0,1.0,1.0
n20622,n7626,4,1.0,1.0,1.0
n20623,n7694,4,1.0,1.0,1.0
n20624,n7637,4,1.0,1.0,1.0
n20625,n7644,4,1.0,1.0,1.0
n20626,n8111,3,0.75,1.0,0.875
n20627,n7656,4,1.0,1.0,1.0
n20628,n8439,3,0.75,1.0,0.875
n20629,n7699,4,1.0,1.0,1.0
n20629,n8990,4,1.0,1.0,1.0
n2063,n19090,3,0.75,1.0,0.875
n20630,n7727,3,0.75,1.0,0.875
n20631,n9494,3,0.75,1.0,0.875
n20632,n7743,4,1.0,1.0,1.0
n20633,n9677,4,1.0,1.0,1.0
n20634,n7754,4,1.0,1.0,1.0
n20635,n8261,3,0.75,1.0,0.875
n20636,n17561,4,1.0,1.0,1.0
n20637,n9966,4,1.0,1.0,1.0
n20638,n8422,4,1.0,1.0,1.0
n20639,n10446,4,1.0,1.0,1.0
n2064,n8203,4,1.0,1.0,1.0
n20640,n7817,3,0.75,1.0,0.875
n20641,n8498,4,1.0,1.0,1.0
n20642,n12404,4,1.0,1.0,1.0
n20643,n17586,4,1.0,1.0,1.0
n20644,n7908,4,1.0,1.0,1.0
n20645,n7909,4,1.0,1.0,1.0
n20646,n7911,4,1.0,1.0,1.0
n20647,n8833,4,1.0,1.0,1.0
n20648,n9077,4,1.0,1.0,1.0
n20649,n17275,4,1.0,1.0,1.0
n2065,n8206,4,1.0,1.0,1.0
n20650,n17285,3,0.75,0.75,0.75
n20650,n17286,4,1.0,1.0,1.0
n20651,n8005,4,1.0,1.0,1.0
n20652,n17620,4,1.0,1.0,1.0
n20653,n17626,4,1.0,1.0,1.0
n20654,n17970,3,0.75,1.0,0.875
n20655,n18385,4,1.0,1.0,1.0
n20656,n8115,4,1.0,1.0,1.0
n20657,n8116,4,1.0,1.0,1.0
n20658,n17644,3,0.75,1.0,0.875
n20659,n18620,4,1.0,1.0,1.0
n2066,n13742,4,1.0,1.0,1.0
n20660,n8149,3,0.75,1.0,0.875
n20661,n18902,4,1.0,1.0,1.0
n20662,n19275,4,1.0,1.0,1.0
n20663,n8228,3,0.75,1.0,0.875
n20664,n8276,4,1.0,1.0,1.0
n20665,n8284,4,1.0,1.0,1.0
n20666,n8301,3,0.75,1.0,0.875
n20667,n8318,4,1.0,1.0,1.0
n20668,n17684,4,1.0,1.0,1.0
n20669,n8342,4,1.0,1.0,1.0
n2067,n13764,4,1.0,1.0,1.0
n2067,n19331,3,0.75,0.75,0.75
n20670,n10219,4,1.0,1.0,1.0
n20671,n8367,4,1.0,1.0,1.0
n20672,n8370,4,1.0,1.0,1.0
n20673,n8373,4,1.0,1.0,1.0
n20674,n21046,3,0.75,1.0,0.875
n20675,n17699,4,1.0,1.0,1.0
n20676,n10310,4,1.0,1.0,1.0
n20677,n17711,4,1.0,1.0,1.0
n20678,n10391,4,1.0,1.0,1.0
n20679,n8426,4,1.0,1.0,1.0
n2068,n9804,4,1.0,1.0,1.0
n20680,n17721,4,1.0,1.0,1.0
n20681,n17727,4,1.0,1.0,1.0
n20682,n2655,4,1.0,1.0,1.0
n20683,n8484,4,1.0,1.0,1.0
n20684,n8558,4,1.0,1.0,1.0
n20685,n9920,3,0.75,1.0,0.875
n20686,n17747,4,1.0,1.0,1.0
n20687,n12477,4,1.0,1.0,1.0
n20688,n13674,4,1.0,1.0,1.0
n20689,n8624,4,1.0,1.0,1.0
n2069,n13990,4,1.0,1.0,1.0
n20690,n8659,4,1.0,1.0,1.0
n20691,n17762,4,1.0,1.0,1.0
n20692,n15616,4,1.0,1.0,1.0
n20693,n15632,4,1.0,1.0,1.0
n20694,n8707,4,1.0,1.0,1.0
n20695,n8734,4,1.0,1.0,1.0
n20696,n19961,3,0.75,1.0,0.875
n20697,n17788,4,1.0,1.0,1.0
n20698,n8771,4,1.0,1.0,1.0
n20699,n16005,4,1.0,1.0,1.0
n207,n13975,4,1.0,1.0,1.0
n2070,n8246,4,1.0,1.0,1.0
n20700,n17795,4,1.0,1.0,1.0
n20701,n339,4,1.0,1.0,1.0
n20702,n922,4,1.0,1.0,1.0
n20703,n17803,4,1.0,1.0,1.0
n20704,n969,4,1.0,1.0,1.0
n20705,n17806,3,0.75,1.0,0.875
n20706,n8801,4,1.0,1.0,1.0
n20707,n1434,4,1.0,1.0,1.0
n20708,n17831,4,1.0,1.0,1.0
n20709,n17832,3,0.75,1.0,0.875
n2071,n19588,3,0.75,1.0,0.875
n20710,n16466,4,1.0,1.0,1.0
n20711,n16605,4,1.0,1.0,1.0
n20712,n16647,4,1.0,1.0,1.0
n20713,n4304,4,1.0,1.0,1.0
n20714,n17853,4,1.0,1.0,1.0
n20715,n8965,4,1.0,1.0,1.0
n20716,n8971,4,1.0,1.0,1.0
n20717,n5155,4,1.0,1.0,1.0
n20718,n8976,4,1.0,1.0,1.0
n20719,n8979,3,0.75,1.0,0.875
n2072,n9873,4,1.0,1.0,1.0
n20720,n5479,4,1.0,1.0,1.0
n20721,n5790,4,1.0,1.0,1.0
n20722,n5959,4,1.0,1.0,1.0
n20723,n6591,4,1.0,1.0,1.0
n20724,n17215,3,0.75,0.75,0.75
n20724,n9074,4,1.0,1.0,1.0
n20725,n9085,4,1.0,1.0,1.0
n20726,n6822,4,1.0,1.0,1.0
n20727,n6893,4,1.0,1.0,1.0
n20728,n17899,3,0.75,1.0,0.875
n20729,n17388,4,1.0,1.0,1.0
n2073,n9884,4,1.0,1.0,1.0
n20730,n17907,4,1.0,1.0,1.0
n20731,n9139,3,0.75,1.0,0.875
n20732,n7456,3,0.75,1.0,0.875
n20733,n17495,4,1.0,1.0,1.0
n20734,n9159,4,1.0,1.0,1.0
n20735,n7622,4,1.0,1.0,1.0
n20736,n17536,3,0.75,1.0,0.875
n20737,n17556,4,1.0,1.0,1.0
n20738,n9220,4,1.0,1.0,1.0
n20739,n8358,4,1.0,1.0,1.0
n2074,n19615,3,0.75,1.0,0.875
n20740,n8404,4,1.0,1.0,1.0
n20741,n9250,4,1.0,1.0,1.0
n20742,n17940,4,1.0,1.0,1.0
n20743,n17744,4,1.0,1.0,1.0
n20744,n17948,4,1.0,1.0,1.0
n20745,n17949,4,1.0,1.0,1.0
n20746,n17846,4,1.0,1.0,1.0
n20747,n17868,4,1.0,1.0,1.0
n20748,n17962,4,1.0,1.0,1.0
n20749,n17965,4,1.0,1.0,1.0
n2075,n14853,4,1.0,1.0,1.0
n20750,n9321,3,0.75,1.0,0.875
n20751,n18039,4,1.0,1.0,1.0
n20752,n9370,4,1.0,1.0,1.0
n20753,n18134,4,1.0,1.0,1.0
n20754,n9996,4,1.0,1.0,1.0
n20754,n9997,4,1.0,1.0,1.0
n20755,n9374,4,1.0,1.0,1.0
n20756,n10007,4,1.0,1.0,1.0
n20757,n17987,3,0.75,1.0,0.875
n20758,n10121,4,1.0,1.0,1.0
n20759,n17990,3,0.75,1.0,0.875
n2076,n9919,4,1.0,1.0,1.0
n20760,n9412,4,1.0,1.0,1.0
n20761,n18000,4,1.0,1.0,1.0
n20762,n18270,4,1.0,1.0,1.0
n20763,n10431,3,0.75,1.0,0.875
n20764,n10451,4,1.0,1.0,1.0
n20765,n18011,4,1.0,1.0,1.0
n20766,n10807,3,0.75,1.0,0.875
n20767,n18495,4,1.0,1.0,1.0
n20768,n11473,4,1.0,1.0,1.0
n20769,n11891,4,1.0,1.0,1.0
n2077,n9940,4,1.0,1.0,1.0
n20770,n18782,4,1.0,1.0,1.0
n20771,n18052,4,1.0,1.0,1.0
n20772,n9662,4,1.0,1.0,1.0
n20773,n18939,4,1.0,1.0,1.0
n20774,n18988,3,0.75,1.0,0.875
n20775,n12723,4,1.0,1.0,1.0
n20776,n19042,4,1.0,1.0,1.0
n20777,n9709,3,0.75,1.0,0.875
n20778,n18066,4,1.0,1.0,1.0
n20779,n18069,4,1.0,1.0,1.0
n2078,n9980,3,0.75,1.0,0.875
n20780,n9763,4,1.0,1.0,1.0
n20781,n19192,4,1.0,1.0,1.0
n20782,n13799,4,1.0,1.0,1.0
n20783,n13895,4,1.0,1.0,1.0
n20784,n14126,3,0.75,1.0,0.875
n20785,n18095,4,1.0,1.0,1.0
n20786,n14279,4,1.0,1.0,1.0
n20787,n14336,4,1.0,1.0,1.0
n20788,n14558,4,1.0,1.0,1.0
n20789,n14633,3,0.75,1.0,0.875
n2079,n8303,4,1.0,1.0,1.0
n20790,n14683,4,1.0,1.0,1.0
n20791,n14842,4,1.0,1.0,1.0
n20792,n19719,4,1.0,1.0,1.0
n20793,n9928,4,1.0,1.0,1.0
n20794,n18120,3,0.75,1.0,0.875
n20795,n15123,4,1.0,1.0,1.0
n20796,n18130,4,1.0,1.0,1.0
n20797,n15425,4,1.0,1.0,1.0
n20798,n9973,4,1.0,1.0,1.0
n20799,n9977,3,0.75,1.0,0.875
n208,n645,4,1.0,1.0,1.0
n2080,n10022,3,0.75,1.0,0.875
n20800,n10005,4,1.0,1.0,1.0
n20800,n10006,3,0.75,0.75,0.75
n20801,n15717,4,1.0,1.0,1.0
n20802,n20031,4,1.0,1.0,1.0
n20803,n20033,4,1.0,1.0,1.0
n20804,n15869,4,1.0,1.0,1.0
n20805,n10038,4,1.0,1.0,1.0
n20806,n20110,4,1.0,1.0,1.0
n20807,n20219,4,1.0,1.0,1.0
n20808,n20241,4,1.0,1.0,1.0
n20808,n20242,4,1.0,1.0,1.0
n20809,n20263,4,1.0,1.0,1.0
n2081,n20212,4,1.0,1.0,1.0
n20810,n10087,4,1.0,1.0,1.0
n20811,n20300,4,1.0,1.0,1.0
n20812,n10109,3,0.75,1.0,0.875
n20813,n18174,3,0.75,1.0,0.875
n20814,n20517,3,0.75,1.0,0.875
n20815,n18180,4,1.0,1.0,1.0
n20816,n10165,3,0.75,1.0,0.875
n20817,n10170,4,1.0,1.0,1.0
n20818,n18187,3,0.75,1.0,0.875
n20819,n18188,4,1.0,1.0,1.0
n2082,n8328,4,1.0,1.0,1.0
n20820,n10194,4,1.0,1.0,1.0
n20821,n10196,4,1.0,1.0,1.0
n20822,n18201,4,1.0,1.0,1.0
n20823,n20809,4,1.0,1.0,1.0
n20824,n18206,4,1.0,1.0,1.0
n20825,n20843,4,1.0,1.0,1.0
n20826,n19658,4,1.0,1.0,1.0
n20827,n19680,4,1.0,1.0,1.0
n20828,n10364,4,1.0,1.0,1.0
n20829,n10379,4,1.0,1.0,1.0
n2083,n8350,4,1.0,1.0,1.0
n20830,n18256,3,0.75,1.0,0.875
n20831,n20373,4,1.0,1.0,1.0
n20832,n18266,4,1.0,1.0,1.0
n20832,n18267,4,1.0,1.0,1.0
n20833,n21482,4,1.0,1.0,1.0
n20834,n18282,3,0.75,1.0,0.875
n20835,n20843,4,1.0,1.0,1.0
n20836,n18284,4,1.0,1.0,1.0
n20837,n18291,4,1.0,1.0,1.0
n20838,n21155,4,1.0,1.0,1.0
n20839,n21646,4,1.0,1.0,1.0
n2084,n18394,4,1.0,1.0,1.0
n20840,n18299,4,1.0,1.0,1.0
n20840,n21505,4,1.0,1.0,1.0
n20841,n18301,4,1.0,1.0,1.0
n20842,n18304,3,0.75,1.0,0.875
n20843,n18309,4,1.0,1.0,1.0
n20844,n10546,4,1.0,1.0,1.0
n20845,n495,4,1.0,1.0,1.0
n20846,n184,3,0.75,1.0,0.875
n20847,n266,4,1.0,1.0,1.0
n20848,n18325,4,1.0,1.0,1.0
n20849,n18329,4,1.0,1.0,1.0
n2085,n19014,4,1.0,1.0,1.0
n20850,n10598,4,1.0,1.0,1.0
n20851,n18335,4,1.0,1.0,1.0
n20852,n1254,4,1.0,1.0,1.0
n20853,n18336,4,1.0,1.0,1.0
n20854,n456,4,1.0,1.0,1.0
n20855,n10621,4,1.0,1.0,1.0
n20856,n1734,4,1.0,1.0,1.0
n20857,n551,4,1.0,1.0,1.0
n20858,n1927,4,1.0,1.0,1.0
n20859,n605,3,0.75,1.0,0.875
n2086,n8387,4,1.0,1.0,1.0
n20860,n719,4,1.0,1.0,1.0
n20861,n2470,4,1.0,1.0,1.0
n20862,n829,3,0.75,1.0,0.875
n20863,n10718,4,1.0,1.0,1.0
n20864,n3070,4,1.0,1.0,1.0
n20865,n18389,4,1.0,1.0,1.0
n20866,n18390,4,1.0,1.0,1.0
n20867,n4094,4,1.0,1.0,1.0
n20868,n1202,4,1.0,1.0,1.0
n20869,n4390,4,1.0,1.0,1.0
n2087,n19526,3,0.75,1.0,0.875
n20870,n4654,4,1.0,1.0,1.0
n20871,n4688,4,1.0,1.0,1.0
n20872,n18416,3,0.75,1.0,0.875
n20873,n5100,4,1.0,1.0,1.0
n20874,n1496,3,0.75,1.0,0.875
n20875,n5654,4,1.0,1.0,1.0
n20876,n1520,4,1.0,1.0,1.0
n20877,n18431,4,1.0,1.0,1.0
n20878,n18432,4,1.0,1.0,1.0
n20879,n10919,3,0.75,1.0,0.875
n2088,n8394,3,0.75,1.0,0.875
n20880,n6372,4,1.0,1.0,1.0
n20881,n6855,4,1.0,1.0,1.0
n20882,n10972,4,1.0,1.0,1.0
n20883,n11004,4,1.0,1.0,1.0
n20884,n11021,4,1.0,1.0,1.0
n20885,n11055,4,1.0,1.0,1.0
n20886,n2184,4,1.0,1.0,1.0
n20887,n9125,4,1.0,1.0,1.0
n20888,n11111,3,0.75,1.0,0.875
n20889,n11130,4,1.0,1.0,1.0
n2089,n10351,4,1.0,1.0,1.0
n2089,n10352,3,0.75,0.75,0.75
n2089,n19849,3,0.75,0.75,0.75
n20890,n18494,4,1.0,1.0,1.0
n20891,n2516,4,1.0,1.0,1.0
n20892,n11140,3,0.75,1.0,0.875
n20893,n10913,4,1.0,1.0,1.0
n20894,n11183,4,1.0,1.0,1.0
n20895,n11076,4,1.0,1.0,1.0
n20896,n18524,3,0.75,1.0,0.875
n20897,n18528,4,1.0,1.0,1.0
n20898,n2889,3,0.75,0.75,0.75
n20898,n2890,4,1.0,1.0,1.0
n20899,n2902,4,1.0,1.0,1.0
n209,n8744,4,1.0,1.0,1.0
n2090,n8414,3,0.75,1.0,0.875
n20900,n11240,4,1.0,1.0,1.0
n20901,n2947,3,0.75,1.0,0.875
n20902,n18533,4,1.0,1.0,1.0
n20903,n18549,4,1.0,1.0,1.0
n20904,n11297,3,0.75,1.0,0.875
n20905,n3129,4,1.0,1.0,1.0
n20906,n12693,4,1.0,1.0,1.0
n20907,n18563,3,0.75,1.0,0.875
n20908,n13222,4,1.0,1.0,1.0
n20909,n18571,4,1.0,1.0,1.0
n2091,n20705,3,0.75,1.0,0.875
n20910,n18575,3,0.75,1.0,0.875
n20911,n18577,4,1.0,1.0,1.0
n20912,n18582,4,1.0,1.0,1.0
n20913,n18606,4,1.0,1.0,1.0
n20914,n3847,4,1.0,1.0,1.0
n20915,n14903,3,0.75,1.0,0.875
n20916,n14967,4,1.0,1.0,1.0
n20917,n3906,4,1.0,1.0,1.0
n20918,n11562,3,0.75,1.0,0.875
n20919,n18632,4,1.0,1.0,1.0
n2092,n10435,4,1.0,1.0,1.0
n20920,n11570,4,1.0,1.0,1.0
n20921,n15943,4,1.0,1.0,1.0
n20922,n4192,3,0.75,1.0,0.875
n20923,n11590,4,1.0,1.0,1.0
n20924,n11594,4,1.0,1.0,1.0
n20925,n4284,4,1.0,1.0,1.0
n20926,n11607,4,1.0,1.0,1.0
n20927,n18644,4,1.0,1.0,1.0
n20928,n17158,4,1.0,1.0,1.0
n20929,n11637,3,0.75,1.0,0.875
n2093,n21568,4,1.0,1.0,1.0
n20930,n4540,3,0.75,0.75,0.75
n20930,n4541,4,1.0,1.0,1.0
n20931,n17667,4,1.0,1.0,1.0
n20932,n18663,4,1.0,1.0,1.0
n20933,n18673,4,1.0,1.0,1.0
n20934,n18676,4,1.0,1.0,1.0
n20935,n19023,4,1.0,1.0,1.0
n20936,n18703,4,1.0,1.0,1.0
n20937,n18710,3,0.75,1.0,0.875
n20938,n20604,4,1.0,1.0,1.0
n20939,n18715,4,1.0,1.0,1.0
n20939,n20808,4,1.0,1.0,1.0
n2094,n21580,4,1.0,1.0,1.0
n20940,n5202,4,1.0,1.0,1.0
n20941,n21611,3,0.75,1.0,0.875
n20942,n11817,4,1.0,1.0,1.0
n20943,n49,4,1.0,1.0,1.0
n20944,n284,4,1.0,1.0,1.0
n20945,n11836,4,1.0,1.0,1.0
n20946,n11844,4,1.0,1.0,1.0
n20947,n11847,4,1.0,1.0,1.0
n20948,n11881,4,1.0,1.0,1.0
n20949,n18767,4,1.0,1.0,1.0
n20949,n18768,4,1.0,1.0,1.0
n2095,n8429,3,0.75,1.0,0.875
n20950,n18778,4,1.0,1.0,1.0
n20951,n2791,4,1.0,1.0,1.0
n20952,n18793,4,1.0,1.0,1.0
n20953,n6219,4,1.0,1.0,1.0
n20954,n18796,3,0.75,1.0,0.875
n20955,n12027,4,1.0,1.0,1.0
n20956,n6309,4,1.0,1.0,1.0
n20957,n6318,3,0.75,1.0,0.875
n20958,n18814,4,1.0,1.0,1.0
n20959,n12092,4,1.0,1.0,1.0
n20959,n12094,4,1.0,1.0,1.0
n20959,n12095,4,1.0,1.0,1.0
n2096,n21699,4,1.0,1.0,1.0
n20960,n18821,3,0.75,1.0,0.875
n20961,n12110,3,0.75,1.0,0.875
n20962,n18824,3,0.75,1.0,0.875
n20963,n4293,4,1.0,1.0,1.0
n20964,n6695,4,1.0,1.0,1.0
n20965,n12134,3,0.75,1.0,0.875
n20966,n18836,3,0.75,1.0,0.875
n20967,n12201,3,0.75,1.0,0.875
n20968,n6962,4,1.0,1.0,1.0
n20969,n18847,4,1.0,1.0,1.0
n2097,n10607,4,1.0,1.0,1.0
n20970,n12215,4,1.0,1.0,1.0
n20971,n7022,4,1.0,1.0,1.0
n20972,n18863,4,1.0,1.0,1.0
n20973,n12265,4,1.0,1.0,1.0
n20974,n18874,4,1.0,1.0,1.0
n20975,n7294,3,0.75,1.0,0.875
n20976,n12316,4,1.0,1.0,1.0
n20977,n7405,4,1.0,1.0,1.0
n20978,n18887,4,1.0,1.0,1.0
n20979,n7017,4,1.0,1.0,1.0
n2098,n1037,4,1.0,1.0,1.0
n20980,n12325,3,0.75,1.0,0.875
n20981,n18890,4,1.0,1.0,1.0
n20982,n18899,4,1.0,1.0,1.0
n20983,n18901,4,1.0,1.0,1.0
n20984,n12382,4,1.0,1.0,1.0
n20985,n12415,4,1.0,1.0,1.0
n20986,n18926,4,1.0,1.0,1.0
n20987,n8015,4,1.0,1.0,1.0
n20988,n8103,4,1.0,1.0,1.0
n20989,n12517,3,0.75,1.0,0.875
n2099,n10113,4,1.0,1.0,1.0
n20990,n18950,4,1.0,1.0,1.0
n20991,n9707,4,1.0,1.0,1.0
n20992,n12571,4,1.0,1.0,1.0
n20993,n12576,4,1.0,1.0,1.0
n20994,n8363,4,1.0,1.0,1.0
n20995,n10248,4,1.0,1.0,1.0
n20996,n18971,4,1.0,1.0,1.0
n20997,n12097,3,0.75,1.0,0.875
n20998,n18979,4,1.0,1.0,1.0
n20999,n18991,4,1.0,1.0,1.0
n21,n38,4,1.0,1.0,1.0
n210,n15885,4,1.0,1.0,1.0
n2100,n11113,4,1.0,1.0,1.0
n21000,n18998,4,1.0,1.0,1.0
n21001,n16494,4,1.0,1.0,1.0
n21002,n19008,4,1.0,1.0,1.0
n21003,n16971,4,1.0,1.0,1.0
n21004,n17362,4,1.0,1.0,1.0
n21005,n12779,4,1.0,1.0,1.0
n21006,n12784,4,1.0,1.0,1.0
n21007,n12791,4,1.0,1.0,1.0
n21008,n17849,4,1.0,1.0,1.0
n21009,n17969,4,1.0,1.0,1.0
n2101,n2748,3,0.75,1.0,0.875
n21010,n12825,4,1.0,1.0,1.0
n21011,n19034,4,1.0,1.0,1.0
n21012,n12843,3,0.75,1.0,0.875
n21013,n18716,4,1.0,1.0,1.0
n21014,n19711,4,1.0,1.0,1.0
n21015,n19070,4,1.0,1.0,1.0
n21016,n12965,4,1.0,1.0,1.0
n21017,n12991,3,0.75,1.0,0.875
n21018,n20430,4,1.0,1.0,1.0
n21019,n13031,4,1.0,1.0,1.0
n2102,n8478,3,0.75,1.0,0.875
n21020,n10334,4,1.0,1.0,1.0
n21021,n19102,4,1.0,1.0,1.0
n21022,n10347,4,1.0,1.0,1.0
n21023,n21351,4,1.0,1.0,1.0
n21024,n13056,4,1.0,1.0,1.0
n21025,n13117,4,1.0,1.0,1.0
n21026,n19120,4,1.0,1.0,1.0
n21027,n19124,4,1.0,1.0,1.0
n21028,n10677,4,1.0,1.0,1.0
n21029,n19128,4,1.0,1.0,1.0
n2103,n11376,4,1.0,1.0,1.0
n21030,n10735,4,1.0,1.0,1.0
n21031,n19134,4,1.0,1.0,1.0
n21032,n1031,4,1.0,1.0,1.0
n21033,n13174,4,1.0,1.0,1.0
n21034,n13221,4,1.0,1.0,1.0
n21035,n11009,3,0.75,1.0,0.875
n21036,n11177,4,1.0,1.0,1.0
n21037,n2691,4,1.0,1.0,1.0
n21038,n11192,4,1.0,1.0,1.0
n21039,n13289,3,0.75,1.0,0.875
n2104,n13878,4,1.0,1.0,1.0
n21040,n19176,4,1.0,1.0,1.0
n21041,n11281,4,1.0,1.0,1.0
n21042,n19185,4,1.0,1.0,1.0
n21043,n13344,4,1.0,1.0,1.0
n21044,n3725,4,1.0,1.0,1.0
n21045,n19200,4,1.0,1.0,1.0
n21046,n19202,3,0.75,1.0,0.875
n21047,n4106,4,1.0,1.0,1.0
n21048,n11575,4,1.0,1.0,1.0
n21049,n4798,3,0.75,1.0,0.875
n2105,n13884,4,1.0,1.0,1.0
n21050,n19230,4,1.0,1.0,1.0
n21051,n19236,4,1.0,1.0,1.0
n21052,n19238,4,1.0,1.0,1.0
n21053,n11849,4,1.0,1.0,1.0
n21054,n5561,4,1.0,1.0,1.0
n21055,n11972,4,1.0,1.0,1.0
n21056,n13529,3,0.75,1.0,0.875
n21057,n13531,4,1.0,1.0,1.0
n21058,n19258,3,0.75,1.0,0.875
n21059,n13564,3,0.75,1.0,0.875
n2106,n11579,4,1.0,1.0,1.0
n21060,n19268,4,1.0,1.0,1.0
n21061,n6862,3,0.75,1.0,0.875
n21062,n13589,4,1.0,1.0,1.0
n21063,n12285,4,1.0,1.0,1.0
n21064,n7262,4,1.0,1.0,1.0
n21065,n13624,4,1.0,1.0,1.0
n21066,n7408,4,1.0,1.0,1.0
n21067,n12364,4,1.0,1.0,1.0
n21068,n7767,4,1.0,1.0,1.0
n21069,n7996,4,1.0,1.0,1.0
n2107,n8507,4,1.0,1.0,1.0
n21070,n12487,4,1.0,1.0,1.0
n21070,n12489,4,1.0,1.0,1.0
n21070,n8014,4,1.0,1.0,1.0
n21071,n19300,3,0.75,1.0,0.875
n21072,n13679,4,1.0,1.0,1.0
n21073,n12548,4,1.0,1.0,1.0
n21074,n13697,4,1.0,1.0,1.0
n21075,n12584,4,1.0,1.0,1.0
n21076,n13703,4,1.0,1.0,1.0
n21077,n13752,4,1.0,1.0,1.0
n21078,n12750,4,1.0,1.0,1.0
n21079,n13783,3,0.75,1.0,0.875
n2108,n11923,4,1.0,1.0,1.0
n21080,n13812,4,1.0,1.0,1.0
n21081,n10039,4,1.0,1.0,1.0
n21082,n10512,3,0.75,1.0,0.875
n21083,n10724,4,1.0,1.0,1.0
n21084,n13155,4,1.0,1.0,1.0
n21085,n19376,4,1.0,1.0,1.0
n21086,n19382,3,0.75,1.0,0.875
n21087,n19383,3,0.75,1.0,0.875
n21088,n19385,3,0.75,1.0,0.875
n21089,n13286,3,0.75,1.0,0.875
n2109,n2136,4,1.0,1.0,1.0
n21090,n11393,4,1.0,1.0,1.0
n21091,n13979,3,0.75,1.0,0.875
n21092,n11788,4,1.0,1.0,1.0
n21093,n11800,4,1.0,1.0,1.0
n21094,n12151,3,0.75,1.0,0.875
n21095,n19421,4,1.0,1.0,1.0
n21096,n14082,4,1.0,1.0,1.0
n21097,n19443,4,1.0,1.0,1.0
n21098,n14141,4,1.0,1.0,1.0
n21099,n19449,3,0.75,1.0,0.875
n211,n650,4,1.0,1.0,1.0
n2110,n6095,3,0.75,1.0,0.875
n21100,n13912,4,1.0,1.0,1.0
n21101,n13917,4,1.0,1.0,1.0
n21102,n13258,4,1.0,1.0,1.0
n21103,n13944,3,0.75,1.0,0.875
n21104,n13958,3,0.75,1.0,0.875
n21105,n19455,4,1.0,1.0,1.0
n21106,n14163,4,1.0,1.0,1.0
n21107,n14216,4,1.0,1.0,1.0
n21108,n19467,4,1.0,1.0,1.0
n21109,n19477,4,1.0,1.0,1.0
n2111,n6880,3,0.75,1.0,0.875
n21110,n14253,4,1.0,1.0,1.0
n21111,n19489,4,1.0,1.0,1.0
n21112,n14263,3,0.75,1.0,0.875
n21113,n14849,3,0.75,1.0,0.875
n21114,n14280,4,1.0,1.0,1.0
n21115,n14340,4,1.0,1.0,1.0
n21116,n14659,3,0.75,1.0,0.875
n21117,n16119,4,1.0,1.0,1.0
n21118,n14753,4,1.0,1.0,1.0
n21119,n14773,4,1.0,1.0,1.0
n2112,n8538,4,1.0,1.0,1.0
n21120,n19540,4,1.0,1.0,1.0
n21121,n14926,4,1.0,1.0,1.0
n21122,n19564,4,1.0,1.0,1.0
n21123,n18826,4,1.0,1.0,1.0
n21124,n18937,4,1.0,1.0,1.0
n21125,n19360,4,1.0,1.0,1.0
n21126,n14559,4,1.0,1.0,1.0
n21127,n19597,4,1.0,1.0,1.0
n21128,n19708,4,1.0,1.0,1.0
n21129,n15629,4,1.0,1.0,1.0
n2113,n8098,4,1.0,1.0,1.0
n21130,n14645,4,1.0,1.0,1.0
n21131,n15737,4,1.0,1.0,1.0
n21132,n15825,4,1.0,1.0,1.0
n21133,n15837,4,1.0,1.0,1.0
n21134,n19626,4,1.0,1.0,1.0
n21135,n15938,4,1.0,1.0,1.0
n21136,n33,4,1.0,1.0,1.0
n21137,n19632,4,1.0,1.0,1.0
n21138,n14703,4,1.0,1.0,1.0
n21139,n16068,4,1.0,1.0,1.0
n2114,n8299,3,0.75,1.0,0.875
n21140,n16122,4,1.0,1.0,1.0
n21141,n19648,3,0.75,1.0,0.875
n21142,n14754,4,1.0,1.0,1.0
n21143,n14757,3,0.75,1.0,0.875
n21144,n2223,3,0.75,1.0,0.875
n21145,n16432,4,1.0,1.0,1.0
n21146,n2677,4,1.0,1.0,1.0
n21147,n16447,4,1.0,1.0,1.0
n21148,n19674,4,1.0,1.0,1.0
n21149,n14825,4,1.0,1.0,1.0
n2115,n13734,4,1.0,1.0,1.0
n21150,n4154,4,1.0,1.0,1.0
n21151,n16691,4,1.0,1.0,1.0
n21152,n19696,4,1.0,1.0,1.0
n21153,n16744,4,1.0,1.0,1.0
n21154,n4733,4,1.0,1.0,1.0
n21155,n19705,4,1.0,1.0,1.0
n21156,n14872,4,1.0,1.0,1.0
n21157,n5015,4,1.0,1.0,1.0
n21158,n5275,4,1.0,1.0,1.0
n21159,n14884,4,1.0,1.0,1.0
n2116,n13735,4,1.0,1.0,1.0
n21160,n19717,4,1.0,1.0,1.0
n21161,n14924,3,0.75,1.0,0.875
n21162,n17175,4,1.0,1.0,1.0
n21163,n17459,4,1.0,1.0,1.0
n21164,n14992,3,0.75,1.0,0.875
n21165,n15014,4,1.0,1.0,1.0
n21166,n19762,4,1.0,1.0,1.0
n21167,n17703,4,1.0,1.0,1.0
n21168,n15041,4,1.0,1.0,1.0
n21169,n19768,4,1.0,1.0,1.0
n2117,n9007,3,0.75,1.0,0.875
n21170,n8835,3,0.75,1.0,0.875
n21171,n17845,3,0.75,1.0,0.875
n21172,n15073,4,1.0,1.0,1.0
n21173,n15075,4,1.0,1.0,1.0
n21174,n17980,4,1.0,1.0,1.0
n21175,n18099,4,1.0,1.0,1.0
n21176,n9856,4,1.0,1.0,1.0
n21177,n9892,4,1.0,1.0,1.0
n21178,n18114,4,1.0,1.0,1.0
n21179,n15173,3,0.75,1.0,0.875
n2118,n12864,3,0.75,1.0,0.875
n21180,n19809,3,0.75,1.0,0.875
n21181,n15180,4,1.0,1.0,1.0
n21182,n15182,4,1.0,1.0,1.0
n21183,n15205,3,0.75,1.0,0.875
n21184,n19825,4,1.0,1.0,1.0
n21185,n19840,4,1.0,1.0,1.0
n21186,n18630,4,1.0,1.0,1.0
n21187,n11648,4,1.0,1.0,1.0
n21188,n18679,3,0.75,1.0,0.875
n21189,n18712,4,1.0,1.0,1.0
n2119,n9793,3,0.75,1.0,0.875
n21190,n19859,4,1.0,1.0,1.0
n21191,n12561,3,0.75,1.0,0.875
n21192,n19872,4,1.0,1.0,1.0
n21193,n12721,3,0.75,1.0,0.875
n21194,n15398,4,1.0,1.0,1.0
n21195,n19177,4,1.0,1.0,1.0
n21196,n19893,4,1.0,1.0,1.0
n21197,n15411,4,1.0,1.0,1.0
n21198,n15427,4,1.0,1.0,1.0
n21199,n13856,4,1.0,1.0,1.0
n212,n8792,4,1.0,1.0,1.0
n2120,n12927,3,0.75,1.0,0.875
n21200,n19363,3,0.75,1.0,0.875
n21201,n15487,4,1.0,1.0,1.0
n21202,n19910,4,1.0,1.0,1.0
n21203,n15494,4,1.0,1.0,1.0
n21204,n15497,4,1.0,1.0,1.0
n21205,n19582,3,0.75,1.0,0.875
n21206,n14520,4,1.0,1.0,1.0
n21207,n19623,4,1.0,1.0,1.0
n21208,n19921,4,1.0,1.0,1.0
n21209,n15537,4,1.0,1.0,1.0
n2121,n8568,3,0.75,1.0,0.875
n21210,n19950,4,1.0,1.0,1.0
n21211,n19954,4,1.0,1.0,1.0
n21212,n19995,4,1.0,1.0,1.0
n21213,n20013,4,1.0,1.0,1.0
n21214,n15761,4,1.0,1.0,1.0
n21215,n19968,4,1.0,1.0,1.0
n21216,n15633,4,1.0,1.0,1.0
n21217,n19975,4,1.0,1.0,1.0
n21218,n16352,4,1.0,1.0,1.0
n21219,n16371,4,1.0,1.0,1.0
n2122,n10384,4,1.0,1.0,1.0
n21220,n15676,4,1.0,1.0,1.0
n21221,n15677,4,1.0,1.0,1.0
n21222,n15698,3,0.75,1.0,0.875
n21223,n20001,4,1.0,1.0,1.0
n21224,n20005,4,1.0,1.0,1.0
n21225,n20635,3,0.75,1.0,0.875
n21226,n20010,4,1.0,1.0,1.0
n21227,n20016,4,1.0,1.0,1.0
n21228,n15739,4,1.0,1.0,1.0
n21229,n20023,4,1.0,1.0,1.0
n2123,n10924,4,1.0,1.0,1.0
n21230,n20026,4,1.0,1.0,1.0
n21231,n18724,4,1.0,1.0,1.0
n21232,n21031,4,1.0,1.0,1.0
n21233,n15800,4,1.0,1.0,1.0
n21234,n21164,3,0.75,1.0,0.875
n21235,n20055,4,1.0,1.0,1.0
n21236,n20205,4,1.0,1.0,1.0
n21237,n20387,4,1.0,1.0,1.0
n21238,n20072,3,0.75,1.0,0.875
n21239,n15873,4,1.0,1.0,1.0
n2124,n1765,3,0.75,1.0,0.875
n21240,n21599,3,0.75,1.0,0.875
n21241,n15892,4,1.0,1.0,1.0
n21242,n15914,4,1.0,1.0,1.0
n21243,n21410,4,1.0,1.0,1.0
n21244,n21483,4,1.0,1.0,1.0
n21245,n21783,4,1.0,1.0,1.0
n21246,n21590,3,0.75,1.0,0.875
n21247,n20103,4,1.0,1.0,1.0
n21248,n15962,4,1.0,1.0,1.0
n21249,n105,4,1.0,1.0,1.0
n2125,n3947,1,0.25,1.0,0.625
n21250,n15968,4,1.0,1.0,1.0
n21251,n152,4,1.0,1.0,1.0
n21252,n15973,4,1.0,1.0,1.0
n21253,n15980,4,1.0,1.0,1.0
n21254,n99,4,1.0,1.0,1.0
n21255,n128,3,0.75,1.0,0.875
n21256,n164,4,1.0,1.0,1.0
n21257,n741,3,0.75,1.0,0.875
n21258,n758,4,1.0,1.0,1.0
n21259,n295,4,1.0,1.0,1.0
n2126,n11889,4,1.0,1.0,1.0
n21260,n315,4,1.0,1.0,1.0
n21261,n1104,4,1.0,1.0,1.0
n21262,n366,4,1.0,1.0,1.0
n21263,n1164,4,1.0,1.0,1.0
n21264,n1352,4,1.0,1.0,1.0
n21265,n20137,4,1.0,1.0,1.0
n21266,n20140,3,0.75,1.0,0.875
n21267,n20144,4,1.0,1.0,1.0
n21268,n16077,4,1.0,1.0,1.0
n21269,n20146,4,1.0,1.0,1.0
n2127,n13873,4,1.0,1.0,1.0
n21270,n2694,4,1.0,1.0,1.0
n21271,n794,4,1.0,1.0,1.0
n21272,n20160,4,1.0,1.0,1.0
n21273,n16117,4,1.0,1.0,1.0
n21274,n877,4,1.0,1.0,1.0
n21275,n965,4,1.0,1.0,1.0
n21276,n1014,4,1.0,1.0,1.0
n21277,n16136,3,0.75,0.75,0.75
n21277,n16137,4,1.0,1.0,1.0
n21278,n20175,4,1.0,1.0,1.0
n21279,n1156,4,1.0,1.0,1.0
n2128,n8654,4,1.0,1.0,1.0
n21280,n1236,3,0.75,1.0,0.875
n21281,n4740,4,1.0,1.0,1.0
n21282,n20190,4,1.0,1.0,1.0
n21283,n20193,4,1.0,1.0,1.0
n21284,n20195,4,1.0,1.0,1.0
n21285,n16219,4,1.0,1.0,1.0
n21286,n1449,4,1.0,1.0,1.0
n21287,n16225,4,1.0,1.0,1.0
n21288,n5637,4,1.0,1.0,1.0
n21289,n1550,3,0.75,1.0,0.875
n2129,n14343,4,1.0,1.0,1.0
n21290,n20208,4,1.0,1.0,1.0
n21291,n1614,4,1.0,1.0,1.0
n21292,n16275,4,1.0,1.0,1.0
n21293,n6492,4,1.0,1.0,1.0
n21294,n20218,4,1.0,1.0,1.0
n21295,n16299,4,1.0,1.0,1.0
n21296,n1819,4,1.0,1.0,1.0
n21297,n20221,4,1.0,1.0,1.0
n21298,n20223,4,1.0,1.0,1.0
n21299,n8147,3,0.75,1.0,0.875
n213,n2168,4,1.0,1.0,1.0
n2130,n14669,4,1.0,1.0,1.0
n21300,n20233,4,1.0,1.0,1.0
n21301,n20240,4,1.0,1.0,1.0
n21302,n16357,4,1.0,1.0,1.0
n21303,n2267,4,1.0,1.0,1.0
n21304,n2283,4,1.0,1.0,1.0
n21305,n2495,3,0.75,1.0,0.875
n21306,n16431,4,1.0,1.0,1.0
n21307,n10913,4,1.0,1.0,1.0
n21308,n20266,3,0.75,1.0,0.875
n21309,n16446,4,1.0,1.0,1.0
n2131,n8664,4,1.0,1.0,1.0
n21310,n16448,4,1.0,1.0,1.0
n21311,n11348,4,1.0,1.0,1.0
n21312,n11773,4,1.0,1.0,1.0
n21313,n11806,4,1.0,1.0,1.0
n21314,n12596,4,1.0,1.0,1.0
n21315,n12732,4,1.0,1.0,1.0
n21316,n16533,4,1.0,1.0,1.0
n21317,n3285,3,0.75,1.0,0.875
n21318,n3541,3,0.75,1.0,0.875
n21319,n3589,4,1.0,1.0,1.0
n2132,n8667,3,0.75,1.0,0.875
n21320,n14365,4,1.0,1.0,1.0
n21321,n20318,4,1.0,1.0,1.0
n21322,n20322,3,0.75,1.0,0.875
n21323,n3814,4,1.0,1.0,1.0
n21324,n14821,4,1.0,1.0,1.0
n21325,n16618,3,0.75,1.0,0.875
n21326,n20329,4,1.0,1.0,1.0
n21327,n15330,4,1.0,1.0,1.0
n21328,n15374,4,1.0,1.0,1.0
n21329,n20333,4,1.0,1.0,1.0
n2133,n18951,3,0.75,1.0,0.875
n21330,n20335,4,1.0,1.0,1.0
n21331,n16652,4,1.0,1.0,1.0
n21332,n15920,3,0.75,1.0,0.875
n21333,n20340,4,1.0,1.0,1.0
n21334,n4176,4,1.0,1.0,1.0
n21335,n4178,4,1.0,1.0,1.0
n21336,n4187,4,1.0,1.0,1.0
n21337,n16668,4,1.0,1.0,1.0
n21338,n16162,4,1.0,1.0,1.0
n21339,n4220,4,1.0,1.0,1.0
n2134,n19119,4,1.0,1.0,1.0
n21340,n20349,4,1.0,1.0,1.0
n21341,n20352,4,1.0,1.0,1.0
n21342,n16482,4,1.0,1.0,1.0
n21343,n20357,4,1.0,1.0,1.0
n21344,n20368,4,1.0,1.0,1.0
n21344,n4433,4,1.0,1.0,1.0
n21345,n17261,4,1.0,1.0,1.0
n21346,n20376,4,1.0,1.0,1.0
n21347,n16743,4,1.0,1.0,1.0
n21348,n20382,4,1.0,1.0,1.0
n21349,n20383,3,0.75,1.0,0.875
n2135,n19248,4,1.0,1.0,1.0
n21350,n4599,4,1.0,1.0,1.0
n21351,n20394,4,1.0,1.0,1.0
n21352,n16778,4,1.0,1.0,1.0
n21353,n16781,4,1.0,1.0,1.0
n21354,n4919,3,0.75,1.0,0.875
n21355,n16820,4,1.0,1.0,1.0
n21356,n16835,4,1.0,1.0,1.0
n21357,n5064,4,1.0,1.0,1.0
n21358,n16844,3,0.75,1.0,0.875
n21359,n16847,4,1.0,1.0,1.0
n2136,n14554,4,1.0,1.0,1.0
n2136,n19329,4,1.0,1.0,1.0
n21360,n5156,4,1.0,1.0,1.0
n21361,n20424,4,1.0,1.0,1.0
n21361,n20996,4,1.0,1.0,1.0
n21362,n21259,4,1.0,1.0,1.0
n21363,n5262,4,1.0,1.0,1.0
n21364,n21349,3,0.75,1.0,0.875
n21365,n20429,4,1.0,1.0,1.0
n21365,n5284,3,0.75,0.75,0.75
n21365,n5286,4,1.0,1.0,1.0
n21365,n5287,4,1.0,1.0,1.0
n21366,n16890,4,1.0,1.0,1.0
n21367,n21639,4,1.0,1.0,1.0
n21368,n16904,3,0.75,1.0,0.875
n21369,n21740,4,1.0,1.0,1.0
n2137,n8672,3,0.75,1.0,0.875
n21370,n16910,4,1.0,1.0,1.0
n21370,n16912,4,1.0,1.0,1.0
n21370,n20435,4,1.0,1.0,1.0
n21371,n21823,4,1.0,1.0,1.0
n21372,n21881,4,1.0,1.0,1.0
n21372,n5404,4,1.0,1.0,1.0
n21373,n16925,4,1.0,1.0,1.0
n21374,n1388,4,1.0,1.0,1.0
n21375,n20464,4,1.0,1.0,1.0
n21376,n1736,4,1.0,1.0,1.0
n21377,n17006,4,1.0,1.0,1.0
n21378,n20475,4,1.0,1.0,1.0
n21379,n1771,4,1.0,1.0,1.0
n2138,n14834,4,1.0,1.0,1.0
n21380,n17016,4,1.0,1.0,1.0
n21381,n17065,4,1.0,1.0,1.0
n21382,n2574,3,0.75,1.0,0.875
n21383,n2830,3,0.75,1.0,0.875
n21384,n2933,4,1.0,1.0,1.0
n21385,n17104,4,1.0,1.0,1.0
n21386,n3079,4,1.0,1.0,1.0
n21387,n3321,4,1.0,1.0,1.0
n21388,n17144,4,1.0,1.0,1.0
n21389,n17170,4,1.0,1.0,1.0
n2139,n7802,4,1.0,1.0,1.0
n21390,n20523,3,0.75,1.0,0.875
n21391,n17212,4,1.0,1.0,1.0
n21392,n6663,4,1.0,1.0,1.0
n21393,n20538,4,1.0,1.0,1.0
n21394,n17236,4,1.0,1.0,1.0
n21395,n5282,4,1.0,1.0,1.0
n21396,n17301,3,0.75,1.0,0.875
n21397,n20560,4,1.0,1.0,1.0
n21398,n20561,4,1.0,1.0,1.0
n21399,n17306,4,1.0,1.0,1.0
n214,n655,4,1.0,1.0,1.0
n2140,n15027,3,0.75,1.0,0.875
n21400,n6968,4,1.0,1.0,1.0
n21401,n17321,4,1.0,1.0,1.0
n21402,n20569,4,1.0,1.0,1.0
n21403,n7013,4,1.0,1.0,1.0
n21404,n7038,4,1.0,1.0,1.0
n21405,n5847,4,1.0,1.0,1.0
n21406,n20584,4,1.0,1.0,1.0
n21407,n17355,4,1.0,1.0,1.0
n21408,n20592,4,1.0,1.0,1.0
n21409,n17419,4,1.0,1.0,1.0
n2141,n8696,3,0.75,1.0,0.875
n21410,n20603,4,1.0,1.0,1.0
n21411,n7416,4,1.0,1.0,1.0
n21412,n17436,4,1.0,1.0,1.0
n21413,n17448,4,1.0,1.0,1.0
n21414,n7039,3,0.75,1.0,0.875
n21415,n7458,4,1.0,1.0,1.0
n21416,n7446,4,1.0,1.0,1.0
n21417,n17491,4,1.0,1.0,1.0
n21418,n7613,3,0.75,1.0,0.875
n21419,n7677,4,1.0,1.0,1.0
n2142,n15207,3,0.75,1.0,0.875
n21420,n17527,4,1.0,1.0,1.0
n21421,n7697,4,1.0,1.0,1.0
n21422,n8236,4,1.0,1.0,1.0
n21423,n8365,4,1.0,1.0,1.0
n21424,n17577,4,1.0,1.0,1.0
n21425,n8786,4,1.0,1.0,1.0
n21426,n20646,4,1.0,1.0,1.0
n21427,n8877,4,1.0,1.0,1.0
n21428,n7939,4,1.0,1.0,1.0
n21429,n20648,4,1.0,1.0,1.0
n2143,n15226,4,1.0,1.0,1.0
n21430,n17616,4,1.0,1.0,1.0
n21431,n8071,4,1.0,1.0,1.0
n21432,n20656,4,1.0,1.0,1.0
n21433,n20667,4,1.0,1.0,1.0
n21434,n17687,4,1.0,1.0,1.0
n21435,n10211,4,1.0,1.0,1.0
n21435,n8364,4,1.0,1.0,1.0
n21436,n17696,4,1.0,1.0,1.0
n21437,n10288,4,1.0,1.0,1.0
n21438,n17707,4,1.0,1.0,1.0
n21439,n8401,4,1.0,1.0,1.0
n2144,n11531,3,0.75,1.0,0.875
n21440,n17709,4,1.0,1.0,1.0
n21441,n10672,3,0.75,1.0,0.875
n21442,n17750,4,1.0,1.0,1.0
n21443,n8637,4,1.0,1.0,1.0
n21444,n20701,4,1.0,1.0,1.0
n21445,n17797,4,1.0,1.0,1.0
n21446,n20704,4,1.0,1.0,1.0
n21447,n20706,4,1.0,1.0,1.0
n21448,n8820,4,1.0,1.0,1.0
n21449,n20713,4,1.0,1.0,1.0
n2145,n15431,4,1.0,1.0,1.0
n21450,n17855,4,1.0,1.0,1.0
n21451,n17859,3,0.75,1.0,0.875
n21452,n20722,4,1.0,1.0,1.0
n21453,n17128,3,0.75,1.0,0.875
n21454,n20724,4,1.0,1.0,1.0
n21455,n17478,4,1.0,1.0,1.0
n21456,n17921,4,1.0,1.0,1.0
n21457,n9200,3,0.75,1.0,0.875
n21458,n9235,4,1.0,1.0,1.0
n21459,n20741,4,1.0,1.0,1.0
n2146,n13897,4,1.0,1.0,1.0
n21460,n17957,4,1.0,1.0,1.0
n21461,n17870,4,1.0,1.0,1.0
n21462,n9295,4,1.0,1.0,1.0
n21463,n17933,4,1.0,1.0,1.0
n21464,n20750,3,0.75,1.0,0.875
n21465,n17977,4,1.0,1.0,1.0
n21466,n9377,4,1.0,1.0,1.0
n21467,n17993,3,0.75,1.0,0.875
n21468,n9410,4,1.0,1.0,1.0
n21469,n20762,4,1.0,1.0,1.0
n2147,n14631,4,1.0,1.0,1.0
n21470,n18277,4,1.0,1.0,1.0
n21471,n18002,4,1.0,1.0,1.0
n21472,n20766,3,0.75,1.0,0.875
n21473,n20767,4,1.0,1.0,1.0
n21474,n9499,4,1.0,1.0,1.0
n21475,n9586,4,1.0,1.0,1.0
n21476,n9648,4,1.0,1.0,1.0
n21477,n20772,4,1.0,1.0,1.0
n21478,n9708,4,1.0,1.0,1.0
n21479,n19112,4,1.0,1.0,1.0
n2148,n15529,4,1.0,1.0,1.0
n21480,n19163,4,1.0,1.0,1.0
n21481,n20780,4,1.0,1.0,1.0
n21482,n18102,4,1.0,1.0,1.0
n21483,n9869,4,1.0,1.0,1.0
n21484,n18106,3,0.75,1.0,0.875
n21485,n18107,3,0.75,1.0,0.875
n21486,n18108,4,1.0,1.0,1.0
n21487,n19706,4,1.0,1.0,1.0
n21488,n9989,4,1.0,1.0,1.0
n21489,n18137,4,1.0,1.0,1.0
n2149,n14948,4,1.0,1.0,1.0
n21490,n10001,4,1.0,1.0,1.0
n21491,n20800,4,1.0,1.0,1.0
n21492,n20804,4,1.0,1.0,1.0
n21493,n20112,4,1.0,1.0,1.0
n21494,n20149,4,1.0,1.0,1.0
n21495,n20216,4,1.0,1.0,1.0
n21496,n20807,4,1.0,1.0,1.0
n21497,n18164,4,1.0,1.0,1.0
n21498,n20610,4,1.0,1.0,1.0
n21499,n18197,4,1.0,1.0,1.0
n215,n661,4,1.0,1.0,1.0
n2150,n19862,4,1.0,1.0,1.0
n21500,n20788,4,1.0,1.0,1.0
n21501,n18210,3,0.75,1.0,0.875
n21502,n20866,4,1.0,1.0,1.0
n21503,n20877,4,1.0,1.0,1.0
n21504,n18222,3,0.75,1.0,0.875
n21505,n10377,4,1.0,1.0,1.0
n21506,n20829,4,1.0,1.0,1.0
n21507,n18254,4,1.0,1.0,1.0
n21508,n21314,4,1.0,1.0,1.0
n21509,n10393,4,1.0,1.0,1.0
n2151,n15847,4,1.0,1.0,1.0
n21510,n20831,4,1.0,1.0,1.0
n21511,n20832,4,1.0,1.0,1.0
n21512,n18269,4,1.0,1.0,1.0
n21513,n20835,4,1.0,1.0,1.0
n21514,n21683,3,0.75,1.0,0.875
n21515,n20841,4,1.0,1.0,1.0
n21516,n10513,4,1.0,1.0,1.0
n21516,n10514,4,1.0,1.0,1.0
n21516,n18306,3,0.75,0.75,0.75
n21517,n10517,3,0.75,1.0,0.875
n21518,n63,4,1.0,1.0,1.0
n21519,n77,4,1.0,1.0,1.0
n2152,n20262,3,0.75,1.0,0.875
n21520,n18314,4,1.0,1.0,1.0
n21521,n10556,4,1.0,1.0,1.0
n21522,n20847,4,1.0,1.0,1.0
n21523,n20855,4,1.0,1.0,1.0
n21524,n609,4,1.0,1.0,1.0
n21525,n18361,4,1.0,1.0,1.0
n21526,n10740,4,1.0,1.0,1.0
n21527,n10810,4,1.0,1.0,1.0
n21528,n1138,4,1.0,1.0,1.0
n21529,n10838,4,1.0,1.0,1.0
n2153,n20765,4,1.0,1.0,1.0
n21530,n18415,4,1.0,1.0,1.0
n21531,n20872,3,0.75,1.0,0.875
n21532,n20873,4,1.0,1.0,1.0
n21533,n18445,4,1.0,1.0,1.0
n21534,n10970,4,1.0,1.0,1.0
n21535,n18453,4,1.0,1.0,1.0
n21536,n20887,4,1.0,1.0,1.0
n21537,n18481,4,1.0,1.0,1.0
n21538,n11118,3,0.75,1.0,0.875
n21539,n2467,4,1.0,1.0,1.0
n2154,n8755,4,1.0,1.0,1.0
n21540,n11134,4,1.0,1.0,1.0
n21541,n2532,4,1.0,1.0,1.0
n21542,n11172,4,1.0,1.0,1.0
n21542,n2655,4,1.0,1.0,1.0
n21543,n11227,4,1.0,1.0,1.0
n21544,n20898,4,1.0,1.0,1.0
n21545,n20899,4,1.0,1.0,1.0
n21546,n3084,3,0.75,1.0,0.875
n21547,n20905,4,1.0,1.0,1.0
n21548,n3205,3,0.75,1.0,0.875
n21549,n18569,4,1.0,1.0,1.0
n2155,n21661,4,1.0,1.0,1.0
n21550,n18607,4,1.0,1.0,1.0
n21551,n20914,4,1.0,1.0,1.0
n21552,n20917,4,1.0,1.0,1.0
n21553,n18623,4,1.0,1.0,1.0
n21554,n18626,3,0.75,1.0,0.875
n21555,n11584,4,1.0,1.0,1.0
n21556,n11588,4,1.0,1.0,1.0
n21557,n20923,4,1.0,1.0,1.0
n21558,n11616,3,0.75,1.0,0.875
n21559,n18657,4,1.0,1.0,1.0
n2156,n8765,4,1.0,1.0,1.0
n21560,n18698,4,1.0,1.0,1.0
n21561,n11755,4,1.0,1.0,1.0
n21561,n11756,4,1.0,1.0,1.0
n21562,n5277,4,1.0,1.0,1.0
n21563,n5376,4,1.0,1.0,1.0
n21564,n20942,4,1.0,1.0,1.0
n21564,n5406,4,1.0,1.0,1.0
n21565,n20948,4,1.0,1.0,1.0
n21566,n18760,4,1.0,1.0,1.0
n21567,n20953,4,1.0,1.0,1.0
n21568,n18800,4,1.0,1.0,1.0
n21568,n18801,4,1.0,1.0,1.0
n21569,n20963,4,1.0,1.0,1.0
n2157,n114,4,1.0,1.0,1.0
n21570,n18851,4,1.0,1.0,1.0
n21571,n18895,3,0.75,1.0,0.875
n21572,n12358,4,1.0,1.0,1.0
n21573,n8361,3,0.75,1.0,0.875
n21574,n20995,4,1.0,1.0,1.0
n21575,n20997,3,0.75,1.0,0.875
n21576,n8962,4,1.0,1.0,1.0
n21577,n21004,4,1.0,1.0,1.0
n21578,n12797,4,1.0,1.0,1.0
n21579,n21008,4,1.0,1.0,1.0
n2158,n92,4,1.0,1.0,1.0
n21580,n19029,4,1.0,1.0,1.0
n21581,n12811,4,1.0,1.0,1.0
n21582,n21010,4,1.0,1.0,1.0
n21583,n12831,4,1.0,1.0,1.0
n21584,n21013,4,1.0,1.0,1.0
n21585,n12912,4,1.0,1.0,1.0
n21586,n19064,4,1.0,1.0,1.0
n21587,n10167,4,1.0,1.0,1.0
n21588,n11046,4,1.0,1.0,1.0
n21589,n19165,3,0.75,1.0,0.875
n2159,n8772,4,1.0,1.0,1.0
n21590,n13273,3,0.75,1.0,0.875
n21591,n21037,4,1.0,1.0,1.0
n21592,n21039,3,0.75,1.0,0.875
n21593,n11216,4,1.0,1.0,1.0
n21594,n19178,4,1.0,1.0,1.0
n21595,n11318,4,1.0,1.0,1.0
n21596,n19183,4,1.0,1.0,1.0
n21597,n11418,4,1.0,1.0,1.0
n21598,n19217,4,1.0,1.0,1.0
n21599,n21049,3,0.75,1.0,0.875
n216,n8920,4,1.0,1.0,1.0
n2160,n16017,4,1.0,1.0,1.0
n21600,n13504,4,1.0,1.0,1.0
n21601,n12175,4,1.0,1.0,1.0
n21602,n21068,4,1.0,1.0,1.0
n21603,n21069,4,1.0,1.0,1.0
n21604,n19320,4,1.0,1.0,1.0
n21605,n13761,4,1.0,1.0,1.0
n21606,n13774,4,1.0,1.0,1.0
n21607,n21081,4,1.0,1.0,1.0
n21608,n19358,4,1.0,1.0,1.0
n21609,n21082,3,0.75,1.0,0.875
n2161,n426,4,1.0,1.0,1.0
n21610,n19392,4,1.0,1.0,1.0
n21611,n21091,3,0.75,1.0,0.875
n21612,n21093,4,1.0,1.0,1.0
n21613,n13893,4,1.0,1.0,1.0
n21614,n14152,4,1.0,1.0,1.0
n21615,n21104,3,0.75,1.0,0.875
n21616,n19457,4,1.0,1.0,1.0
n21617,n19458,4,1.0,1.0,1.0
n21618,n19492,3,0.75,1.0,0.875
n21619,n15198,4,1.0,1.0,1.0
n2162,n469,3,0.75,1.0,0.875
n21620,n19604,4,1.0,1.0,1.0
n21621,n15618,4,1.0,1.0,1.0
n21622,n19622,4,1.0,1.0,1.0
n21623,n14672,4,1.0,1.0,1.0
n21624,n19637,4,1.0,1.0,1.0
n21625,n19650,4,1.0,1.0,1.0
n21626,n14751,4,1.0,1.0,1.0
n21627,n19662,3,0.75,1.0,0.875
n21628,n16363,4,1.0,1.0,1.0
n21629,n21144,3,0.75,1.0,0.875
n2163,n1702,4,1.0,1.0,1.0
n21630,n19672,4,1.0,1.0,1.0
n21631,n21145,4,1.0,1.0,1.0
n21632,n16795,4,1.0,1.0,1.0
n21633,n14869,4,1.0,1.0,1.0
n21634,n19716,4,1.0,1.0,1.0
n21635,n16921,4,1.0,1.0,1.0
n21635,n16922,4,1.0,1.0,1.0
n21635,n19718,4,1.0,1.0,1.0
n21636,n16944,4,1.0,1.0,1.0
n21637,n17011,4,1.0,1.0,1.0
n21638,n14940,4,1.0,1.0,1.0
n21639,n14950,4,1.0,1.0,1.0
n2164,n16100,4,1.0,1.0,1.0
n21640,n14957,4,1.0,1.0,1.0
n21641,n19743,4,1.0,1.0,1.0
n21642,n17414,4,1.0,1.0,1.0
n21643,n15007,3,0.75,1.0,0.875
n21644,n17883,4,1.0,1.0,1.0
n21645,n15084,4,1.0,1.0,1.0
n21646,n19789,4,1.0,1.0,1.0
n21647,n19790,4,1.0,1.0,1.0
n21648,n18230,4,1.0,1.0,1.0
n21649,n18258,4,1.0,1.0,1.0
n2165,n1068,4,1.0,1.0,1.0
n21650,n19810,4,1.0,1.0,1.0
n21651,n15178,4,1.0,1.0,1.0
n21652,n15179,4,1.0,1.0,1.0
n21653,n21181,4,1.0,1.0,1.0
n21654,n19861,3,0.75,1.0,0.875
n21655,n21193,3,0.75,1.0,0.875
n21656,n19884,4,1.0,1.0,1.0
n21657,n19891,4,1.0,1.0,1.0
n21658,n19892,4,1.0,1.0,1.0
n21659,n19903,4,1.0,1.0,1.0
n2166,n16152,4,1.0,1.0,1.0
n21660,n21200,3,0.75,1.0,0.875
n21661,n19519,4,1.0,1.0,1.0
n21662,n20530,3,0.75,1.0,0.875
n21663,n21224,4,1.0,1.0,1.0
n21664,n20008,4,1.0,1.0,1.0
n21665,n15818,3,0.75,1.0,0.875
n21666,n20054,4,1.0,1.0,1.0
n21667,n20058,3,0.75,1.0,0.875
n21668,n20059,4,1.0,1.0,1.0
n21669,n15862,3,0.75,1.0,0.875
n21669,n21396,3,0.75,1.0,0.875
n2167,n8808,4,1.0,1.0,1.0
n21670,n20087,4,1.0,1.0,1.0
n21670,n21671,4,1.0,1.0,1.0
n21671,n21245,4,1.0,1.0,1.0
n21672,n21246,3,0.75,1.0,0.875
n21673,n15936,4,1.0,1.0,1.0
n21674,n15942,4,1.0,1.0,1.0
n21675,n21911,4,1.0,1.0,1.0
n21676,n21249,4,1.0,1.0,1.0
n21677,n15971,4,1.0,1.0,1.0
n21677,n20113,4,1.0,1.0,1.0
n21678,n15986,4,1.0,1.0,1.0
n21679,n121,4,1.0,1.0,1.0
n2168,n8826,4,1.0,1.0,1.0
n21680,n20118,4,1.0,1.0,1.0
n21681,n153,4,1.0,1.0,1.0
n21682,n183,4,1.0,1.0,1.0
n21683,n20122,4,1.0,1.0,1.0
n21683,n21257,3,0.75,0.75,0.75
n21683,n247,4,1.0,1.0,1.0
n21684,n408,4,1.0,1.0,1.0
n21685,n16041,4,1.0,1.0,1.0
n21686,n20134,4,1.0,1.0,1.0
n21687,n21266,3,0.75,1.0,0.875
n21688,n21269,4,1.0,1.0,1.0
n21689,n20148,4,1.0,1.0,1.0
n2169,n1517,4,1.0,1.0,1.0
n21690,n763,4,1.0,1.0,1.0
n21691,n20156,4,1.0,1.0,1.0
n21692,n21277,3,0.75,1.0,0.875
n21693,n21283,4,1.0,1.0,1.0
n21694,n16211,4,1.0,1.0,1.0
n21695,n16214,4,1.0,1.0,1.0
n21696,n21284,4,1.0,1.0,1.0
n21697,n1458,4,1.0,1.0,1.0
n21698,n21288,4,1.0,1.0,1.0
n21699,n21291,4,1.0,1.0,1.0
n217,n671,4,1.0,1.0,1.0
n2170,n16270,4,1.0,1.0,1.0
n21700,n1634,4,1.0,1.0,1.0
n21701,n20226,4,1.0,1.0,1.0
n21702,n16349,4,1.0,1.0,1.0
n21703,n16402,3,0.75,1.0,0.875
n21704,n16439,4,1.0,1.0,1.0
n21705,n21310,4,1.0,1.0,1.0
n21706,n20276,4,1.0,1.0,1.0
n21707,n21312,4,1.0,1.0,1.0
n21708,n21315,4,1.0,1.0,1.0
n21709,n3360,4,1.0,1.0,1.0
n2171,n8834,4,1.0,1.0,1.0
n21710,n20309,3,0.75,1.0,0.875
n21711,n3691,4,1.0,1.0,1.0
n21712,n20323,4,1.0,1.0,1.0
n21712,n3847,4,1.0,1.0,1.0
n21713,n21332,3,0.75,1.0,0.875
n21714,n20339,4,1.0,1.0,1.0
n21715,n21334,4,1.0,1.0,1.0
n21716,n4207,4,1.0,1.0,1.0
n21717,n21339,4,1.0,1.0,1.0
n21718,n20348,4,1.0,1.0,1.0
n21719,n21341,4,1.0,1.0,1.0
n2172,n8850,4,1.0,1.0,1.0
n21720,n16683,4,1.0,1.0,1.0
n21721,n4428,4,1.0,1.0,1.0
n21722,n20369,4,1.0,1.0,1.0
n21723,n20370,4,1.0,1.0,1.0
n21724,n4710,4,1.0,1.0,1.0
n21725,n4820,4,1.0,1.0,1.0
n21726,n4860,4,1.0,1.0,1.0
n21727,n21357,4,1.0,1.0,1.0
n21727,n5065,4,1.0,1.0,1.0
n21728,n21365,3,0.75,1.0,0.875
n21729,n21366,4,1.0,1.0,1.0
n2173,n8528,4,1.0,1.0,1.0
n21730,n5320,4,1.0,1.0,1.0
n21731,n21369,4,1.0,1.0,1.0
n21732,n20440,4,1.0,1.0,1.0
n21733,n20442,4,1.0,1.0,1.0
n21733,n5407,4,1.0,1.0,1.0
n21734,n16941,4,1.0,1.0,1.0
n21735,n17100,4,1.0,1.0,1.0
n21736,n20504,4,1.0,1.0,1.0
n21737,n6353,4,1.0,1.0,1.0
n21738,n17168,4,1.0,1.0,1.0
n21739,n21390,3,0.75,1.0,0.875
n2174,n2187,4,1.0,1.0,1.0
n21740,n17202,4,1.0,1.0,1.0
n21741,n6651,4,1.0,1.0,1.0
n21742,n20539,4,1.0,1.0,1.0
n21742,n6735,4,1.0,1.0,1.0
n21743,n20556,4,1.0,1.0,1.0
n21744,n20568,4,1.0,1.0,1.0
n21745,n20579,4,1.0,1.0,1.0
n21746,n20580,4,1.0,1.0,1.0
n21747,n17416,4,1.0,1.0,1.0
n21748,n20605,4,1.0,1.0,1.0
n21749,n21413,4,1.0,1.0,1.0
n2175,n16406,3,0.75,1.0,0.875
n21750,n20614,3,0.75,1.0,0.875
n21751,n20622,4,1.0,1.0,1.0
n21752,n8170,4,1.0,1.0,1.0
n21753,n21434,4,1.0,1.0,1.0
n21754,n21437,4,1.0,1.0,1.0
n21755,n8431,4,1.0,1.0,1.0
n21756,n8435,3,0.75,1.0,0.875
n21757,n17755,3,0.75,1.0,0.875
n21758,n20699,4,1.0,1.0,1.0
n21759,n21446,4,1.0,1.0,1.0
n2176,n8876,4,1.0,1.0,1.0
n21760,n17857,4,1.0,1.0,1.0
n21761,n8975,4,1.0,1.0,1.0
n21762,n17900,4,1.0,1.0,1.0
n21763,n17916,3,0.75,1.0,0.875
n21764,n9166,4,1.0,1.0,1.0
n21765,n9187,4,1.0,1.0,1.0
n21766,n21460,4,1.0,1.0,1.0
n21767,n9288,4,1.0,1.0,1.0
n21768,n17968,4,1.0,1.0,1.0
n21769,n17973,3,0.75,1.0,0.875
n2177,n16596,4,1.0,1.0,1.0
n21770,n21470,4,1.0,1.0,1.0
n21771,n20790,4,1.0,1.0,1.0
n21772,n21494,4,1.0,1.0,1.0
n21773,n20821,4,1.0,1.0,1.0
n21774,n18194,4,1.0,1.0,1.0
n21775,n10372,3,0.75,1.0,0.875
n21776,n21511,4,1.0,1.0,1.0
n21777,n20837,4,1.0,1.0,1.0
n21777,n20838,4,1.0,1.0,1.0
n21778,n21516,3,0.75,1.0,0.875
n21779,n18307,4,1.0,1.0,1.0
n21779,n21517,3,0.75,0.75,0.75
n2178,n16645,4,1.0,1.0,1.0
n21780,n18331,4,1.0,1.0,1.0
n21781,n20850,4,1.0,1.0,1.0
n21782,n20853,4,1.0,1.0,1.0
n21783,n18339,4,1.0,1.0,1.0
n21784,n21524,4,1.0,1.0,1.0
n21785,n10823,4,1.0,1.0,1.0
n21786,n20876,4,1.0,1.0,1.0
n21787,n21535,4,1.0,1.0,1.0
n21788,n20890,4,1.0,1.0,1.0
n21789,n20900,4,1.0,1.0,1.0
n2179,n8940,4,1.0,1.0,1.0
n21790,n20903,4,1.0,1.0,1.0
n21791,n21547,4,1.0,1.0,1.0
n21792,n20907,3,0.75,1.0,0.875
n21793,n18583,4,1.0,1.0,1.0
n21794,n18693,4,1.0,1.0,1.0
n21795,n20937,3,0.75,1.0,0.875
n21796,n18817,4,1.0,1.0,1.0
n21797,n20964,4,1.0,1.0,1.0
n21798,n12317,4,1.0,1.0,1.0
n21799,n20979,4,1.0,1.0,1.0
n218,n2204,4,1.0,1.0,1.0
n2180,n16594,4,1.0,1.0,1.0
n21800,n19025,4,1.0,1.0,1.0
n21801,n21021,4,1.0,1.0,1.0
n21802,n13332,4,1.0,1.0,1.0
n21803,n21054,4,1.0,1.0,1.0
n21804,n19255,3,0.75,1.0,0.875
n21805,n21065,4,1.0,1.0,1.0
n21806,n21096,4,1.0,1.0,1.0
n21807,n19447,4,1.0,1.0,1.0
n21808,n21103,3,0.75,1.0,0.875
n21809,n14887,4,1.0,1.0,1.0
n2181,n16705,4,1.0,1.0,1.0
n21810,n19751,4,1.0,1.0,1.0
n21811,n19776,4,1.0,1.0,1.0
n21812,n21647,4,1.0,1.0,1.0
n21813,n19798,4,1.0,1.0,1.0
n21814,n21652,4,1.0,1.0,1.0
n21815,n21183,3,0.75,1.0,0.875
n21816,n15218,4,1.0,1.0,1.0
n21817,n21221,4,1.0,1.0,1.0
n21818,n21222,3,0.75,1.0,0.875
n21819,n15700,4,1.0,1.0,1.0
n2182,n8945,4,1.0,1.0,1.0
n21820,n15747,4,1.0,1.0,1.0
n21821,n15830,3,0.75,1.0,0.875
n21822,n21237,4,1.0,1.0,1.0
n21823,n21241,4,1.0,1.0,1.0
n21824,n20100,3,0.75,1.0,0.875
n21825,n20107,4,1.0,1.0,1.0
n21826,n21678,4,1.0,1.0,1.0
n21827,n21689,4,1.0,1.0,1.0
n21828,n21271,4,1.0,1.0,1.0
n21829,n21276,4,1.0,1.0,1.0
n2183,n17196,4,1.0,1.0,1.0
n21830,n16150,4,1.0,1.0,1.0
n21831,n20180,4,1.0,1.0,1.0
n21832,n16213,4,1.0,1.0,1.0
n21833,n21700,4,1.0,1.0,1.0
n21834,n21307,4,1.0,1.0,1.0
n21835,n20298,4,1.0,1.0,1.0
n21836,n21318,3,0.75,1.0,0.875
n21837,n20336,4,1.0,1.0,1.0
n21838,n20346,4,1.0,1.0,1.0
n21839,n20347,4,1.0,1.0,1.0
n2184,n4482,4,1.0,1.0,1.0
n21840,n16716,4,1.0,1.0,1.0
n21840,n20360,4,1.0,1.0,1.0
n21841,n21344,4,1.0,1.0,1.0
n21842,n16810,4,1.0,1.0,1.0
n21843,n16873,3,0.75,1.0,0.875
n21844,n21362,4,1.0,1.0,1.0
n21845,n21734,4,1.0,1.0,1.0
n21846,n20493,4,1.0,1.0,1.0
n21847,n21386,4,1.0,1.0,1.0
n21848,n20574,4,1.0,1.0,1.0
n21849,n17374,1,0.25,1.0,0.625
n2185,n8954,4,1.0,1.0,1.0
n21850,n20590,3,0.75,1.0,0.875
n21851,n17538,4,1.0,1.0,1.0
n21852,n21439,4,1.0,1.0,1.0
n21853,n17717,4,1.0,1.0,1.0
n21854,n21762,4,1.0,1.0,1.0
n21855,n20758,4,1.0,1.0,1.0
n21856,n21488,4,1.0,1.0,1.0
n21857,n18259,3,0.75,1.0,0.875
n21858,n21776,4,1.0,1.0,1.0
n21859,n21520,4,1.0,1.0,1.0
n2186,n8966,4,1.0,1.0,1.0
n21860,n20926,4,1.0,1.0,1.0
n21861,n20980,3,0.75,1.0,0.875
n21862,n18977,4,1.0,1.0,1.0
n21863,n21804,3,0.75,1.0,0.875
n21864,n21066,4,1.0,1.0,1.0
n21865,n19599,4,1.0,1.0,1.0
n21866,n21134,4,1.0,1.0,1.0
n21867,n21629,3,0.75,1.0,0.875
n21868,n19683,4,1.0,1.0,1.0
n21869,n21168,4,1.0,1.0,1.0
n2187,n5152,4,1.0,1.0,1.0
n21870,n21816,4,1.0,1.0,1.0
n21871,n21818,3,0.75,1.0,0.875
n21872,n21669,3,0.75,1.0,0.875
n21873,n21243,4,1.0,1.0,1.0
n21874,n21247,4,1.0,1.0,1.0
n21875,n20109,3,0.75,0.75,0.75
n21875,n21676,4,1.0,1.0,1.0
n21876,n20129,3,0.75,1.0,0.875
n21877,n20158,4,1.0,1.0,1.0
n21878,n21834,4,1.0,1.0,1.0
n21879,n21309,4,1.0,1.0,1.0
n2188,n8974,3,0.75,1.0,0.875
n21880,n20331,4,1.0,1.0,1.0
n21881,n21721,4,1.0,1.0,1.0
n21882,n20601,4,1.0,1.0,1.0
n21883,n21427,4,1.0,1.0,1.0
n21884,n20669,4,1.0,1.0,1.0
n21885,n21436,4,1.0,1.0,1.0
n21886,n20718,4,1.0,1.0,1.0
n21887,n21767,4,1.0,1.0,1.0
n21888,n21474,4,1.0,1.0,1.0
n21889,n21856,4,1.0,1.0,1.0
n2189,n16930,4,1.0,1.0,1.0
n21890,n20893,4,1.0,1.0,1.0
n21891,n21544,4,1.0,1.0,1.0
n21892,n21860,4,1.0,1.0,1.0
n21893,n21564,4,1.0,1.0,1.0
n21894,n21867,3,0.75,1.0,0.875
n21895,n21147,4,1.0,1.0,1.0
n21896,n21657,4,1.0,1.0,1.0
n21897,n21683,4,1.0,1.0,1.0
n21898,n21695,4,1.0,1.0,1.0
n21898,n21697,4,1.0,1.0,1.0
n21898,n21832,4,1.0,1.0,1.0
n21899,n21878,4,1.0,1.0,1.0
n219,n17248,4,1.0,1.0,1.0
n2190,n514,4,1.0,1.0,1.0
n21900,n21512,4,1.0,1.0,1.0
n21900,n21516,4,1.0,1.0,1.0
n21901,n21892,4,1.0,1.0,1.0
n21902,n21634,4,1.0,1.0,1.0
n21903,n21654,3,0.75,1.0,0.875
n21904,n21873,4,1.0,1.0,1.0
n21905,n21844,4,1.0,1.0,1.0
n21906,n21886,4,1.0,1.0,1.0
n21907,n21890,4,1.0,1.0,1.0
n21907,n21891,4,1.0,1.0,1.0
n21908,n21896,4,1.0,1.0,1.0
n21908,n21903,3,0.75,0.75,0.75
n21909,n21821,3,0.75,1.0,0.875
n2191,n5752,3,0.75,1.0,0.875
n21910,n21906,4,1.0,1.0,1.0
n21911,n21876,3,0.75,0.75,0.75
n21911,n21898,4,1.0,1.0,1.0
n21912,n21882,4,1.0,1.0,1.0
n21913,n21907,3,0.75,0.75,0.75
n21913,n21908,4,1.0,1.0,1.0
n21913,n21911,3,0.75,0.75,0.75
n21913,n21912,4,1.0,1.0,1.0
n2192,n2956,4,1.0,1.0,1.0
n2193,n3303,4,1.0,1.0,1.0
n2194,n17139,3,0.75,1.0,0.875
n2195,n9049,3,0.75,1.0,0.875
n2196,n3361,3,0.75,1.0,0.875
n2197,n3411,4,1.0,1.0,1.0
n2198,n6358,4,1.0,1.0,1.0
n2199,n17145,4,1.0,1.0,1.0
n22,n125,4,1.0,1.0,1.0
n220,n17410,4,1.0,1.0,1.0
n2200,n6379,4,1.0,1.0,1.0
n2201,n6403,4,1.0,1.0,1.0
n2202,n17213,4,1.0,1.0,1.0
n2203,n4664,4,1.0,1.0,1.0
n2204,n4742,4,1.0,1.0,1.0
n2205,n9091,4,1.0,1.0,1.0
n2206,n17309,4,1.0,1.0,1.0
n2207,n7181,4,1.0,1.0,1.0
n2208,n6250,4,1.0,1.0,1.0
n2208,n6251,4,1.0,1.0,1.0
n2209,n17391,4,1.0,1.0,1.0
n221,n9185,4,1.0,1.0,1.0
n2210,n9133,3,0.75,1.0,0.875
n2211,n9136,3,0.75,1.0,0.875
n2212,n7339,4,1.0,1.0,1.0
n2213,n7356,4,1.0,1.0,1.0
n2214,n17449,4,1.0,1.0,1.0
n2215,n9160,4,1.0,1.0,1.0
n2216,n9161,4,1.0,1.0,1.0
n2217,n17513,4,1.0,1.0,1.0
n2218,n7788,4,1.0,1.0,1.0
n2219,n17569,4,1.0,1.0,1.0
n222,n9202,4,1.0,1.0,1.0
n2220,n7851,4,1.0,1.0,1.0
n2221,n9186,3,0.75,1.0,0.875
n2222,n9197,4,1.0,1.0,1.0
n2223,n9155,3,0.75,1.0,0.875
n2224,n17624,4,1.0,1.0,1.0
n2225,n8122,4,1.0,1.0,1.0
n2225,n9469,4,1.0,1.0,1.0
n2225,n9471,4,1.0,1.0,1.0
n2226,n17642,4,1.0,1.0,1.0
n2227,n8230,4,1.0,1.0,1.0
n2227,n8232,4,1.0,1.0,1.0
n2228,n9225,4,1.0,1.0,1.0
n2229,n8274,4,1.0,1.0,1.0
n223,n2225,4,1.0,1.0,1.0
n223,n9212,4,1.0,1.0,1.0
n2230,n8357,4,1.0,1.0,1.0
n2231,n9243,4,1.0,1.0,1.0
n2232,n9262,3,0.75,1.0,0.875
n2233,n17775,4,1.0,1.0,1.0
n2234,n9287,4,1.0,1.0,1.0
n2235,n17909,4,1.0,1.0,1.0
n2236,n17914,4,1.0,1.0,1.0
n2237,n17482,3,0.75,1.0,0.875
n2238,n9217,4,1.0,1.0,1.0
n2239,n17716,4,1.0,1.0,1.0
n224,n9275,4,1.0,1.0,1.0
n2240,n9257,4,1.0,1.0,1.0
n2241,n9304,3,0.75,1.0,0.875
n2242,n17953,4,1.0,1.0,1.0
n2243,n18279,4,1.0,1.0,1.0
n2244,n9323,4,1.0,1.0,1.0
n2245,n18016,3,0.75,1.0,0.875
n2246,n9339,4,1.0,1.0,1.0
n2247,n9347,4,1.0,1.0,1.0
n2248,n9740,4,1.0,1.0,1.0
n2249,n19157,3,0.75,1.0,0.875
n225,n680,4,1.0,1.0,1.0
n2250,n19164,4,1.0,1.0,1.0
n2251,n9361,3,0.75,1.0,0.875
n2252,n9833,4,1.0,1.0,1.0
n2253,n9367,4,1.0,1.0,1.0
n2254,n9368,4,1.0,1.0,1.0
n2255,n18118,4,1.0,1.0,1.0
n2256,n18119,4,1.0,1.0,1.0
n2257,n10047,4,1.0,1.0,1.0
n2258,n20609,4,1.0,1.0,1.0
n2259,n10181,4,1.0,1.0,1.0
n226,n18058,4,1.0,1.0,1.0
n2260,n18189,4,1.0,1.0,1.0
n2261,n18203,4,1.0,1.0,1.0
n2262,n21130,4,1.0,1.0,1.0
n2263,n10441,4,1.0,1.0,1.0
n2263,n18283,4,1.0,1.0,1.0
n2264,n10472,4,1.0,1.0,1.0
n2265,n21826,4,1.0,1.0,1.0
n2266,n9419,4,1.0,1.0,1.0
n2267,n21887,4,1.0,1.0,1.0
n2268,n10599,4,1.0,1.0,1.0
n2269,n464,4,1.0,1.0,1.0
n227,n2260,4,1.0,1.0,1.0
n2270,n18406,4,1.0,1.0,1.0
n2271,n18415,3,0.75,1.0,0.875
n2272,n10943,4,1.0,1.0,1.0
n2273,n18468,3,0.75,1.0,0.875
n2274,n2439,4,1.0,1.0,1.0
n2275,n18491,4,1.0,1.0,1.0
n2276,n2507,4,1.0,1.0,1.0
n2277,n9485,3,0.75,1.0,0.875
n2278,n9487,4,1.0,1.0,1.0
n2279,n18570,4,1.0,1.0,1.0
n228,n18276,4,1.0,1.0,1.0
n2280,n9538,3,0.75,1.0,0.875
n2281,n3916,4,1.0,1.0,1.0
n2282,n4198,4,1.0,1.0,1.0
n2283,n4677,4,1.0,1.0,1.0
n2284,n9564,3,0.75,1.0,0.875
n2285,n11754,4,1.0,1.0,1.0
n2286,n18713,4,1.0,1.0,1.0
n2287,n11858,4,1.0,1.0,1.0
n2288,n18772,3,0.75,1.0,0.875
n2289,n5945,4,1.0,1.0,1.0
n229,n18574,4,1.0,1.0,1.0
n2290,n11947,4,1.0,1.0,1.0
n2291,n6257,4,1.0,1.0,1.0
n2292,n18803,4,1.0,1.0,1.0
n2293,n18819,4,1.0,1.0,1.0
n2294,n12296,4,1.0,1.0,1.0
n2295,n18915,4,1.0,1.0,1.0
n2296,n9659,3,0.75,1.0,0.875
n2297,n12527,4,1.0,1.0,1.0
n2298,n18966,3,0.75,1.0,0.875
n2299,n8526,4,1.0,1.0,1.0
n23,n54,4,1.0,1.0,1.0
n230,n18635,4,1.0,1.0,1.0
n2300,n8541,4,1.0,1.0,1.0
n2301,n19001,4,1.0,1.0,1.0
n2302,n12717,3,0.75,1.0,0.875
n2303,n12727,3,0.75,1.0,0.875
n2304,n9693,4,1.0,1.0,1.0
n2305,n9697,4,1.0,1.0,1.0
n2306,n9515,3,0.75,1.0,0.875
n2307,n12878,4,1.0,1.0,1.0
n2308,n19050,3,0.75,1.0,0.875
n2309,n9810,4,1.0,1.0,1.0
n231,n704,4,1.0,1.0,1.0
n2310,n9829,4,1.0,1.0,1.0
n2311,n9710,4,1.0,1.0,1.0
n2312,n9730,4,1.0,1.0,1.0
n2313,n9736,3,0.75,1.0,0.875
n2314,n13140,4,1.0,1.0,1.0
n2315,n19138,3,0.75,1.0,0.875
n2316,n9746,3,0.75,1.0,0.875
n2317,n9749,4,1.0,1.0,1.0
n2318,n9750,4,1.0,1.0,1.0
n2319,n13243,4,1.0,1.0,1.0
n232,n19807,4,1.0,1.0,1.0
n2320,n13395,4,1.0,1.0,1.0
n2321,n9771,4,1.0,1.0,1.0
n2322,n19224,4,1.0,1.0,1.0
n2323,n9778,3,0.75,1.0,0.875
n2324,n19246,4,1.0,1.0,1.0
n2325,n13600,3,0.75,1.0,0.875
n2326,n13647,4,1.0,1.0,1.0
n2327,n9792,3,0.75,1.0,0.875
n2328,n12613,4,1.0,1.0,1.0
n2329,n13882,4,1.0,1.0,1.0
n233,n10020,4,1.0,1.0,1.0
n2330,n13708,3,0.75,1.0,0.875
n2331,n14110,4,1.0,1.0,1.0
n2332,n13988,4,1.0,1.0,1.0
n2333,n9838,4,1.0,1.0,1.0
n2334,n14219,3,0.75,1.0,0.875
n2335,n19520,3,0.75,1.0,0.875
n2336,n9861,4,1.0,1.0,1.0
n2337,n14442,3,0.75,1.0,0.875
n2338,n15113,4,1.0,1.0,1.0
n2339,n15241,4,1.0,1.0,1.0
n234,n2375,3,0.75,1.0,0.875
n2340,n15541,4,1.0,1.0,1.0
n2341,n14609,3,0.75,1.0,0.875
n2342,n19642,4,1.0,1.0,1.0
n2343,n14721,4,1.0,1.0,1.0
n2344,n9899,3,0.75,1.0,0.875
n2345,n14743,4,1.0,1.0,1.0
n2346,n9905,4,1.0,1.0,1.0
n2347,n14784,4,1.0,1.0,1.0
n2348,n16425,4,1.0,1.0,1.0
n2349,n9916,3,0.75,1.0,0.875
n235,n2387,4,1.0,1.0,1.0
n2350,n17241,3,0.75,1.0,0.875
n2351,n19746,4,1.0,1.0,1.0
n2352,n14993,3,0.75,1.0,0.875
n2353,n17542,4,1.0,1.0,1.0
n2354,n15022,4,1.0,1.0,1.0
n2355,n19769,3,0.75,1.0,0.875
n2356,n15060,4,1.0,1.0,1.0
n2357,n15065,4,1.0,1.0,1.0
n2358,n17862,4,1.0,1.0,1.0
n2359,n18026,4,1.0,1.0,1.0
n236,n2398,4,1.0,1.0,1.0
n2360,n19805,4,1.0,1.0,1.0
n2361,n18348,3,0.75,1.0,0.875
n2362,n9950,3,0.75,1.0,0.875
n2363,n18957,4,1.0,1.0,1.0
n2364,n19876,3,0.75,1.0,0.875
n2365,n15362,4,1.0,1.0,1.0
n2366,n19887,4,1.0,1.0,1.0
n2367,n19546,4,1.0,1.0,1.0
n2368,n20179,4,1.0,1.0,1.0
n2369,n9998,3,0.75,1.0,0.875
n237,n2400,4,1.0,1.0,1.0
n2370,n10013,4,1.0,1.0,1.0
n2371,n15736,4,1.0,1.0,1.0
n2372,n20024,4,1.0,1.0,1.0
n2373,n10018,4,1.0,1.0,1.0
n2374,n10019,4,1.0,1.0,1.0
n2375,n10027,3,0.75,1.0,0.875
n2376,n10031,4,1.0,1.0,1.0
n2377,n15864,3,0.75,1.0,0.875
n2378,n15871,4,1.0,1.0,1.0
n2379,n20096,3,0.75,1.0,0.875
n238,n10171,4,1.0,1.0,1.0
n2380,n15994,3,0.75,1.0,0.875
n2381,n20169,4,1.0,1.0,1.0
n2382,n16174,4,1.0,1.0,1.0
n2383,n1464,4,1.0,1.0,1.0
n2384,n10065,4,1.0,1.0,1.0
n2385,n10066,4,1.0,1.0,1.0
n2386,n16373,4,1.0,1.0,1.0
n2387,n16385,4,1.0,1.0,1.0
n2388,n20249,4,1.0,1.0,1.0
n2389,n20254,4,1.0,1.0,1.0
n239,n10234,4,1.0,1.0,1.0
n2390,n2704,4,1.0,1.0,1.0
n2391,n10092,4,1.0,1.0,1.0
n2392,n16597,4,1.0,1.0,1.0
n2393,n16599,4,1.0,1.0,1.0
n2394,n10093,4,1.0,1.0,1.0
n2395,n20325,4,1.0,1.0,1.0
n2396,n10098,3,0.75,1.0,0.875
n2397,n16665,3,0.75,1.0,0.875
n2398,n16883,4,1.0,1.0,1.0
n2399,n10118,4,1.0,1.0,1.0
n24,n58,4,1.0,1.0,1.0
n240,n723,4,1.0,1.0,1.0
n2400,n17010,4,1.0,1.0,1.0
n2401,n5934,4,1.0,1.0,1.0
n2402,n17161,4,1.0,1.0,1.0
n2403,n10141,4,1.0,1.0,1.0
n2404,n20533,3,0.75,1.0,0.875
n2405,n17227,3,0.75,1.0,0.875
n2406,n20537,3,0.75,1.0,0.875
n2407,n7091,4,1.0,1.0,1.0
n2408,n17368,3,0.75,1.0,0.875
n2409,n17435,3,0.75,1.0,0.875
n241,n10460,4,1.0,1.0,1.0
n2410,n10159,3,0.75,1.0,0.875
n2411,n10161,4,1.0,1.0,1.0
n2412,n20629,4,1.0,1.0,1.0
n2413,n20639,4,1.0,1.0,1.0
n2414,n7935,4,1.0,1.0,1.0
n2415,n20654,3,0.75,1.0,0.875
n2416,n20655,4,1.0,1.0,1.0
n2417,n17691,4,1.0,1.0,1.0
n2418,n10190,4,1.0,1.0,1.0
n2419,n17878,4,1.0,1.0,1.0
n242,n2478,3,0.75,1.0,0.875
n2420,n20728,3,0.75,1.0,0.875
n2421,n17904,3,0.75,1.0,0.875
n2422,n9143,4,1.0,1.0,1.0
n2423,n17992,4,1.0,1.0,1.0
n2424,n9550,4,1.0,1.0,1.0
n2425,n10220,3,0.75,1.0,0.875
n2426,n20771,4,1.0,1.0,1.0
n2426,n9659,4,1.0,1.0,1.0
n2427,n9713,4,1.0,1.0,1.0
n2428,n20816,3,0.75,1.0,0.875
n2429,n18249,4,1.0,1.0,1.0
n243,n21913,3,0.75,0.75,0.75
n243,n2483,4,1.0,1.0,1.0
n2430,n18341,4,1.0,1.0,1.0
n2431,n10249,4,1.0,1.0,1.0
n2432,n20891,4,1.0,1.0,1.0
n2433,n18525,4,1.0,1.0,1.0
n2434,n10260,4,1.0,1.0,1.0
n2434,n18544,4,1.0,1.0,1.0
n2435,n20918,3,0.75,1.0,0.875
n2436,n20919,4,1.0,1.0,1.0
n2437,n18633,4,1.0,1.0,1.0
n2438,n10269,4,1.0,1.0,1.0
n2439,n10278,4,1.0,1.0,1.0
n244,n730,4,1.0,1.0,1.0
n2440,n10283,3,0.75,1.0,0.875
n2441,n10285,4,1.0,1.0,1.0
n2442,n19028,4,1.0,1.0,1.0
n2443,n19052,4,1.0,1.0,1.0
n2444,n21059,3,0.75,1.0,0.875
n2445,n10320,4,1.0,1.0,1.0
n2446,n21119,4,1.0,1.0,1.0
n2447,n14391,4,1.0,1.0,1.0
n2448,n19566,4,1.0,1.0,1.0
n2449,n14502,4,1.0,1.0,1.0
n245,n734,4,1.0,1.0,1.0
n2450,n10329,4,1.0,1.0,1.0
n2451,n10330,4,1.0,1.0,1.0
n2452,n15752,4,1.0,1.0,1.0
n2453,n21290,4,1.0,1.0,1.0
n2454,n21293,4,1.0,1.0,1.0
n2455,n16546,4,1.0,1.0,1.0
n2456,n10403,4,1.0,1.0,1.0
n2457,n21382,3,0.75,1.0,0.875
n2458,n20518,4,1.0,1.0,1.0
n2459,n20551,4,1.0,1.0,1.0
n246,n10534,4,1.0,1.0,1.0
n2460,n17320,4,1.0,1.0,1.0
n2461,n21403,4,1.0,1.0,1.0
n2462,n21405,4,1.0,1.0,1.0
n2463,n10414,4,1.0,1.0,1.0
n2464,n17548,4,1.0,1.0,1.0
n2465,n20659,4,1.0,1.0,1.0
n2466,n21438,4,1.0,1.0,1.0
n2467,n21442,4,1.0,1.0,1.0
n2468,n21492,4,1.0,1.0,1.0
n2469,n18168,4,1.0,1.0,1.0
n247,n738,4,1.0,1.0,1.0
n2470,n20936,4,1.0,1.0,1.0
n2471,n21005,4,1.0,1.0,1.0
n2472,n21606,4,1.0,1.0,1.0
n2473,n21083,4,1.0,1.0,1.0
n2474,n21636,4,1.0,1.0,1.0
n2475,n21643,3,0.75,1.0,0.875
n2476,n21680,4,1.0,1.0,1.0
n2477,n10474,4,1.0,1.0,1.0
n2478,n20528,3,0.75,1.0,0.875
n2479,n10491,4,1.0,1.0,1.0
n248,n2505,4,1.0,1.0,1.0
n248,n2506,4,1.0,1.0,1.0
n2480,n10499,3,0.75,1.0,0.875
n2481,n21827,4,1.0,1.0,1.0
n2482,n10504,4,1.0,1.0,1.0
n2483,n21905,4,1.0,1.0,1.0
n2484,n78,4,1.0,1.0,1.0
n2485,n155,4,1.0,1.0,1.0
n2486,n25,3,0.75,1.0,0.875
n2487,n10525,4,1.0,1.0,1.0
n2488,n119,4,1.0,1.0,1.0
n2489,n569,4,1.0,1.0,1.0
n249,n2520,4,1.0,1.0,1.0
n2490,n209,4,1.0,1.0,1.0
n2491,n10541,4,1.0,1.0,1.0
n2492,n102,4,1.0,1.0,1.0
n2493,n109,4,1.0,1.0,1.0
n2493,n1130,4,1.0,1.0,1.0
n2494,n10545,4,1.0,1.0,1.0
n2495,n1302,3,0.75,1.0,0.875
n2496,n10551,3,0.75,1.0,0.875
n2497,n161,4,1.0,1.0,1.0
n2498,n1503,4,1.0,1.0,1.0
n2499,n572,4,1.0,1.0,1.0
n25,n64,3,0.75,1.0,0.875
n250,n515,4,1.0,1.0,1.0
n2500,n1815,4,1.0,1.0,1.0
n2501,n1839,4,1.0,1.0,1.0
n2502,n602,4,1.0,1.0,1.0
n2503,n10560,3,0.75,1.0,0.875
n2504,n2058,4,1.0,1.0,1.0
n2505,n205,4,1.0,1.0,1.0
n2506,n10561,4,1.0,1.0,1.0
n2507,n640,4,1.0,1.0,1.0
n2508,n696,3,0.75,1.0,0.875
n2509,n10567,4,1.0,1.0,1.0
n251,n743,4,1.0,1.0,1.0
n2510,n10568,4,1.0,1.0,1.0
n2511,n814,4,1.0,1.0,1.0
n2512,n885,4,1.0,1.0,1.0
n2513,n3300,4,1.0,1.0,1.0
n2514,n3603,4,1.0,1.0,1.0
n2515,n10589,4,1.0,1.0,1.0
n2516,n1026,4,1.0,1.0,1.0
n2517,n10592,4,1.0,1.0,1.0
n2518,n4055,4,1.0,1.0,1.0
n2519,n344,3,0.75,1.0,0.875
n252,n2541,4,1.0,1.0,1.0
n2520,n4148,4,1.0,1.0,1.0
n2521,n10596,4,1.0,1.0,1.0
n2522,n407,4,1.0,1.0,1.0
n2523,n10606,4,1.0,1.0,1.0
n2524,n10614,4,1.0,1.0,1.0
n2525,n10615,4,1.0,1.0,1.0
n2526,n1347,4,1.0,1.0,1.0
n2527,n10619,4,1.0,1.0,1.0
n2528,n458,4,1.0,1.0,1.0
n2529,n5444,4,1.0,1.0,1.0
n253,n2552,4,1.0,1.0,1.0
n253,n736,4,1.0,1.0,1.0
n2530,n492,4,1.0,1.0,1.0
n2531,n10636,3,0.75,1.0,0.875
n2532,n1597,4,1.0,1.0,1.0
n2533,n1623,4,1.0,1.0,1.0
n2534,n6124,4,1.0,1.0,1.0
n2535,n1822,4,1.0,1.0,1.0
n2536,n7222,4,1.0,1.0,1.0
n2537,n1858,4,1.0,1.0,1.0
n2538,n10665,3,0.75,1.0,0.875
n2539,n8578,3,0.75,1.0,0.875
n254,n864,4,1.0,1.0,1.0
n2540,n648,4,1.0,1.0,1.0
n2541,n663,4,1.0,1.0,1.0
n2542,n672,4,1.0,1.0,1.0
n2543,n10670,4,1.0,1.0,1.0
n2544,n10674,4,1.0,1.0,1.0
n2545,n9406,4,1.0,1.0,1.0
n2546,n9728,4,1.0,1.0,1.0
n2547,n9759,4,1.0,1.0,1.0
n2548,n2323,3,0.75,1.0,0.875
n2549,n701,4,1.0,1.0,1.0
n255,n10774,4,1.0,1.0,1.0
n2550,n10681,4,1.0,1.0,1.0
n2551,n718,3,0.75,1.0,0.875
n2552,n10526,4,1.0,1.0,1.0
n2553,n739,4,1.0,1.0,1.0
n2554,n10692,4,1.0,1.0,1.0
n2555,n2595,4,1.0,1.0,1.0
n2556,n2600,4,1.0,1.0,1.0
n2557,n10697,4,1.0,1.0,1.0
n2558,n2670,4,1.0,1.0,1.0
n2559,n10698,4,1.0,1.0,1.0
n256,n1316,4,1.0,1.0,1.0
n2560,n10700,3,0.75,0.75,0.75
n2560,n2680,4,1.0,1.0,1.0
n2561,n2726,4,1.0,1.0,1.0
n2562,n11276,4,1.0,1.0,1.0
n2563,n2771,4,1.0,1.0,1.0
n2564,n10708,3,0.75,1.0,0.875
n2565,n2810,4,1.0,1.0,1.0
n2566,n10713,3,0.75,1.0,0.875
n2567,n827,4,1.0,1.0,1.0
n2568,n11826,4,1.0,1.0,1.0
n2569,n10715,4,1.0,1.0,1.0
n257,n760,3,0.75,1.0,0.875
n2570,n10722,4,1.0,1.0,1.0
n2571,n3030,4,1.0,1.0,1.0
n2572,n10725,4,1.0,1.0,1.0
n2573,n863,3,0.75,1.0,0.875
n2574,n12293,3,0.75,1.0,0.875
n2575,n3141,4,1.0,1.0,1.0
n2576,n883,4,1.0,1.0,1.0
n2577,n905,3,0.75,1.0,0.875
n2578,n10738,4,1.0,1.0,1.0
n2579,n3463,3,0.75,1.0,0.875
n258,n762,4,1.0,1.0,1.0
n2580,n979,3,0.75,1.0,0.875
n2581,n10767,4,1.0,1.0,1.0
n2582,n14412,4,1.0,1.0,1.0
n2583,n10776,4,1.0,1.0,1.0
n2584,n3799,4,1.0,1.0,1.0
n2585,n10785,4,1.0,1.0,1.0
n2586,n10786,4,1.0,1.0,1.0
n2587,n10787,4,1.0,1.0,1.0
n2588,n10796,3,0.75,1.0,0.875
n2589,n15331,3,0.75,1.0,0.875
n259,n766,4,1.0,1.0,1.0
n2590,n10798,4,1.0,1.0,1.0
n2591,n10800,4,1.0,1.0,1.0
n2592,n1092,3,0.75,1.0,0.875
n2593,n1101,3,0.75,1.0,0.875
n2594,n4107,4,1.0,1.0,1.0
n2595,n1134,4,1.0,1.0,1.0
n2596,n16802,4,1.0,1.0,1.0
n2597,n16836,4,1.0,1.0,1.0
n2598,n10819,4,1.0,1.0,1.0
n2599,n17039,3,0.75,1.0,0.875
n26,n177,4,1.0,1.0,1.0
n260,n2674,4,1.0,1.0,1.0
n2600,n1222,4,1.0,1.0,1.0
n2600,n4424,4,1.0,1.0,1.0
n2601,n4469,3,0.75,1.0,0.875
n2602,n17376,4,1.0,1.0,1.0
n2603,n17575,4,1.0,1.0,1.0
n2604,n17712,4,1.0,1.0,1.0
n2605,n17738,3,0.75,1.0,0.875
n2606,n4572,4,1.0,1.0,1.0
n2607,n10830,4,1.0,1.0,1.0
n2608,n1278,3,0.75,1.0,0.875
n2609,n19506,4,1.0,1.0,1.0
n261,n2688,4,1.0,1.0,1.0
n2610,n1334,4,1.0,1.0,1.0
n2611,n5009,4,1.0,1.0,1.0
n2612,n1349,4,1.0,1.0,1.0
n2613,n1359,4,1.0,1.0,1.0
n2614,n20431,4,1.0,1.0,1.0
n2615,n1376,4,1.0,1.0,1.0
n2616,n5136,4,1.0,1.0,1.0
n2617,n1401,4,1.0,1.0,1.0
n2618,n5192,3,0.75,1.0,0.875
n2619,n1407,4,1.0,1.0,1.0
n262,n2698,4,1.0,1.0,1.0
n2620,n1409,4,1.0,1.0,1.0
n2621,n5263,4,1.0,1.0,1.0
n2622,n21336,4,1.0,1.0,1.0
n2623,n5291,4,1.0,1.0,1.0
n2624,n1445,3,0.75,1.0,0.875
n2625,n10872,4,1.0,1.0,1.0
n2626,n5539,4,1.0,1.0,1.0
n2627,n10875,4,1.0,1.0,1.0
n2628,n1477,4,1.0,1.0,1.0
n2629,n1586,4,1.0,1.0,1.0
n263,n2619,4,1.0,1.0,1.0
n2630,n5810,3,0.75,1.0,0.875
n2631,n1922,3,0.75,1.0,0.875
n2632,n1571,4,1.0,1.0,1.0
n2633,n5917,3,0.75,1.0,0.875
n2634,n5990,4,1.0,1.0,1.0
n2635,n1613,4,1.0,1.0,1.0
n2636,n10909,4,1.0,1.0,1.0
n2637,n10910,4,1.0,1.0,1.0
n2638,n10914,4,1.0,1.0,1.0
n2639,n1630,4,1.0,1.0,1.0
n264,n785,4,1.0,1.0,1.0
n2640,n1631,4,1.0,1.0,1.0
n2641,n3061,4,1.0,1.0,1.0
n2642,n3081,4,1.0,1.0,1.0
n2643,n1649,4,1.0,1.0,1.0
n2644,n6301,4,1.0,1.0,1.0
n2645,n4033,4,1.0,1.0,1.0
n2646,n4267,4,1.0,1.0,1.0
n2647,n10952,4,1.0,1.0,1.0
n2648,n1793,4,1.0,1.0,1.0
n2649,n10964,4,1.0,1.0,1.0
n265,n787,3,0.75,1.0,0.875
n2650,n1816,4,1.0,1.0,1.0
n2651,n1820,4,1.0,1.0,1.0
n2652,n5760,3,0.75,1.0,0.875
n2653,n10973,4,1.0,1.0,1.0
n2654,n6115,4,1.0,1.0,1.0
n2655,n10979,4,1.0,1.0,1.0
n2655,n1853,4,1.0,1.0,1.0
n2655,n1854,3,0.75,0.75,0.75
n2655,n6252,4,1.0,1.0,1.0
n2655,n7219,4,1.0,1.0,1.0
n2656,n10981,4,1.0,1.0,1.0
n2657,n10986,3,0.75,1.0,0.875
n2658,n7376,3,0.75,1.0,0.875
n2659,n10992,3,0.75,1.0,0.875
n266,n2740,4,1.0,1.0,1.0
n2660,n7539,4,1.0,1.0,1.0
n2661,n10998,4,1.0,1.0,1.0
n2662,n1980,4,1.0,1.0,1.0
n2663,n7824,3,0.75,1.0,0.875
n2664,n2006,4,1.0,1.0,1.0
n2665,n2015,3,0.75,1.0,0.875
n2666,n11019,4,1.0,1.0,1.0
n2667,n9167,4,1.0,1.0,1.0
n2668,n8029,4,1.0,1.0,1.0
n2669,n11026,4,1.0,1.0,1.0
n267,n791,4,1.0,1.0,1.0
n2670,n2105,4,1.0,1.0,1.0
n2671,n2106,4,1.0,1.0,1.0
n2672,n11873,4,1.0,1.0,1.0
n2673,n14260,4,1.0,1.0,1.0
n2673,n2129,4,1.0,1.0,1.0
n2673,n2130,4,1.0,1.0,1.0
n2674,n2134,4,1.0,1.0,1.0
n2675,n8682,4,1.0,1.0,1.0
n2676,n2146,4,1.0,1.0,1.0
n2677,n16090,4,1.0,1.0,1.0
n2678,n11053,3,0.75,1.0,0.875
n2679,n11058,4,1.0,1.0,1.0
n268,n11324,4,1.0,1.0,1.0
n2680,n17681,4,1.0,1.0,1.0
n2681,n11078,4,1.0,1.0,1.0
n2682,n11081,4,1.0,1.0,1.0
n2683,n9523,3,0.75,1.0,0.875
n2684,n9698,3,0.75,1.0,0.875
n2685,n19388,3,0.75,1.0,0.875
n2686,n2340,4,1.0,1.0,1.0
n2687,n9984,4,1.0,1.0,1.0
n2688,n11104,4,1.0,1.0,1.0
n2689,n10142,3,0.75,1.0,0.875
n269,n11362,4,1.0,1.0,1.0
n2690,n2433,4,1.0,1.0,1.0
n2691,n2437,4,1.0,1.0,1.0
n2692,n10466,4,1.0,1.0,1.0
n2693,n21742,4,1.0,1.0,1.0
n2694,n2479,4,1.0,1.0,1.0
n2695,n10492,4,1.0,1.0,1.0
n2696,n2484,4,1.0,1.0,1.0
n2697,n10528,3,0.75,1.0,0.875
n2698,n10555,4,1.0,1.0,1.0
n2699,n2510,4,1.0,1.0,1.0
n27,n1940,4,1.0,1.0,1.0
n270,n11427,3,0.75,1.0,0.875
n2700,n10578,4,1.0,1.0,1.0
n2701,n11132,3,0.75,1.0,0.875
n2702,n11133,4,1.0,1.0,1.0
n2703,n428,4,1.0,1.0,1.0
n2704,n11135,4,1.0,1.0,1.0
n2705,n531,3,0.75,1.0,0.875
n2706,n10695,3,0.75,1.0,0.875
n2707,n2561,4,1.0,1.0,1.0
n2708,n10714,4,1.0,1.0,1.0
n2709,n10736,4,1.0,1.0,1.0
n271,n810,3,0.75,1.0,0.875
n2710,n10753,4,1.0,1.0,1.0
n2711,n2589,3,0.75,1.0,0.875
n2712,n11150,4,1.0,1.0,1.0
n2713,n11152,4,1.0,1.0,1.0
n2714,n2606,4,1.0,1.0,1.0
n2715,n11155,3,0.75,1.0,0.875
n2716,n1528,4,1.0,1.0,1.0
n2717,n2639,4,1.0,1.0,1.0
n2718,n11171,4,1.0,1.0,1.0
n2719,n11185,4,1.0,1.0,1.0
n272,n4146,4,1.0,1.0,1.0
n2720,n2321,4,1.0,1.0,1.0
n2721,n2685,3,0.75,1.0,0.875
n2722,n11095,4,1.0,1.0,1.0
n2723,n3004,4,1.0,1.0,1.0
n2724,n11363,4,1.0,1.0,1.0
n2724,n3383,4,1.0,1.0,1.0
n2725,n2783,4,1.0,1.0,1.0
n2726,n11374,4,1.0,1.0,1.0
n2727,n11398,4,1.0,1.0,1.0
n2728,n11217,3,0.75,1.0,0.875
n2729,n11527,4,1.0,1.0,1.0
n273,n4218,4,1.0,1.0,1.0
n2730,n4326,4,1.0,1.0,1.0
n2731,n4373,4,1.0,1.0,1.0
n2732,n4422,4,1.0,1.0,1.0
n2733,n4806,4,1.0,1.0,1.0
n2734,n2893,4,1.0,1.0,1.0
n2735,n4878,4,1.0,1.0,1.0
n2736,n11242,3,0.75,1.0,0.875
n2737,n5427,4,1.0,1.0,1.0
n2738,n11255,4,1.0,1.0,1.0
n2739,n2979,4,1.0,1.0,1.0
n274,n818,3,0.75,1.0,0.875
n2740,n6164,4,1.0,1.0,1.0
n2741,n11265,3,0.75,1.0,0.875
n2742,n12062,3,0.75,1.0,0.875
n2743,n12072,4,1.0,1.0,1.0
n2744,n3014,4,1.0,1.0,1.0
n2745,n12115,4,1.0,1.0,1.0
n2746,n3029,3,0.75,1.0,0.875
n2747,n12186,4,1.0,1.0,1.0
n2748,n6951,3,0.75,1.0,0.875
n2749,n12236,4,1.0,1.0,1.0
n275,n4406,4,1.0,1.0,1.0
n2750,n3066,4,1.0,1.0,1.0
n2751,n11288,4,1.0,1.0,1.0
n2752,n7608,4,1.0,1.0,1.0
n2753,n12451,4,1.0,1.0,1.0
n2754,n12464,4,1.0,1.0,1.0
n2755,n3131,4,1.0,1.0,1.0
n2756,n8192,3,0.75,1.0,0.875
n2757,n12581,3,0.75,1.0,0.875
n2758,n12601,4,1.0,1.0,1.0
n2759,n11305,4,1.0,1.0,1.0
n276,n2881,3,0.75,1.0,0.875
n2760,n12689,4,1.0,1.0,1.0
n2761,n8825,3,0.75,1.0,0.875
n2762,n9071,4,1.0,1.0,1.0
n2763,n12761,3,0.75,1.0,0.875
n2764,n11315,4,1.0,1.0,1.0
n2765,n12813,4,1.0,1.0,1.0
n2766,n12819,4,1.0,1.0,1.0
n2767,n3252,4,1.0,1.0,1.0
n2768,n10501,4,1.0,1.0,1.0
n2769,n13088,4,1.0,1.0,1.0
n277,n2908,4,1.0,1.0,1.0
n2770,n3323,4,1.0,1.0,1.0
n2771,n3324,4,1.0,1.0,1.0
n2772,n11342,4,1.0,1.0,1.0
n2773,n3333,4,1.0,1.0,1.0
n2774,n10719,4,1.0,1.0,1.0
n2775,n3342,3,0.75,1.0,0.875
n2776,n3351,4,1.0,1.0,1.0
n2777,n11153,3,0.75,1.0,0.875
n2778,n13288,3,0.75,1.0,0.875
n2779,n11253,3,0.75,1.0,0.875
n278,n832,4,1.0,1.0,1.0
n2780,n3387,4,1.0,1.0,1.0
n2781,n3393,4,1.0,1.0,1.0
n2782,n13353,3,0.75,1.0,0.875
n2783,n13362,4,1.0,1.0,1.0
n2784,n11602,4,1.0,1.0,1.0
n2785,n11380,3,0.75,1.0,0.875
n2786,n3467,4,1.0,1.0,1.0
n2787,n12012,3,0.75,1.0,0.875
n2788,n3489,4,1.0,1.0,1.0
n2789,n3493,4,1.0,1.0,1.0
n279,n833,4,1.0,1.0,1.0
n2790,n12157,4,1.0,1.0,1.0
n2791,n3549,4,1.0,1.0,1.0
n2792,n3575,3,0.75,1.0,0.875
n2793,n13308,4,1.0,1.0,1.0
n2794,n13451,3,0.75,1.0,0.875
n2795,n13999,3,0.75,1.0,0.875
n2796,n14062,4,1.0,1.0,1.0
n2797,n14133,3,0.75,1.0,0.875
n2798,n3665,3,0.75,1.0,0.875
n2799,n14205,4,1.0,1.0,1.0
n28,n615,4,1.0,1.0,1.0
n280,n836,3,0.75,1.0,0.875
n2800,n11449,4,1.0,1.0,1.0
n2801,n11451,4,1.0,1.0,1.0
n2802,n14299,4,1.0,1.0,1.0
n2803,n14341,3,0.75,1.0,0.875
n2804,n14495,4,1.0,1.0,1.0
n2805,n11472,4,1.0,1.0,1.0
n2806,n15340,3,0.75,1.0,0.875
n2807,n11478,4,1.0,1.0,1.0
n2808,n11481,4,1.0,1.0,1.0
n2809,n15788,4,1.0,1.0,1.0
n281,n11977,4,1.0,1.0,1.0
n2810,n3794,4,1.0,1.0,1.0
n2811,n14710,4,1.0,1.0,1.0
n2812,n16531,4,1.0,1.0,1.0
n2813,n14829,4,1.0,1.0,1.0
n2814,n11497,4,1.0,1.0,1.0
n2815,n11498,4,1.0,1.0,1.0
n2816,n3919,4,1.0,1.0,1.0
n2817,n17739,3,0.75,1.0,0.875
n2818,n11508,4,1.0,1.0,1.0
n2819,n3932,4,1.0,1.0,1.0
n282,n851,4,1.0,1.0,1.0
n2820,n18166,4,1.0,1.0,1.0
n2821,n11522,3,0.75,1.0,0.875
n2822,n3967,4,1.0,1.0,1.0
n2823,n11523,4,1.0,1.0,1.0
n2824,n18906,4,1.0,1.0,1.0
n2825,n19544,4,1.0,1.0,1.0
n2826,n4039,4,1.0,1.0,1.0
n2827,n15559,3,0.75,1.0,0.875
n2828,n20535,4,1.0,1.0,1.0
n2829,n4088,3,0.75,1.0,0.875
n283,n852,4,1.0,1.0,1.0
n2830,n15756,3,0.75,1.0,0.875
n2831,n11568,4,1.0,1.0,1.0
n2832,n15872,4,1.0,1.0,1.0
n2833,n11573,4,1.0,1.0,1.0
n2834,n15874,4,1.0,1.0,1.0
n2835,n4137,4,1.0,1.0,1.0
n2836,n47,4,1.0,1.0,1.0
n2837,n74,3,0.75,1.0,0.875
n2838,n11580,4,1.0,1.0,1.0
n2839,n585,4,1.0,1.0,1.0
n284,n854,4,1.0,1.0,1.0
n2840,n16084,4,1.0,1.0,1.0
n2841,n16125,4,1.0,1.0,1.0
n2842,n4209,4,1.0,1.0,1.0
n2843,n1193,4,1.0,1.0,1.0
n2844,n4227,3,0.75,1.0,0.875
n2845,n4243,4,1.0,1.0,1.0
n2846,n11593,4,1.0,1.0,1.0
n2847,n4273,4,1.0,1.0,1.0
n2848,n11599,3,0.75,1.0,0.875
n2849,n3320,4,1.0,1.0,1.0
n285,n12107,4,1.0,1.0,1.0
n2850,n11601,3,0.75,1.0,0.875
n2851,n16552,3,0.75,1.0,0.875
n2852,n4303,4,1.0,1.0,1.0
n2853,n4325,4,1.0,1.0,1.0
n2854,n11612,4,1.0,1.0,1.0
n2855,n4352,4,1.0,1.0,1.0
n2856,n16867,4,1.0,1.0,1.0
n2857,n11620,4,1.0,1.0,1.0
n2858,n11624,4,1.0,1.0,1.0
n2859,n4434,4,1.0,1.0,1.0
n286,n12153,3,0.75,1.0,0.875
n2860,n4448,4,1.0,1.0,1.0
n2861,n4474,4,1.0,1.0,1.0
n2862,n4500,3,0.75,1.0,0.875
n2863,n4508,3,0.75,1.0,0.875
n2864,n8204,4,1.0,1.0,1.0
n2865,n4545,4,1.0,1.0,1.0
n2866,n17700,4,1.0,1.0,1.0
n2867,n11655,4,1.0,1.0,1.0
n2868,n11656,4,1.0,1.0,1.0
n2869,n4577,4,1.0,1.0,1.0
n287,n3041,4,1.0,1.0,1.0
n2870,n4624,4,1.0,1.0,1.0
n2871,n11669,4,1.0,1.0,1.0
n2872,n10255,4,1.0,1.0,1.0
n2873,n10493,3,0.75,1.0,0.875
n2874,n11676,4,1.0,1.0,1.0
n2875,n18470,4,1.0,1.0,1.0
n2876,n4726,4,1.0,1.0,1.0
n2877,n4730,4,1.0,1.0,1.0
n2878,n4744,4,1.0,1.0,1.0
n2879,n11910,4,1.0,1.0,1.0
n288,n7007,4,1.0,1.0,1.0
n2880,n4763,4,1.0,1.0,1.0
n2881,n12301,3,0.75,1.0,0.875
n2882,n18945,3,0.75,1.0,0.875
n2883,n19002,4,1.0,1.0,1.0
n2884,n19015,4,1.0,1.0,1.0
n2885,n12877,3,0.75,1.0,0.875
n2886,n13182,4,1.0,1.0,1.0
n2887,n4833,4,1.0,1.0,1.0
n2888,n13255,3,0.75,1.0,0.875
n2889,n13401,4,1.0,1.0,1.0
n2889,n19207,3,0.75,0.75,0.75
n289,n12478,4,1.0,1.0,1.0
n2890,n4852,4,1.0,1.0,1.0
n2890,n4853,4,1.0,1.0,1.0
n2891,n19231,4,1.0,1.0,1.0
n2892,n4871,4,1.0,1.0,1.0
n2893,n11707,4,1.0,1.0,1.0
n2894,n13985,4,1.0,1.0,1.0
n2895,n19406,4,1.0,1.0,1.0
n2896,n14118,4,1.0,1.0,1.0
n2897,n11715,4,1.0,1.0,1.0
n2898,n14194,4,1.0,1.0,1.0
n2899,n11729,3,0.75,1.0,0.875
n29,n217,4,1.0,1.0,1.0
n290,n870,4,1.0,1.0,1.0
n2900,n19601,3,0.75,1.0,0.875
n2901,n4938,4,1.0,1.0,1.0
n2902,n19721,4,1.0,1.0,1.0
n2903,n19730,4,1.0,1.0,1.0
n2904,n19775,4,1.0,1.0,1.0
n2905,n11738,4,1.0,1.0,1.0
n2906,n11739,4,1.0,1.0,1.0
n2907,n19817,3,0.75,1.0,0.875
n2908,n11747,4,1.0,1.0,1.0
n2909,n11748,4,1.0,1.0,1.0
n291,n3144,4,1.0,1.0,1.0
n2910,n11750,4,1.0,1.0,1.0
n2911,n5042,4,1.0,1.0,1.0
n2912,n20202,4,1.0,1.0,1.0
n2913,n20312,4,1.0,1.0,1.0
n2914,n16731,4,1.0,1.0,1.0
n2915,n20411,4,1.0,1.0,1.0
n2916,n20443,4,1.0,1.0,1.0
n2917,n5117,4,1.0,1.0,1.0
n2918,n20578,4,1.0,1.0,1.0
n2919,n5163,4,1.0,1.0,1.0
n292,n12589,4,1.0,1.0,1.0
n2920,n17955,4,1.0,1.0,1.0
n2921,n20966,3,0.75,1.0,0.875
n2922,n11782,3,0.75,1.0,0.875
n2923,n11783,3,0.75,1.0,0.875
n2924,n21287,4,1.0,1.0,1.0
n2925,n11789,4,1.0,1.0,1.0
n2926,n21421,4,1.0,1.0,1.0
n2927,n21456,4,1.0,1.0,1.0
n2928,n11791,4,1.0,1.0,1.0
n2929,n11797,4,1.0,1.0,1.0
n293,n3151,3,0.75,1.0,0.875
n2930,n21589,3,0.75,1.0,0.875
n2931,n5340,4,1.0,1.0,1.0
n2932,n21649,4,1.0,1.0,1.0
n2933,n11803,4,1.0,1.0,1.0
n2934,n11807,4,1.0,1.0,1.0
n2935,n21793,4,1.0,1.0,1.0
n2936,n11822,4,1.0,1.0,1.0
n2937,n362,4,1.0,1.0,1.0
n2938,n1210,4,1.0,1.0,1.0
n2939,n567,3,0.75,1.0,0.875
n294,n875,4,1.0,1.0,1.0
n2940,n5547,4,1.0,1.0,1.0
n2941,n2529,4,1.0,1.0,1.0
n2942,n776,4,1.0,1.0,1.0
n2943,n11854,4,1.0,1.0,1.0
n2944,n5592,4,1.0,1.0,1.0
n2945,n933,3,0.75,1.0,0.875
n2946,n11866,3,0.75,1.0,0.875
n2947,n5629,3,0.75,1.0,0.875
n2948,n11875,4,1.0,1.0,1.0
n2949,n1242,4,1.0,1.0,1.0
n295,n884,4,1.0,1.0,1.0
n2950,n5659,4,1.0,1.0,1.0
n2951,n5664,4,1.0,1.0,1.0
n2952,n1312,4,1.0,1.0,1.0
n2953,n1385,4,1.0,1.0,1.0
n2954,n1394,4,1.0,1.0,1.0
n2955,n5683,4,1.0,1.0,1.0
n2956,n5691,4,1.0,1.0,1.0
n2957,n5722,4,1.0,1.0,1.0
n2958,n5716,4,1.0,1.0,1.0
n2959,n1542,3,0.75,1.0,0.875
n296,n8829,4,1.0,1.0,1.0
n2960,n11897,4,1.0,1.0,1.0
n2961,n6555,4,1.0,1.0,1.0
n2962,n11909,4,1.0,1.0,1.0
n2963,n6920,4,1.0,1.0,1.0
n2964,n11914,4,1.0,1.0,1.0
n2965,n7593,3,0.75,1.0,0.875
n2966,n11920,4,1.0,1.0,1.0
n2967,n5852,4,1.0,1.0,1.0
n2968,n8197,4,1.0,1.0,1.0
n2969,n11927,4,1.0,1.0,1.0
n297,n3197,3,0.75,1.0,0.875
n2970,n5914,3,0.75,1.0,0.875
n2971,n11934,4,1.0,1.0,1.0
n2972,n5933,4,1.0,1.0,1.0
n2973,n9971,4,1.0,1.0,1.0
n2974,n6007,4,1.0,1.0,1.0
n2975,n10090,4,1.0,1.0,1.0
n2976,n11956,4,1.0,1.0,1.0
n2977,n10580,4,1.0,1.0,1.0
n2978,n6048,4,1.0,1.0,1.0
n2979,n6055,4,1.0,1.0,1.0
n298,n12725,4,1.0,1.0,1.0
n2980,n10748,4,1.0,1.0,1.0
n2981,n6067,3,0.75,1.0,0.875
n2982,n2615,4,1.0,1.0,1.0
n2983,n11146,4,1.0,1.0,1.0
n2984,n11986,4,1.0,1.0,1.0
n2985,n11302,4,1.0,1.0,1.0
n2986,n11992,4,1.0,1.0,1.0
n2987,n2788,4,1.0,1.0,1.0
n2988,n11995,3,0.75,1.0,0.875
n2989,n11999,4,1.0,1.0,1.0
n299,n9862,4,1.0,1.0,1.0
n2990,n12007,4,1.0,1.0,1.0
n2991,n12014,3,0.75,1.0,0.875
n2992,n12069,3,0.75,1.0,0.875
n2993,n6238,4,1.0,1.0,1.0
n2994,n12027,3,0.75,1.0,0.875
n2995,n3145,3,0.75,1.0,0.875
n2996,n6268,4,1.0,1.0,1.0
n2997,n3195,4,1.0,1.0,1.0
n2998,n12037,3,0.75,1.0,0.875
n2999,n3479,3,0.75,1.0,0.875
n3,n10,4,1.0,1.0,1.0
n30,n685,4,1.0,1.0,1.0
n300,n12997,3,0.75,1.0,0.875
n3000,n3492,3,0.75,1.0,0.875
n3001,n13650,4,1.0,1.0,1.0
n3002,n6400,4,1.0,1.0,1.0
n3003,n12060,4,1.0,1.0,1.0
n3004,n6413,4,1.0,1.0,1.0
n3005,n3614,4,1.0,1.0,1.0
n3006,n6427,3,0.75,1.0,0.875
n3007,n14072,3,0.75,1.0,0.875
n3008,n6439,4,1.0,1.0,1.0
n3009,n6455,3,0.75,1.0,0.875
n301,n3295,4,1.0,1.0,1.0
n3010,n6456,3,0.75,1.0,0.875
n3011,n12078,4,1.0,1.0,1.0
n3012,n12080,4,1.0,1.0,1.0
n3013,n15323,3,0.75,1.0,0.875
n3014,n4026,4,1.0,1.0,1.0
n3015,n12112,4,1.0,1.0,1.0
n3016,n15886,4,1.0,1.0,1.0
n3017,n15912,4,1.0,1.0,1.0
n3018,n4165,4,1.0,1.0,1.0
n3019,n16192,4,1.0,1.0,1.0
n302,n914,4,1.0,1.0,1.0
n3020,n4333,4,1.0,1.0,1.0
n3021,n12125,3,0.75,1.0,0.875
n3022,n4509,3,0.75,1.0,0.875
n3023,n12142,4,1.0,1.0,1.0
n3024,n12145,4,1.0,1.0,1.0
n3025,n6757,3,0.75,1.0,0.875
n3026,n18675,4,1.0,1.0,1.0
n3027,n6767,3,0.75,1.0,0.875
n3028,n6770,4,1.0,1.0,1.0
n3029,n12148,3,0.75,1.0,0.875
n303,n10957,4,1.0,1.0,1.0
n3030,n4795,4,1.0,1.0,1.0
n3031,n6819,4,1.0,1.0,1.0
n3032,n5128,4,1.0,1.0,1.0
n3033,n12191,4,1.0,1.0,1.0
n3034,n12192,4,1.0,1.0,1.0
n3035,n21388,4,1.0,1.0,1.0
n3036,n21503,4,1.0,1.0,1.0
n3037,n12202,4,1.0,1.0,1.0
n3038,n21540,4,1.0,1.0,1.0
n3039,n21858,4,1.0,1.0,1.0
n304,n13254,4,1.0,1.0,1.0
n3040,n12210,3,0.75,1.0,0.875
n3041,n5558,4,1.0,1.0,1.0
n3042,n5562,4,1.0,1.0,1.0
n3043,n7006,3,0.75,1.0,0.875
n3044,n1027,4,1.0,1.0,1.0
n3045,n1083,4,1.0,1.0,1.0
n3046,n1183,4,1.0,1.0,1.0
n3047,n7035,3,0.75,1.0,0.875
n3048,n12221,3,0.75,1.0,0.875
n3049,n5750,4,1.0,1.0,1.0
n305,n3383,4,1.0,1.0,1.0
n3050,n7047,3,0.75,1.0,0.875
n3051,n1747,4,1.0,1.0,1.0
n3052,n12224,4,1.0,1.0,1.0
n3053,n7062,4,1.0,1.0,1.0
n3054,n5815,3,0.75,1.0,0.875
n3055,n7080,4,1.0,1.0,1.0
n3056,n2009,4,1.0,1.0,1.0
n3056,n2010,4,1.0,1.0,1.0
n3056,n5854,4,1.0,1.0,1.0
n3057,n2139,4,1.0,1.0,1.0
n3058,n5930,4,1.0,1.0,1.0
n3059,n5943,4,1.0,1.0,1.0
n306,n11304,4,1.0,1.0,1.0
n3060,n2396,3,0.75,1.0,0.875
n3061,n12258,4,1.0,1.0,1.0
n3062,n6084,3,0.75,1.0,0.875
n3063,n7174,3,0.75,1.0,0.875
n3064,n12264,4,1.0,1.0,1.0
n3065,n3280,4,1.0,1.0,1.0
n3066,n6401,4,1.0,1.0,1.0
n3067,n12292,4,1.0,1.0,1.0
n3068,n6487,3,0.75,1.0,0.875
n3069,n7293,4,1.0,1.0,1.0
n307,n943,4,1.0,1.0,1.0
n3070,n12298,4,1.0,1.0,1.0
n3071,n12300,4,1.0,1.0,1.0
n3072,n4223,4,1.0,1.0,1.0
n3073,n4465,4,1.0,1.0,1.0
n3074,n12308,4,1.0,1.0,1.0
n3075,n12311,3,0.75,1.0,0.875
n3076,n7368,4,1.0,1.0,1.0
n3077,n7395,4,1.0,1.0,1.0
n3078,n5208,4,1.0,1.0,1.0
n3079,n7004,4,1.0,1.0,1.0
n308,n3461,3,0.75,1.0,0.875
n3080,n7448,4,1.0,1.0,1.0
n3081,n5703,4,1.0,1.0,1.0
n3082,n5858,3,0.75,1.0,0.875
n3083,n5972,4,1.0,1.0,1.0
n3084,n6350,4,1.0,1.0,1.0
n3084,n6351,4,1.0,1.0,1.0
n3084,n7245,4,1.0,1.0,1.0
n3085,n12339,4,1.0,1.0,1.0
n3086,n6654,3,0.75,1.0,0.875
n3087,n7547,3,0.75,1.0,0.875
n3088,n7552,4,1.0,1.0,1.0
n3089,n7558,4,1.0,1.0,1.0
n309,n13566,4,1.0,1.0,1.0
n3090,n12354,3,0.75,1.0,0.875
n3091,n7532,4,1.0,1.0,1.0
n3092,n7612,3,0.75,1.0,0.875
n3093,n7654,4,1.0,1.0,1.0
n3094,n8764,4,1.0,1.0,1.0
n3095,n8795,4,1.0,1.0,1.0
n3096,n7723,3,0.75,1.0,0.875
n3097,n8144,3,0.75,1.0,0.875
n3098,n7744,4,1.0,1.0,1.0
n3099,n9812,3,0.75,1.0,0.875
n31,n84,4,1.0,1.0,1.0
n310,n13684,4,1.0,1.0,1.0
n3100,n12413,3,0.75,1.0,0.875
n3101,n8386,4,1.0,1.0,1.0
n3102,n10293,4,1.0,1.0,1.0
n3103,n12428,4,1.0,1.0,1.0
n3104,n12430,4,1.0,1.0,1.0
n3105,n12433,4,1.0,1.0,1.0
n3106,n8501,4,1.0,1.0,1.0
n3107,n12446,4,1.0,1.0,1.0
n3108,n14199,3,0.75,1.0,0.875
n3109,n12449,4,1.0,1.0,1.0
n311,n3534,4,1.0,1.0,1.0
n3110,n12456,4,1.0,1.0,1.0
n3111,n15988,4,1.0,1.0,1.0
n3112,n7904,4,1.0,1.0,1.0
n3113,n16095,4,1.0,1.0,1.0
n3114,n12462,3,0.75,1.0,0.875
n3115,n7947,4,1.0,1.0,1.0
n3116,n16808,4,1.0,1.0,1.0
n3117,n12473,3,0.75,1.0,0.875
n3118,n17303,3,0.75,1.0,0.875
n3119,n9141,4,1.0,1.0,1.0
n312,n14035,4,1.0,1.0,1.0
n3120,n12490,4,1.0,1.0,1.0
n3121,n17517,4,1.0,1.0,1.0
n3122,n8028,4,1.0,1.0,1.0
n3123,n8030,4,1.0,1.0,1.0
n3124,n8042,4,1.0,1.0,1.0
n3125,n9226,4,1.0,1.0,1.0
n3126,n12500,3,0.75,1.0,0.875
n3127,n18077,4,1.0,1.0,1.0
n3127,n9358,4,1.0,1.0,1.0
n3128,n18116,4,1.0,1.0,1.0
n3129,n12512,4,1.0,1.0,1.0
n313,n13661,4,1.0,1.0,1.0
n3130,n8096,4,1.0,1.0,1.0
n3131,n9464,4,1.0,1.0,1.0
n3132,n18455,4,1.0,1.0,1.0
n3133,n12522,4,1.0,1.0,1.0
n3134,n18656,4,1.0,1.0,1.0
n3135,n9691,4,1.0,1.0,1.0
n3136,n12543,4,1.0,1.0,1.0
n3137,n8223,3,0.75,1.0,0.875
n3138,n12549,3,0.75,1.0,0.875
n3139,n8258,3,0.75,1.0,0.875
n314,n994,4,1.0,1.0,1.0
n3140,n9868,3,0.75,1.0,0.875
n3141,n12563,4,1.0,1.0,1.0
n3142,n12565,4,1.0,1.0,1.0
n3143,n12566,3,0.75,1.0,0.875
n3144,n19920,4,1.0,1.0,1.0
n3145,n9990,3,0.75,1.0,0.875
n3146,n10191,4,1.0,1.0,1.0
n3147,n8366,4,1.0,1.0,1.0
n3148,n8383,4,1.0,1.0,1.0
n3149,n10325,4,1.0,1.0,1.0
n315,n996,4,1.0,1.0,1.0
n3150,n8405,3,0.75,1.0,0.875
n3151,n8417,3,0.75,1.0,0.875
n3152,n10489,3,0.75,1.0,0.875
n3153,n8460,4,1.0,1.0,1.0
n3154,n1830,4,1.0,1.0,1.0
n3155,n12600,4,1.0,1.0,1.0
n3156,n11345,3,0.75,1.0,0.875
n3157,n11549,4,1.0,1.0,1.0
n3158,n8493,4,1.0,1.0,1.0
n3159,n5729,4,1.0,1.0,1.0
n316,n1002,4,1.0,1.0,1.0
n3160,n8530,4,1.0,1.0,1.0
n3161,n8535,3,0.75,1.0,0.875
n3162,n12498,3,0.75,1.0,0.875
n3163,n12501,4,1.0,1.0,1.0
n3164,n12627,4,1.0,1.0,1.0
n3165,n8581,4,1.0,1.0,1.0
n3166,n8586,3,0.75,1.0,0.875
n3167,n11167,3,0.75,1.0,0.875
n3168,n11173,3,0.75,1.0,0.875
n3169,n13455,3,0.75,1.0,0.875
n317,n1003,4,1.0,1.0,1.0
n3170,n12648,4,1.0,1.0,1.0
n3171,n8655,4,1.0,1.0,1.0
n3172,n8663,3,0.75,1.0,0.875
n3173,n14759,4,1.0,1.0,1.0
n3174,n15298,4,1.0,1.0,1.0
n3175,n8671,4,1.0,1.0,1.0
n3176,n12657,4,1.0,1.0,1.0
n3177,n12658,3,0.75,1.0,0.875
n3178,n16391,4,1.0,1.0,1.0
n3179,n14782,3,0.75,1.0,0.875
n318,n3696,4,1.0,1.0,1.0
n3180,n17909,4,1.0,1.0,1.0
n3181,n18496,4,1.0,1.0,1.0
n3182,n8726,3,0.75,1.0,0.875
n3183,n12677,3,0.75,1.0,0.875
n3184,n15538,4,1.0,1.0,1.0
n3185,n16058,3,0.75,1.0,0.875
n3186,n8808,4,1.0,1.0,1.0
n3187,n8831,3,0.75,1.0,0.875
n3188,n16360,4,1.0,1.0,1.0
n3189,n2197,4,1.0,1.0,1.0
n319,n1012,3,0.75,1.0,0.875
n3190,n12703,4,1.0,1.0,1.0
n3191,n12706,4,1.0,1.0,1.0
n3192,n2432,4,1.0,1.0,1.0
n3193,n3112,4,1.0,1.0,1.0
n3194,n12714,3,0.75,1.0,0.875
n3195,n16619,4,1.0,1.0,1.0
n3196,n3909,4,1.0,1.0,1.0
n3197,n12719,3,0.75,1.0,0.875
n3198,n12720,3,0.75,1.0,0.875
n3199,n4162,4,1.0,1.0,1.0
n32,n2482,4,1.0,1.0,1.0
n320,n14392,4,1.0,1.0,1.0
n3200,n12726,4,1.0,1.0,1.0
n3201,n16769,4,1.0,1.0,1.0
n3202,n4752,4,1.0,1.0,1.0
n3203,n5251,4,1.0,1.0,1.0
n3204,n9018,4,1.0,1.0,1.0
n3205,n6018,3,0.75,1.0,0.875
n3206,n6229,4,1.0,1.0,1.0
n3207,n12749,4,1.0,1.0,1.0
n3208,n6634,3,0.75,1.0,0.875
n3209,n17335,4,1.0,1.0,1.0
n321,n3742,4,1.0,1.0,1.0
n3210,n7120,4,1.0,1.0,1.0
n3211,n12767,3,0.75,1.0,0.875
n3212,n9152,4,1.0,1.0,1.0
n3213,n12775,4,1.0,1.0,1.0
n3214,n7670,4,1.0,1.0,1.0
n3215,n9181,4,1.0,1.0,1.0
n3216,n7840,4,1.0,1.0,1.0
n3217,n12780,3,0.75,1.0,0.875
n3218,n8471,4,1.0,1.0,1.0
n3219,n8897,4,1.0,1.0,1.0
n322,n14590,4,1.0,1.0,1.0
n3220,n12803,4,1.0,1.0,1.0
n3221,n9296,3,0.75,1.0,0.875
n3222,n12807,4,1.0,1.0,1.0
n3223,n9311,4,1.0,1.0,1.0
n3224,n18009,3,0.75,1.0,0.875
n3225,n9362,4,1.0,1.0,1.0
n3226,n9379,4,1.0,1.0,1.0
n3227,n18220,3,0.75,1.0,0.875
n3228,n9402,4,1.0,1.0,1.0
n3229,n18237,4,1.0,1.0,1.0
n323,n3811,4,1.0,1.0,1.0
n3230,n10458,4,1.0,1.0,1.0
n3231,n10496,4,1.0,1.0,1.0
n3232,n9423,4,1.0,1.0,1.0
n3233,n10854,4,1.0,1.0,1.0
n3234,n18420,4,1.0,1.0,1.0
n3235,n9455,4,1.0,1.0,1.0
n3236,n18435,3,0.75,1.0,0.875
n3237,n12841,3,0.75,1.0,0.875
n3238,n12849,4,1.0,1.0,1.0
n3239,n11181,4,1.0,1.0,1.0
n324,n14729,3,0.75,1.0,0.875
n3240,n11241,4,1.0,1.0,1.0
n3241,n12858,3,0.75,1.0,0.875
n3242,n11317,3,0.75,1.0,0.875
n3243,n12870,4,1.0,1.0,1.0
n3244,n12871,4,1.0,1.0,1.0
n3245,n11813,4,1.0,1.0,1.0
n3246,n11860,1,0.25,1.0,0.625
n3247,n11968,4,1.0,1.0,1.0
n3248,n9617,4,1.0,1.0,1.0
n3249,n18852,4,1.0,1.0,1.0
n325,n14765,4,1.0,1.0,1.0
n3250,n12885,4,1.0,1.0,1.0
n3251,n12659,4,1.0,1.0,1.0
n3252,n18994,4,1.0,1.0,1.0
n3253,n12896,4,1.0,1.0,1.0
n3254,n12735,3,0.75,1.0,0.875
n3255,n19040,3,0.75,1.0,0.875
n3256,n13008,4,1.0,1.0,1.0
n3257,n9753,4,1.0,1.0,1.0
n3258,n19157,3,0.75,1.0,0.875
n3259,n9776,3,0.75,1.0,0.875
n326,n16368,4,1.0,1.0,1.0
n3260,n12917,4,1.0,1.0,1.0
n3261,n19321,4,1.0,1.0,1.0
n3262,n19359,4,1.0,1.0,1.0
n3263,n13914,4,1.0,1.0,1.0
n3264,n13939,4,1.0,1.0,1.0
n3265,n12924,4,1.0,1.0,1.0
n3266,n14044,3,0.75,1.0,0.875
n3266,n9824,3,0.75,1.0,0.875
n3267,n9828,3,0.75,1.0,0.875
n3268,n14092,4,1.0,1.0,1.0
n3269,n9832,4,1.0,1.0,1.0
n327,n16388,3,0.75,1.0,0.875
n3270,n12930,4,1.0,1.0,1.0
n3271,n14166,3,0.75,1.0,0.875
n3272,n19494,3,0.75,1.0,0.875
n3273,n12938,4,1.0,1.0,1.0
n3274,n12939,4,1.0,1.0,1.0
n3275,n12946,4,1.0,1.0,1.0
n3276,n19821,4,1.0,1.0,1.0
n3277,n19844,3,0.75,1.0,0.875
n3278,n15360,4,1.0,1.0,1.0
n3279,n12968,4,1.0,1.0,1.0
n328,n3846,3,0.75,1.0,0.875
n3280,n9967,4,1.0,1.0,1.0
n3281,n15511,4,1.0,1.0,1.0
n3282,n9979,4,1.0,1.0,1.0
n3283,n19925,4,1.0,1.0,1.0
n3284,n15573,4,1.0,1.0,1.0
n3285,n10003,3,0.75,1.0,0.875
n3286,n15786,4,1.0,1.0,1.0
n3287,n15833,3,0.75,1.0,0.875
n3288,n15861,4,1.0,1.0,1.0
n3289,n12988,4,1.0,1.0,1.0
n329,n3868,4,1.0,1.0,1.0
n3290,n10052,3,0.75,1.0,0.875
n3291,n20185,4,1.0,1.0,1.0
n3292,n12994,3,0.75,1.0,0.875
n3293,n16654,4,1.0,1.0,1.0
n3294,n10124,4,1.0,1.0,1.0
n3295,n13009,4,1.0,1.0,1.0
n3296,n20619,4,1.0,1.0,1.0
n3297,n17564,4,1.0,1.0,1.0
n3298,n17609,3,0.75,1.0,0.875
n3299,n13018,3,0.75,1.0,0.875
n33,n835,4,1.0,1.0,1.0
n330,n14863,4,1.0,1.0,1.0
n3300,n13020,4,1.0,1.0,1.0
n3301,n20734,4,1.0,1.0,1.0
n3302,n20784,3,0.75,1.0,0.875
n3303,n20857,4,1.0,1.0,1.0
n3304,n20889,4,1.0,1.0,1.0
n3305,n13032,3,0.75,1.0,0.875
n3306,n20946,4,1.0,1.0,1.0
n3307,n10298,4,1.0,1.0,1.0
n3308,n19175,4,1.0,1.0,1.0
n3309,n13043,4,1.0,1.0,1.0
n331,n3879,4,1.0,1.0,1.0
n3310,n13044,4,1.0,1.0,1.0
n3311,n19408,4,1.0,1.0,1.0
n3312,n10382,4,1.0,1.0,1.0
n3313,n21461,4,1.0,1.0,1.0
n3314,n21530,4,1.0,1.0,1.0
n3315,n21225,3,0.75,1.0,0.875
n3316,n13071,4,1.0,1.0,1.0
n3317,n13076,4,1.0,1.0,1.0
n3318,n13077,4,1.0,1.0,1.0
n3319,n10498,4,1.0,1.0,1.0
n332,n14928,4,1.0,1.0,1.0
n3320,n10509,4,1.0,1.0,1.0
n3321,n13086,4,1.0,1.0,1.0
n3322,n98,4,1.0,1.0,1.0
n3323,n10549,4,1.0,1.0,1.0
n3324,n505,4,1.0,1.0,1.0
n3325,n186,4,1.0,1.0,1.0
n3326,n199,4,1.0,1.0,1.0
n3327,n13090,4,1.0,1.0,1.0
n3328,n13094,3,0.75,1.0,0.875
n3329,n822,4,1.0,1.0,1.0
n333,n17160,4,1.0,1.0,1.0
n3330,n325,4,1.0,1.0,1.0
n3331,n401,4,1.0,1.0,1.0
n3332,n1279,4,1.0,1.0,1.0
n3333,n446,4,1.0,1.0,1.0
n3334,n13124,4,1.0,1.0,1.0
n3335,n13131,4,1.0,1.0,1.0
n3336,n10666,4,1.0,1.0,1.0
n3337,n13133,4,1.0,1.0,1.0
n3338,n13136,4,1.0,1.0,1.0
n3339,n2477,4,1.0,1.0,1.0
n334,n1058,4,1.0,1.0,1.0
n3340,n10716,4,1.0,1.0,1.0
n3341,n10720,3,0.75,1.0,0.875
n3342,n3108,3,0.75,1.0,0.875
n3343,n10726,4,1.0,1.0,1.0
n3344,n924,4,1.0,1.0,1.0
n3345,n10743,4,1.0,1.0,1.0
n3346,n13162,3,0.75,1.0,0.875
n3347,n13164,4,1.0,1.0,1.0
n3347,n13165,4,1.0,1.0,1.0
n3348,n10780,3,0.75,1.0,0.875
n3349,n1095,4,1.0,1.0,1.0
n335,n15103,4,1.0,1.0,1.0
n3350,n10814,4,1.0,1.0,1.0
n3351,n13185,4,1.0,1.0,1.0
n3352,n10841,4,1.0,1.0,1.0
n3353,n10867,4,1.0,1.0,1.0
n3354,n6010,4,1.0,1.0,1.0
n3355,n10920,3,0.75,1.0,0.875
n3356,n10924,3,0.75,1.0,0.875
n3357,n6334,4,1.0,1.0,1.0
n3358,n6507,4,1.0,1.0,1.0
n3359,n10959,4,1.0,1.0,1.0
n336,n18150,4,1.0,1.0,1.0
n3360,n13216,4,1.0,1.0,1.0
n3361,n7205,3,0.75,1.0,0.875
n3362,n7258,3,0.75,1.0,0.875
n3363,n10987,3,0.75,1.0,0.875
n3364,n1962,4,1.0,1.0,1.0
n3365,n2041,3,0.75,1.0,0.875
n3366,n13230,4,1.0,1.0,1.0
n3367,n2081,4,1.0,1.0,1.0
n3368,n11040,3,0.75,1.0,0.875
n3369,n8731,4,1.0,1.0,1.0
n337,n18461,4,1.0,1.0,1.0
n3370,n11059,3,0.75,1.0,0.875
n3371,n13245,3,0.75,1.0,0.875
n3372,n11090,3,0.75,1.0,0.875
n3373,n13250,3,0.75,1.0,0.875
n3374,n2417,4,1.0,1.0,1.0
n3375,n10274,4,1.0,1.0,1.0
n3376,n10358,4,1.0,1.0,1.0
n3377,n10688,4,1.0,1.0,1.0
n3378,n2567,4,1.0,1.0,1.0
n3379,n2633,3,0.75,1.0,0.875
n338,n15222,4,1.0,1.0,1.0
n3380,n13274,4,1.0,1.0,1.0
n3381,n13275,4,1.0,1.0,1.0
n3382,n11028,4,1.0,1.0,1.0
n3383,n13281,4,1.0,1.0,1.0
n3383,n13282,4,1.0,1.0,1.0
n3384,n2746,3,0.75,1.0,0.875
n3385,n2867,4,1.0,1.0,1.0
n3386,n13302,4,1.0,1.0,1.0
n3387,n3008,4,1.0,1.0,1.0
n3388,n11275,3,0.75,1.0,0.875
n3389,n13311,4,1.0,1.0,1.0
n339,n19082,4,1.0,1.0,1.0
n3390,n3080,4,1.0,1.0,1.0
n3391,n12374,4,1.0,1.0,1.0
n3392,n13329,4,1.0,1.0,1.0
n3393,n11309,4,1.0,1.0,1.0
n3394,n12914,3,0.75,1.0,0.875
n3395,n12990,4,1.0,1.0,1.0
n3396,n11341,3,0.75,1.0,0.875
n3397,n11350,4,1.0,1.0,1.0
n3398,n11351,3,0.75,1.0,0.875
n3399,n13347,3,0.75,1.0,0.875
n34,n298,4,1.0,1.0,1.0
n340,n1105,4,1.0,1.0,1.0
n3400,n3367,4,1.0,1.0,1.0
n3401,n13351,4,1.0,1.0,1.0
n3402,n13304,4,1.0,1.0,1.0
n3403,n11366,3,0.75,1.0,0.875
n3404,n13324,3,0.75,1.0,0.875
n3405,n13358,4,1.0,1.0,1.0
n3406,n13360,4,1.0,1.0,1.0
n3407,n3431,3,0.75,1.0,0.875
n3408,n13363,4,1.0,1.0,1.0
n3409,n11390,4,1.0,1.0,1.0
n341,n1106,4,1.0,1.0,1.0
n3410,n3513,4,1.0,1.0,1.0
n3411,n3550,4,1.0,1.0,1.0
n3411,n3552,4,1.0,1.0,1.0
n3411,n3553,4,1.0,1.0,1.0
n3411,n3554,4,1.0,1.0,1.0
n3412,n14028,3,0.75,1.0,0.875
n3413,n11440,4,1.0,1.0,1.0
n3414,n14292,3,0.75,1.0,0.875
n3415,n13386,4,1.0,1.0,1.0
n3416,n11462,4,1.0,1.0,1.0
n3417,n13399,3,0.75,1.0,0.875
n3418,n13402,3,0.75,1.0,0.875
n3419,n11511,4,1.0,1.0,1.0
n342,n15644,4,1.0,1.0,1.0
n3420,n13408,3,0.75,1.0,0.875
n3421,n15598,4,1.0,1.0,1.0
n3422,n13411,4,1.0,1.0,1.0
n3423,n11555,3,0.75,1.0,0.875
n3424,n4071,4,1.0,1.0,1.0
n3424,n4072,3,0.75,0.75,0.75
n3425,n11564,4,1.0,1.0,1.0
n3426,n16161,4,1.0,1.0,1.0
n3427,n11592,3,0.75,1.0,0.875
n3428,n11608,4,1.0,1.0,1.0
n3429,n16748,3,0.75,1.0,0.875
n343,n1109,4,1.0,1.0,1.0
n3430,n13427,4,1.0,1.0,1.0
n3431,n17737,3,0.75,1.0,0.875
n3432,n11679,3,0.75,1.0,0.875
n3433,n11685,4,1.0,1.0,1.0
n3434,n11697,4,1.0,1.0,1.0
n3435,n4845,4,1.0,1.0,1.0
n3436,n13447,4,1.0,1.0,1.0
n3437,n11710,4,1.0,1.0,1.0
n3438,n13453,3,0.75,1.0,0.875
n3439,n13458,3,0.75,1.0,0.875
n344,n20299,3,0.75,1.0,0.875
n3440,n13460,3,0.75,1.0,0.875
n3441,n19833,4,1.0,1.0,1.0
n3442,n13462,4,1.0,1.0,1.0
n3443,n13465,4,1.0,1.0,1.0
n3444,n13466,4,1.0,1.0,1.0
n3445,n20354,3,0.75,1.0,0.875
n3446,n5150,3,0.75,1.0,0.875
n3447,n13473,4,1.0,1.0,1.0
n3448,n11777,4,1.0,1.0,1.0
n3449,n13475,3,0.75,1.0,0.875
n345,n1111,3,0.75,1.0,0.875
n3450,n5278,4,1.0,1.0,1.0
n3451,n13482,4,1.0,1.0,1.0
n3452,n11805,4,1.0,1.0,1.0
n3453,n21765,4,1.0,1.0,1.0
n3454,n13486,4,1.0,1.0,1.0
n3455,n11842,4,1.0,1.0,1.0
n3456,n742,4,1.0,1.0,1.0
n3457,n11862,3,0.75,1.0,0.875
n3458,n5602,4,1.0,1.0,1.0
n3459,n11884,4,1.0,1.0,1.0
n346,n15666,3,0.75,1.0,0.875
n3460,n13510,4,1.0,1.0,1.0
n3461,n5779,3,0.75,1.0,0.875
n3462,n11911,4,1.0,1.0,1.0
n3463,n1994,3,0.75,1.0,0.875
n3464,n11921,3,0.75,1.0,0.875
n3465,n13515,4,1.0,1.0,1.0
n3466,n5999,4,1.0,1.0,1.0
n3467,n13521,4,1.0,1.0,1.0
n3468,n6046,4,1.0,1.0,1.0
n3469,n2537,4,1.0,1.0,1.0
n347,n15680,3,0.75,1.0,0.875
n3470,n11994,4,1.0,1.0,1.0
n3471,n2801,4,1.0,1.0,1.0
n3472,n13528,4,1.0,1.0,1.0
n3473,n2900,3,0.75,1.0,0.875
n3474,n13533,3,0.75,1.0,0.875
n3475,n6186,4,1.0,1.0,1.0
n3476,n6208,3,0.75,1.0,0.875
n3477,n6222,3,0.75,1.0,0.875
n3478,n12022,3,0.75,1.0,0.875
n3479,n3143,3,0.75,1.0,0.875
n348,n20491,4,1.0,1.0,1.0
n3480,n6306,4,1.0,1.0,1.0
n3481,n12045,4,1.0,1.0,1.0
n3481,n6325,4,1.0,1.0,1.0
n3482,n13545,4,1.0,1.0,1.0
n3483,n6346,4,1.0,1.0,1.0
n3484,n6385,4,1.0,1.0,1.0
n3485,n3640,3,0.75,1.0,0.875
n3486,n6440,4,1.0,1.0,1.0
n3487,n13552,4,1.0,1.0,1.0
n3488,n13553,3,0.75,1.0,0.875
n3489,n12090,4,1.0,1.0,1.0
n349,n1113,4,1.0,1.0,1.0
n3490,n13568,4,1.0,1.0,1.0
n3491,n12137,3,0.75,1.0,0.875
n3492,n4611,3,0.75,1.0,0.875
n3493,n12141,4,1.0,1.0,1.0
n3494,n6758,3,0.75,1.0,0.875
n3495,n13571,3,0.75,1.0,0.875
n3496,n12150,3,0.75,1.0,0.875
n3497,n4947,4,1.0,1.0,1.0
n3498,n6838,4,1.0,1.0,1.0
n3499,n12171,4,1.0,1.0,1.0
n35,n900,4,1.0,1.0,1.0
n350,n15741,3,0.75,1.0,0.875
n3500,n6923,4,1.0,1.0,1.0
n3501,n12245,3,0.75,1.0,0.875
n3502,n13603,4,1.0,1.0,1.0
n3503,n6105,4,1.0,1.0,1.0
n3504,n6412,4,1.0,1.0,1.0
n3504,n6413,4,1.0,1.0,1.0
n3505,n6469,4,1.0,1.0,1.0
n3506,n13618,3,0.75,1.0,0.875
n3507,n12297,3,0.75,1.0,0.875
n3508,n13622,4,1.0,1.0,1.0
n3509,n13625,4,1.0,1.0,1.0
n351,n4113,4,1.0,1.0,1.0
n3510,n7662,4,1.0,1.0,1.0
n3511,n7702,4,1.0,1.0,1.0
n3512,n13658,4,1.0,1.0,1.0
n3513,n12438,4,1.0,1.0,1.0
n3514,n13662,3,0.75,1.0,0.875
n3515,n12484,3,0.75,1.0,0.875
n3516,n13667,4,1.0,1.0,1.0
n3517,n9148,4,1.0,1.0,1.0
n3518,n13671,3,0.75,1.0,0.875
n3519,n13673,4,1.0,1.0,1.0
n352,n1128,4,1.0,1.0,1.0
n3520,n9281,4,1.0,1.0,1.0
n3521,n12513,4,1.0,1.0,1.0
n3522,n8114,4,1.0,1.0,1.0
n3523,n9669,3,0.75,1.0,0.875
n3524,n9766,3,0.75,1.0,0.875
n3525,n12556,3,0.75,1.0,0.875
n3526,n13690,3,0.75,1.0,0.875
n3527,n10132,4,1.0,1.0,1.0
n3528,n12577,4,1.0,1.0,1.0
n3529,n13700,3,0.75,1.0,0.875
n353,n1129,4,1.0,1.0,1.0
n3530,n12592,4,1.0,1.0,1.0
n3531,n12615,4,1.0,1.0,1.0
n3532,n8585,4,1.0,1.0,1.0
n3533,n13724,3,0.75,1.0,0.875
n3534,n14160,4,1.0,1.0,1.0
n3535,n14231,4,1.0,1.0,1.0
n3536,n12690,3,0.75,1.0,0.875
n3537,n16224,4,1.0,1.0,1.0
n3538,n12701,4,1.0,1.0,1.0
n3539,n16457,3,0.75,1.0,0.875
n354,n15967,4,1.0,1.0,1.0
n3540,n12713,4,1.0,1.0,1.0
n3541,n16560,3,0.75,1.0,0.875
n3542,n8922,4,1.0,1.0,1.0
n3543,n16960,4,1.0,1.0,1.0
n3544,n13759,3,0.75,1.0,0.875
n3545,n17082,3,0.75,1.0,0.875
n3546,n13782,3,0.75,1.0,0.875
n3547,n9327,4,1.0,1.0,1.0
n3548,n13786,4,1.0,1.0,1.0
n3549,n9481,4,1.0,1.0,1.0
n355,n15989,4,1.0,1.0,1.0
n3550,n13787,4,1.0,1.0,1.0
n3551,n12857,4,1.0,1.0,1.0
n3552,n13792,4,1.0,1.0,1.0
n3553,n12861,4,1.0,1.0,1.0
n3553,n18584,4,1.0,1.0,1.0
n3554,n13793,4,1.0,1.0,1.0
n3555,n9545,4,1.0,1.0,1.0
n3556,n13798,3,0.75,1.0,0.875
n3557,n13800,4,1.0,1.0,1.0
n3558,n13801,3,0.75,1.0,0.875
n3559,n19111,4,1.0,1.0,1.0
n356,n147,4,1.0,1.0,1.0
n3560,n12913,4,1.0,1.0,1.0
n3561,n13810,4,1.0,1.0,1.0
n3561,n13811,4,1.0,1.0,1.0
n3561,n19209,4,1.0,1.0,1.0
n3561,n9772,4,1.0,1.0,1.0
n3562,n13814,4,1.0,1.0,1.0
n3563,n12928,4,1.0,1.0,1.0
n3564,n13827,4,1.0,1.0,1.0
n3565,n9900,3,0.75,1.0,0.875
n3566,n13835,4,1.0,1.0,1.0
n3567,n20081,4,1.0,1.0,1.0
n3568,n13004,4,1.0,1.0,1.0
n3569,n20522,4,1.0,1.0,1.0
n357,n1135,4,1.0,1.0,1.0
n3570,n13846,4,1.0,1.0,1.0
n3571,n20969,4,1.0,1.0,1.0
n3572,n13859,3,0.75,1.0,0.875
n3573,n13068,4,1.0,1.0,1.0
n3574,n10557,4,1.0,1.0,1.0
n3575,n10590,3,0.75,1.0,0.875
n3576,n13120,4,1.0,1.0,1.0
n3577,n10658,4,1.0,1.0,1.0
n3578,n10679,4,1.0,1.0,1.0
n3579,n779,4,1.0,1.0,1.0
n358,n277,4,1.0,1.0,1.0
n3580,n902,4,1.0,1.0,1.0
n3581,n10769,4,1.0,1.0,1.0
n3582,n13171,3,0.75,1.0,0.875
n3583,n13187,4,1.0,1.0,1.0
n3584,n13898,4,1.0,1.0,1.0
n3585,n13899,4,1.0,1.0,1.0
n3586,n13901,3,0.75,1.0,0.875
n3587,n10897,4,1.0,1.0,1.0
n3588,n1712,3,0.75,1.0,0.875
n3589,n1860,4,1.0,1.0,1.0
n359,n4177,4,1.0,1.0,1.0
n3590,n11015,4,1.0,1.0,1.0
n3591,n2013,4,1.0,1.0,1.0
n3592,n13913,4,1.0,1.0,1.0
n3593,n11068,4,1.0,1.0,1.0
n3594,n13249,4,1.0,1.0,1.0
n3595,n11097,4,1.0,1.0,1.0
n3596,n2805,4,1.0,1.0,1.0
n3597,n2861,4,1.0,1.0,1.0
n3598,n11235,3,0.75,1.0,0.875
n3599,n3036,4,1.0,1.0,1.0
n36,n3654,4,1.0,1.0,1.0
n360,n1140,4,1.0,1.0,1.0
n3600,n13313,4,1.0,1.0,1.0
n3601,n3150,3,0.75,1.0,0.875
n3602,n13947,3,0.75,1.0,0.875
n3603,n3191,4,1.0,1.0,1.0
n3604,n13333,4,1.0,1.0,1.0
n3605,n13950,3,0.75,1.0,0.875
n3606,n3284,4,1.0,1.0,1.0
n3607,n13349,4,1.0,1.0,1.0
n3608,n13356,4,1.0,1.0,1.0
n3609,n13961,4,1.0,1.0,1.0
n361,n16048,4,1.0,1.0,1.0
n3610,n13378,4,1.0,1.0,1.0
n3611,n3605,3,0.75,1.0,0.875
n3612,n13964,3,0.75,1.0,0.875
n3613,n13396,3,0.75,1.0,0.875
n3614,n13397,4,1.0,1.0,1.0
n3615,n11503,3,0.75,1.0,0.875
n3616,n13417,4,1.0,1.0,1.0
n3617,n11743,4,1.0,1.0,1.0
n3618,n13464,4,1.0,1.0,1.0
n3619,n14003,4,1.0,1.0,1.0
n362,n1141,4,1.0,1.0,1.0
n3620,n13483,4,1.0,1.0,1.0
n3621,n13485,3,0.75,1.0,0.875
n3622,n11970,3,0.75,1.0,0.875
n3623,n11983,4,1.0,1.0,1.0
n3624,n13527,4,1.0,1.0,1.0
n3625,n11996,4,1.0,1.0,1.0
n3626,n12018,4,1.0,1.0,1.0
n3627,n14022,4,1.0,1.0,1.0
n3628,n6255,4,1.0,1.0,1.0
n3629,n13542,4,1.0,1.0,1.0
n363,n716,4,1.0,1.0,1.0
n3630,n13543,4,1.0,1.0,1.0
n3631,n13546,3,0.75,0.75,0.75
n3631,n14025,4,1.0,1.0,1.0
n3632,n6396,3,0.75,1.0,0.875
n3633,n13560,4,1.0,1.0,1.0
n3634,n14038,3,0.75,1.0,0.875
n3635,n14039,3,0.75,1.0,0.875
n3636,n6808,4,1.0,1.0,1.0
n3637,n12166,4,1.0,1.0,1.0
n3638,n14051,4,1.0,1.0,1.0
n3639,n14053,4,1.0,1.0,1.0
n364,n4200,4,1.0,1.0,1.0
n3640,n14058,3,0.75,1.0,0.875
n3641,n13636,4,1.0,1.0,1.0
n3642,n14065,3,0.75,1.0,0.875
n3643,n7748,4,1.0,1.0,1.0
n3644,n13660,3,0.75,1.0,0.875
n3645,n13675,3,0.75,1.0,0.875
n3646,n14088,4,1.0,1.0,1.0
n3647,n14095,3,0.75,1.0,0.875
n3648,n12770,4,1.0,1.0,1.0
n3649,n13804,3,0.75,1.0,0.875
n365,n1149,4,1.0,1.0,1.0
n3650,n13807,3,0.75,1.0,0.875
n3651,n14127,3,0.75,1.0,0.875
n3652,n10569,4,1.0,1.0,1.0
n3653,n14135,4,1.0,1.0,1.0
n3654,n13147,4,1.0,1.0,1.0
n3655,n13927,3,0.75,1.0,0.875
n3656,n13948,4,1.0,1.0,1.0
n3657,n13949,4,1.0,1.0,1.0
n3658,n13361,3,0.75,1.0,0.875
n3659,n13365,3,0.75,1.0,0.875
n366,n4221,4,1.0,1.0,1.0
n3660,n13960,4,1.0,1.0,1.0
n3661,n11442,3,0.75,1.0,0.875
n3662,n14173,3,0.75,1.0,0.875
n3663,n14056,3,0.75,1.0,0.875
n3664,n13737,4,1.0,1.0,1.0
n3665,n14100,3,0.75,1.0,0.875
n3666,n14122,4,1.0,1.0,1.0
n3667,n14149,4,1.0,1.0,1.0
n3668,n14215,3,0.75,1.0,0.875
n3669,n14026,4,1.0,1.0,1.0
n367,n1467,4,1.0,1.0,1.0
n3670,n14202,3,0.75,1.0,0.875
n3671,n13763,4,1.0,1.0,1.0
n3672,n14116,3,0.75,1.0,0.875
n3673,n14349,4,1.0,1.0,1.0
n3674,n14236,4,1.0,1.0,1.0
n3675,n14248,4,1.0,1.0,1.0
n3676,n14696,4,1.0,1.0,1.0
n3677,n14629,4,1.0,1.0,1.0
n3678,n15927,4,1.0,1.0,1.0
n3679,n16522,4,1.0,1.0,1.0
n368,n1160,4,1.0,1.0,1.0
n3680,n14447,4,1.0,1.0,1.0
n3681,n17903,4,1.0,1.0,1.0
n3682,n14483,4,1.0,1.0,1.0
n3683,n15249,4,1.0,1.0,1.0
n3684,n18751,4,1.0,1.0,1.0
n3685,n14307,4,1.0,1.0,1.0
n3686,n18844,4,1.0,1.0,1.0
n3687,n18919,4,1.0,1.0,1.0
n3688,n15405,3,0.75,1.0,0.875
n3689,n15408,4,1.0,1.0,1.0
n369,n16290,4,1.0,1.0,1.0
n3690,n19475,3,0.75,1.0,0.875
n3691,n14578,4,1.0,1.0,1.0
n3692,n14581,4,1.0,1.0,1.0
n3693,n19818,4,1.0,1.0,1.0
n3694,n14627,4,1.0,1.0,1.0
n3695,n14632,4,1.0,1.0,1.0
n3696,n15743,4,1.0,1.0,1.0
n3697,n14337,4,1.0,1.0,1.0
n3698,n20986,4,1.0,1.0,1.0
n3699,n15780,4,1.0,1.0,1.0
n37,n3903,4,1.0,1.0,1.0
n370,n4249,3,0.75,1.0,0.875
n3700,n15821,4,1.0,1.0,1.0
n3701,n21579,4,1.0,1.0,1.0
n3702,n14360,4,1.0,1.0,1.0
n3703,n1551,4,1.0,1.0,1.0
n3704,n1864,4,1.0,1.0,1.0
n3705,n2848,3,0.75,1.0,0.875
n3706,n16471,4,1.0,1.0,1.0
n3707,n16557,4,1.0,1.0,1.0
n3708,n14381,4,1.0,1.0,1.0
n3709,n14382,4,1.0,1.0,1.0
n3709,n16571,4,1.0,1.0,1.0
n371,n1163,2,0.5,1.0,0.75
n3710,n16785,4,1.0,1.0,1.0
n3711,n4817,4,1.0,1.0,1.0
n3712,n16825,4,1.0,1.0,1.0
n3713,n14399,4,1.0,1.0,1.0
n3714,n14403,4,1.0,1.0,1.0
n3715,n14917,4,1.0,1.0,1.0
n3715,n17063,3,0.75,0.75,0.75
n3716,n14409,4,1.0,1.0,1.0
n3717,n6329,4,1.0,1.0,1.0
n3718,n6337,4,1.0,1.0,1.0
n3719,n6348,4,1.0,1.0,1.0
n372,n4268,4,1.0,1.0,1.0
n3720,n17453,3,0.75,1.0,0.875
n3721,n14976,4,1.0,1.0,1.0
n3722,n14981,3,0.75,1.0,0.875
n3723,n7563,4,1.0,1.0,1.0
n3724,n14984,4,1.0,1.0,1.0
n3725,n17488,4,1.0,1.0,1.0
n3726,n7689,4,1.0,1.0,1.0
n3727,n7752,3,0.75,1.0,0.875
n3728,n14436,3,0.75,1.0,0.875
n3729,n17653,4,1.0,1.0,1.0
n373,n16440,3,0.75,1.0,0.875
n3730,n17729,4,1.0,1.0,1.0
n3731,n17732,4,1.0,1.0,1.0
n3732,n14459,3,0.75,1.0,0.875
n3733,n9097,4,1.0,1.0,1.0
n3734,n9507,3,0.75,1.0,0.875
n3735,n15127,4,1.0,1.0,1.0
n3736,n15142,4,1.0,1.0,1.0
n3737,n10267,4,1.0,1.0,1.0
n3738,n15157,3,0.75,1.0,0.875
n3739,n10314,3,0.75,1.0,0.875
n374,n4281,4,1.0,1.0,1.0
n3740,n15166,4,1.0,1.0,1.0
n3741,n10399,4,1.0,1.0,1.0
n3742,n14485,4,1.0,1.0,1.0
n3743,n18403,4,1.0,1.0,1.0
n3744,n18520,3,0.75,1.0,0.875
n3745,n14505,3,0.75,1.0,0.875
n3746,n11647,4,1.0,1.0,1.0
n3747,n18660,4,1.0,1.0,1.0
n3748,n18666,3,0.75,1.0,0.875
n3749,n15285,4,1.0,1.0,1.0
n375,n2672,4,1.0,1.0,1.0
n3750,n18762,4,1.0,1.0,1.0
n3751,n18781,4,1.0,1.0,1.0
n3752,n12002,4,1.0,1.0,1.0
n3753,n12382,4,1.0,1.0,1.0
n3753,n14521,4,1.0,1.0,1.0
n3754,n14526,4,1.0,1.0,1.0
n3755,n14528,4,1.0,1.0,1.0
n3756,n12947,3,0.75,1.0,0.875
n3757,n15373,3,0.75,1.0,0.875
n3758,n15386,4,1.0,1.0,1.0
n3759,n13359,3,0.75,1.0,0.875
n376,n16445,4,1.0,1.0,1.0
n3760,n14561,4,1.0,1.0,1.0
n3761,n15470,3,0.75,1.0,0.875
n3762,n14568,4,1.0,1.0,1.0
n3763,n19452,3,0.75,1.0,0.875
n3764,n19510,4,1.0,1.0,1.0
n3765,n15502,4,1.0,1.0,1.0
n3766,n14465,4,1.0,1.0,1.0
n3767,n14599,4,1.0,1.0,1.0
n3768,n19656,4,1.0,1.0,1.0
n3769,n19707,4,1.0,1.0,1.0
n377,n2877,4,1.0,1.0,1.0
n3770,n15548,4,1.0,1.0,1.0
n3771,n14607,4,1.0,1.0,1.0
n3772,n15575,4,1.0,1.0,1.0
n3773,n15255,4,1.0,1.0,1.0
n3774,n15577,4,1.0,1.0,1.0
n3775,n15583,3,0.75,1.0,0.875
n3776,n14619,3,0.75,1.0,0.875
n3777,n20165,4,1.0,1.0,1.0
n3778,n15667,4,1.0,1.0,1.0
n3779,n20384,4,1.0,1.0,1.0
n378,n3844,4,1.0,1.0,1.0
n3780,n20403,4,1.0,1.0,1.0
n3781,n16828,4,1.0,1.0,1.0
n3782,n15684,4,1.0,1.0,1.0
n3783,n20532,4,1.0,1.0,1.0
n3784,n17252,3,0.75,1.0,0.875
n3785,n17574,4,1.0,1.0,1.0
n3786,n14643,4,1.0,1.0,1.0
n3787,n18173,3,0.75,1.0,0.875
n3788,n15746,4,1.0,1.0,1.0
n3789,n20958,4,1.0,1.0,1.0
n3789,n20959,4,1.0,1.0,1.0
n379,n16623,4,1.0,1.0,1.0
n3790,n14651,3,0.75,1.0,0.875
n3791,n19061,4,1.0,1.0,1.0
n3792,n19113,4,1.0,1.0,1.0
n3793,n15794,3,0.75,1.0,0.875
n3794,n14656,4,1.0,1.0,1.0
n3795,n21073,4,1.0,1.0,1.0
n3796,n21087,3,0.75,1.0,0.875
n3797,n21098,4,1.0,1.0,1.0
n3798,n15811,3,0.75,1.0,0.875
n3799,n19867,4,1.0,1.0,1.0
n38,n359,4,1.0,1.0,1.0
n380,n4314,4,1.0,1.0,1.0
n3800,n15840,4,1.0,1.0,1.0
n3801,n20371,4,1.0,1.0,1.0
n3802,n15867,4,1.0,1.0,1.0
n3803,n21554,3,0.75,1.0,0.875
n3804,n14675,3,0.75,1.0,0.875
n3805,n15911,4,1.0,1.0,1.0
n3806,n21445,4,1.0,1.0,1.0
n3807,n15921,4,1.0,1.0,1.0
n3808,n15925,3,0.75,1.0,0.875
n3809,n21538,3,0.75,1.0,0.875
n381,n4331,4,1.0,1.0,1.0
n3810,n21807,4,1.0,1.0,1.0
n3811,n21866,4,1.0,1.0,1.0
n3812,n116,3,0.75,0.75,0.75
n3812,n15990,4,1.0,1.0,1.0
n3813,n14688,4,1.0,1.0,1.0
n3814,n14690,4,1.0,1.0,1.0
n3815,n16015,4,1.0,1.0,1.0
n3816,n16021,4,1.0,1.0,1.0
n3817,n14704,4,1.0,1.0,1.0
n3818,n391,4,1.0,1.0,1.0
n3819,n16038,4,1.0,1.0,1.0
n382,n4335,4,1.0,1.0,1.0
n3820,n1494,4,1.0,1.0,1.0
n3821,n14707,3,0.75,1.0,0.875
n3822,n1755,4,1.0,1.0,1.0
n3823,n694,4,1.0,1.0,1.0
n3824,n2306,3,0.75,1.0,0.875
n3825,n703,4,1.0,1.0,1.0
n3826,n2438,4,1.0,1.0,1.0
n3827,n16097,3,0.75,1.0,0.875
n3828,n821,4,1.0,1.0,1.0
n3829,n923,4,1.0,1.0,1.0
n383,n4336,4,1.0,1.0,1.0
n3830,n16175,4,1.0,1.0,1.0
n3831,n1287,3,0.75,1.0,0.875
n3832,n16206,4,1.0,1.0,1.0
n3833,n14749,4,1.0,1.0,1.0
n3834,n5418,4,1.0,1.0,1.0
n3835,n14752,4,1.0,1.0,1.0
n3836,n16257,3,0.75,1.0,0.875
n3837,n14761,3,0.75,1.0,0.875
n3838,n16316,4,1.0,1.0,1.0
n3839,n7819,4,1.0,1.0,1.0
n384,n1196,4,1.0,1.0,1.0
n3840,n8013,3,0.75,1.0,0.875
n3841,n8088,4,1.0,1.0,1.0
n3842,n16353,3,0.75,1.0,0.875
n3843,n16367,4,1.0,1.0,1.0
n3844,n16408,4,1.0,1.0,1.0
n3845,n10641,4,1.0,1.0,1.0
n3846,n2566,3,0.75,1.0,0.875
n3847,n14789,4,1.0,1.0,1.0
n3847,n16450,4,1.0,1.0,1.0
n3848,n11603,4,1.0,1.0,1.0
n3849,n11658,4,1.0,1.0,1.0
n385,n16719,4,1.0,1.0,1.0
n3850,n2936,4,1.0,1.0,1.0
n3851,n11931,3,0.75,1.0,0.875
n3852,n14798,4,1.0,1.0,1.0
n3853,n16504,3,0.75,1.0,0.875
n3854,n12460,3,0.75,1.0,0.875
n3855,n14806,4,1.0,1.0,1.0
n3856,n3165,4,1.0,1.0,1.0
n3857,n16516,4,1.0,1.0,1.0
n3858,n14814,4,1.0,1.0,1.0
n3859,n16581,4,1.0,1.0,1.0
n386,n1199,4,1.0,1.0,1.0
n3860,n14608,3,0.75,1.0,0.875
n3861,n3839,4,1.0,1.0,1.0
n3862,n14914,3,0.75,1.0,0.875
n3863,n16626,3,0.75,1.0,0.875
n3864,n4022,4,1.0,1.0,1.0
n3865,n4043,4,1.0,1.0,1.0
n3866,n4175,4,1.0,1.0,1.0
n3867,n16673,4,1.0,1.0,1.0
n3868,n16267,4,1.0,1.0,1.0
n3869,n4349,3,0.75,1.0,0.875
n387,n16776,4,1.0,1.0,1.0
n3870,n4382,4,1.0,1.0,1.0
n3871,n16724,4,1.0,1.0,1.0
n3872,n17394,4,1.0,1.0,1.0
n3873,n16736,4,1.0,1.0,1.0
n3874,n4628,3,0.75,1.0,0.875
n3875,n16765,3,0.75,1.0,0.875
n3876,n19276,3,0.75,1.0,0.875
n3877,n16815,4,1.0,1.0,1.0
n3878,n16818,4,1.0,1.0,1.0
n3879,n19959,4,1.0,1.0,1.0
n388,n4375,4,1.0,1.0,1.0
n3880,n20372,4,1.0,1.0,1.0
n3881,n14876,4,1.0,1.0,1.0
n3882,n16869,4,1.0,1.0,1.0
n3883,n5346,4,1.0,1.0,1.0
n3884,n14902,3,0.75,1.0,0.875
n3885,n16996,4,1.0,1.0,1.0
n3886,n14904,3,0.75,1.0,0.875
n3887,n1694,4,1.0,1.0,1.0
n3888,n1934,3,0.75,1.0,0.875
n3889,n17058,4,1.0,1.0,1.0
n389,n1206,4,1.0,1.0,1.0
n3890,n2434,4,1.0,1.0,1.0
n3891,n14920,4,1.0,1.0,1.0
n3892,n2808,4,1.0,1.0,1.0
n3893,n3122,4,1.0,1.0,1.0
n3894,n17131,3,0.75,1.0,0.875
n3895,n17142,3,0.75,1.0,0.875
n3896,n3644,3,0.75,1.0,0.875
n3897,n17182,4,1.0,1.0,1.0
n3898,n14941,4,1.0,1.0,1.0
n3899,n14947,4,1.0,1.0,1.0
n39,n1151,3,0.75,1.0,0.875
n390,n4383,4,1.0,1.0,1.0
n3900,n17312,4,1.0,1.0,1.0
n3901,n14960,3,0.75,1.0,0.875
n3902,n17375,4,1.0,1.0,1.0
n3903,n17378,4,1.0,1.0,1.0
n3904,n14975,3,0.75,1.0,0.875
n3905,n17481,4,1.0,1.0,1.0
n3906,n17483,4,1.0,1.0,1.0
n3907,n14985,4,1.0,1.0,1.0
n3908,n14989,3,0.75,1.0,0.875
n3909,n17502,4,1.0,1.0,1.0
n391,n1208,4,1.0,1.0,1.0
n3910,n8068,4,1.0,1.0,1.0
n3911,n14999,4,1.0,1.0,1.0
n3912,n15017,4,1.0,1.0,1.0
n3913,n8138,4,1.0,1.0,1.0
n3914,n9901,4,1.0,1.0,1.0
n3915,n15031,4,1.0,1.0,1.0
n3916,n15032,4,1.0,1.0,1.0
n3917,n17678,4,1.0,1.0,1.0
n3918,n17718,3,0.75,1.0,0.875
n3919,n17725,4,1.0,1.0,1.0
n392,n16858,4,1.0,1.0,1.0
n3920,n15043,3,0.75,1.0,0.875
n3921,n13159,4,1.0,1.0,1.0
n3922,n15223,4,1.0,1.0,1.0
n3923,n16452,4,1.0,1.0,1.0
n3924,n15066,4,1.0,1.0,1.0
n3925,n15068,4,1.0,1.0,1.0
n3926,n15070,4,1.0,1.0,1.0
n3927,n9052,3,0.75,1.0,0.875
n3928,n15083,4,1.0,1.0,1.0
n3929,n15086,4,1.0,1.0,1.0
n393,n5201,4,1.0,1.0,1.0
n3930,n15089,4,1.0,1.0,1.0
n3931,n15092,3,0.75,1.0,0.875
n3932,n15096,4,1.0,1.0,1.0
n3933,n15097,4,1.0,1.0,1.0
n3934,n15098,4,1.0,1.0,1.0
n3935,n9266,4,1.0,1.0,1.0
n3936,n9346,4,1.0,1.0,1.0
n3937,n9478,4,1.0,1.0,1.0
n3938,n18035,4,1.0,1.0,1.0
n3939,n9572,4,1.0,1.0,1.0
n394,n16897,4,1.0,1.0,1.0
n3940,n15134,4,1.0,1.0,1.0
n3941,n18167,4,1.0,1.0,1.0
n3942,n15152,3,0.75,1.0,0.875
n3943,n10263,4,1.0,1.0,1.0
n3944,n10303,4,1.0,1.0,1.0
n3945,n10531,3,0.75,1.0,0.875
n3946,n18351,3,0.75,1.0,0.875
n3947,n18372,1,0.25,1.0,0.625
n3948,n10730,4,1.0,1.0,1.0
n3949,n10745,4,1.0,1.0,1.0
n395,n16957,4,1.0,1.0,1.0
n3950,n10915,3,0.75,1.0,0.875
n3951,n10935,4,1.0,1.0,1.0
n3952,n1719,4,1.0,1.0,1.0
n3953,n18446,4,1.0,1.0,1.0
n3954,n2033,3,0.75,1.0,0.875
n3955,n15214,4,1.0,1.0,1.0
n3956,n2244,4,1.0,1.0,1.0
n3957,n2249,3,0.75,1.0,0.875
n3958,n11125,4,1.0,1.0,1.0
n3959,n2802,4,1.0,1.0,1.0
n396,n4418,4,1.0,1.0,1.0
n3960,n11249,3,0.75,1.0,0.875
n3961,n15232,4,1.0,1.0,1.0
n3962,n3074,4,1.0,1.0,1.0
n3962,n3075,3,0.75,0.75,0.75
n3963,n18546,3,0.75,1.0,0.875
n3964,n15246,4,1.0,1.0,1.0
n3965,n11434,4,1.0,1.0,1.0
n3966,n3971,4,1.0,1.0,1.0
n3967,n15264,4,1.0,1.0,1.0
n3968,n4366,4,1.0,1.0,1.0
n3969,n11652,4,1.0,1.0,1.0
n397,n1224,4,1.0,1.0,1.0
n3970,n18685,3,0.75,1.0,0.875
n3971,n18708,4,1.0,1.0,1.0
n3972,n5089,4,1.0,1.0,1.0
n3973,n15282,4,1.0,1.0,1.0
n3974,n11802,3,0.75,1.0,0.875
n3975,n15287,3,0.75,1.0,0.875
n3976,n15291,4,1.0,1.0,1.0
n3977,n18756,4,1.0,1.0,1.0
n3978,n11882,4,1.0,1.0,1.0
n3979,n6179,4,1.0,1.0,1.0
n398,n4438,4,1.0,1.0,1.0
n3980,n15305,4,1.0,1.0,1.0
n3981,n12105,4,1.0,1.0,1.0
n3982,n15310,4,1.0,1.0,1.0
n3983,n18838,4,1.0,1.0,1.0
n3984,n18846,4,1.0,1.0,1.0
n3985,n6996,4,1.0,1.0,1.0
n3986,n18867,3,0.75,1.0,0.875
n3987,n18871,3,0.75,1.0,0.875
n3988,n15322,4,1.0,1.0,1.0
n3989,n18924,4,1.0,1.0,1.0
n399,n1225,4,1.0,1.0,1.0
n3990,n15333,4,1.0,1.0,1.0
n3991,n15345,4,1.0,1.0,1.0
n3992,n15353,4,1.0,1.0,1.0
n3993,n12738,3,0.75,1.0,0.875
n3994,n8997,4,1.0,1.0,1.0
n3995,n15355,3,0.75,1.0,0.875
n3996,n19021,4,1.0,1.0,1.0
n3997,n9476,4,1.0,1.0,1.0
n3998,n19059,4,1.0,1.0,1.0
n3999,n13047,4,1.0,1.0,1.0
n4,n7,4,1.0,1.0,1.0
n40,n368,4,1.0,1.0,1.0
n400,n6312,4,1.0,1.0,1.0
n4000,n19107,4,1.0,1.0,1.0
n4001,n13186,4,1.0,1.0,1.0
n4002,n10963,4,1.0,1.0,1.0
n4003,n19184,4,1.0,1.0,1.0
n4004,n11483,4,1.0,1.0,1.0
n4005,n11491,4,1.0,1.0,1.0
n4006,n19228,4,1.0,1.0,1.0
n4007,n13489,4,1.0,1.0,1.0
n4008,n13572,4,1.0,1.0,1.0
n4008,n15424,4,1.0,1.0,1.0
n4009,n19274,4,1.0,1.0,1.0
n401,n4451,4,1.0,1.0,1.0
n4010,n12604,4,1.0,1.0,1.0
n4011,n19315,4,1.0,1.0,1.0
n4012,n15444,4,1.0,1.0,1.0
n4013,n12869,4,1.0,1.0,1.0
n4014,n15448,4,1.0,1.0,1.0
n4015,n15451,4,1.0,1.0,1.0
n4016,n13858,3,0.75,1.0,0.875
n4017,n19356,4,1.0,1.0,1.0
n4018,n19377,4,1.0,1.0,1.0
n4019,n13924,4,1.0,1.0,1.0
n4019,n13926,4,1.0,1.0,1.0
n402,n1229,4,1.0,1.0,1.0
n4020,n13581,4,1.0,1.0,1.0
n4021,n14109,3,0.75,1.0,0.875
n4022,n14246,4,1.0,1.0,1.0
n4023,n14326,4,1.0,1.0,1.0
n4024,n15492,4,1.0,1.0,1.0
n4025,n14317,4,1.0,1.0,1.0
n4026,n15506,4,1.0,1.0,1.0
n4027,n14493,4,1.0,1.0,1.0
n4028,n19585,4,1.0,1.0,1.0
n4029,n15344,3,0.75,0.75,0.75
n4029,n19587,4,1.0,1.0,1.0
n403,n4495,4,1.0,1.0,1.0
n4030,n15647,4,1.0,1.0,1.0
n4031,n15687,4,1.0,1.0,1.0
n4032,n15523,4,1.0,1.0,1.0
n4033,n19619,4,1.0,1.0,1.0
n4034,n14663,4,1.0,1.0,1.0
n4035,n19660,4,1.0,1.0,1.0
n4036,n16249,4,1.0,1.0,1.0
n4037,n16329,3,0.75,1.0,0.875
n4038,n16614,4,1.0,1.0,1.0
n4039,n15555,4,1.0,1.0,1.0
n404,n1235,4,1.0,1.0,1.0
n4040,n15556,4,1.0,1.0,1.0
n4041,n17701,4,1.0,1.0,1.0
n4042,n18083,3,0.75,1.0,0.875
n4043,n15135,4,1.0,1.0,1.0
n4044,n15582,4,1.0,1.0,1.0
n4045,n19063,3,0.75,1.0,0.875
n4046,n15390,4,1.0,1.0,1.0
n4047,n19906,3,0.75,1.0,0.875
n4048,n19565,4,1.0,1.0,1.0
n4049,n19933,4,1.0,1.0,1.0
n405,n7914,4,1.0,1.0,1.0
n4050,n15599,3,0.75,1.0,0.875
n4051,n19915,4,1.0,1.0,1.0
n4052,n20155,4,1.0,1.0,1.0
n4053,n15607,4,1.0,1.0,1.0
n4054,n15699,3,0.75,1.0,0.875
n4055,n15705,4,1.0,1.0,1.0
n4056,n15725,4,1.0,1.0,1.0
n4057,n20680,4,1.0,1.0,1.0
n4058,n20032,4,1.0,1.0,1.0
n4059,n21035,3,0.75,1.0,0.875
n406,n1239,4,1.0,1.0,1.0
n4060,n15623,4,1.0,1.0,1.0
n4061,n21487,4,1.0,1.0,1.0
n4062,n21557,4,1.0,1.0,1.0
n4063,n334,4,1.0,1.0,1.0
n4064,n20196,3,0.75,1.0,0.875
n4065,n1808,4,1.0,1.0,1.0
n4066,n15648,3,0.75,1.0,0.875
n4067,n4093,4,1.0,1.0,1.0
n4068,n15665,4,1.0,1.0,1.0
n4069,n5351,4,1.0,1.0,1.0
n407,n17772,4,1.0,1.0,1.0
n4070,n16952,4,1.0,1.0,1.0
n4071,n5607,4,1.0,1.0,1.0
n4072,n15683,3,0.75,1.0,0.875
n4073,n15693,4,1.0,1.0,1.0
n4074,n20508,4,1.0,1.0,1.0
n4075,n6340,3,0.75,1.0,0.875
n4076,n6685,3,0.75,1.0,0.875
n4077,n7023,4,1.0,1.0,1.0
n4078,n15710,4,1.0,1.0,1.0
n4079,n7338,4,1.0,1.0,1.0
n408,n1247,4,1.0,1.0,1.0
n4080,n17434,4,1.0,1.0,1.0
n4081,n7562,4,1.0,1.0,1.0
n4082,n20644,4,1.0,1.0,1.0
n4083,n7921,4,1.0,1.0,1.0
n4084,n15719,4,1.0,1.0,1.0
n4085,n17676,4,1.0,1.0,1.0
n4086,n8868,4,1.0,1.0,1.0
n4087,n17830,4,1.0,1.0,1.0
n4088,n8925,3,0.75,1.0,0.875
n4089,n9070,4,1.0,1.0,1.0
n409,n8882,4,1.0,1.0,1.0
n4090,n15735,4,1.0,1.0,1.0
n4091,n20732,3,0.75,1.0,0.875
n4092,n18092,4,1.0,1.0,1.0
n4093,n15745,4,1.0,1.0,1.0
n4094,n18182,4,1.0,1.0,1.0
n4095,n15753,4,1.0,1.0,1.0
n4096,n15754,4,1.0,1.0,1.0
n4097,n11279,4,1.0,1.0,1.0
n4098,n18545,3,0.75,1.0,0.875
n4099,n11381,3,0.75,1.0,0.875
n41,n118,4,1.0,1.0,1.0
n410,n1250,4,1.0,1.0,1.0
n4100,n11651,4,1.0,1.0,1.0
n4101,n15772,4,1.0,1.0,1.0
n4102,n18876,3,0.75,1.0,0.875
n4103,n18953,3,0.75,1.0,0.875
n4104,n20993,4,1.0,1.0,1.0
n4105,n15779,4,1.0,1.0,1.0
n4106,n21011,4,1.0,1.0,1.0
n4107,n19051,4,1.0,1.0,1.0
n4108,n21101,4,1.0,1.0,1.0
n4109,n14228,3,0.75,1.0,0.875
n411,n9443,4,1.0,1.0,1.0
n4110,n15805,4,1.0,1.0,1.0
n4111,n14440,3,0.75,1.0,0.875
n4112,n21124,4,1.0,1.0,1.0
n4113,n19638,4,1.0,1.0,1.0
n4114,n15810,4,1.0,1.0,1.0
n4115,n14796,4,1.0,1.0,1.0
n4116,n15813,4,1.0,1.0,1.0
n4117,n15814,4,1.0,1.0,1.0
n4118,n15816,4,1.0,1.0,1.0
n4119,n21174,4,1.0,1.0,1.0
n412,n18056,4,1.0,1.0,1.0
n4120,n15174,4,1.0,1.0,1.0
n4121,n15217,3,0.75,1.0,0.875
n4122,n15428,4,1.0,1.0,1.0
n4123,n15621,4,1.0,1.0,1.0
n4124,n21226,4,1.0,1.0,1.0
n4125,n20030,4,1.0,1.0,1.0
n4126,n21260,4,1.0,1.0,1.0
n4127,n20153,4,1.0,1.0,1.0
n4128,n15843,4,1.0,1.0,1.0
n4129,n16497,4,1.0,1.0,1.0
n413,n4616,4,1.0,1.0,1.0
n4130,n20489,4,1.0,1.0,1.0
n4131,n15860,3,0.75,1.0,0.875
n4132,n20531,4,1.0,1.0,1.0
n4133,n15878,4,1.0,1.0,1.0
n4134,n20874,3,0.75,1.0,0.875
n4135,n15881,4,1.0,1.0,1.0
n4136,n15882,4,1.0,1.0,1.0
n4137,n15883,4,1.0,1.0,1.0
n4138,n20985,4,1.0,1.0,1.0
n4139,n19073,4,1.0,1.0,1.0
n414,n1256,3,0.75,1.0,0.875
n4140,n19197,4,1.0,1.0,1.0
n4141,n21055,4,1.0,1.0,1.0
n4142,n21608,4,1.0,1.0,1.0
n4143,n15894,4,1.0,1.0,1.0
n4144,n15904,4,1.0,1.0,1.0
n4145,n20105,3,0.75,1.0,0.875
n4146,n21682,4,1.0,1.0,1.0
n4147,n20203,4,1.0,1.0,1.0
n4148,n21706,4,1.0,1.0,1.0
n4149,n21358,3,0.75,1.0,0.875
n415,n1264,4,1.0,1.0,1.0
n4150,n21583,4,1.0,1.0,1.0
n4150,n21800,4,1.0,1.0,1.0
n4151,n21658,4,1.0,1.0,1.0
n4152,n21673,4,1.0,1.0,1.0
n4153,n21404,4,1.0,1.0,1.0
n4153,n21848,4,1.0,1.0,1.0
n4154,n21852,4,1.0,1.0,1.0
n4155,n15944,4,1.0,1.0,1.0
n4156,n21801,4,1.0,1.0,1.0
n4157,n309,4,1.0,1.0,1.0
n4158,n596,4,1.0,1.0,1.0
n4159,n710,4,1.0,1.0,1.0
n416,n1266,3,0.75,1.0,0.875
n4160,n261,4,1.0,1.0,1.0
n4161,n978,4,1.0,1.0,1.0
n4162,n1039,4,1.0,1.0,1.0
n4163,n1346,4,1.0,1.0,1.0
n4164,n1392,4,1.0,1.0,1.0
n4165,n15995,4,1.0,1.0,1.0
n4166,n1505,3,0.75,1.0,0.875
n4167,n1746,4,1.0,1.0,1.0
n4168,n16000,4,1.0,1.0,1.0
n4169,n198,4,1.0,1.0,1.0
n417,n1267,3,0.75,1.0,0.875
n4170,n2061,4,1.0,1.0,1.0
n4171,n2073,4,1.0,1.0,1.0
n4172,n16004,4,1.0,1.0,1.0
n4173,n748,4,1.0,1.0,1.0
n4174,n3045,4,1.0,1.0,1.0
n4175,n296,4,1.0,1.0,1.0
n4176,n993,4,1.0,1.0,1.0
n4177,n1040,4,1.0,1.0,1.0
n4178,n1070,4,1.0,1.0,1.0
n4179,n1100,4,1.0,1.0,1.0
n418,n4685,4,1.0,1.0,1.0
n4180,n4164,4,1.0,1.0,1.0
n4181,n4250,3,0.75,1.0,0.875
n4182,n374,4,1.0,1.0,1.0
n4183,n384,4,1.0,1.0,1.0
n4184,n16035,4,1.0,1.0,1.0
n4185,n1317,4,1.0,1.0,1.0
n4186,n487,4,1.0,1.0,1.0
n4187,n16050,4,1.0,1.0,1.0
n4188,n1491,4,1.0,1.0,1.0
n4189,n16062,4,1.0,1.0,1.0
n419,n18398,4,1.0,1.0,1.0
n4190,n573,4,1.0,1.0,1.0
n4191,n7560,3,0.75,1.0,0.875
n4192,n16079,3,0.75,1.0,0.875
n4193,n2166,4,1.0,1.0,1.0
n4194,n16081,4,1.0,1.0,1.0
n4195,n9265,4,1.0,1.0,1.0
n4196,n2240,4,1.0,1.0,1.0
n4197,n10355,4,1.0,1.0,1.0
n4198,n2640,4,1.0,1.0,1.0
n4199,n2825,4,1.0,1.0,1.0
n42,n414,3,0.75,1.0,0.875
n420,n10926,4,1.0,1.0,1.0
n4200,n11812,4,1.0,1.0,1.0
n4200,n11814,4,1.0,1.0,1.0
n4201,n2992,3,0.75,1.0,0.875
n4202,n16113,4,1.0,1.0,1.0
n4203,n893,4,1.0,1.0,1.0
n4204,n3291,4,1.0,1.0,1.0
n4205,n909,3,0.75,1.0,0.875
n4206,n921,4,1.0,1.0,1.0
n4207,n926,4,1.0,1.0,1.0
n4208,n16128,3,0.75,1.0,0.875
n4209,n3616,4,1.0,1.0,1.0
n421,n18444,4,1.0,1.0,1.0
n4210,n14886,4,1.0,1.0,1.0
n4211,n1064,4,1.0,1.0,1.0
n4212,n15966,4,1.0,1.0,1.0
n4213,n16158,3,0.75,1.0,0.875
n4214,n16163,4,1.0,1.0,1.0
n4215,n16171,4,1.0,1.0,1.0
n4215,n4272,4,1.0,1.0,1.0
n4216,n4324,4,1.0,1.0,1.0
n4217,n4361,4,1.0,1.0,1.0
n4218,n17234,4,1.0,1.0,1.0
n4219,n16181,4,1.0,1.0,1.0
n422,n18448,4,1.0,1.0,1.0
n4220,n1233,4,1.0,1.0,1.0
n4221,n4506,4,1.0,1.0,1.0
n4222,n16184,4,1.0,1.0,1.0
n4223,n18047,4,1.0,1.0,1.0
n4224,n18221,4,1.0,1.0,1.0
n4225,n1291,4,1.0,1.0,1.0
n4226,n1303,4,1.0,1.0,1.0
n4227,n4896,3,0.75,1.0,0.875
n4228,n19524,3,0.75,1.0,0.875
n4229,n4951,4,1.0,1.0,1.0
n423,n1282,3,0.75,1.0,0.875
n4230,n16199,4,1.0,1.0,1.0
n4231,n16201,4,1.0,1.0,1.0
n4232,n1361,4,1.0,1.0,1.0
n4233,n5092,4,1.0,1.0,1.0
n4234,n21378,4,1.0,1.0,1.0
n4235,n21462,4,1.0,1.0,1.0
n4236,n21837,4,1.0,1.0,1.0
n4237,n16232,4,1.0,1.0,1.0
n4238,n16252,4,1.0,1.0,1.0
n4239,n16253,3,0.75,1.0,0.875
n424,n18562,3,0.75,1.0,0.875
n4240,n1579,3,0.75,1.0,0.875
n4241,n2312,4,1.0,1.0,1.0
n4242,n2367,4,1.0,1.0,1.0
n4243,n2523,4,1.0,1.0,1.0
n4244,n1673,3,0.75,1.0,0.875
n4245,n1704,4,1.0,1.0,1.0
n4246,n4115,4,1.0,1.0,1.0
n4247,n16282,4,1.0,1.0,1.0
n4248,n6642,4,1.0,1.0,1.0
n4249,n1770,3,0.75,1.0,0.875
n425,n1286,4,1.0,1.0,1.0
n4250,n16296,3,0.75,1.0,0.875
n4251,n5355,4,1.0,1.0,1.0
n4252,n16303,4,1.0,1.0,1.0
n4253,n7134,4,1.0,1.0,1.0
n4254,n1868,4,1.0,1.0,1.0
n4255,n16313,4,1.0,1.0,1.0
n4256,n16318,4,1.0,1.0,1.0
n4257,n8049,3,0.75,1.0,0.875
n4258,n2000,4,1.0,1.0,1.0
n4259,n9090,4,1.0,1.0,1.0
n426,n1288,4,1.0,1.0,1.0
n4260,n2064,4,1.0,1.0,1.0
n4261,n16350,4,1.0,1.0,1.0
n4262,n8590,2,0.5,1.0,0.75
n4263,n2125,1,0.25,1.0,0.625
n4264,n16359,4,1.0,1.0,1.0
n4265,n16987,4,1.0,1.0,1.0
n4266,n9094,3,0.75,1.0,0.875
n4267,n16376,4,1.0,1.0,1.0
n4268,n9774,4,1.0,1.0,1.0
n4269,n2349,3,0.75,1.0,0.875
n427,n11638,4,1.0,1.0,1.0
n4270,n20626,3,0.75,1.0,0.875
n4271,n20689,4,1.0,1.0,1.0
n4272,n21105,4,1.0,1.0,1.0
n4273,n10341,4,1.0,1.0,1.0
n4274,n21499,4,1.0,1.0,1.0
n4275,n10503,4,1.0,1.0,1.0
n4276,n85,4,1.0,1.0,1.0
n4277,n16427,4,1.0,1.0,1.0
n4278,n2578,4,1.0,1.0,1.0
n4278,n913,4,1.0,1.0,1.0
n4279,n10811,4,1.0,1.0,1.0
n428,n4741,4,1.0,1.0,1.0
n4280,n10871,3,0.75,1.0,0.875
n4281,n16441,4,1.0,1.0,1.0
n4282,n2074,3,0.75,1.0,0.875
n4283,n2277,3,0.75,1.0,0.875
n4284,n11086,4,1.0,1.0,1.0
n4285,n2687,4,1.0,1.0,1.0
n4286,n11179,4,1.0,1.0,1.0
n4287,n2731,4,1.0,1.0,1.0
n4288,n2760,4,1.0,1.0,1.0
n4289,n11423,4,1.0,1.0,1.0
n429,n18927,4,1.0,1.0,1.0
n4290,n4241,4,1.0,1.0,1.0
n4291,n2937,4,1.0,1.0,1.0
n4292,n11846,3,0.75,1.0,0.875
n4293,n2953,4,1.0,1.0,1.0
n4294,n16493,4,1.0,1.0,1.0
n4295,n12219,4,1.0,1.0,1.0
n4296,n16511,3,0.75,1.0,0.875
n4297,n9017,4,1.0,1.0,1.0
n4298,n3220,4,1.0,1.0,1.0
n4299,n12865,4,1.0,1.0,1.0
n43,n1276,3,0.75,1.0,0.875
n430,n1304,4,1.0,1.0,1.0
n4300,n11222,3,0.75,1.0,0.875
n4301,n11559,3,0.75,1.0,0.875
n4302,n16564,4,1.0,1.0,1.0
n4303,n16565,4,1.0,1.0,1.0
n4304,n13853,4,1.0,1.0,1.0
n4305,n16579,4,1.0,1.0,1.0
n4306,n14613,4,1.0,1.0,1.0
n4307,n3697,4,1.0,1.0,1.0
n4308,n3698,4,1.0,1.0,1.0
n4309,n14962,4,1.0,1.0,1.0
n431,n4854,4,1.0,1.0,1.0
n4310,n3773,4,1.0,1.0,1.0
n4311,n16616,4,1.0,1.0,1.0
n4312,n17565,4,1.0,1.0,1.0
n4313,n16624,4,1.0,1.0,1.0
n4314,n15213,4,1.0,1.0,1.0
n4315,n15227,4,1.0,1.0,1.0
n4316,n15316,4,1.0,1.0,1.0
n4317,n16642,4,1.0,1.0,1.0
n4318,n15614,4,1.0,1.0,1.0
n4319,n15654,4,1.0,1.0,1.0
n432,n19341,4,1.0,1.0,1.0
n4320,n15789,4,1.0,1.0,1.0
n4321,n16650,4,1.0,1.0,1.0
n4322,n4122,4,1.0,1.0,1.0
n4323,n4134,3,0.75,1.0,0.875
n4324,n16658,4,1.0,1.0,1.0
n4325,n15965,4,1.0,1.0,1.0
n4326,n16664,4,1.0,1.0,1.0
n4327,n16669,4,1.0,1.0,1.0
n4328,n16114,4,1.0,1.0,1.0
n4329,n16310,4,1.0,1.0,1.0
n433,n1324,3,0.75,1.0,0.875
n4330,n16679,4,1.0,1.0,1.0
n4331,n16517,4,1.0,1.0,1.0
n4332,n16538,4,1.0,1.0,1.0
n4333,n16694,4,1.0,1.0,1.0
n4334,n4350,4,1.0,1.0,1.0
n4335,n16697,4,1.0,1.0,1.0
n4336,n16698,4,1.0,1.0,1.0
n4337,n16699,4,1.0,1.0,1.0
n4338,n4357,4,1.0,1.0,1.0
n4339,n16710,4,1.0,1.0,1.0
n434,n19548,4,1.0,1.0,1.0
n4340,n16711,4,1.0,1.0,1.0
n4341,n16713,4,1.0,1.0,1.0
n4342,n16915,4,1.0,1.0,1.0
n4343,n5386,4,1.0,1.0,1.0
n4344,n16720,4,1.0,1.0,1.0
n4345,n16722,4,1.0,1.0,1.0
n4346,n17119,3,0.75,1.0,0.875
n4347,n4444,4,1.0,1.0,1.0
n4348,n17140,4,1.0,1.0,1.0
n4349,n17147,3,0.75,1.0,0.875
n435,n19787,3,0.75,1.0,0.875
n4350,n6957,4,1.0,1.0,1.0
n4351,n17770,4,1.0,1.0,1.0
n4352,n4574,4,1.0,1.0,1.0
n4353,n9735,3,0.75,1.0,0.875
n4354,n10067,4,1.0,1.0,1.0
n4355,n18196,4,1.0,1.0,1.0
n4356,n16763,4,1.0,1.0,1.0
n4357,n10232,4,1.0,1.0,1.0
n4358,n4658,4,1.0,1.0,1.0
n4359,n16767,4,1.0,1.0,1.0
n436,n15381,4,1.0,1.0,1.0
n4360,n10625,4,1.0,1.0,1.0
n4361,n4698,4,1.0,1.0,1.0
n4362,n16774,3,0.75,1.0,0.875
n4363,n18759,4,1.0,1.0,1.0
n4364,n18827,4,1.0,1.0,1.0
n4365,n12733,4,1.0,1.0,1.0
n4366,n16794,4,1.0,1.0,1.0
n4367,n4874,4,1.0,1.0,1.0
n4368,n13959,4,1.0,1.0,1.0
n4369,n19446,3,0.75,1.0,0.875
n437,n4982,4,1.0,1.0,1.0
n4370,n19529,4,1.0,1.0,1.0
n4371,n19820,4,1.0,1.0,1.0
n4372,n16813,4,1.0,1.0,1.0
n4373,n19886,4,1.0,1.0,1.0
n4374,n4988,4,1.0,1.0,1.0
n4375,n5008,4,1.0,1.0,1.0
n4376,n15853,4,1.0,1.0,1.0
n4377,n20124,4,1.0,1.0,1.0
n4378,n16830,4,1.0,1.0,1.0
n4379,n20332,4,1.0,1.0,1.0
n438,n19970,4,1.0,1.0,1.0
n4380,n16689,4,1.0,1.0,1.0
n4381,n5086,4,1.0,1.0,1.0
n4382,n20529,4,1.0,1.0,1.0
n4383,n16855,4,1.0,1.0,1.0
n4384,n17280,4,1.0,1.0,1.0
n4385,n20602,4,1.0,1.0,1.0
n4386,n16857,3,0.75,1.0,0.875
n4387,n18079,4,1.0,1.0,1.0
n4388,n20803,4,1.0,1.0,1.0
n4389,n21063,4,1.0,1.0,1.0
n439,n1351,4,1.0,1.0,1.0
n4390,n16871,4,1.0,1.0,1.0
n4391,n21273,4,1.0,1.0,1.0
n4392,n16877,3,0.75,1.0,0.875
n4393,n16881,4,1.0,1.0,1.0
n4394,n5279,4,1.0,1.0,1.0
n4395,n5288,3,0.75,1.0,0.875
n4396,n5297,4,1.0,1.0,1.0
n4397,n21553,4,1.0,1.0,1.0
n4398,n21677,4,1.0,1.0,1.0
n4399,n5384,4,1.0,1.0,1.0
n44,n4720,4,1.0,1.0,1.0
n440,n20041,4,1.0,1.0,1.0
n4400,n5409,4,1.0,1.0,1.0
n4401,n16926,4,1.0,1.0,1.0
n4402,n107,4,1.0,1.0,1.0
n4403,n5446,4,1.0,1.0,1.0
n4404,n215,4,1.0,1.0,1.0
n4405,n241,4,1.0,1.0,1.0
n4406,n1465,4,1.0,1.0,1.0
n4407,n5511,3,0.75,1.0,0.875
n4408,n3908,3,0.75,1.0,0.875
n4409,n16976,4,1.0,1.0,1.0
n441,n1353,3,0.75,0.75,0.75
n441,n20068,4,1.0,1.0,1.0
n4410,n16977,4,1.0,1.0,1.0
n4412,n5657,4,1.0,1.0,1.0
n4413,n5024,4,1.0,1.0,1.0
n4414,n1575,3,0.75,1.0,0.875
n4415,n6155,4,1.0,1.0,1.0
n4416,n17002,4,1.0,1.0,1.0
n4417,n6633,3,0.75,1.0,0.875
n4418,n1735,4,1.0,1.0,1.0
n4419,n2050,4,1.0,1.0,1.0
n442,n5017,4,1.0,1.0,1.0
n4420,n8523,4,1.0,1.0,1.0
n4421,n9352,3,0.75,1.0,0.875
n4422,n17049,4,1.0,1.0,1.0
n4423,n5997,3,0.75,1.0,0.875
n4424,n10239,4,1.0,1.0,1.0
n4424,n10240,4,1.0,1.0,1.0
n4425,n17070,4,1.0,1.0,1.0
n4426,n2466,4,1.0,1.0,1.0
n4427,n6037,4,1.0,1.0,1.0
n4428,n10633,4,1.0,1.0,1.0
n4429,n10844,4,1.0,1.0,1.0
n443,n15879,4,1.0,1.0,1.0
n4430,n6082,4,1.0,1.0,1.0
n4431,n2675,4,1.0,1.0,1.0
n4432,n17083,4,1.0,1.0,1.0
n4433,n17085,4,1.0,1.0,1.0
n4434,n6108,4,1.0,1.0,1.0
n4435,n17088,3,0.75,1.0,0.875
n4436,n11391,3,0.75,1.0,0.875
n4437,n17091,4,1.0,1.0,1.0
n4438,n11560,4,1.0,1.0,1.0
n4439,n11735,4,1.0,1.0,1.0
n444,n15957,3,0.75,1.0,0.875
n4440,n6162,3,0.75,1.0,0.875
n4441,n6226,3,0.75,1.0,0.875
n4442,n12423,3,0.75,1.0,0.875
n4443,n12479,4,1.0,1.0,1.0
n4444,n17123,4,1.0,1.0,1.0
n4445,n6267,3,0.75,1.0,0.875
n4446,n3215,4,1.0,1.0,1.0
n4447,n17133,3,0.75,1.0,0.875
n4448,n17134,4,1.0,1.0,1.0
n4449,n6365,4,1.0,1.0,1.0
n445,n1358,3,0.75,1.0,0.875
n4450,n6373,4,1.0,1.0,1.0
n4451,n3785,4,1.0,1.0,1.0
n4452,n3838,4,1.0,1.0,1.0
n4453,n15013,4,1.0,1.0,1.0
n4454,n3927,3,0.75,1.0,0.875
n4455,n17197,4,1.0,1.0,1.0
n4456,n16390,4,1.0,1.0,1.0
n4457,n4297,4,1.0,1.0,1.0
n4458,n6650,4,1.0,1.0,1.0
n4459,n17905,4,1.0,1.0,1.0
n446,n5025,4,1.0,1.0,1.0
n4460,n6721,4,1.0,1.0,1.0
n4461,n6741,4,1.0,1.0,1.0
n4462,n18650,3,0.75,1.0,0.875
n4462,n4736,3,0.75,1.0,0.875
n4463,n6776,4,1.0,1.0,1.0
n4464,n18862,4,1.0,1.0,1.0
n4465,n4786,4,1.0,1.0,1.0
n4466,n19080,3,0.75,1.0,0.875
n4467,n4842,4,1.0,1.0,1.0
n4468,n4882,4,1.0,1.0,1.0
n4469,n19417,3,0.75,1.0,0.875
n447,n20163,3,0.75,1.0,0.875
n4470,n4893,4,1.0,1.0,1.0
n4471,n19801,3,0.75,1.0,0.875
n4472,n17282,4,1.0,1.0,1.0
n4473,n20975,3,0.75,1.0,0.875
n4474,n5322,4,1.0,1.0,1.0
n4475,n17304,4,1.0,1.0,1.0
n4476,n17311,4,1.0,1.0,1.0
n4477,n17313,4,1.0,1.0,1.0
n4478,n6975,4,1.0,1.0,1.0
n4479,n17318,4,1.0,1.0,1.0
n448,n16226,4,1.0,1.0,1.0
n4480,n17333,4,1.0,1.0,1.0
n4481,n5687,4,1.0,1.0,1.0
n4482,n7032,4,1.0,1.0,1.0
n4483,n7073,4,1.0,1.0,1.0
n4484,n5837,4,1.0,1.0,1.0
n4485,n2012,4,1.0,1.0,1.0
n4486,n7102,4,1.0,1.0,1.0
n4487,n7167,4,1.0,1.0,1.0
n4488,n7187,4,1.0,1.0,1.0
n4489,n6192,4,1.0,1.0,1.0
n449,n20270,3,0.75,1.0,0.875
n4490,n17365,4,1.0,1.0,1.0
n4491,n6254,3,0.75,1.0,0.875
n4492,n17373,4,1.0,1.0,1.0
n4493,n3508,4,1.0,1.0,1.0
n4494,n3941,4,1.0,1.0,1.0
n4495,n17398,4,1.0,1.0,1.0
n4496,n4642,4,1.0,1.0,1.0
n4497,n4841,4,1.0,1.0,1.0
n4498,n4976,4,1.0,1.0,1.0
n4499,n7452,4,1.0,1.0,1.0
n45,n427,4,1.0,1.0,1.0
n450,n20286,4,1.0,1.0,1.0
n4500,n17460,3,0.75,1.0,0.875
n4501,n7188,4,1.0,1.0,1.0
n4502,n6272,4,1.0,1.0,1.0
n4503,n6275,4,1.0,1.0,1.0
n4504,n7504,4,1.0,1.0,1.0
n4505,n7509,4,1.0,1.0,1.0
n4506,n7542,4,1.0,1.0,1.0
n4507,n7544,4,1.0,1.0,1.0
n4508,n7352,3,0.75,1.0,0.875
n4509,n7577,3,0.75,1.0,0.875
n451,n16507,4,1.0,1.0,1.0
n451,n5068,4,1.0,1.0,1.0
n4510,n8455,4,1.0,1.0,1.0
n4511,n17519,3,0.75,1.0,0.875
n4512,n17522,4,1.0,1.0,1.0
n4513,n7715,4,1.0,1.0,1.0
n4514,n9206,4,1.0,1.0,1.0
n4515,n8041,3,0.75,1.0,0.875
n4516,n8118,4,1.0,1.0,1.0
n4517,n9542,4,1.0,1.0,1.0
n4518,n9974,3,0.75,1.0,0.875
n4519,n17563,3,0.75,1.0,0.875
n452,n16510,4,1.0,1.0,1.0
n4520,n10152,3,0.75,1.0,0.875
n4521,n10488,4,1.0,1.0,1.0
n4522,n14719,4,1.0,1.0,1.0
n4523,n17588,3,0.75,1.0,0.875
n4524,n16129,4,1.0,1.0,1.0
n4525,n8810,4,1.0,1.0,1.0
n4526,n7916,4,1.0,1.0,1.0
n4527,n7919,4,1.0,1.0,1.0
n4528,n17596,3,0.75,1.0,0.875
n4529,n7953,4,1.0,1.0,1.0
n453,n1366,4,1.0,1.0,1.0
n4530,n17404,4,1.0,1.0,1.0
n4531,n17627,4,1.0,1.0,1.0
n4532,n17630,4,1.0,1.0,1.0
n4533,n8109,4,1.0,1.0,1.0
n4534,n9448,4,1.0,1.0,1.0
n4535,n9702,3,0.75,1.0,0.875
n4536,n9706,4,1.0,1.0,1.0
n4537,n19072,4,1.0,1.0,1.0
n4538,n9724,3,0.75,1.0,0.875
n4539,n9760,4,1.0,1.0,1.0
n454,n20296,4,1.0,1.0,1.0
n4540,n9823,3,0.75,1.0,0.875
n4541,n19497,4,1.0,1.0,1.0
n4542,n19664,4,1.0,1.0,1.0
n4543,n17672,3,0.75,1.0,0.875
n4544,n17675,4,1.0,1.0,1.0
n4545,n10168,4,1.0,1.0,1.0
n4546,n17692,4,1.0,1.0,1.0
n4547,n20970,4,1.0,1.0,1.0
n4548,n21019,4,1.0,1.0,1.0
n4549,n21126,4,1.0,1.0,1.0
n455,n20337,3,0.75,1.0,0.875
n4550,n10397,4,1.0,1.0,1.0
n4551,n17720,4,1.0,1.0,1.0
n4552,n17723,4,1.0,1.0,1.0
n4553,n8444,4,1.0,1.0,1.0
n4554,n1460,4,1.0,1.0,1.0
n4555,n2043,4,1.0,1.0,1.0
n4556,n11029,4,1.0,1.0,1.0
n4557,n13645,3,0.75,1.0,0.875
n4558,n8633,4,1.0,1.0,1.0
n4559,n17758,4,1.0,1.0,1.0
n456,n5084,4,1.0,1.0,1.0
n4560,n8674,3,0.75,1.0,0.875
n4561,n14987,3,0.75,1.0,0.875
n4562,n8745,4,1.0,1.0,1.0
n4563,n17787,3,0.75,1.0,0.875
n4564,n15993,4,1.0,1.0,1.0
n4565,n17801,4,1.0,1.0,1.0
n4566,n17807,4,1.0,1.0,1.0
n4567,n16256,3,0.75,1.0,0.875
n4568,n8851,4,1.0,1.0,1.0
n4569,n3964,4,1.0,1.0,1.0
n457,n20388,3,0.75,1.0,0.875
n4570,n17848,4,1.0,1.0,1.0
n4571,n5771,3,0.75,1.0,0.875
n4572,n9025,4,1.0,1.0,1.0
n4573,n17879,3,0.75,1.0,0.875
n4574,n9029,4,1.0,1.0,1.0
n4575,n17127,4,1.0,1.0,1.0
n4576,n17894,4,1.0,1.0,1.0
n4577,n17278,4,1.0,1.0,1.0
n4578,n17898,4,1.0,1.0,1.0
n4579,n7153,4,1.0,1.0,1.0
n458,n20454,4,1.0,1.0,1.0
n4580,n17458,3,0.75,1.0,0.875
n4581,n17582,3,0.75,1.0,0.875
n4582,n17925,4,1.0,1.0,1.0
n4583,n7993,4,1.0,1.0,1.0
n4584,n17640,4,1.0,1.0,1.0
n4585,n9244,4,1.0,1.0,1.0
n4586,n9254,4,1.0,1.0,1.0
n4587,n17945,4,1.0,1.0,1.0
n4588,n17780,3,0.75,1.0,0.875
n4589,n17821,4,1.0,1.0,1.0
n459,n20621,4,1.0,1.0,1.0
n4590,n8901,4,1.0,1.0,1.0
n4591,n17956,4,1.0,1.0,1.0
n4592,n9622,4,1.0,1.0,1.0
n4593,n17975,4,1.0,1.0,1.0
n4594,n9360,4,1.0,1.0,1.0
n4595,n9982,3,0.75,1.0,0.875
n4596,n10117,4,1.0,1.0,1.0
n4597,n9392,4,1.0,1.0,1.0
n4598,n9399,4,1.0,1.0,1.0
n4599,n17996,4,1.0,1.0,1.0
n46,n1292,3,0.75,1.0,0.875
n460,n17529,3,0.75,1.0,0.875
n4600,n18326,4,1.0,1.0,1.0
n4601,n18007,4,1.0,1.0,1.0
n4602,n10967,4,1.0,1.0,1.0
n4603,n18017,4,1.0,1.0,1.0
n4604,n11220,4,1.0,1.0,1.0
n4605,n11467,4,1.0,1.0,1.0
n4606,n11649,4,1.0,1.0,1.0
n4607,n9602,4,1.0,1.0,1.0
n4608,n9611,3,0.75,1.0,0.875
n4609,n12195,4,1.0,1.0,1.0
n461,n18046,4,1.0,1.0,1.0
n4610,n19017,4,1.0,1.0,1.0
n4610,n19019,4,1.0,1.0,1.0
n4611,n19058,3,0.75,1.0,0.875
n4612,n12959,4,1.0,1.0,1.0
n4613,n9786,4,1.0,1.0,1.0
n4614,n19332,4,1.0,1.0,1.0
n4615,n19507,4,1.0,1.0,1.0
n4616,n19771,4,1.0,1.0,1.0
n4617,n9949,4,1.0,1.0,1.0
n4618,n18131,4,1.0,1.0,1.0
n4619,n19931,4,1.0,1.0,1.0
n462,n20787,4,1.0,1.0,1.0
n4620,n20002,4,1.0,1.0,1.0
n4621,n20006,3,0.75,1.0,0.875
n4622,n18144,4,1.0,1.0,1.0
n4623,n18151,4,1.0,1.0,1.0
n4624,n10051,4,1.0,1.0,1.0
n4625,n18154,4,1.0,1.0,1.0
n4626,n18156,3,0.75,1.0,0.875
n4627,n16536,3,0.75,1.0,0.875
n4628,n10094,3,0.75,1.0,0.875
n4629,n10174,4,1.0,1.0,1.0
n463,n5175,4,1.0,1.0,1.0
n4630,n18186,4,1.0,1.0,1.0
n4631,n17670,4,1.0,1.0,1.0
n4632,n17743,4,1.0,1.0,1.0
n4633,n10209,4,1.0,1.0,1.0
n4634,n18202,3,0.75,1.0,0.875
n4635,n18241,3,0.75,1.0,0.875
n4636,n10246,4,1.0,1.0,1.0
n4637,n18443,4,1.0,1.0,1.0
n4638,n18217,4,1.0,1.0,1.0
n4639,n20920,4,1.0,1.0,1.0
n464,n1404,4,1.0,1.0,1.0
n4640,n18225,4,1.0,1.0,1.0
n4641,n10282,4,1.0,1.0,1.0
n4642,n19013,4,1.0,1.0,1.0
n4643,n18229,4,1.0,1.0,1.0
n4644,n18231,4,1.0,1.0,1.0
n4645,n18233,4,1.0,1.0,1.0
n4646,n19398,4,1.0,1.0,1.0
n4647,n18235,4,1.0,1.0,1.0
n4648,n19453,3,0.75,1.0,0.875
n4649,n18244,4,1.0,1.0,1.0
n465,n18699,4,1.0,1.0,1.0
n4650,n18246,4,1.0,1.0,1.0
n4651,n19752,4,1.0,1.0,1.0
n4652,n10348,4,1.0,1.0,1.0
n4653,n18250,3,0.75,1.0,0.875
n4654,n10373,4,1.0,1.0,1.0
n4655,n10422,4,1.0,1.0,1.0
n4656,n20700,4,1.0,1.0,1.0
n4657,n18278,4,1.0,1.0,1.0
n4658,n21515,4,1.0,1.0,1.0
n4659,n20897,4,1.0,1.0,1.0
n466,n5222,4,1.0,1.0,1.0
n4660,n21123,4,1.0,1.0,1.0
n4661,n21664,4,1.0,1.0,1.0
n4662,n21343,4,1.0,1.0,1.0
n4663,n21391,4,1.0,1.0,1.0
n4663,n21741,4,1.0,1.0,1.0
n4664,n18303,4,1.0,1.0,1.0
n4665,n41,4,1.0,1.0,1.0
n4666,n10529,4,1.0,1.0,1.0
n4667,n188,3,0.75,1.0,0.875
n4668,n193,4,1.0,1.0,1.0
n4669,n18318,4,1.0,1.0,1.0
n467,n21114,4,1.0,1.0,1.0
n4670,n220,4,1.0,1.0,1.0
n4671,n10591,4,1.0,1.0,1.0
n4672,n398,4,1.0,1.0,1.0
n4673,n18347,4,1.0,1.0,1.0
n4674,n597,4,1.0,1.0,1.0
n4675,n643,4,1.0,1.0,1.0
n4676,n2456,4,1.0,1.0,1.0
n4677,n10687,4,1.0,1.0,1.0
n4678,n18364,3,0.75,1.0,0.875
n4679,n18365,4,1.0,1.0,1.0
n468,n5228,3,0.75,1.0,0.875
n4680,n799,4,1.0,1.0,1.0
n4681,n10746,4,1.0,1.0,1.0
n4682,n3468,4,1.0,1.0,1.0
n4683,n3706,4,1.0,1.0,1.0
n4684,n1051,4,1.0,1.0,1.0
n4685,n1065,4,1.0,1.0,1.0
n4686,n4679,4,1.0,1.0,1.0
n4687,n10829,4,1.0,1.0,1.0
n4688,n1281,4,1.0,1.0,1.0
n4689,n18417,4,1.0,1.0,1.0
n469,n21143,3,0.75,1.0,0.875
n4690,n5564,4,1.0,1.0,1.0
n4691,n10886,4,1.0,1.0,1.0
n4692,n10898,4,1.0,1.0,1.0
n4693,n1625,4,1.0,1.0,1.0
n4694,n1637,4,1.0,1.0,1.0
n4695,n10928,4,1.0,1.0,1.0
n4696,n1682,4,1.0,1.0,1.0
n4697,n6668,3,0.75,1.0,0.875
n4698,n6869,4,1.0,1.0,1.0
n4699,n1800,4,1.0,1.0,1.0
n47,n4905,4,1.0,1.0,1.0
n470,n21163,4,1.0,1.0,1.0
n4700,n10965,4,1.0,1.0,1.0
n4701,n1881,4,1.0,1.0,1.0
n4702,n10985,3,0.75,1.0,0.875
n4703,n11012,4,1.0,1.0,1.0
n4704,n18456,4,1.0,1.0,1.0
n4705,n8377,3,0.75,1.0,0.875
n4706,n11034,4,1.0,1.0,1.0
n4707,n18464,4,1.0,1.0,1.0
n4708,n18465,3,0.75,1.0,0.875
n4708,n9001,3,0.75,1.0,0.875
n4709,n11062,3,0.75,1.0,0.875
n471,n1426,4,1.0,1.0,1.0
n4710,n18467,4,1.0,1.0,1.0
n4711,n11096,4,1.0,1.0,1.0
n4712,n2386,4,1.0,1.0,1.0
n4713,n2533,4,1.0,1.0,1.0
n4714,n2548,3,0.75,1.0,0.875
n4715,n2570,4,1.0,1.0,1.0
n4716,n2603,4,1.0,1.0,1.0
n4717,n2607,4,1.0,1.0,1.0
n4718,n2624,3,0.75,1.0,0.875
n4719,n18508,4,1.0,1.0,1.0
n472,n20217,3,0.75,1.0,0.875
n4720,n11161,4,1.0,1.0,1.0
n4721,n18518,4,1.0,1.0,1.0
n4722,n12001,3,0.75,1.0,0.875
n4723,n12874,3,0.75,1.0,0.875
n4724,n3275,4,1.0,1.0,1.0
n4725,n3283,4,1.0,1.0,1.0
n4726,n13312,4,1.0,1.0,1.0
n4727,n18599,4,1.0,1.0,1.0
n4728,n14140,4,1.0,1.0,1.0
n4729,n3837,3,0.75,1.0,0.875
n473,n20222,4,1.0,1.0,1.0
n4730,n3915,4,1.0,1.0,1.0
n4731,n3989,4,1.0,1.0,1.0
n4732,n11558,3,0.75,1.0,0.875
n4733,n11565,4,1.0,1.0,1.0
n4734,n15806,4,1.0,1.0,1.0
n4735,n11633,4,1.0,1.0,1.0
n4736,n17179,3,0.75,1.0,0.875
n4737,n18655,4,1.0,1.0,1.0
n4738,n4548,4,1.0,1.0,1.0
n4739,n17782,3,0.75,1.0,0.875
n474,n20313,3,0.75,1.0,0.875
n4740,n4586,4,1.0,1.0,1.0
n4741,n18669,4,1.0,1.0,1.0
n4742,n18674,4,1.0,1.0,1.0
n4743,n18368,4,1.0,1.0,1.0
n4744,n18678,4,1.0,1.0,1.0
n4745,n19158,3,0.75,1.0,0.875
n4746,n19366,4,1.0,1.0,1.0
n4747,n19641,4,1.0,1.0,1.0
n4748,n11737,4,1.0,1.0,1.0
n4749,n5033,3,0.75,1.0,0.875
n475,n5294,4,1.0,1.0,1.0
n4750,n11765,3,0.75,1.0,0.875
n4751,n11770,4,1.0,1.0,1.0
n4752,n20949,4,1.0,1.0,1.0
n4753,n21185,4,1.0,1.0,1.0
n4754,n18726,4,1.0,1.0,1.0
n4755,n21874,4,1.0,1.0,1.0
n4756,n11823,4,1.0,1.0,1.0
n4757,n18735,4,1.0,1.0,1.0
n4758,n378,4,1.0,1.0,1.0
n4759,n5542,3,0.75,1.0,0.875
n476,n5299,4,1.0,1.0,1.0
n4760,n5563,3,0.75,1.0,0.875
n4761,n11887,4,1.0,1.0,1.0
n4762,n18765,3,0.75,1.0,0.875
n4763,n5803,4,1.0,1.0,1.0
n4764,n11916,4,1.0,1.0,1.0
n4765,n18776,4,1.0,1.0,1.0
n4766,n11975,4,1.0,1.0,1.0
n4766,n2617,4,1.0,1.0,1.0
n4767,n2787,3,0.75,1.0,0.875
n4768,n6307,4,1.0,1.0,1.0
n4769,n3470,4,1.0,1.0,1.0
n477,n21548,3,0.75,1.0,0.875
n4770,n3817,4,1.0,1.0,1.0
n4771,n4117,4,1.0,1.0,1.0
n4772,n4230,4,1.0,1.0,1.0
n4773,n6644,3,0.75,1.0,0.875
n4774,n12140,4,1.0,1.0,1.0
n4775,n6738,4,1.0,1.0,1.0
n4776,n12204,4,1.0,1.0,1.0
n4777,n18855,4,1.0,1.0,1.0
n4778,n12241,3,0.75,1.0,0.875
n4779,n12255,3,0.75,1.0,0.875
n478,n5329,4,1.0,1.0,1.0
n4780,n12270,3,0.75,1.0,0.875
n4781,n7396,4,1.0,1.0,1.0
n4782,n18884,4,1.0,1.0,1.0
n4783,n7034,4,1.0,1.0,1.0
n4784,n18894,3,0.75,1.0,0.875
n4785,n7896,3,0.75,1.0,0.875
n4786,n7753,4,1.0,1.0,1.0
n4787,n12425,4,1.0,1.0,1.0
n4788,n18920,4,1.0,1.0,1.0
n4789,n7848,4,1.0,1.0,1.0
n479,n20955,4,1.0,1.0,1.0
n4790,n18922,3,0.75,1.0,0.875
n4791,n18925,4,1.0,1.0,1.0
n4792,n12476,4,1.0,1.0,1.0
n4793,n9131,4,1.0,1.0,1.0
n4794,n8108,4,1.0,1.0,1.0
n4795,n18946,4,1.0,1.0,1.0
n4796,n12534,4,1.0,1.0,1.0
n4797,n9799,4,1.0,1.0,1.0
n4798,n9850,3,0.75,1.0,0.875
n4799,n8297,4,1.0,1.0,1.0
n48,n135,4,1.0,1.0,1.0
n480,n1451,4,1.0,1.0,1.0
n4800,n18969,4,1.0,1.0,1.0
n4801,n12586,4,1.0,1.0,1.0
n4802,n8450,3,0.75,1.0,0.875
n4803,n8618,3,0.75,1.0,0.875
n4804,n18990,3,0.75,1.0,0.875
n4805,n8679,4,1.0,1.0,1.0
n4806,n8812,4,1.0,1.0,1.0
n4807,n12710,4,1.0,1.0,1.0
n4808,n17012,3,0.75,1.0,0.875
n4809,n17269,4,1.0,1.0,1.0
n481,n21731,4,1.0,1.0,1.0
n4810,n19033,4,1.0,1.0,1.0
n4811,n12840,4,1.0,1.0,1.0
n4812,n18694,3,0.75,1.0,0.875
n4813,n18718,3,0.75,1.0,0.875
n4814,n9681,3,0.75,1.0,0.875
n4815,n12941,4,1.0,1.0,1.0
n4816,n12942,4,1.0,1.0,1.0
n4817,n19075,4,1.0,1.0,1.0
n4818,n19077,4,1.0,1.0,1.0
n4819,n19078,4,1.0,1.0,1.0
n482,n21875,3,0.75,0.75,0.75
n482,n21877,4,1.0,1.0,1.0
n482,n21897,4,1.0,1.0,1.0
n4820,n19085,4,1.0,1.0,1.0
n4821,n19100,4,1.0,1.0,1.0
n4822,n19104,3,0.75,1.0,0.875
n4823,n10416,4,1.0,1.0,1.0
n4824,n13067,4,1.0,1.0,1.0
n4825,n21687,3,0.75,1.0,0.875
n4826,n10537,4,1.0,1.0,1.0
n4827,n19115,4,1.0,1.0,1.0
n4828,n319,3,0.75,1.0,0.875
n4829,n13110,4,1.0,1.0,1.0
n483,n21907,4,1.0,1.0,1.0
n483,n21908,3,0.75,0.75,0.75
n4830,n10611,4,1.0,1.0,1.0
n4831,n13116,4,1.0,1.0,1.0
n4832,n19130,4,1.0,1.0,1.0
n4833,n1642,4,1.0,1.0,1.0
n4834,n19152,3,0.75,1.0,0.875
n4835,n19154,4,1.0,1.0,1.0
n4836,n2497,4,1.0,1.0,1.0
n4837,n2511,4,1.0,1.0,1.0
n4838,n13265,3,0.75,1.0,0.875
n4839,n2705,3,0.75,1.0,0.875
n484,n1461,4,1.0,1.0,1.0
n4840,n13280,3,0.75,1.0,0.875
n4841,n13283,4,1.0,1.0,1.0
n4842,n13290,4,1.0,1.0,1.0
n4843,n11271,3,0.75,1.0,0.875
n4844,n11282,4,1.0,1.0,1.0
n4845,n3170,4,1.0,1.0,1.0
n4846,n3257,4,1.0,1.0,1.0
n4847,n19189,4,1.0,1.0,1.0
n4848,n13383,3,0.75,1.0,0.875
n4849,n11508,4,1.0,1.0,1.0
n485,n1462,4,1.0,1.0,1.0
n4850,n13403,4,1.0,1.0,1.0
n4851,n19210,4,1.0,1.0,1.0
n4852,n19214,4,1.0,1.0,1.0
n4853,n19216,4,1.0,1.0,1.0
n4854,n11581,4,1.0,1.0,1.0
n4855,n4414,3,0.75,1.0,0.875
n4856,n4912,4,1.0,1.0,1.0
n4857,n19241,4,1.0,1.0,1.0
n4858,n13495,4,1.0,1.0,1.0
n4859,n6136,4,1.0,1.0,1.0
n486,n262,4,1.0,1.0,1.0
n4860,n6524,4,1.0,1.0,1.0
n4861,n12259,3,0.75,1.0,0.875
n4862,n7227,3,0.75,1.0,0.875
n4863,n19290,4,1.0,1.0,1.0
n4864,n13628,4,1.0,1.0,1.0
n4865,n13631,4,1.0,1.0,1.0
n4866,n8075,3,0.75,1.0,0.875
n4867,n12547,3,0.75,1.0,0.875
n4868,n13698,4,1.0,1.0,1.0
n4869,n12590,4,1.0,1.0,1.0
n487,n321,4,1.0,1.0,1.0
n4870,n13706,3,0.75,1.0,0.875
n4871,n8459,4,1.0,1.0,1.0
n4872,n19312,3,0.75,1.0,0.875
n4873,n19316,4,1.0,1.0,1.0
n4874,n12692,4,1.0,1.0,1.0
n4875,n12739,4,1.0,1.0,1.0
n4876,n12974,4,1.0,1.0,1.0
n4877,n10691,4,1.0,1.0,1.0
n4878,n13886,4,1.0,1.0,1.0
n4879,n13896,4,1.0,1.0,1.0
n488,n160,4,1.0,1.0,1.0
n4880,n13229,4,1.0,1.0,1.0
n4881,n13382,3,0.75,1.0,0.875
n4882,n13981,4,1.0,1.0,1.0
n4883,n19400,3,0.75,1.0,0.875
n4884,n14021,3,0.75,1.0,0.875
n4885,n19420,3,0.75,1.0,0.875
n4886,n12709,4,1.0,1.0,1.0
n4887,n19441,4,1.0,1.0,1.0
n4888,n19444,4,1.0,1.0,1.0
n4889,n13143,4,1.0,1.0,1.0
n489,n544,4,1.0,1.0,1.0
n4890,n13277,3,0.75,1.0,0.875
n4891,n14155,4,1.0,1.0,1.0
n4892,n13348,4,1.0,1.0,1.0
n4893,n14201,4,1.0,1.0,1.0
n4894,n14185,4,1.0,1.0,1.0
n4895,n14535,4,1.0,1.0,1.0
n4896,n19482,3,0.75,1.0,0.875
n4897,n14254,4,1.0,1.0,1.0
n4898,n14666,4,1.0,1.0,1.0
n4898,n19486,4,1.0,1.0,1.0
n4899,n14302,4,1.0,1.0,1.0
n49,n136,4,1.0,1.0,1.0
n490,n1466,3,0.75,1.0,0.875
n4900,n15257,3,0.75,1.0,0.875
n4901,n14587,4,1.0,1.0,1.0
n4902,n14331,4,1.0,1.0,1.0
n4903,n19523,4,1.0,1.0,1.0
n4904,n19525,4,1.0,1.0,1.0
n4905,n14350,4,1.0,1.0,1.0
n4906,n19530,3,0.75,1.0,0.875
n4907,n14714,4,1.0,1.0,1.0
n4908,n14377,4,1.0,1.0,1.0
n4909,n16491,3,0.75,1.0,0.875
n491,n232,4,1.0,1.0,1.0
n4910,n16598,3,0.75,1.0,0.875
n4911,n14394,4,1.0,1.0,1.0
n4912,n14414,4,1.0,1.0,1.0
n4913,n14453,4,1.0,1.0,1.0
n4914,n15074,3,0.75,1.0,0.875
n4915,n15215,4,1.0,1.0,1.0
n4916,n18879,4,1.0,1.0,1.0
n4917,n15328,3,0.75,1.0,0.875
n4918,n14525,4,1.0,1.0,1.0
n4919,n19089,3,0.75,1.0,0.875
n492,n1468,4,1.0,1.0,1.0
n492,n259,4,1.0,1.0,1.0
n4920,n15376,4,1.0,1.0,1.0
n4921,n15394,3,0.75,1.0,0.875
n4922,n15420,4,1.0,1.0,1.0
n4923,n19266,4,1.0,1.0,1.0
n4924,n15498,3,0.75,1.0,0.875
n4925,n14585,4,1.0,1.0,1.0
n4926,n19889,3,0.75,1.0,0.875
n4927,n15659,4,1.0,1.0,1.0
n4928,n19610,4,1.0,1.0,1.0
n4929,n14665,4,1.0,1.0,1.0
n493,n5471,4,1.0,1.0,1.0
n4930,n14670,4,1.0,1.0,1.0
n4931,n21534,4,1.0,1.0,1.0
n4932,n19629,4,1.0,1.0,1.0
n4933,n15981,4,1.0,1.0,1.0
n4934,n19639,4,1.0,1.0,1.0
n4935,n610,4,1.0,1.0,1.0
n4936,n16197,4,1.0,1.0,1.0
n4937,n19659,4,1.0,1.0,1.0
n4938,n16454,4,1.0,1.0,1.0
n4939,n14809,4,1.0,1.0,1.0
n494,n329,4,1.0,1.0,1.0
n4940,n19693,4,1.0,1.0,1.0
n4941,n14846,4,1.0,1.0,1.0
n4942,n16725,4,1.0,1.0,1.0
n4943,n4656,4,1.0,1.0,1.0
n4944,n19699,4,1.0,1.0,1.0
n4945,n4687,4,1.0,1.0,1.0
n4946,n19702,3,0.75,1.0,0.875
n4947,n14874,4,1.0,1.0,1.0
n4948,n14875,4,1.0,1.0,1.0
n4949,n5191,3,0.75,1.0,0.875
n495,n1122,4,1.0,1.0,1.0
n495,n5484,4,1.0,1.0,1.0
n4950,n14889,4,1.0,1.0,1.0
n4951,n14901,4,1.0,1.0,1.0
n4952,n5845,4,1.0,1.0,1.0
n4953,n19724,3,0.75,1.0,0.875
n4954,n17074,4,1.0,1.0,1.0
n4955,n19727,4,1.0,1.0,1.0
n4956,n15021,4,1.0,1.0,1.0
n4957,n8093,4,1.0,1.0,1.0
n4958,n8839,4,1.0,1.0,1.0
n4959,n9369,4,1.0,1.0,1.0
n496,n372,4,1.0,1.0,1.0
n4960,n19794,4,1.0,1.0,1.0
n4961,n19795,4,1.0,1.0,1.0
n4962,n15131,4,1.0,1.0,1.0
n4963,n15133,3,0.75,1.0,0.875
n4964,n15181,3,0.75,1.0,0.875
n4965,n10707,3,0.75,1.0,0.875
n4966,n18375,4,1.0,1.0,1.0
n4967,n19827,3,0.75,1.0,0.875
n4968,n19830,4,1.0,1.0,1.0
n4969,n18529,4,1.0,1.0,1.0
n497,n5495,4,1.0,1.0,1.0
n4970,n19834,4,1.0,1.0,1.0
n4971,n18593,4,1.0,1.0,1.0
n4972,n15261,4,1.0,1.0,1.0
n4973,n19852,4,1.0,1.0,1.0
n4974,n19854,4,1.0,1.0,1.0
n4975,n19855,3,0.75,1.0,0.875
n4976,n19856,4,1.0,1.0,1.0
n4977,n15308,4,1.0,1.0,1.0
n4978,n12136,4,1.0,1.0,1.0
n4979,n15342,4,1.0,1.0,1.0
n498,n1313,4,1.0,1.0,1.0
n4980,n15363,4,1.0,1.0,1.0
n4981,n13139,4,1.0,1.0,1.0
n4982,n19131,4,1.0,1.0,1.0
n4983,n15392,4,1.0,1.0,1.0
n4984,n19888,4,1.0,1.0,1.0
n4985,n13297,4,1.0,1.0,1.0
n4986,n15410,4,1.0,1.0,1.0
n4987,n19245,4,1.0,1.0,1.0
n4988,n19250,4,1.0,1.0,1.0
n4989,n19351,4,1.0,1.0,1.0
n499,n5510,4,1.0,1.0,1.0
n4990,n15468,4,1.0,1.0,1.0
n4991,n14020,3,0.75,1.0,0.875
n4992,n19914,4,1.0,1.0,1.0
n4993,n19627,4,1.0,1.0,1.0
n4994,n15532,3,0.75,1.0,0.875
n4995,n15568,4,1.0,1.0,1.0
n4996,n19944,4,1.0,1.0,1.0
n4997,n19949,4,1.0,1.0,1.0
n4998,n20091,4,1.0,1.0,1.0
n4999,n20117,4,1.0,1.0,1.0
n5,n48,4,1.0,1.0,1.0
n50,n435,3,0.75,1.0,0.875
n500,n5531,4,1.0,1.0,1.0
n5000,n19972,4,1.0,1.0,1.0
n5001,n20189,4,1.0,1.0,1.0
n5002,n16319,4,1.0,1.0,1.0
n5003,n19984,3,0.75,1.0,0.875
n5004,n15656,4,1.0,1.0,1.0
n5005,n16606,3,0.75,1.0,0.875
n5006,n19997,3,0.75,1.0,0.875
n5007,n15689,4,1.0,1.0,1.0
n5008,n17274,4,1.0,1.0,1.0
n5009,n18124,4,1.0,1.0,1.0
n501,n2005,4,1.0,1.0,1.0
n5010,n15750,4,1.0,1.0,1.0
n5011,n20883,4,1.0,1.0,1.0
n5012,n21072,4,1.0,1.0,1.0
n5013,n15798,4,1.0,1.0,1.0
n5014,n20232,4,1.0,1.0,1.0
n5015,n15852,4,1.0,1.0,1.0
n5016,n21360,4,1.0,1.0,1.0
n5017,n21416,4,1.0,1.0,1.0
n5018,n20074,3,0.75,1.0,0.875
n5019,n21619,4,1.0,1.0,1.0
n502,n788,4,1.0,1.0,1.0
n5020,n15899,3,0.75,1.0,0.875
n5021,n15954,4,1.0,1.0,1.0
n5022,n50,3,0.75,1.0,0.875
n5023,n228,4,1.0,1.0,1.0
n5024,n16002,4,1.0,1.0,1.0
n5025,n20136,4,1.0,1.0,1.0
n5026,n1799,4,1.0,1.0,1.0
n5027,n1882,4,1.0,1.0,1.0
n5028,n16070,3,0.75,1.0,0.875
n5029,n16088,4,1.0,1.0,1.0
n503,n5587,3,0.75,1.0,0.875
n5030,n20147,4,1.0,1.0,1.0
n5031,n20168,4,1.0,1.0,1.0
n5032,n20170,4,1.0,1.0,1.0
n5033,n1030,3,0.75,1.0,0.875
n5034,n16145,3,0.75,1.0,0.875
n5035,n1166,4,1.0,1.0,1.0
n5036,n1270,4,1.0,1.0,1.0
n5037,n20194,4,1.0,1.0,1.0
n5038,n1425,4,1.0,1.0,1.0
n5039,n1449,4,1.0,1.0,1.0
n504,n3899,4,1.0,1.0,1.0
n5040,n20197,4,1.0,1.0,1.0
n5041,n20199,4,1.0,1.0,1.0
n5042,n16240,4,1.0,1.0,1.0
n5043,n6297,4,1.0,1.0,1.0
n5044,n1671,4,1.0,1.0,1.0
n5045,n6402,4,1.0,1.0,1.0
n5046,n6457,4,1.0,1.0,1.0
n5047,n16281,4,1.0,1.0,1.0
n5048,n16286,4,1.0,1.0,1.0
n5049,n20220,4,1.0,1.0,1.0
n505,n1114,4,1.0,1.0,1.0
n5050,n7696,4,1.0,1.0,1.0
n5051,n20228,4,1.0,1.0,1.0
n5052,n2025,3,0.75,1.0,0.875
n5053,n16335,3,0.75,1.0,0.875
n5054,n20234,3,0.75,1.0,0.875
n5055,n16339,4,1.0,1.0,1.0
n5056,n20238,4,1.0,1.0,1.0
n5057,n2108,4,1.0,1.0,1.0
n5058,n10479,4,1.0,1.0,1.0
n5059,n20258,4,1.0,1.0,1.0
n506,n4385,4,1.0,1.0,1.0
n5060,n16413,4,1.0,1.0,1.0
n5061,n10570,4,1.0,1.0,1.0
n5062,n16426,4,1.0,1.0,1.0
n5063,n16443,4,1.0,1.0,1.0
n5064,n16447,4,1.0,1.0,1.0
n5065,n16456,4,1.0,1.0,1.0
n5066,n16472,4,1.0,1.0,1.0
n5067,n20280,3,0.75,1.0,0.875
n5068,n16506,4,1.0,1.0,1.0
n5069,n20297,3,0.75,1.0,0.875
n507,n1519,4,1.0,1.0,1.0
n5070,n13228,4,1.0,1.0,1.0
n5071,n20308,4,1.0,1.0,1.0
n5072,n13780,4,1.0,1.0,1.0
n5073,n20324,4,1.0,1.0,1.0
n5074,n16621,4,1.0,1.0,1.0
n5075,n16638,4,1.0,1.0,1.0
n5076,n4032,4,1.0,1.0,1.0
n5077,n20343,4,1.0,1.0,1.0
n5078,n20350,4,1.0,1.0,1.0
n5079,n16681,3,0.75,1.0,0.875
n508,n5660,4,1.0,1.0,1.0
n5080,n16590,3,0.75,1.0,0.875
n5081,n16706,4,1.0,1.0,1.0
n5082,n4368,4,1.0,1.0,1.0
n5083,n20362,4,1.0,1.0,1.0
n5084,n20363,4,1.0,1.0,1.0
n5085,n20366,4,1.0,1.0,1.0
n5086,n17143,4,1.0,1.0,1.0
n5087,n4473,3,0.75,1.0,0.875
n5088,n16756,4,1.0,1.0,1.0
n5089,n20390,4,1.0,1.0,1.0
n509,n5296,4,1.0,1.0,1.0
n5090,n4644,4,1.0,1.0,1.0
n5091,n20391,4,1.0,1.0,1.0
n5092,n4663,4,1.0,1.0,1.0
n5093,n4690,4,1.0,1.0,1.0
n5094,n20396,4,1.0,1.0,1.0
n5095,n4936,4,1.0,1.0,1.0
n5096,n19936,4,1.0,1.0,1.0
n5097,n20130,4,1.0,1.0,1.0
n5098,n20425,4,1.0,1.0,1.0
n5099,n20427,4,1.0,1.0,1.0
n51,n441,3,0.75,1.0,0.875
n510,n5497,4,1.0,1.0,1.0
n5100,n20428,4,1.0,1.0,1.0
n5101,n20445,4,1.0,1.0,1.0
n5102,n1975,3,0.75,1.0,0.875
n5103,n20487,4,1.0,1.0,1.0
n5104,n20492,4,1.0,1.0,1.0
n5105,n2689,3,0.75,1.0,0.875
n5106,n2800,4,1.0,1.0,1.0
n5107,n17092,4,1.0,1.0,1.0
n5108,n6163,4,1.0,1.0,1.0
n5109,n17103,3,0.75,1.0,0.875
n511,n5570,4,1.0,1.0,1.0
n5110,n17111,4,1.0,1.0,1.0
n5111,n17116,3,0.75,1.0,0.875
n5112,n3148,4,1.0,1.0,1.0
n5113,n6259,3,0.75,1.0,0.875
n5114,n6270,4,1.0,1.0,1.0
n5115,n6335,4,1.0,1.0,1.0
n5116,n20514,3,0.75,1.0,0.875
n5117,n6472,4,1.0,1.0,1.0
n5118,n6491,4,1.0,1.0,1.0
n5119,n6502,4,1.0,1.0,1.0
n512,n5706,4,1.0,1.0,1.0
n5120,n20519,4,1.0,1.0,1.0
n5121,n4521,4,1.0,1.0,1.0
n5122,n6928,4,1.0,1.0,1.0
n5123,n6944,4,1.0,1.0,1.0
n5124,n17331,4,1.0,1.0,1.0
n5125,n20573,4,1.0,1.0,1.0
n5126,n7247,4,1.0,1.0,1.0
n5127,n6629,4,1.0,1.0,1.0
n5128,n17399,4,1.0,1.0,1.0
n5129,n20607,4,1.0,1.0,1.0
n513,n1531,4,1.0,1.0,1.0
n5130,n7502,4,1.0,1.0,1.0
n5131,n20613,3,0.75,1.0,0.875
n5132,n7537,3,0.75,1.0,0.875
n5133,n7401,4,1.0,1.0,1.0
n5134,n7599,4,1.0,1.0,1.0
n5135,n7605,4,1.0,1.0,1.0
n5136,n20624,4,1.0,1.0,1.0
n5137,n17551,3,0.75,1.0,0.875
n5138,n8293,4,1.0,1.0,1.0
n5139,n17568,4,1.0,1.0,1.0
n514,n1533,4,1.0,1.0,1.0
n5140,n8395,3,0.75,1.0,0.875
n5141,n8779,4,1.0,1.0,1.0
n5142,n9391,4,1.0,1.0,1.0
n5143,n17647,4,1.0,1.0,1.0
n5144,n9952,3,0.75,1.0,0.875
n5145,n20670,4,1.0,1.0,1.0
n5146,n20676,4,1.0,1.0,1.0
n5147,n10359,4,1.0,1.0,1.0
n5148,n10486,4,1.0,1.0,1.0
n5149,n8447,4,1.0,1.0,1.0
n515,n1538,4,1.0,1.0,1.0
n5150,n8476,3,0.75,1.0,0.875
n5151,n8684,4,1.0,1.0,1.0
n5152,n16217,4,1.0,1.0,1.0
n5152,n20707,4,1.0,1.0,1.0
n5153,n8840,4,1.0,1.0,1.0
n5154,n17823,4,1.0,1.0,1.0
n5155,n17824,4,1.0,1.0,1.0
n5156,n17826,4,1.0,1.0,1.0
n5157,n17829,4,1.0,1.0,1.0
n5158,n20712,4,1.0,1.0,1.0
n5159,n20717,4,1.0,1.0,1.0
n516,n6320,4,1.0,1.0,1.0
n5160,n20721,4,1.0,1.0,1.0
n5161,n17890,4,1.0,1.0,1.0
n5162,n20726,4,1.0,1.0,1.0
n5163,n17266,4,1.0,1.0,1.0
n5164,n9577,3,0.75,1.0,0.875
n5165,n9942,4,1.0,1.0,1.0
n5166,n19858,3,0.75,1.0,0.875
n5167,n18143,4,1.0,1.0,1.0
n5168,n10075,4,1.0,1.0,1.0
n5169,n20328,4,1.0,1.0,1.0
n517,n6638,4,1.0,1.0,1.0
n5170,n20820,4,1.0,1.0,1.0
n5171,n18205,4,1.0,1.0,1.0
n5172,n21412,4,1.0,1.0,1.0
n5173,n18274,4,1.0,1.0,1.0
n5174,n10482,4,1.0,1.0,1.0
n5175,n20840,4,1.0,1.0,1.0
n5176,n466,4,1.0,1.0,1.0
n5177,n18343,4,1.0,1.0,1.0
n5178,n10644,4,1.0,1.0,1.0
n5179,n20863,4,1.0,1.0,1.0
n518,n5794,4,1.0,1.0,1.0
n5180,n10822,4,1.0,1.0,1.0
n5181,n20870,4,1.0,1.0,1.0
n5182,n20871,4,1.0,1.0,1.0
n5183,n20880,4,1.0,1.0,1.0
n5184,n11065,4,1.0,1.0,1.0
n5185,n11107,4,1.0,1.0,1.0
n5186,n18489,3,0.75,1.0,0.875
n5187,n11319,4,1.0,1.0,1.0
n5188,n20909,4,1.0,1.0,1.0
n5189,n11426,4,1.0,1.0,1.0
n519,n1869,4,1.0,1.0,1.0
n5190,n11487,4,1.0,1.0,1.0
n5191,n11494,3,0.75,1.0,0.875
n5192,n11518,3,0.75,1.0,0.875
n5193,n18695,4,1.0,1.0,1.0
n5194,n11856,4,1.0,1.0,1.0
n5195,n11874,4,1.0,1.0,1.0
n5196,n5945,4,1.0,1.0,1.0
n5197,n20960,3,0.75,1.0,0.875
n5198,n20962,3,0.75,1.0,0.875
n5199,n18829,3,0.75,1.0,0.875
n52,n140,4,1.0,1.0,1.0
n520,n7432,4,1.0,1.0,1.0
n5200,n6892,4,1.0,1.0,1.0
n5201,n18840,4,1.0,1.0,1.0
n5202,n7114,4,1.0,1.0,1.0
n5203,n18865,4,1.0,1.0,1.0
n5204,n18866,4,1.0,1.0,1.0
n5205,n12340,4,1.0,1.0,1.0
n5205,n18892,4,1.0,1.0,1.0
n5206,n7852,3,0.75,1.0,0.875
n5207,n12453,4,1.0,1.0,1.0
n5208,n8567,4,1.0,1.0,1.0
n5209,n8724,3,0.75,1.0,0.875
n521,n7559,4,1.0,1.0,1.0
n5210,n21001,4,1.0,1.0,1.0
n5211,n19011,4,1.0,1.0,1.0
n5212,n21018,4,1.0,1.0,1.0
n5213,n21041,4,1.0,1.0,1.0
n5214,n11415,4,1.0,1.0,1.0
n5215,n13444,4,1.0,1.0,1.0
n5216,n11761,4,1.0,1.0,1.0
n5217,n11821,4,1.0,1.0,1.0
n5218,n21061,3,0.75,1.0,0.875
n5219,n19289,4,1.0,1.0,1.0
n522,n1567,3,0.75,1.0,0.875
n5220,n12424,3,0.75,1.0,0.875
n5221,n12570,4,1.0,1.0,1.0
n5222,n12845,4,1.0,1.0,1.0
n5223,n13833,4,1.0,1.0,1.0
n5224,n21086,3,0.75,1.0,0.875
n5225,n14054,4,1.0,1.0,1.0
n5226,n21108,4,1.0,1.0,1.0
n5227,n14362,4,1.0,1.0,1.0
n5228,n16124,3,0.75,1.0,0.875
n5229,n21146,4,1.0,1.0,1.0
n523,n5856,4,1.0,1.0,1.0
n5230,n21152,4,1.0,1.0,1.0
n5231,n21158,4,1.0,1.0,1.0
n5232,n14968,4,1.0,1.0,1.0
n5233,n17749,4,1.0,1.0,1.0
n5234,n21170,3,0.75,1.0,0.875
n5235,n21173,4,1.0,1.0,1.0
n5236,n15079,4,1.0,1.0,1.0
n5237,n15262,3,0.75,1.0,0.875
n5238,n19851,3,0.75,1.0,0.875
n5239,n15396,4,1.0,1.0,1.0
n524,n7961,3,0.75,1.0,0.875
n5240,n21197,4,1.0,1.0,1.0
n5241,n15445,3,0.75,1.0,0.875
n5242,n21199,4,1.0,1.0,1.0
n5243,n19596,3,0.75,1.0,0.875
n5244,n19923,4,1.0,1.0,1.0
n5245,n21211,4,1.0,1.0,1.0
n5246,n21214,4,1.0,1.0,1.0
n5247,n19969,4,1.0,1.0,1.0
n5248,n19971,4,1.0,1.0,1.0
n5249,n15671,4,1.0,1.0,1.0
n525,n2051,4,1.0,1.0,1.0
n5250,n21231,4,1.0,1.0,1.0
n5251,n20070,4,1.0,1.0,1.0
n5252,n21459,4,1.0,1.0,1.0
n5253,n21806,4,1.0,1.0,1.0
n5254,n14,4,1.0,1.0,1.0
n5255,n53,4,1.0,1.0,1.0
n5256,n243,4,1.0,1.0,1.0
n5257,n16010,4,1.0,1.0,1.0
n5258,n306,4,1.0,1.0,1.0
n5259,n20126,4,1.0,1.0,1.0
n526,n2075,4,1.0,1.0,1.0
n5260,n21264,4,1.0,1.0,1.0
n5261,n539,4,1.0,1.0,1.0
n5262,n16094,4,1.0,1.0,1.0
n5263,n20159,4,1.0,1.0,1.0
n5264,n1243,4,1.0,1.0,1.0
n5265,n20188,4,1.0,1.0,1.0
n5266,n16207,4,1.0,1.0,1.0
n5267,n20198,4,1.0,1.0,1.0
n5268,n1515,4,1.0,1.0,1.0
n5269,n21289,3,0.75,1.0,0.875
n527,n8313,3,0.75,1.0,0.875
n5270,n21300,4,1.0,1.0,1.0
n5271,n21311,4,1.0,1.0,1.0
n5272,n16475,4,1.0,1.0,1.0
n5273,n16483,4,1.0,1.0,1.0
n5274,n20290,4,1.0,1.0,1.0
n5275,n21324,4,1.0,1.0,1.0
n5276,n21342,4,1.0,1.0,1.0
n5277,n16733,4,1.0,1.0,1.0
n5278,n20381,4,1.0,1.0,1.0
n5279,n21348,4,1.0,1.0,1.0
n528,n5902,4,1.0,1.0,1.0
n5280,n4686,4,1.0,1.0,1.0
n5281,n20401,4,1.0,1.0,1.0
n5282,n21365,4,1.0,1.0,1.0
n5283,n20433,4,1.0,1.0,1.0
n5284,n5371,3,0.75,1.0,0.875
n5285,n20439,3,0.75,1.0,0.875
n5286,n16924,4,1.0,1.0,1.0
n5287,n21372,4,1.0,1.0,1.0
n5287,n5408,4,1.0,1.0,1.0
n5288,n5481,3,0.75,1.0,0.875
n5289,n16950,4,1.0,1.0,1.0
n529,n1589,4,1.0,1.0,1.0
n5290,n5631,4,1.0,1.0,1.0
n5291,n17077,4,1.0,1.0,1.0
n5292,n17087,4,1.0,1.0,1.0
n5293,n21387,4,1.0,1.0,1.0
n5294,n6652,4,1.0,1.0,1.0
n5295,n20534,4,1.0,1.0,1.0
n5296,n6871,4,1.0,1.0,1.0
n5297,n20559,4,1.0,1.0,1.0
n5298,n17364,4,1.0,1.0,1.0
n5299,n21409,4,1.0,1.0,1.0
n5299,n7373,4,1.0,1.0,1.0
n53,n1365,4,1.0,1.0,1.0
n53,n143,4,1.0,1.0,1.0
n53,n450,4,1.0,1.0,1.0
n53,n451,4,1.0,1.0,1.0
n530,n5961,4,1.0,1.0,1.0
n5300,n21411,4,1.0,1.0,1.0
n5301,n20615,4,1.0,1.0,1.0
n5302,n17530,4,1.0,1.0,1.0
n5303,n20641,4,1.0,1.0,1.0
n5304,n17633,4,1.0,1.0,1.0
n5305,n21432,4,1.0,1.0,1.0
n5306,n17639,3,0.75,1.0,0.875
n5307,n8143,4,1.0,1.0,1.0
n5308,n17652,4,1.0,1.0,1.0
n5309,n8343,4,1.0,1.0,1.0
n531,n5974,3,0.75,1.0,0.875
n5310,n20673,4,1.0,1.0,1.0
n5311,n20685,3,0.75,1.0,0.875
n5312,n17809,4,1.0,1.0,1.0
n5313,n21453,3,0.75,1.0,0.875
n5314,n21458,4,1.0,1.0,1.0
n5315,n18074,3,0.75,1.0,0.875
n5316,n9764,3,0.75,1.0,0.875
n5317,n18127,3,0.75,1.0,0.875
n5318,n10023,3,0.75,1.0,0.875
n5319,n21495,4,1.0,1.0,1.0
n532,n9743,4,1.0,1.0,1.0
n5320,n18165,4,1.0,1.0,1.0
n5321,n20818,3,0.75,1.0,0.875
n5322,n18216,4,1.0,1.0,1.0
n5323,n21506,4,1.0,1.0,1.0
n5324,n21525,4,1.0,1.0,1.0
n5325,n21527,4,1.0,1.0,1.0
n5326,n10925,4,1.0,1.0,1.0
n5326,n18436,4,1.0,1.0,1.0
n5327,n21546,3,0.75,1.0,0.875
n5328,n21565,4,1.0,1.0,1.0
n5329,n21566,4,1.0,1.0,1.0
n533,n1606,3,0.75,1.0,0.875
n5330,n18877,4,1.0,1.0,1.0
n5331,n21577,4,1.0,1.0,1.0
n5332,n13048,4,1.0,1.0,1.0
n5333,n19213,4,1.0,1.0,1.0
n5334,n13644,4,1.0,1.0,1.0
n5335,n21078,4,1.0,1.0,1.0
n5336,n13942,4,1.0,1.0,1.0
n5337,n14124,3,0.75,1.0,0.875
n5338,n21615,3,0.75,1.0,0.875
n5339,n21109,4,1.0,1.0,1.0
n534,n10631,4,1.0,1.0,1.0
n5340,n14486,4,1.0,1.0,1.0
n5341,n19613,4,1.0,1.0,1.0
n5342,n21628,4,1.0,1.0,1.0
n5343,n14831,4,1.0,1.0,1.0
n5344,n21632,4,1.0,1.0,1.0
n5345,n21637,4,1.0,1.0,1.0
n5346,n21651,4,1.0,1.0,1.0
n5347,n19871,3,0.75,1.0,0.875
n5348,n21662,3,0.75,1.0,0.875
n5349,n21667,3,0.75,1.0,0.875
n535,n1619,3,0.75,1.0,0.875
n5350,n21686,4,1.0,1.0,1.0
n5351,n21688,4,1.0,1.0,1.0
n5352,n21693,4,1.0,1.0,1.0
n5353,n21304,4,1.0,1.0,1.0
n5354,n21708,4,1.0,1.0,1.0
n5355,n21716,4,1.0,1.0,1.0
n5356,n21719,4,1.0,1.0,1.0
n5357,n20375,4,1.0,1.0,1.0
n5358,n20407,4,1.0,1.0,1.0
n5359,n21371,4,1.0,1.0,1.0
n536,n2758,4,1.0,1.0,1.0
n5360,n21733,4,1.0,1.0,1.0
n5361,n21373,4,1.0,1.0,1.0
n5362,n17151,4,1.0,1.0,1.0
n5363,n21743,4,1.0,1.0,1.0
n5364,n21398,4,1.0,1.0,1.0
n5365,n20597,3,0.75,1.0,0.875
n5366,n17508,4,1.0,1.0,1.0
n5367,n20632,4,1.0,1.0,1.0
n5368,n21431,4,1.0,1.0,1.0
n5369,n17866,4,1.0,1.0,1.0
n537,n1627,4,1.0,1.0,1.0
n5370,n18153,4,1.0,1.0,1.0
n5371,n21778,3,0.75,1.0,0.875
n5372,n20845,4,1.0,1.0,1.0
n5373,n21781,4,1.0,1.0,1.0
n5374,n21790,4,1.0,1.0,1.0
n5375,n18636,4,1.0,1.0,1.0
n5376,n21797,4,1.0,1.0,1.0
n5377,n19132,3,0.75,1.0,0.875
n5378,n21803,4,1.0,1.0,1.0
n5379,n21085,4,1.0,1.0,1.0
n538,n6151,4,1.0,1.0,1.0
n5380,n21106,4,1.0,1.0,1.0
n5381,n21138,4,1.0,1.0,1.0
n5382,n21809,4,1.0,1.0,1.0
n5383,n21815,3,0.75,1.0,0.875
n5384,n21819,4,1.0,1.0,1.0
n5385,n21251,4,1.0,1.0,1.0
n5386,n21270,4,1.0,1.0,1.0
n5387,n21279,4,1.0,1.0,1.0
n5388,n21705,4,1.0,1.0,1.0
n5389,n21836,3,0.75,1.0,0.875
n539,n12684,4,1.0,1.0,1.0
n5390,n21352,4,1.0,1.0,1.0
n5391,n21843,3,0.75,1.0,0.875
n5392,n20558,3,0.75,1.0,0.875
n5393,n21745,4,1.0,1.0,1.0
n5394,n21851,4,1.0,1.0,1.0
n5395,n21760,4,1.0,1.0,1.0
n5396,n21477,4,1.0,1.0,1.0
n5397,n21780,4,1.0,1.0,1.0
n5398,n21794,4,1.0,1.0,1.0
n5399,n21865,4,1.0,1.0,1.0
n54,n5250,4,1.0,1.0,1.0
n540,n13683,3,0.75,1.0,0.875
n5400,n21148,4,1.0,1.0,1.0
n5401,n21635,4,1.0,1.0,1.0
n5402,n21215,4,1.0,1.0,1.0
n5403,n21872,3,0.75,1.0,0.875
n5404,n21372,4,1.0,1.0,1.0
n5404,n21732,4,1.0,1.0,1.0
n5405,n21884,4,1.0,1.0,1.0
n5405,n21885,4,1.0,1.0,1.0
n5406,n21779,4,1.0,1.0,1.0
n5407,n21786,4,1.0,1.0,1.0
n5408,n21544,4,1.0,1.0,1.0
n5408,n21788,4,1.0,1.0,1.0
n5409,n21597,4,1.0,1.0,1.0
n541,n1691,3,0.75,1.0,0.875
n5410,n21863,3,0.75,1.0,0.875
n5411,n21894,3,0.75,1.0,0.875
n5412,n21898,4,1.0,1.0,1.0
n5413,n21883,4,1.0,1.0,1.0
n5414,n15,4,1.0,1.0,1.0
n5415,n10,4,1.0,1.0,1.0
n5416,n28,4,1.0,1.0,1.0
n5417,n142,4,1.0,1.0,1.0
n5418,n453,4,1.0,1.0,1.0
n5418,n454,4,1.0,1.0,1.0
n5418,n53,4,1.0,1.0,1.0
n5419,n163,4,1.0,1.0,1.0
n542,n6474,3,0.75,1.0,0.875
n5420,n66,4,1.0,1.0,1.0
n5421,n176,4,1.0,1.0,1.0
n5422,n553,4,1.0,1.0,1.0
n5423,n1936,4,1.0,1.0,1.0
n5424,n202,4,1.0,1.0,1.0
n5425,n213,4,1.0,1.0,1.0
n5426,n669,4,1.0,1.0,1.0
n5427,n220,4,1.0,1.0,1.0
n5428,n873,4,1.0,1.0,1.0
n5429,n303,4,1.0,1.0,1.0
n543,n3745,3,0.75,1.0,0.875
n5430,n3998,4,1.0,1.0,1.0
n5431,n361,4,1.0,1.0,1.0
n5432,n4398,4,1.0,1.0,1.0
n5433,n122,4,1.0,1.0,1.0
n5434,n410,4,1.0,1.0,1.0
n5435,n1296,4,1.0,1.0,1.0
n5436,n132,4,1.0,1.0,1.0
n5437,n430,4,1.0,1.0,1.0
n5438,n1327,4,1.0,1.0,1.0
n5439,n455,3,0.75,1.0,0.875
n544,n3792,4,1.0,1.0,1.0
n5440,n149,4,1.0,1.0,1.0
n5441,n472,3,0.75,1.0,0.875
n5442,n482,4,1.0,1.0,1.0
n5443,n488,4,1.0,1.0,1.0
n5444,n518,4,1.0,1.0,1.0
n5445,n171,4,1.0,1.0,1.0
n5446,n1565,4,1.0,1.0,1.0
n5447,n526,4,1.0,1.0,1.0
n5448,n1700,3,0.75,1.0,0.875
n5449,n1833,4,1.0,1.0,1.0
n545,n14766,4,1.0,1.0,1.0
n5450,n7239,4,1.0,1.0,1.0
n5451,n192,4,1.0,1.0,1.0
n5452,n619,4,1.0,1.0,1.0
n5453,n8805,4,1.0,1.0,1.0
n5454,n216,4,1.0,1.0,1.0
n5455,n9067,4,1.0,1.0,1.0
n5456,n222,4,1.0,1.0,1.0
n5457,n226,4,1.0,1.0,1.0
n5458,n227,4,1.0,1.0,1.0
n5459,n9855,4,1.0,1.0,1.0
n546,n3892,4,1.0,1.0,1.0
n5460,n2671,4,1.0,1.0,1.0
n5461,n803,4,1.0,1.0,1.0
n5462,n11548,4,1.0,1.0,1.0
n5463,n273,4,1.0,1.0,1.0
n5464,n274,3,0.75,1.0,0.875
n5465,n276,3,0.75,1.0,0.875
n5466,n2895,4,1.0,1.0,1.0
n5467,n3098,4,1.0,1.0,1.0
n5468,n980,4,1.0,1.0,1.0
n5469,n3645,3,0.75,1.0,0.875
n547,n15337,3,0.75,1.0,0.875
n5470,n316,4,1.0,1.0,1.0
n5471,n3812,4,1.0,1.0,1.0
n5472,n1043,4,1.0,1.0,1.0
n5473,n3924,4,1.0,1.0,1.0
n5474,n15301,4,1.0,1.0,1.0
n5475,n15364,4,1.0,1.0,1.0
n5476,n3998,4,1.0,1.0,1.0
n5477,n15449,4,1.0,1.0,1.0
n5478,n15517,4,1.0,1.0,1.0
n5479,n4048,4,1.0,1.0,1.0
n548,n1717,4,1.0,1.0,1.0
n5480,n15601,4,1.0,1.0,1.0
n5481,n4064,3,0.75,1.0,0.875
n5482,n349,4,1.0,1.0,1.0
n5483,n4101,4,1.0,1.0,1.0
n5484,n351,4,1.0,1.0,1.0
n5485,n357,4,1.0,1.0,1.0
n5486,n1143,4,1.0,1.0,1.0
n5487,n16342,4,1.0,1.0,1.0
n5488,n371,2,0.5,0.6666666666666666,0.5833333333333333
n5488,n4263,1,0.25,0.3333333333333333,0.29166666666666663
n5489,n4598,4,1.0,1.0,1.0
n549,n16309,4,1.0,1.0,1.0
n5490,n412,4,1.0,1.0,1.0
n5491,n4610,4,1.0,1.0,1.0
n5492,n18310,4,1.0,1.0,1.0
n5493,n422,4,1.0,1.0,1.0
n5494,n4760,3,0.75,1.0,0.875
n5495,n18878,4,1.0,1.0,1.0
n5496,n19234,4,1.0,1.0,1.0
n5497,n19240,4,1.0,1.0,1.0
n5498,n4933,4,1.0,1.0,1.0
n5499,n1339,4,1.0,1.0,1.0
n55,n5255,4,1.0,1.0,1.0
n550,n1733,4,1.0,1.0,1.0
n5500,n436,4,1.0,1.0,1.0
n5501,n1381,3,0.75,1.0,0.875
n5502,n1383,4,1.0,1.0,1.0
n5503,n1398,3,0.75,1.0,0.875
n5504,n1402,4,1.0,1.0,1.0
n5505,n465,4,1.0,1.0,1.0
n5506,n1429,3,0.75,1.0,0.875
n5507,n474,3,0.75,1.0,0.875
n5508,n308,3,0.75,1.0,0.875
n5509,n499,4,1.0,1.0,1.0
n551,n16629,4,1.0,1.0,1.0
n551,n4315,4,1.0,1.0,1.0
n5510,n1482,4,1.0,1.0,1.0
n5511,n5620,3,0.75,1.0,0.875
n5512,n512,4,1.0,1.0,1.0
n5513,n516,4,1.0,1.0,1.0
n5514,n5817,4,1.0,1.0,1.0
n5515,n1607,4,1.0,1.0,1.0
n5516,n2611,4,1.0,1.0,1.0
n5517,n1669,4,1.0,1.0,1.0
n5518,n3538,4,1.0,1.0,1.0
n5519,n4035,4,1.0,1.0,1.0
n552,n1743,4,1.0,1.0,1.0
n5520,n549,4,1.0,1.0,1.0
n5521,n551,4,1.0,1.0,1.0
n5522,n4719,4,1.0,1.0,1.0
n5523,n557,4,1.0,1.0,1.0
n5524,n1821,4,1.0,1.0,1.0
n5525,n5712,4,1.0,1.0,1.0
n5526,n584,4,1.0,1.0,1.0
n5527,n1950,4,1.0,1.0,1.0
n5528,n606,4,1.0,1.0,1.0
n5529,n1966,4,1.0,1.0,1.0
n553,n17395,4,1.0,1.0,1.0
n5530,n1998,4,1.0,1.0,1.0
n5531,n8584,4,1.0,1.0,1.0
n5532,n8026,3,0.75,1.0,0.875
n5533,n9225,3,0.75,1.0,0.875
n5534,n625,4,1.0,1.0,1.0
n5535,n632,3,0.75,1.0,0.875
n5536,n8398,4,1.0,1.0,1.0
n5537,n8410,4,1.0,1.0,1.0
n5538,n13672,3,0.75,1.0,0.875
n5539,n649,4,1.0,1.0,1.0
n554,n1753,4,1.0,1.0,1.0
n554,n17629,4,1.0,1.0,1.0
n5540,n659,3,0.75,1.0,0.875
n5541,n2182,4,1.0,1.0,1.0
n5542,n2196,3,0.75,1.0,0.875
n5543,n9189,4,1.0,1.0,1.0
n5544,n17704,4,1.0,1.0,1.0
n5545,n17733,4,1.0,1.0,1.0
n5546,n17847,4,1.0,1.0,1.0
n5547,n2264,4,1.0,1.0,1.0
n5548,n2341,3,0.75,1.0,0.875
n5549,n2347,4,1.0,1.0,1.0
n555,n4546,4,1.0,1.0,1.0
n5550,n706,3,0.75,1.0,0.875
n5551,n20494,4,1.0,1.0,1.0
n5552,n2411,4,1.0,1.0,1.0
n5553,n725,4,1.0,1.0,1.0
n5554,n10332,4,1.0,1.0,1.0
n5555,n10390,4,1.0,1.0,1.0
n5556,n2493,4,1.0,1.0,1.0
n5557,n10574,4,1.0,1.0,1.0
n5558,n10685,4,1.0,1.0,1.0
n5559,n964,3,0.75,1.0,0.875
n556,n4787,4,1.0,1.0,1.0
n5560,n2591,4,1.0,1.0,1.0
n5561,n1442,4,1.0,1.0,1.0
n5562,n11033,4,1.0,1.0,1.0
n5563,n2728,3,0.75,1.0,0.875
n5564,n11252,4,1.0,1.0,1.0
n5565,n11270,4,1.0,1.0,1.0
n5565,n2742,3,0.75,0.75,0.75
n5566,n795,4,1.0,1.0,1.0
n5567,n11331,3,0.75,1.0,0.875
n5568,n808,4,1.0,1.0,1.0
n5569,n2842,4,1.0,1.0,1.0
n557,n19076,4,1.0,1.0,1.0
n5570,n828,4,1.0,1.0,1.0
n5571,n830,4,1.0,1.0,1.0
n5572,n11879,4,1.0,1.0,1.0
n5572,n2949,4,1.0,1.0,1.0
n5573,n11885,4,1.0,1.0,1.0
n5574,n842,4,1.0,1.0,1.0
n5575,n11924,4,1.0,1.0,1.0
n5576,n3012,4,1.0,1.0,1.0
n5577,n12116,4,1.0,1.0,1.0
n5578,n3021,3,0.75,1.0,0.875
n5579,n6791,4,1.0,1.0,1.0
n558,n4829,4,1.0,1.0,1.0
n5580,n3031,4,1.0,1.0,1.0
n5581,n3073,4,1.0,1.0,1.0
n5582,n3105,4,1.0,1.0,1.0
n5583,n874,4,1.0,1.0,1.0
n5584,n879,4,1.0,1.0,1.0
n5585,n12608,4,1.0,1.0,1.0
n5586,n12729,4,1.0,1.0,1.0
n5587,n892,3,0.75,1.0,0.875
n5588,n3227,3,0.75,1.0,0.875
n5589,n3231,4,1.0,1.0,1.0
n559,n6800,4,1.0,1.0,1.0
n5590,n3234,4,1.0,1.0,1.0
n5591,n12881,4,1.0,1.0,1.0
n5592,n9688,4,1.0,1.0,1.0
n5593,n12996,4,1.0,1.0,1.0
n5594,n13093,4,1.0,1.0,1.0
n5595,n3359,4,1.0,1.0,1.0
n5596,n3366,4,1.0,1.0,1.0
n5597,n928,3,0.75,1.0,0.875
n5598,n3433,4,1.0,1.0,1.0
n5599,n13468,4,1.0,1.0,1.0
n56,n5264,4,1.0,1.0,1.0
n560,n4858,4,1.0,1.0,1.0
n5600,n13472,4,1.0,1.0,1.0
n5601,n13479,4,1.0,1.0,1.0
n5602,n12440,4,1.0,1.0,1.0
n5603,n12516,4,1.0,1.0,1.0
n5604,n3527,4,1.0,1.0,1.0
n5605,n3529,3,0.75,1.0,0.875
n5606,n966,3,0.75,1.0,0.875
n5607,n970,4,1.0,1.0,1.0
n5608,n12963,4,1.0,1.0,1.0
n5609,n987,4,1.0,1.0,1.0
n561,n6814,4,1.0,1.0,1.0
n5610,n992,4,1.0,1.0,1.0
n5611,n14209,4,1.0,1.0,1.0
n5612,n995,4,1.0,1.0,1.0
n5613,n14328,4,1.0,1.0,1.0
n5614,n1007,4,1.0,1.0,1.0
n5615,n1015,4,1.0,1.0,1.0
n5616,n14455,4,1.0,1.0,1.0
n5617,n15244,3,0.75,1.0,0.875
n5618,n3809,3,0.75,1.0,0.875
n5619,n1032,4,1.0,1.0,1.0
n562,n4918,4,1.0,1.0,1.0
n5620,n3831,3,0.75,1.0,0.875
n5621,n16528,4,1.0,1.0,1.0
n5622,n14815,4,1.0,1.0,1.0
n5623,n14819,4,1.0,1.0,1.0
n5624,n3869,3,0.75,1.0,0.875
n5625,n3872,4,1.0,1.0,1.0
n5626,n14912,4,1.0,1.0,1.0
n5627,n1080,4,1.0,1.0,1.0
n5628,n15283,4,1.0,1.0,1.0
n5628,n15284,4,1.0,1.0,1.0
n5629,n15299,3,0.75,1.0,0.875
n563,n6832,4,1.0,1.0,1.0
n5630,n19233,4,1.0,1.0,1.0
n5631,n1090,4,1.0,1.0,1.0
n5632,n19550,4,1.0,1.0,1.0
n5633,n15553,4,1.0,1.0,1.0
n5634,n15575,4,1.0,1.0,1.0
n5635,n19999,4,1.0,1.0,1.0
n5636,n20012,4,1.0,1.0,1.0
n5637,n4126,4,1.0,1.0,1.0
n5638,n21435,4,1.0,1.0,1.0
n5639,n15960,4,1.0,1.0,1.0
n564,n5037,4,1.0,1.0,1.0
n5640,n15998,4,1.0,1.0,1.0
n5641,n1144,3,0.75,1.0,0.875
n5642,n16187,4,1.0,1.0,1.0
n5643,n1587,4,1.0,1.0,1.0
n5644,n16502,4,1.0,1.0,1.0
n5645,n3416,4,1.0,1.0,1.0
n5646,n4332,4,1.0,1.0,1.0
n5647,n4351,4,1.0,1.0,1.0
n5648,n4396,4,1.0,1.0,1.0
n5649,n1216,4,1.0,1.0,1.0
n565,n5088,4,1.0,1.0,1.0
n5650,n1220,4,1.0,1.0,1.0
n5651,n1241,4,1.0,1.0,1.0
n5652,n4539,4,1.0,1.0,1.0
n5653,n1248,4,1.0,1.0,1.0
n5654,n8963,4,1.0,1.0,1.0
n5655,n4604,4,1.0,1.0,1.0
n5656,n18252,4,1.0,1.0,1.0
n5657,n1261,4,1.0,1.0,1.0
n5658,n4668,4,1.0,1.0,1.0
n5659,n1263,4,1.0,1.0,1.0
n566,n20435,3,0.75,1.0,0.875
n5660,n18492,4,1.0,1.0,1.0
n5661,n1289,4,1.0,1.0,1.0
n5662,n11660,4,1.0,1.0,1.0
n5663,n11952,4,1.0,1.0,1.0
n5664,n18794,4,1.0,1.0,1.0
n5665,n18860,4,1.0,1.0,1.0
n5666,n4811,4,1.0,1.0,1.0
n5667,n1308,4,1.0,1.0,1.0
n5668,n4897,4,1.0,1.0,1.0
n5669,n19516,4,1.0,1.0,1.0
n567,n1785,3,0.75,1.0,0.875
n5670,n14623,4,1.0,1.0,1.0
n5671,n4952,4,1.0,1.0,1.0
n5672,n4958,4,1.0,1.0,1.0
n5673,n15770,4,1.0,1.0,1.0
n5674,n5039,4,1.0,1.0,1.0
n5675,n16324,4,1.0,1.0,1.0
n5676,n5054,3,0.75,1.0,0.875
n5677,n1370,4,1.0,1.0,1.0
n5678,n1372,4,1.0,1.0,1.0
n5679,n1373,4,1.0,1.0,1.0
n568,n1789,4,1.0,1.0,1.0
n5680,n1379,4,1.0,1.0,1.0
n5681,n17661,4,1.0,1.0,1.0
n5682,n20744,4,1.0,1.0,1.0
n5683,n17967,4,1.0,1.0,1.0
n5684,n1397,4,1.0,1.0,1.0
n5685,n18490,4,1.0,1.0,1.0
n5686,n20971,4,1.0,1.0,1.0
n5687,n21007,4,1.0,1.0,1.0
n5688,n21469,4,1.0,1.0,1.0
n5689,n5318,3,0.75,1.0,0.875
n569,n20694,4,1.0,1.0,1.0
n5690,n5330,4,1.0,1.0,1.0
n5691,n21738,4,1.0,1.0,1.0
n5692,n1448,4,1.0,1.0,1.0
n5693,n5381,4,1.0,1.0,1.0
n5694,n5449,4,1.0,1.0,1.0
n5695,n5451,4,1.0,1.0,1.0
n5696,n225,4,1.0,1.0,1.0
n5697,n242,3,0.75,1.0,0.875
n5698,n449,3,0.75,1.0,0.875
n5699,n2971,4,1.0,1.0,1.0
n57,n157,4,1.0,1.0,1.0
n570,n21192,4,1.0,1.0,1.0
n5700,n3093,4,1.0,1.0,1.0
n5701,n878,4,1.0,1.0,1.0
n5702,n5589,4,1.0,1.0,1.0
n5703,n5590,4,1.0,1.0,1.0
n5704,n3244,4,1.0,1.0,1.0
n5705,n3349,4,1.0,1.0,1.0
n5706,n1006,4,1.0,1.0,1.0
n5707,n5615,4,1.0,1.0,1.0
n5708,n5624,3,0.75,1.0,0.875
n5709,n3997,4,1.0,1.0,1.0
n571,n1798,4,1.0,1.0,1.0
n5710,n1508,4,1.0,1.0,1.0
n5711,n4892,4,1.0,1.0,1.0
n5712,n1390,4,1.0,1.0,1.0
n5713,n1527,4,1.0,1.0,1.0
n5714,n1539,4,1.0,1.0,1.0
n5715,n5721,4,1.0,1.0,1.0
n5716,n1541,4,1.0,1.0,1.0
n5717,n1633,4,1.0,1.0,1.0
n5718,n1544,3,0.75,1.0,0.875
n5719,n5775,4,1.0,1.0,1.0
n572,n5268,4,1.0,1.0,1.0
n5720,n1547,4,1.0,1.0,1.0
n5721,n6800,4,1.0,1.0,1.0
n5722,n5792,4,1.0,1.0,1.0
n5723,n5798,4,1.0,1.0,1.0
n5724,n1554,4,1.0,1.0,1.0
n5725,n1555,4,1.0,1.0,1.0
n5726,n1558,3,0.75,1.0,0.875
n5727,n1559,3,0.75,1.0,0.875
n5728,n5869,4,1.0,1.0,1.0
n5729,n5876,4,1.0,1.0,1.0
n573,n5281,4,1.0,1.0,1.0
n5730,n2063,3,0.75,1.0,0.875
n5731,n5882,4,1.0,1.0,1.0
n5732,n1582,3,0.75,1.0,0.875
n5733,n1583,3,0.75,1.0,0.875
n5734,n8700,4,1.0,1.0,1.0
n5735,n5955,4,1.0,1.0,1.0
n5736,n5986,4,1.0,1.0,1.0
n5737,n5987,4,1.0,1.0,1.0
n5738,n10002,4,1.0,1.0,1.0
n5739,n10258,4,1.0,1.0,1.0
n574,n6948,4,1.0,1.0,1.0
n5740,n1611,3,0.75,1.0,0.875
n5741,n2577,3,0.75,1.0,0.875
n5742,n1624,3,0.75,1.0,0.875
n5743,n6113,4,1.0,1.0,1.0
n5744,n6131,4,1.0,1.0,1.0
n5745,n2862,3,0.75,1.0,0.875
n5746,n11752,4,1.0,1.0,1.0
n5747,n12088,3,0.75,1.0,0.875
n5748,n6190,3,0.75,1.0,0.875
n5749,n3063,3,0.75,1.0,0.875
n575,n1804,4,1.0,1.0,1.0
n5750,n6261,4,1.0,1.0,1.0
n5751,n12782,3,0.75,1.0,0.875
n5752,n1652,3,0.75,1.0,0.875
n5753,n1657,4,1.0,1.0,1.0
n5754,n1660,4,1.0,1.0,1.0
n5755,n1661,4,1.0,1.0,1.0
n5756,n6349,4,1.0,1.0,1.0
n5757,n13541,4,1.0,1.0,1.0
n5758,n3536,3,0.75,1.0,0.875
n5759,n1685,3,0.75,1.0,0.875
n576,n1805,4,1.0,1.0,1.0
n5760,n1686,3,0.75,1.0,0.875
n5761,n14295,4,1.0,1.0,1.0
n5761,n1687,3,0.75,0.75,0.75
n5762,n6452,3,0.75,1.0,0.875
n5763,n14321,3,0.75,1.0,0.875
n5764,n6479,3,0.75,1.0,0.875
n5765,n14602,3,0.75,1.0,0.875
n5766,n1697,4,1.0,1.0,1.0
n5767,n14953,4,1.0,1.0,1.0
n5768,n3925,4,1.0,1.0,1.0
n5769,n1715,4,1.0,1.0,1.0
n577,n1502,4,1.0,1.0,1.0
n5770,n6569,4,1.0,1.0,1.0
n5771,n15620,3,0.75,1.0,0.875
n5772,n6579,4,1.0,1.0,1.0
n5773,n6582,3,0.75,1.0,0.875
n5774,n6593,4,1.0,1.0,1.0
n5775,n16322,4,1.0,1.0,1.0
n5776,n6626,4,1.0,1.0,1.0
n5777,n4320,4,1.0,1.0,1.0
n5778,n1738,4,1.0,1.0,1.0
n5779,n4408,3,0.75,1.0,0.875
n578,n5748,3,0.75,1.0,0.875
n5780,n1745,4,1.0,1.0,1.0
n5781,n4427,4,1.0,1.0,1.0
n5782,n1748,4,1.0,1.0,1.0
n5783,n18344,3,0.75,1.0,0.875
n5784,n1769,4,1.0,1.0,1.0
n5785,n18812,4,1.0,1.0,1.0
n5786,n1772,3,0.75,1.0,0.875
n5787,n1774,4,1.0,1.0,1.0
n5787,n6790,4,1.0,1.0,1.0
n5788,n4803,3,0.75,1.0,0.875
n5789,n6798,4,1.0,1.0,1.0
n579,n1824,4,1.0,1.0,1.0
n5790,n6830,4,1.0,1.0,1.0
n5791,n19912,4,1.0,1.0,1.0
n5792,n20251,4,1.0,1.0,1.0
n5793,n5083,4,1.0,1.0,1.0
n5794,n6877,4,1.0,1.0,1.0
n5795,n1787,4,1.0,1.0,1.0
n5796,n6889,3,0.75,1.0,0.875
n5797,n1797,4,1.0,1.0,1.0
n5798,n1802,4,1.0,1.0,1.0
n5799,n1811,4,1.0,1.0,1.0
n58,n483,4,1.0,1.0,1.0
n580,n5774,4,1.0,1.0,1.0
n5800,n521,4,1.0,1.0,1.0
n5801,n1817,4,1.0,1.0,1.0
n5802,n1573,4,1.0,1.0,1.0
n5803,n5746,4,1.0,1.0,1.0
n5803,n7042,4,1.0,1.0,1.0
n5804,n5834,4,1.0,1.0,1.0
n5805,n7124,4,1.0,1.0,1.0
n5806,n5963,4,1.0,1.0,1.0
n5807,n5996,4,1.0,1.0,1.0
n5808,n7170,4,1.0,1.0,1.0
n5809,n6178,3,0.75,1.0,0.875
n581,n1826,4,1.0,1.0,1.0
n5810,n6205,3,0.75,1.0,0.875
n5811,n1856,4,1.0,1.0,1.0
n5812,n3290,3,0.75,1.0,0.875
n5813,n7246,4,1.0,1.0,1.0
n5814,n1863,4,1.0,1.0,1.0
n5815,n1879,3,0.75,1.0,0.875
n5816,n6801,4,1.0,1.0,1.0
n5817,n1894,4,1.0,1.0,1.0
n5818,n1895,4,1.0,1.0,1.0
n5819,n6890,4,1.0,1.0,1.0
n582,n1831,4,1.0,1.0,1.0
n5820,n7441,4,1.0,1.0,1.0
n5821,n1913,4,1.0,1.0,1.0
n5822,n7154,3,0.75,1.0,0.875
n5823,n1919,4,1.0,1.0,1.0
n5824,n7500,3,0.75,1.0,0.875
n5825,n1928,4,1.0,1.0,1.0
n5826,n7255,4,1.0,1.0,1.0
n5826,n7256,4,1.0,1.0,1.0
n5827,n7519,4,1.0,1.0,1.0
n5828,n6671,4,1.0,1.0,1.0
n5829,n7581,4,1.0,1.0,1.0
n583,n1834,4,1.0,1.0,1.0
n5830,n7587,4,1.0,1.0,1.0
n5831,n1947,3,0.75,1.0,0.875
n5832,n1951,4,1.0,1.0,1.0
n5833,n7651,4,1.0,1.0,1.0
n5834,n7628,4,1.0,1.0,1.0
n5835,n1959,3,0.75,1.0,0.875
n5836,n1960,3,0.75,1.0,0.875
n5837,n8537,4,1.0,1.0,1.0
n5838,n8596,3,0.75,1.0,0.875
n5839,n1978,4,1.0,1.0,1.0
n584,n5886,4,1.0,1.0,1.0
n5840,n1982,3,0.75,1.0,0.875
n5841,n1983,4,1.0,1.0,1.0
n5842,n9182,4,1.0,1.0,1.0
n5843,n9208,4,1.0,1.0,1.0
n5844,n8054,3,0.75,1.0,0.875
n5845,n9278,4,1.0,1.0,1.0
n5846,n1988,3,0.75,1.0,0.875
n5847,n9468,4,1.0,1.0,1.0
n5848,n8202,4,1.0,1.0,1.0
n5849,n9762,3,0.75,1.0,0.875
n585,n1840,4,1.0,1.0,1.0
n5850,n2002,3,0.75,1.0,0.875
n5851,n8570,4,1.0,1.0,1.0
n5852,n2007,4,1.0,1.0,1.0
n5853,n7890,4,1.0,1.0,1.0
n5854,n8712,4,1.0,1.0,1.0
n5855,n2011,4,1.0,1.0,1.0
n5856,n16154,4,1.0,1.0,1.0
n5857,n7920,4,1.0,1.0,1.0
n5858,n2020,3,0.75,1.0,0.875
n5859,n2024,3,0.75,1.0,0.875
n586,n2487,4,1.0,1.0,1.0
n5860,n2026,4,1.0,1.0,1.0
n5861,n7971,4,1.0,1.0,1.0
n5862,n2028,4,1.0,1.0,1.0
n5863,n17473,4,1.0,1.0,1.0
n5864,n2032,3,0.75,1.0,0.875
n5865,n9179,4,1.0,1.0,1.0
n5866,n17662,4,1.0,1.0,1.0
n5867,n8060,4,1.0,1.0,1.0
n5868,n2037,4,1.0,1.0,1.0
n5869,n9394,4,1.0,1.0,1.0
n587,n7149,4,1.0,1.0,1.0
n5870,n18218,4,1.0,1.0,1.0
n5871,n8123,4,1.0,1.0,1.0
n5872,n8125,4,1.0,1.0,1.0
n5873,n2052,4,1.0,1.0,1.0
n5873,n2053,4,1.0,1.0,1.0
n5874,n2056,3,0.75,1.0,0.875
n5875,n8166,4,1.0,1.0,1.0
n5876,n8194,4,1.0,1.0,1.0
n5877,n8198,4,1.0,1.0,1.0
n5878,n2062,4,1.0,1.0,1.0
n5879,n2068,4,1.0,1.0,1.0
n588,n2555,4,1.0,1.0,1.0
n5880,n2070,4,1.0,1.0,1.0
n5881,n9851,4,1.0,1.0,1.0
n5882,n8273,4,1.0,1.0,1.0
n5883,n2076,4,1.0,1.0,1.0
n5884,n8287,4,1.0,1.0,1.0
n5885,n19926,4,1.0,1.0,1.0
n5886,n19965,4,1.0,1.0,1.0
n5887,n20004,4,1.0,1.0,1.0
n5888,n2082,4,1.0,1.0,1.0
n5889,n20702,4,1.0,1.0,1.0
n589,n1852,3,0.75,1.0,0.875
n5890,n2084,4,1.0,1.0,1.0
n5891,n8389,4,1.0,1.0,1.0
n5892,n10317,4,1.0,1.0,1.0
n5893,n2087,3,0.75,1.0,0.875
n5894,n2088,3,0.75,1.0,0.875
n5895,n2089,3,0.75,1.0,0.875
n5896,n21401,4,1.0,1.0,1.0
n5897,n8423,4,1.0,1.0,1.0
n5898,n8462,4,1.0,1.0,1.0
n5899,n4645,4,1.0,1.0,1.0
n59,n484,4,1.0,1.0,1.0
n590,n1855,4,1.0,1.0,1.0
n5900,n8500,4,1.0,1.0,1.0
n5901,n8506,3,0.75,1.0,0.875
n5902,n8516,4,1.0,1.0,1.0
n5903,n8517,4,1.0,1.0,1.0
n5904,n12387,4,1.0,1.0,1.0
n5905,n12439,3,0.75,1.0,0.875
n5906,n2112,4,1.0,1.0,1.0
n5907,n2114,3,0.75,1.0,0.875
n5908,n2117,3,0.75,1.0,0.875
n5909,n2119,3,0.75,1.0,0.875
n591,n1883,4,1.0,1.0,1.0
n5910,n9897,3,0.75,1.0,0.875
n5911,n10873,3,0.75,1.0,0.875
n5912,n2123,4,1.0,1.0,1.0
n5913,n2126,4,1.0,1.0,1.0
n5914,n12504,3,0.75,1.0,0.875
n5915,n13965,3,0.75,1.0,0.875
n5916,n13539,3,0.75,1.0,0.875
n5917,n8631,3,0.75,1.0,0.875
n5918,n8645,3,0.75,1.0,0.875
n5919,n14870,4,1.0,1.0,1.0
n592,n1884,4,1.0,1.0,1.0
n5920,n18322,4,1.0,1.0,1.0
n5921,n15252,4,1.0,1.0,1.0
n5922,n8706,3,0.75,1.0,0.875
n5923,n19355,4,1.0,1.0,1.0
n5924,n19499,4,1.0,1.0,1.0
n5925,n8738,4,1.0,1.0,1.0
n5926,n8746,3,0.75,1.0,0.875
n5927,n2153,4,1.0,1.0,1.0
n5928,n15758,4,1.0,1.0,1.0
n5929,n15893,4,1.0,1.0,1.0
n593,n7351,4,1.0,1.0,1.0
n5930,n2158,4,1.0,1.0,1.0
n5931,n543,3,0.75,1.0,0.875
n5932,n751,4,1.0,1.0,1.0
n5933,n8874,4,1.0,1.0,1.0
n5934,n2178,4,1.0,1.0,1.0
n5935,n2188,3,0.75,1.0,0.875
n5936,n16928,4,1.0,1.0,1.0
n5937,n5470,4,1.0,1.0,1.0
n5938,n5586,4,1.0,1.0,1.0
n5939,n17031,4,1.0,1.0,1.0
n594,n7353,4,1.0,1.0,1.0
n5940,n5931,3,0.75,1.0,0.875
n5941,n9034,4,1.0,1.0,1.0
n5942,n6244,4,1.0,1.0,1.0
n5943,n9081,4,1.0,1.0,1.0
n5944,n7207,3,0.75,1.0,0.875
n5945,n17367,4,1.0,1.0,1.0
n5945,n2208,4,1.0,1.0,1.0
n5945,n7219,4,1.0,1.0,1.0
n5946,n9130,4,1.0,1.0,1.0
n5947,n7496,4,1.0,1.0,1.0
n5948,n7574,4,1.0,1.0,1.0
n5949,n17617,4,1.0,1.0,1.0
n595,n1901,4,1.0,1.0,1.0
n5950,n8817,4,1.0,1.0,1.0
n5951,n17928,4,1.0,1.0,1.0
n5952,n9320,4,1.0,1.0,1.0
n5953,n2252,4,1.0,1.0,1.0
n5954,n9895,4,1.0,1.0,1.0
n5955,n18109,4,1.0,1.0,1.0
n5956,n18115,4,1.0,1.0,1.0
n5957,n18128,3,0.75,1.0,0.875
n5958,n10369,4,1.0,1.0,1.0
n5959,n9457,4,1.0,1.0,1.0
n596,n5927,4,1.0,1.0,1.0
n5960,n11314,3,0.75,1.0,0.875
n5961,n9525,4,1.0,1.0,1.0
n5962,n18641,4,1.0,1.0,1.0
n5963,n9559,4,1.0,1.0,1.0
n5964,n11646,3,0.75,1.0,0.875
n5965,n11763,4,1.0,1.0,1.0
n5966,n11793,4,1.0,1.0,1.0
n5967,n18744,3,0.75,1.0,0.875
n5968,n2289,4,1.0,1.0,1.0
n5968,n2290,4,1.0,1.0,1.0
n5969,n12024,3,0.75,0.75,0.75
n5969,n18797,3,0.75,0.75,0.75
n5969,n9603,4,1.0,1.0,1.0
n597,n1917,4,1.0,1.0,1.0
n5970,n2293,4,1.0,1.0,1.0
n5971,n12123,4,1.0,1.0,1.0
n5972,n9624,4,1.0,1.0,1.0
n5973,n18845,4,1.0,1.0,1.0
n5974,n12344,3,0.75,1.0,0.875
n5975,n2296,3,0.75,1.0,0.875
n5976,n9666,3,0.75,1.0,0.875
n5977,n9672,4,1.0,1.0,1.0
n5978,n9673,4,1.0,1.0,1.0
n5979,n9680,3,0.75,1.0,0.875
n598,n1918,4,1.0,1.0,1.0
n5980,n9684,4,1.0,1.0,1.0
n5981,n9686,3,0.75,1.0,0.875
n5982,n2304,4,1.0,1.0,1.0
n5983,n12765,3,0.75,1.0,0.875
n5984,n19031,3,0.75,1.0,0.875
n5985,n12876,3,0.75,1.0,0.875
n5986,n2307,4,1.0,1.0,1.0
n5987,n9708,4,1.0,1.0,1.0
n5988,n2311,4,1.0,1.0,1.0
n5989,n9741,3,0.75,1.0,0.875
n599,n6336,4,1.0,1.0,1.0
n5990,n9768,4,1.0,1.0,1.0
n5991,n19378,4,1.0,1.0,1.0
n5992,n14059,3,0.75,1.0,0.875
n5993,n19437,4,1.0,1.0,1.0
n5994,n2334,3,0.75,1.0,0.875
n5995,n19490,4,1.0,1.0,1.0
n5996,n19669,4,1.0,1.0,1.0
n5997,n14850,3,0.75,1.0,0.875
n5998,n2356,4,1.0,1.0,1.0
n5999,n19845,4,1.0,1.0,1.0
n6,n9,4,1.0,1.0,1.0
n60,n159,4,1.0,1.0,1.0
n600,n7512,3,0.75,1.0,0.875
n6000,n19846,3,0.75,1.0,0.875
n6001,n2364,3,0.75,1.0,0.875
n6002,n15437,4,1.0,1.0,1.0
n6003,n9978,4,1.0,1.0,1.0
n6004,n9981,4,1.0,1.0,1.0
n6005,n15551,4,1.0,1.0,1.0
n6006,n15635,3,0.75,1.0,0.875
n6007,n20063,4,1.0,1.0,1.0
n6008,n2376,4,1.0,1.0,1.0
n6009,n2378,4,1.0,1.0,1.0
n601,n7596,4,1.0,1.0,1.0
n6010,n15976,4,1.0,1.0,1.0
n6011,n16115,4,1.0,1.0,1.0
n6012,n2382,4,1.0,1.0,1.0
n6013,n20302,4,1.0,1.0,1.0
n6014,n20393,4,1.0,1.0,1.0
n6015,n2399,4,1.0,1.0,1.0
n6016,n10162,4,1.0,1.0,1.0
n6016,n10164,4,1.0,1.0,1.0
n6017,n20633,4,1.0,1.0,1.0
n6018,n17913,3,0.75,1.0,0.875
n6019,n20798,4,1.0,1.0,1.0
n602,n7597,4,1.0,1.0,1.0
n6020,n18177,4,1.0,1.0,1.0
n6021,n2430,4,1.0,1.0,1.0
n6022,n20973,4,1.0,1.0,1.0
n6023,n19251,4,1.0,1.0,1.0
n6024,n10356,3,0.75,1.0,0.875
n6025,n21306,4,1.0,1.0,1.0
n6026,n20418,4,1.0,1.0,1.0
n6027,n2460,4,1.0,1.0,1.0
n6028,n20606,3,0.75,1.0,0.875
n6029,n21415,4,1.0,1.0,1.0
n603,n7601,3,0.75,1.0,0.875
n6030,n10442,4,1.0,1.0,1.0
n6031,n2473,4,1.0,1.0,1.0
n6032,n10456,4,1.0,1.0,1.0
n6032,n21088,3,0.75,0.75,0.75
n6032,n21090,4,1.0,1.0,1.0
n6033,n10464,3,0.75,1.0,0.875
n6034,n21135,4,1.0,1.0,1.0
n6035,n10495,4,1.0,1.0,1.0
n6036,n21656,4,1.0,1.0,1.0
n6037,n2481,4,1.0,1.0,1.0
n6038,n2485,4,1.0,1.0,1.0
n6039,n141,4,1.0,1.0,1.0
n604,n7632,4,1.0,1.0,1.0
n6040,n2501,4,1.0,1.0,1.0
n6041,n204,4,1.0,1.0,1.0
n6042,n747,4,1.0,1.0,1.0
n6043,n258,4,1.0,1.0,1.0
n6044,n903,4,1.0,1.0,1.0
n6045,n10594,4,1.0,1.0,1.0
n6046,n10595,4,1.0,1.0,1.0
n6047,n10597,4,1.0,1.0,1.0
n6048,n1186,4,1.0,1.0,1.0
n6049,n10601,4,1.0,1.0,1.0
n605,n7690,3,0.75,1.0,0.875
n6050,n1414,4,1.0,1.0,1.0
n6051,n510,4,1.0,1.0,1.0
n6052,n542,3,0.75,1.0,0.875
n6053,n1759,3,0.75,1.0,0.875
n6054,n2138,4,1.0,1.0,1.0
n6055,n10675,4,1.0,1.0,1.0
n6056,n697,3,0.75,1.0,0.875
n6057,n2305,4,1.0,1.0,1.0
n6058,n726,4,1.0,1.0,1.0
n6059,n2560,3,0.75,1.0,0.875
n606,n8188,4,1.0,1.0,1.0
n6060,n3196,4,1.0,1.0,1.0
n6061,n10754,4,1.0,1.0,1.0
n6062,n3808,3,0.75,1.0,0.875
n6063,n3867,4,1.0,1.0,1.0
n6064,n2586,4,1.0,1.0,1.0
n6065,n10795,4,1.0,1.0,1.0
n6066,n10799,4,1.0,1.0,1.0
n6067,n4047,3,0.75,1.0,0.875
n6068,n1124,4,1.0,1.0,1.0
n6069,n4280,3,0.75,1.0,0.875
n607,n7884,4,1.0,1.0,1.0
n6070,n2599,3,0.75,1.0,0.875
n6071,n4672,4,1.0,1.0,1.0
n6072,n1283,4,1.0,1.0,1.0
n6073,n10833,4,1.0,1.0,1.0
n6074,n2622,4,1.0,1.0,1.0
n6075,n2629,4,1.0,1.0,1.0
n6076,n10893,4,1.0,1.0,1.0
n6077,n2632,4,1.0,1.0,1.0
n6078,n5971,4,1.0,1.0,1.0
n6079,n10899,4,1.0,1.0,1.0
n608,n7917,4,1.0,1.0,1.0
n6080,n6091,3,0.75,1.0,0.875
n6081,n1650,4,1.0,1.0,1.0
n6082,n10922,4,1.0,1.0,1.0
n6083,n10927,4,1.0,1.0,1.0
n6084,n1684,3,0.75,1.0,0.875
n6085,n1749,4,1.0,1.0,1.0
n6086,n2656,4,1.0,1.0,1.0
n6087,n10982,3,0.75,1.0,0.875
n6088,n7326,3,0.75,1.0,0.875
n6089,n7965,4,1.0,1.0,1.0
n609,n7735,4,1.0,1.0,1.0
n6090,n8070,4,1.0,1.0,1.0
n6091,n2195,3,0.75,1.0,0.875
n6092,n2219,4,1.0,1.0,1.0
n6093,n9284,4,1.0,1.0,1.0
n6094,n2298,3,0.75,1.0,0.875
n6095,n11089,3,0.75,1.0,0.875
n6096,n2392,4,1.0,1.0,1.0
n6097,n2542,4,1.0,1.0,1.0
n6098,n10721,4,1.0,1.0,1.0
n6099,n2709,4,1.0,1.0,1.0
n61,n5595,4,1.0,1.0,1.0
n610,n9546,4,1.0,1.0,1.0
n6100,n11151,4,1.0,1.0,1.0
n6101,n2718,4,1.0,1.0,1.0
n6102,n10995,4,1.0,1.0,1.0
n6103,n11057,4,1.0,1.0,1.0
n6104,n11119,3,0.75,1.0,0.875
n6105,n11203,4,1.0,1.0,1.0
n6106,n2732,4,1.0,1.0,1.0
n6107,n2942,4,1.0,1.0,1.0
n6108,n2739,4,1.0,1.0,1.0
n6109,n11261,4,1.0,1.0,1.0
n611,n1990,4,1.0,1.0,1.0
n6110,n11273,3,0.75,1.0,0.875
n6111,n12468,3,0.75,1.0,0.875
n6112,n2756,3,0.75,1.0,0.875
n6113,n2759,4,1.0,1.0,1.0
n6114,n2761,3,0.75,1.0,0.875
n6115,n2768,4,1.0,1.0,1.0
n6116,n13111,4,1.0,1.0,1.0
n6117,n3400,4,1.0,1.0,1.0
n6118,n13370,4,1.0,1.0,1.0
n6119,n13498,3,0.75,1.0,0.875
n612,n8278,4,1.0,1.0,1.0
n6120,n3478,3,0.75,1.0,0.875
n6121,n3526,3,0.75,1.0,0.875
n6122,n11417,3,0.75,1.0,0.875
n6123,n13933,4,1.0,1.0,1.0
n6124,n3607,4,1.0,1.0,1.0
n6125,n2797,3,0.75,1.0,0.875
n6126,n3664,4,1.0,1.0,1.0
n6127,n11448,3,0.75,1.0,0.875
n6128,n11459,3,0.75,1.0,0.875
n6129,n14353,4,1.0,1.0,1.0
n613,n8288,4,1.0,1.0,1.0
n6130,n14650,4,1.0,1.0,1.0
n6130,n3789,4,1.0,1.0,1.0
n6131,n14694,4,1.0,1.0,1.0
n6132,n2812,4,1.0,1.0,1.0
n6133,n3902,4,1.0,1.0,1.0
n6134,n2818,4,1.0,1.0,1.0
n6135,n15324,3,0.75,1.0,0.875
n6136,n4003,4,1.0,1.0,1.0
n6137,n15507,3,0.75,1.0,0.875
n6138,n4090,4,1.0,1.0,1.0
n6139,n16054,4,1.0,1.0,1.0
n614,n1995,3,0.75,1.0,0.875
n6140,n11586,4,1.0,1.0,1.0
n6141,n2846,4,1.0,1.0,1.0
n6142,n11597,3,0.75,1.0,0.875
n6143,n16578,4,1.0,1.0,1.0
n6144,n4522,4,1.0,1.0,1.0
n6145,n4537,4,1.0,1.0,1.0
n6146,n17876,4,1.0,1.0,1.0
n6147,n4579,4,1.0,1.0,1.0
n6148,n4694,4,1.0,1.0,1.0
n6149,n4830,4,1.0,1.0,1.0
n615,n1997,4,1.0,1.0,1.0
n6150,n2886,4,1.0,1.0,1.0
n6151,n19172,4,1.0,1.0,1.0
n6152,n4861,3,0.75,1.0,0.875
n6153,n11727,4,1.0,1.0,1.0
n6154,n11732,4,1.0,1.0,1.0
n6155,n4955,4,1.0,1.0,1.0
n6156,n2903,4,1.0,1.0,1.0
n6157,n4973,4,1.0,1.0,1.0
n6158,n2913,4,1.0,1.0,1.0
n6159,n21239,4,1.0,1.0,1.0
n616,n10145,3,0.75,1.0,0.875
n6160,n2925,4,1.0,1.0,1.0
n6161,n21560,4,1.0,1.0,1.0
n6162,n11796,3,0.75,1.0,0.875
n6163,n664,4,1.0,1.0,1.0
n6164,n937,4,1.0,1.0,1.0
n6165,n1211,4,1.0,1.0,1.0
n6166,n1481,4,1.0,1.0,1.0
n6167,n5768,4,1.0,1.0,1.0
n6168,n2963,4,1.0,1.0,1.0
n6169,n1893,4,1.0,1.0,1.0
n617,n12342,3,0.75,1.0,0.875
n6170,n5838,3,0.75,1.0,0.875
n6171,n5849,3,0.75,1.0,0.875
n6172,n5983,3,0.75,1.0,0.875
n6173,n2974,4,1.0,1.0,1.0
n6174,n11958,4,1.0,1.0,1.0
n6175,n6035,4,1.0,1.0,1.0
n6176,n11988,4,1.0,1.0,1.0
n6177,n6148,4,1.0,1.0,1.0
n6178,n6262,3,0.75,1.0,0.875
n6179,n12033,4,1.0,1.0,1.0
n618,n8683,4,1.0,1.0,1.0
n6180,n12039,4,1.0,1.0,1.0
n6181,n3328,3,0.75,1.0,0.875
n6182,n12042,4,1.0,1.0,1.0
n6183,n3547,4,1.0,1.0,1.0
n6184,n3002,4,1.0,1.0,1.0
n6185,n3007,3,0.75,1.0,0.875
n6186,n12071,4,1.0,1.0,1.0
n6187,n3801,4,1.0,1.0,1.0
n6188,n6517,3,0.75,1.0,0.875
n6189,n3910,4,1.0,1.0,1.0
n619,n7922,4,1.0,1.0,1.0
n6190,n6535,3,0.75,1.0,0.875
n6191,n6559,4,1.0,1.0,1.0
n6192,n6578,4,1.0,1.0,1.0
n6193,n12111,3,0.75,1.0,0.875
n6194,n3016,4,1.0,1.0,1.0
n6195,n4495,4,1.0,1.0,1.0
n6196,n12133,4,1.0,1.0,1.0
n6197,n12135,3,0.75,1.0,0.875
n6198,n3026,4,1.0,1.0,1.0
n6199,n6804,4,1.0,1.0,1.0
n62,n167,4,1.0,1.0,1.0
n620,n8948,4,1.0,1.0,1.0
n6200,n6866,3,0.75,1.0,0.875
n6201,n12181,4,1.0,1.0,1.0
n6202,n12193,4,1.0,1.0,1.0
n6203,n12208,3,0.75,1.0,0.875
n6204,n5509,4,1.0,1.0,1.0
n6205,n3047,3,0.75,1.0,0.875
n6206,n3055,4,1.0,1.0,1.0
n6207,n12230,3,0.75,1.0,0.875
n6208,n7140,3,0.75,1.0,0.875
n6209,n7177,4,1.0,1.0,1.0
n621,n2036,4,1.0,1.0,1.0
n6210,n7198,4,1.0,1.0,1.0
n6211,n3065,4,1.0,1.0,1.0
n6212,n7242,4,1.0,1.0,1.0
n6213,n6415,4,1.0,1.0,1.0
n6214,n3069,4,1.0,1.0,1.0
n6215,n6531,3,0.75,1.0,0.875
n6216,n7301,4,1.0,1.0,1.0
n6217,n6725,3,0.75,1.0,0.875
n6218,n3076,4,1.0,1.0,1.0
n6219,n12315,4,1.0,1.0,1.0
n622,n8052,4,1.0,1.0,1.0
n6220,n12331,3,0.75,0.75,0.75
n6220,n3083,4,1.0,1.0,1.0
n6221,n12332,4,1.0,1.0,1.0
n6222,n3087,3,0.75,1.0,0.875
n6223,n7457,4,1.0,1.0,1.0
n6224,n7498,4,1.0,1.0,1.0
n6225,n7518,4,1.0,1.0,1.0
n6226,n12367,3,0.75,1.0,0.875
n6227,n7792,3,0.75,1.0,0.875
n6228,n7740,4,1.0,1.0,1.0
n6229,n12406,4,1.0,1.0,1.0
n623,n8057,4,1.0,1.0,1.0
n6230,n3099,3,0.75,1.0,0.875
n6231,n7771,3,0.75,1.0,0.875
n6232,n7809,4,1.0,1.0,1.0
n6233,n3103,4,1.0,1.0,1.0
n6234,n7844,3,0.75,1.0,0.875
n6235,n3107,4,1.0,1.0,1.0
n6236,n8761,3,0.75,1.0,0.875
n6237,n3114,3,0.75,1.0,0.875
n6238,n12470,4,1.0,1.0,1.0
n6239,n3118,3,0.75,1.0,0.875
n624,n17970,4,1.0,1.0,1.0
n6240,n8002,3,0.75,1.0,0.875
n6241,n8026,4,1.0,1.0,1.0
n6242,n8055,4,1.0,1.0,1.0
n6243,n8062,3,0.75,1.0,0.875
n6244,n3127,4,1.0,1.0,1.0
n6245,n3128,4,1.0,1.0,1.0
n6246,n9375,3,0.75,1.0,0.875
n6247,n9463,4,1.0,1.0,1.0
n6248,n12545,4,1.0,1.0,1.0
n6249,n8255,4,1.0,1.0,1.0
n625,n18070,4,1.0,1.0,1.0
n625,n2040,4,1.0,1.0,1.0
n6250,n12555,4,1.0,1.0,1.0
n6251,n12557,4,1.0,1.0,1.0
n6251,n3139,3,0.75,0.75,0.75
n6252,n9858,4,1.0,1.0,1.0
n6253,n9970,4,1.0,1.0,1.0
n6254,n8311,3,0.75,1.0,0.875
n6255,n3146,4,1.0,1.0,1.0
n6256,n3147,4,1.0,1.0,1.0
n6257,n8389,4,1.0,1.0,1.0
n6258,n8489,4,1.0,1.0,1.0
n6259,n11969,3,0.75,1.0,0.875
n626,n9480,4,1.0,1.0,1.0
n6260,n12624,4,1.0,1.0,1.0
n6261,n14153,4,1.0,1.0,1.0
n6262,n3172,3,0.75,1.0,0.875
n6263,n3175,4,1.0,1.0,1.0
n6264,n3179,3,0.75,1.0,0.875
n6265,n14820,3,0.75,1.0,0.875
n6266,n12660,4,1.0,1.0,1.0
n6267,n14945,3,0.75,1.0,0.875
n6268,n3181,4,1.0,1.0,1.0
n6269,n3183,3,0.75,1.0,0.875
n627,n2047,4,1.0,1.0,1.0
n6270,n8783,4,1.0,1.0,1.0
n6271,n3187,3,0.75,1.0,0.875
n6272,n3189,4,1.0,1.0,1.0
n6273,n3192,4,1.0,1.0,1.0
n6274,n8947,4,1.0,1.0,1.0
n6275,n3204,4,1.0,1.0,1.0
n6276,n12744,3,0.75,1.0,0.875
n6277,n17317,3,0.75,1.0,0.875
n6278,n12776,3,0.75,1.0,0.875
n6279,n17532,3,0.75,1.0,0.875
n628,n9664,4,1.0,1.0,1.0
n6280,n17650,4,1.0,1.0,1.0
n6281,n18064,4,1.0,1.0,1.0
n6282,n12828,4,1.0,1.0,1.0
n6283,n3229,4,1.0,1.0,1.0
n6284,n9415,4,1.0,1.0,1.0
n6285,n3239,4,1.0,1.0,1.0
n6286,n9569,4,1.0,1.0,1.0
n6287,n3246,1,0.25,1.0,0.625
n6288,n3247,4,1.0,1.0,1.0
n6289,n12894,4,1.0,1.0,1.0
n629,n9814,4,1.0,1.0,1.0
n6290,n9705,4,1.0,1.0,1.0
n6291,n9715,4,1.0,1.0,1.0
n6292,n9751,4,1.0,1.0,1.0
n6293,n9775,4,1.0,1.0,1.0
n6294,n9926,3,0.75,1.0,0.875
n6295,n19746,4,1.0,1.0,1.0
n6296,n19802,4,1.0,1.0,1.0
n6297,n3279,4,1.0,1.0,1.0
n6298,n12986,4,1.0,1.0,1.0
n6299,n3287,3,0.75,1.0,0.875
n63,n507,4,1.0,1.0,1.0
n630,n2071,3,0.75,1.0,0.875
n6300,n10137,4,1.0,1.0,1.0
n6301,n10178,4,1.0,1.0,1.0
n6302,n3299,3,0.75,1.0,0.875
n6303,n10336,4,1.0,1.0,1.0
n6304,n21575,3,0.75,1.0,0.875
n6305,n10519,4,1.0,1.0,1.0
n6306,n124,4,1.0,1.0,1.0
n6307,n3330,4,1.0,1.0,1.0
n6308,n13107,4,1.0,1.0,1.0
n6309,n13137,4,1.0,1.0,1.0
n6309,n698,3,0.75,0.75,0.75
n631,n8356,3,0.75,1.0,0.875
n6310,n752,4,1.0,1.0,1.0
n6311,n13144,4,1.0,1.0,1.0
n6312,n772,4,1.0,1.0,1.0
n6313,n13180,4,1.0,1.0,1.0
n6314,n1223,3,0.75,1.0,0.875
n6315,n1444,4,1.0,1.0,1.0
n6316,n10953,4,1.0,1.0,1.0
n6317,n10976,4,1.0,1.0,1.0
n6318,n3362,3,0.75,1.0,0.875
n6319,n10983,4,1.0,1.0,1.0
n632,n20888,3,0.75,1.0,0.875
n6320,n13231,4,1.0,1.0,1.0
n6321,n2210,3,0.75,1.0,0.875
n6322,n3376,4,1.0,1.0,1.0
n6323,n2518,4,1.0,1.0,1.0
n6324,n2538,3,0.75,1.0,0.875
n6325,n13267,4,1.0,1.0,1.0
n6326,n13279,3,0.75,1.0,0.875
n6327,n13284,4,1.0,1.0,1.0
n6328,n2823,4,1.0,1.0,1.0
n6329,n3386,4,1.0,1.0,1.0
n633,n10261,4,1.0,1.0,1.0
n6330,n11266,3,0.75,1.0,0.875
n6331,n13318,4,1.0,1.0,1.0
n6332,n3392,4,1.0,1.0,1.0
n6333,n11328,4,1.0,1.0,1.0
n6334,n3405,4,1.0,1.0,1.0
n6335,n13368,4,1.0,1.0,1.0
n6336,n13374,4,1.0,1.0,1.0
n6337,n3411,4,1.0,1.0,1.0
n6338,n3586,3,0.75,1.0,0.875
n6339,n3631,3,0.75,1.0,0.875
n634,n10425,4,1.0,1.0,1.0
n6340,n13380,3,0.75,1.0,0.875
n6341,n11447,4,1.0,1.0,1.0
n6342,n3414,3,0.75,1.0,0.875
n6343,n3709,4,1.0,1.0,1.0
n6344,n3775,3,0.75,1.0,0.875
n6345,n13393,4,1.0,1.0,1.0
n6346,n3419,4,1.0,1.0,1.0
n6347,n3424,4,1.0,1.0,1.0
n6348,n3425,4,1.0,1.0,1.0
n6349,n4118,4,1.0,1.0,1.0
n635,n8425,4,1.0,1.0,1.0
n6350,n13415,4,1.0,1.0,1.0
n6351,n11574,4,1.0,1.0,1.0
n6352,n4184,4,1.0,1.0,1.0
n6353,n11640,4,1.0,1.0,1.0
n6354,n13431,3,0.75,1.0,0.875
n6355,n4553,4,1.0,1.0,1.0
n6356,n3432,3,0.75,1.0,0.875
n6357,n11723,4,1.0,1.0,1.0
n6358,n3443,4,1.0,1.0,1.0
n6359,n5310,4,1.0,1.0,1.0
n636,n2093,4,1.0,1.0,1.0
n6360,n11792,4,1.0,1.0,1.0
n6361,n3458,4,1.0,1.0,1.0
n6362,n11890,4,1.0,1.0,1.0
n6363,n13508,4,1.0,1.0,1.0
n6364,n5757,4,1.0,1.0,1.0
n6365,n3462,4,1.0,1.0,1.0
n6366,n13516,4,1.0,1.0,1.0
n6367,n11936,3,0.75,1.0,0.875
n6368,n13528,4,1.0,1.0,1.0
n6369,n3483,4,1.0,1.0,1.0
n637,n8436,3,0.75,1.0,0.875
n6370,n12058,3,0.75,1.0,0.875
n6371,n6515,4,1.0,1.0,1.0
n6372,n12138,4,1.0,1.0,1.0
n6373,n12178,4,1.0,1.0,1.0
n6374,n13582,4,1.0,1.0,1.0
n6375,n12218,4,1.0,1.0,1.0
n6376,n3505,4,1.0,1.0,1.0
n6377,n12310,4,1.0,1.0,1.0
n6378,n13629,4,1.0,1.0,1.0
n6379,n13638,4,1.0,1.0,1.0
n638,n8468,4,1.0,1.0,1.0
n6380,n7666,4,1.0,1.0,1.0
n6381,n7674,4,1.0,1.0,1.0
n6382,n12407,3,0.75,1.0,0.875
n6383,n12431,3,0.75,1.0,0.875
n6384,n7850,3,0.75,1.0,0.875
n6385,n8268,4,1.0,1.0,1.0
n6386,n3528,4,1.0,1.0,1.0
n6387,n3531,4,1.0,1.0,1.0
n6388,n12652,4,1.0,1.0,1.0
n6389,n3537,4,1.0,1.0,1.0
n639,n2102,3,0.75,1.0,0.875
n6390,n13747,4,1.0,1.0,1.0
n6391,n13748,3,0.75,1.0,0.875
n6392,n13749,4,1.0,1.0,1.0
n6393,n13754,4,1.0,1.0,1.0
n6394,n13770,3,0.75,1.0,0.875
n6395,n9326,4,1.0,1.0,1.0
n6396,n9397,3,0.75,1.0,0.875
n6397,n13785,4,1.0,1.0,1.0
n6398,n9492,3,0.75,1.0,0.875
n6399,n9852,4,1.0,1.0,1.0
n64,n169,3,0.75,1.0,0.875
n640,n11486,4,1.0,1.0,1.0
n6400,n10130,4,1.0,1.0,1.0
n6401,n13019,4,1.0,1.0,1.0
n6402,n13855,4,1.0,1.0,1.0
n6403,n3571,4,1.0,1.0,1.0
n6404,n13046,3,0.75,1.0,0.875
n6405,n13073,3,0.75,1.0,0.875
n6406,n13129,4,1.0,1.0,1.0
n6407,n10712,3,0.75,1.0,0.875
n6408,n13890,3,0.75,1.0,0.875
n6409,n3584,4,1.0,1.0,1.0
n641,n6506,3,0.75,1.0,0.875
n6410,n13238,3,0.75,1.0,0.875
n6411,n13916,4,1.0,1.0,1.0
n6412,n13921,4,1.0,1.0,1.0
n6413,n13272,4,1.0,1.0,1.0
n6413,n13928,4,1.0,1.0,1.0
n6414,n3596,4,1.0,1.0,1.0
n6415,n13298,4,1.0,1.0,1.0
n6416,n3602,3,0.75,1.0,0.875
n6417,n13325,4,1.0,1.0,1.0
n6418,n3604,4,1.0,1.0,1.0
n6419,n11337,4,1.0,1.0,1.0
n642,n8620,4,1.0,1.0,1.0
n6420,n3612,3,0.75,1.0,0.875
n6421,n11468,3,0.75,1.0,0.875
n6422,n11495,4,1.0,1.0,1.0
n6423,n11535,4,1.0,1.0,1.0
n6424,n11552,4,1.0,1.0,1.0
n6425,n13422,4,1.0,1.0,1.0
n6426,n13982,3,0.75,1.0,0.875
n6427,n13439,3,0.75,1.0,0.875
n6428,n13452,3,0.75,1.0,0.875
n6429,n13459,4,1.0,1.0,1.0
n643,n15619,4,1.0,1.0,1.0
n6430,n3617,4,1.0,1.0,1.0
n6431,n3622,3,0.75,1.0,0.875
n6432,n13536,3,0.75,1.0,0.875
n6433,n12389,3,0.75,1.0,0.875
n6434,n14075,3,0.75,1.0,0.875
n6435,n3647,3,0.75,1.0,0.875
n6436,n3648,4,1.0,1.0,1.0
n6437,n14121,4,1.0,1.0,1.0
n6438,n13860,3,0.75,1.0,0.875
n6439,n13059,4,1.0,1.0,1.0
n644,n8677,4,1.0,1.0,1.0
n6440,n13338,4,1.0,1.0,1.0
n6441,n13966,3,0.75,1.0,0.875
n6442,n14162,3,0.75,1.0,0.875
n6443,n13973,3,0.75,1.0,0.875
n6444,n13558,3,0.75,1.0,0.875
n6445,n13681,3,0.75,1.0,0.875
n6446,n3666,4,1.0,1.0,1.0
n6447,n14213,3,0.75,1.0,0.875
n6448,n13953,4,1.0,1.0,1.0
n6449,n14411,4,1.0,1.0,1.0
n645,n14828,4,1.0,1.0,1.0
n6450,n3680,4,1.0,1.0,1.0
n6451,n15115,3,0.75,1.0,0.875
n6452,n14296,3,0.75,1.0,0.875
n6453,n14518,3,0.75,1.0,0.875
n6454,n14523,3,0.75,1.0,0.875
n6455,n14316,3,0.75,1.0,0.875
n6456,n3690,3,0.75,1.0,0.875
n6457,n3699,4,1.0,1.0,1.0
n6458,n14344,3,0.75,1.0,0.875
n6459,n14346,3,0.75,1.0,0.875
n646,n8686,4,1.0,1.0,1.0
n6460,n16026,4,1.0,1.0,1.0
n6461,n3703,4,1.0,1.0,1.0
n6462,n14378,3,0.75,1.0,0.875
n6463,n3705,3,0.75,1.0,0.875
n6464,n16627,4,1.0,1.0,1.0
n6465,n14405,4,1.0,1.0,1.0
n6465,n3715,3,0.75,0.75,0.75
n6466,n14408,4,1.0,1.0,1.0
n6467,n17245,3,0.75,1.0,0.875
n6468,n14965,3,0.75,1.0,0.875
n6469,n14975,3,0.75,0.75,0.75
n6469,n3721,4,1.0,1.0,1.0
n647,n2160,4,1.0,1.0,1.0
n6470,n14431,4,1.0,1.0,1.0
n6471,n14458,4,1.0,1.0,1.0
n6472,n14463,4,1.0,1.0,1.0
n6473,n14482,3,0.75,1.0,0.875
n6474,n14488,3,0.75,1.0,0.875
n6475,n18553,4,1.0,1.0,1.0
n6476,n14509,4,1.0,1.0,1.0
n6476,n15266,4,1.0,1.0,1.0
n6477,n3746,4,1.0,1.0,1.0
n6478,n3747,4,1.0,1.0,1.0
n6479,n18933,3,0.75,1.0,0.875
n648,n16049,4,1.0,1.0,1.0
n6480,n3754,4,1.0,1.0,1.0
n6481,n18976,3,0.75,1.0,0.875
n6482,n3757,3,0.75,1.0,0.875
n6483,n3759,3,0.75,1.0,0.875
n6484,n15426,4,1.0,1.0,1.0
n6485,n19460,4,1.0,1.0,1.0
n6486,n19532,4,1.0,1.0,1.0
n6487,n14593,3,0.75,1.0,0.875
n6488,n14598,4,1.0,1.0,1.0
n6489,n15591,3,0.75,0.75,0.75
n6489,n15592,4,1.0,1.0,1.0
n649,n548,4,1.0,1.0,1.0
n6490,n19987,4,1.0,1.0,1.0
n6491,n14618,4,1.0,1.0,1.0
n6492,n3779,4,1.0,1.0,1.0
n6493,n3781,4,1.0,1.0,1.0
n6494,n3783,4,1.0,1.0,1.0
n6495,n20623,4,1.0,1.0,1.0
n6496,n14644,4,1.0,1.0,1.0
n6497,n20757,3,0.75,1.0,0.875
n6498,n920,4,1.0,1.0,1.0
n6499,n1091,4,1.0,1.0,1.0
n65,n5795,4,1.0,1.0,1.0
n650,n754,4,1.0,1.0,1.0
n6500,n16179,3,0.75,1.0,0.875
n6501,n16330,4,1.0,1.0,1.0
n6502,n14767,4,1.0,1.0,1.0
n6503,n16450,3,0.75,1.0,0.875
n6504,n3851,3,0.75,1.0,0.875
n6505,n3852,4,1.0,1.0,1.0
n6506,n3862,3,0.75,1.0,0.875
n6507,n3871,4,1.0,1.0,1.0
n6508,n4653,3,0.75,1.0,0.875
n6509,n3883,4,1.0,1.0,1.0
n651,n16106,4,1.0,1.0,1.0
n6510,n5737,4,1.0,1.0,1.0
n6511,n3886,3,0.75,1.0,0.875
n6512,n5803,4,1.0,1.0,1.0
n6513,n17038,3,0.75,1.0,0.875
n6514,n3891,4,1.0,1.0,1.0
n6515,n17122,4,1.0,1.0,1.0
n6516,n3898,4,1.0,1.0,1.0
n6517,n17384,3,0.75,1.0,0.875
n6518,n7453,4,1.0,1.0,1.0
n6519,n7739,3,0.75,1.0,0.875
n652,n1513,4,1.0,1.0,1.0
n6520,n7759,4,1.0,1.0,1.0
n6521,n15015,4,1.0,1.0,1.0
n6522,n8310,4,1.0,1.0,1.0
n6523,n17689,4,1.0,1.0,1.0
n6524,n17792,4,1.0,1.0,1.0
n6525,n15087,4,1.0,1.0,1.0
n6526,n9168,4,1.0,1.0,1.0
n6527,n15106,4,1.0,1.0,1.0
n6528,n9350,4,1.0,1.0,1.0
n6529,n3937,4,1.0,1.0,1.0
n653,n2169,4,1.0,1.0,1.0
n6530,n15141,4,1.0,1.0,1.0
n6531,n15146,3,0.75,1.0,0.875
n6532,n18176,4,1.0,1.0,1.0
n6533,n10151,4,1.0,1.0,1.0
n6534,n3942,3,0.75,1.0,0.875
n6535,n15186,3,0.75,1.0,0.875
n6536,n15193,3,0.75,1.0,0.875
n6537,n15203,3,0.75,1.0,0.875
n6538,n3956,4,1.0,1.0,1.0
n6539,n11099,4,1.0,1.0,1.0
n654,n16292,4,1.0,1.0,1.0
n6540,n11162,4,1.0,1.0,1.0
n6541,n15230,4,1.0,1.0,1.0
n6542,n15237,4,1.0,1.0,1.0
n6543,n15240,4,1.0,1.0,1.0
n6544,n11322,4,1.0,1.0,1.0
n6545,n18568,4,1.0,1.0,1.0
n6546,n15267,4,1.0,1.0,1.0
n6547,n3970,3,0.75,1.0,0.875
n6548,n3986,3,0.75,1.0,0.875
n6549,n15320,4,1.0,1.0,1.0
n655,n8838,4,1.0,1.0,1.0
n6550,n12401,4,1.0,1.0,1.0
n6551,n15421,4,1.0,1.0,1.0
n6552,n15422,4,1.0,1.0,1.0
n6553,n13607,4,1.0,1.0,1.0
n6554,n19302,4,1.0,1.0,1.0
n6555,n15443,4,1.0,1.0,1.0
n6556,n4014,4,1.0,1.0,1.0
n6557,n4020,4,1.0,1.0,1.0
n6558,n14112,3,0.75,1.0,0.875
n6559,n15477,4,1.0,1.0,1.0
n656,n8843,4,1.0,1.0,1.0
n6560,n15491,4,1.0,1.0,1.0
n6561,n19552,4,1.0,1.0,1.0
n6562,n14624,4,1.0,1.0,1.0
n6563,n19740,3,0.75,1.0,0.875
n6564,n4041,4,1.0,1.0,1.0
n6565,n15076,4,1.0,1.0,1.0
n6566,n15562,4,1.0,1.0,1.0
n6567,n15569,4,1.0,1.0,1.0
n6568,n15294,4,1.0,1.0,1.0
n6569,n15332,4,1.0,1.0,1.0
n657,n2174,4,1.0,1.0,1.0
n6570,n4045,3,0.75,1.0,0.875
n6571,n19918,4,1.0,1.0,1.0
n6572,n4049,4,1.0,1.0,1.0
n6573,n15819,4,1.0,1.0,1.0
n6574,n20065,4,1.0,1.0,1.0
n6575,n20145,3,0.75,1.0,0.875
n6576,n16662,4,1.0,1.0,1.0
n6577,n16715,3,0.75,1.0,0.875
n6578,n16983,4,1.0,1.0,1.0
n6579,n20465,4,1.0,1.0,1.0
n658,n8867,4,1.0,1.0,1.0
n6580,n15688,4,1.0,1.0,1.0
n6581,n17293,4,1.0,1.0,1.0
n6582,n20562,3,0.75,1.0,0.875
n6583,n17533,4,1.0,1.0,1.0
n6584,n20643,4,1.0,1.0,1.0
n6585,n4096,4,1.0,1.0,1.0
n6586,n4098,3,0.75,1.0,0.875
n6587,n4099,3,0.75,1.0,0.875
n6588,n4100,4,1.0,1.0,1.0
n6589,n20984,4,1.0,1.0,1.0
n659,n2175,3,0.75,1.0,0.875
n6590,n15795,3,0.75,1.0,0.875
n6591,n19657,4,1.0,1.0,1.0
n6592,n4119,4,1.0,1.0,1.0
n6593,n15820,4,1.0,1.0,1.0
n6594,n4123,4,1.0,1.0,1.0
n6595,n4129,4,1.0,1.0,1.0
n6596,n21370,4,1.0,1.0,1.0
n6597,n15865,4,1.0,1.0,1.0
n6598,n21430,4,1.0,1.0,1.0
n6599,n20800,3,0.75,1.0,0.875
n66,n172,4,1.0,1.0,1.0
n660,n16420,4,1.0,1.0,1.0
n6600,n21591,4,1.0,1.0,1.0
n6601,n21596,4,1.0,1.0,1.0
n6602,n4140,4,1.0,1.0,1.0
n6603,n21189,4,1.0,1.0,1.0
n6604,n4145,3,0.75,1.0,0.875
n6605,n21508,4,1.0,1.0,1.0
n6606,n21808,3,0.75,1.0,0.875
n6607,n4153,4,1.0,1.0,1.0
n6608,n21855,4,1.0,1.0,1.0
n6609,n248,4,1.0,1.0,1.0
n661,n2543,4,1.0,1.0,1.0
n6610,n820,4,1.0,1.0,1.0
n6611,n4180,4,1.0,1.0,1.0
n6612,n4183,4,1.0,1.0,1.0
n6613,n1476,4,1.0,1.0,1.0
n6614,n2097,4,1.0,1.0,1.0
n6615,n4025,4,1.0,1.0,1.0
n6616,n4214,4,1.0,1.0,1.0
n6617,n4890,3,0.75,1.0,0.875
n6618,n1391,4,1.0,1.0,1.0
n6619,n1590,4,1.0,1.0,1.0
n662,n2679,4,1.0,1.0,1.0
n6620,n1663,3,0.75,1.0,0.875
n6621,n6625,4,1.0,1.0,1.0
n6622,n4255,4,1.0,1.0,1.0
n6623,n4256,4,1.0,1.0,1.0
n6624,n1970,4,1.0,1.0,1.0
n6625,n2017,4,1.0,1.0,1.0
n6626,n2060,4,1.0,1.0,1.0
n6627,n8364,4,1.0,1.0,1.0
n6628,n2176,4,1.0,1.0,1.0
n6629,n4276,4,1.0,1.0,1.0
n663,n2708,4,1.0,1.0,1.0
n6630,n2517,4,1.0,1.0,1.0
n6631,n10659,4,1.0,1.0,1.0
n6632,n4277,4,1.0,1.0,1.0
n6633,n4283,3,0.75,1.0,0.875
n6634,n2684,3,0.75,1.0,0.875
n6635,n2784,4,1.0,1.0,1.0
n6636,n2878,4,1.0,1.0,1.0
n6637,n4291,4,1.0,1.0,1.0
n6638,n3018,4,1.0,1.0,1.0
n6639,n12981,4,1.0,1.0,1.0
n664,n16556,4,1.0,1.0,1.0
n6640,n13547,4,1.0,1.0,1.0
n6641,n3905,4,1.0,1.0,1.0
n6642,n16622,4,1.0,1.0,1.0
n6643,n16631,4,1.0,1.0,1.0
n6644,n16284,3,0.75,1.0,0.875
n6645,n16755,4,1.0,1.0,1.0
n6646,n16714,4,1.0,1.0,1.0
n6647,n16727,3,0.75,1.0,0.875
n6648,n4532,4,1.0,1.0,1.0
n6649,n4364,4,1.0,1.0,1.0
n665,n4426,4,1.0,1.0,1.0
n6650,n19545,4,1.0,1.0,1.0
n6651,n16817,4,1.0,1.0,1.0
n6652,n5026,4,1.0,1.0,1.0
n6653,n4378,4,1.0,1.0,1.0
n6654,n4386,3,0.75,1.0,0.875
n6655,n16875,4,1.0,1.0,1.0
n6656,n21556,4,1.0,1.0,1.0
n6657,n16896,4,1.0,1.0,1.0
n6658,n5335,4,1.0,1.0,1.0
n6659,n4399,4,1.0,1.0,1.0
n666,n4504,4,1.0,1.0,1.0
n6660,n16979,4,1.0,1.0,1.0
n6661,n5695,4,1.0,1.0,1.0
n6662,n5797,4,1.0,1.0,1.0
n6663,n5808,4,1.0,1.0,1.0
n6664,n1923,4,1.0,1.0,1.0
n6665,n5904,4,1.0,1.0,1.0
n6666,n17048,4,1.0,1.0,1.0
n6667,n4436,3,0.75,1.0,0.875
n6668,n4440,3,0.75,1.0,0.875
n6669,n3015,4,1.0,1.0,1.0
n667,n16780,4,1.0,1.0,1.0
n6670,n4442,3,0.75,1.0,0.875
n6671,n4446,4,1.0,1.0,1.0
n6672,n17129,3,0.75,1.0,0.875
n6673,n4452,4,1.0,1.0,1.0
n6674,n4307,4,1.0,1.0,1.0
n6675,n17247,4,1.0,1.0,1.0
n6676,n6846,4,1.0,1.0,1.0
n6677,n5122,4,1.0,1.0,1.0
n6678,n5246,4,1.0,1.0,1.0
n6679,n6940,3,0.75,1.0,0.875
n668,n8973,4,1.0,1.0,1.0
n6680,n4479,4,1.0,1.0,1.0
n6681,n17372,3,0.75,1.0,0.875
n6682,n7329,4,1.0,1.0,1.0
n6683,n17409,4,1.0,1.0,1.0
n6684,n4496,4,1.0,1.0,1.0
n6685,n17418,3,0.75,1.0,0.875
n6686,n7564,4,1.0,1.0,1.0
n6687,n7525,4,1.0,1.0,1.0
n6688,n7550,4,1.0,1.0,1.0
n6689,n4512,4,1.0,1.0,1.0
n669,n8980,4,1.0,1.0,1.0
n6690,n17528,3,0.75,1.0,0.875
n6691,n7956,3,0.75,1.0,0.875
n6692,n4513,4,1.0,1.0,1.0
n6693,n7801,4,1.0,1.0,1.0
n6694,n17571,3,0.75,1.0,0.875
n6695,n4525,4,1.0,1.0,1.0
n6696,n17628,4,1.0,1.0,1.0
n6697,n4536,4,1.0,1.0,1.0
n6698,n9798,3,0.75,1.0,0.875
n6699,n9830,3,0.75,1.0,0.875
n67,n1588,4,1.0,1.0,1.0
n670,n16935,4,1.0,1.0,1.0
n6700,n4543,3,0.75,1.0,0.875
n6701,n4547,4,1.0,1.0,1.0
n6702,n10308,3,0.75,1.0,0.875
n6703,n4549,4,1.0,1.0,1.0
n6704,n11312,3,0.75,1.0,0.875
n6705,n11724,4,1.0,1.0,1.0
n6706,n17741,4,1.0,1.0,1.0
n6707,n8693,3,0.75,1.0,0.875
n6708,n16395,4,1.0,1.0,1.0
n6709,n16505,3,0.75,1.0,0.875
n671,n2190,4,1.0,1.0,1.0
n6710,n16738,4,1.0,1.0,1.0
n6711,n16803,4,1.0,1.0,1.0
n6712,n17908,3,0.75,1.0,0.875
n6713,n17465,4,1.0,1.0,1.0
n6714,n4590,4,1.0,1.0,1.0
n6715,n4592,4,1.0,1.0,1.0
n6716,n4595,3,0.75,1.0,0.875
n6717,n4602,4,1.0,1.0,1.0
n6718,n4605,4,1.0,1.0,1.0
n6719,n4610,4,1.0,1.0,1.0
n672,n9002,4,1.0,1.0,1.0
n6720,n4613,4,1.0,1.0,1.0
n6721,n9815,4,1.0,1.0,1.0
n6722,n9821,4,1.0,1.0,1.0
n6723,n19557,4,1.0,1.0,1.0
n6724,n9908,4,1.0,1.0,1.0
n6725,n9935,3,0.75,1.0,0.875
n6726,n10016,4,1.0,1.0,1.0
n6727,n10030,4,1.0,1.0,1.0
n6728,n20316,4,1.0,1.0,1.0
n6729,n10148,4,1.0,1.0,1.0
n673,n9024,4,1.0,1.0,1.0
n6730,n4630,4,1.0,1.0,1.0
n6731,n4632,4,1.0,1.0,1.0
n6732,n18192,3,0.75,1.0,0.875
n6733,n4635,3,0.75,1.0,0.875
n6734,n4647,4,1.0,1.0,1.0
n6735,n10346,4,1.0,1.0,1.0
n6736,n10383,4,1.0,1.0,1.0
n6737,n18255,4,1.0,1.0,1.0
n6738,n21359,4,1.0,1.0,1.0
n6739,n4657,4,1.0,1.0,1.0
n674,n9036,4,1.0,1.0,1.0
n6740,n21653,4,1.0,1.0,1.0
n6741,n10476,4,1.0,1.0,1.0
n6742,n21703,3,0.75,1.0,0.875
n6743,n10524,4,1.0,1.0,1.0
n6744,n18324,4,1.0,1.0,1.0
n6745,n4676,4,1.0,1.0,1.0
n6746,n4680,4,1.0,1.0,1.0
n6747,n10778,4,1.0,1.0,1.0
n6748,n18387,4,1.0,1.0,1.0
n6749,n4684,4,1.0,1.0,1.0
n675,n6245,4,1.0,1.0,1.0
n6750,n18449,3,0.75,1.0,0.875
n6751,n4704,4,1.0,1.0,1.0
n6752,n11120,4,1.0,1.0,1.0
n6753,n4713,4,1.0,1.0,1.0
n6754,n11209,4,1.0,1.0,1.0
n6755,n11250,4,1.0,1.0,1.0
n6756,n2966,4,1.0,1.0,1.0
n6757,n4722,3,0.75,1.0,0.875
n6758,n11286,3,0.75,1.0,0.875
n6759,n3661,3,0.75,1.0,0.875
n676,n2194,3,0.75,1.0,0.875
n6760,n3863,3,0.75,1.0,0.875
n6761,n11546,3,0.75,1.0,0.875
n6762,n4261,4,1.0,1.0,1.0
n6763,n11615,4,1.0,1.0,1.0
n6764,n18649,4,1.0,1.0,1.0
n6765,n4457,4,1.0,1.0,1.0
n6766,n4739,3,0.75,1.0,0.875
n6767,n4750,3,0.75,1.0,0.875
n6768,n18720,3,0.75,1.0,0.875
n6769,n11817,4,1.0,1.0,1.0
n677,n17654,3,0.75,1.0,0.875
n6770,n4756,4,1.0,1.0,1.0
n6771,n5463,4,1.0,1.0,1.0
n6772,n18745,4,1.0,1.0,1.0
n6773,n4762,3,0.75,1.0,0.875
n6774,n4764,4,1.0,1.0,1.0
n6775,n4767,3,0.75,1.0,0.875
n6776,n6567,4,1.0,1.0,1.0
n6777,n6572,4,1.0,1.0,1.0
n6778,n6587,3,0.75,1.0,0.875
n6779,n4774,4,1.0,1.0,1.0
n678,n17867,4,1.0,1.0,1.0
n6780,n6774,4,1.0,1.0,1.0
n6781,n12200,4,1.0,1.0,1.0
n6782,n4777,4,1.0,1.0,1.0
n6783,n4781,4,1.0,1.0,1.0
n6784,n7492,4,1.0,1.0,1.0
n6785,n18897,4,1.0,1.0,1.0
n6786,n18928,4,1.0,1.0,1.0
n6787,n12485,4,1.0,1.0,1.0
n6788,n8224,4,1.0,1.0,1.0
n6789,n18962,3,0.75,1.0,0.875
n679,n9302,4,1.0,1.0,1.0
n6790,n4799,4,1.0,1.0,1.0
n6791,n4805,4,1.0,1.0,1.0
n6792,n12921,4,1.0,1.0,1.0
n6793,n19079,4,1.0,1.0,1.0
n6794,n13035,3,0.75,1.0,0.875
n6795,n10275,3,0.75,1.0,0.875
n6796,n4823,4,1.0,1.0,1.0
n6797,n13091,4,1.0,1.0,1.0
n6798,n13106,4,1.0,1.0,1.0
n6799,n4832,4,1.0,1.0,1.0
n68,n182,4,1.0,1.0,1.0
n680,n9403,4,1.0,1.0,1.0
n6800,n11131,4,1.0,1.0,1.0
n6800,n4836,4,1.0,1.0,1.0
n6801,n4844,4,1.0,1.0,1.0
n6802,n4851,4,1.0,1.0,1.0
n6803,n12147,3,0.75,1.0,0.875
n6804,n13577,4,1.0,1.0,1.0
n6805,n13651,3,0.75,1.0,0.875
n6806,n13699,3,0.75,1.0,0.875
n6807,n19337,4,1.0,1.0,1.0
n6808,n12993,4,1.0,1.0,1.0
n6809,n13908,4,1.0,1.0,1.0
n681,n9324,4,1.0,1.0,1.0
n6810,n19433,3,0.75,1.0,0.875
n6811,n4888,4,1.0,1.0,1.0
n6812,n4889,4,1.0,1.0,1.0
n6813,n14237,3,0.75,1.0,0.875
n6814,n4899,4,1.0,1.0,1.0
n6815,n14338,4,1.0,1.0,1.0
n6816,n14384,4,1.0,1.0,1.0
n6817,n19571,4,1.0,1.0,1.0
n6818,n4915,4,1.0,1.0,1.0
n6819,n4923,4,1.0,1.0,1.0
n682,n2250,4,1.0,1.0,1.0
n6820,n15581,3,0.75,1.0,0.875
n6821,n4926,3,0.75,1.0,0.875
n6822,n14615,4,1.0,1.0,1.0
n6823,n19624,4,1.0,1.0,1.0
n6824,n16037,4,1.0,1.0,1.0
n6825,n19644,4,1.0,1.0,1.0
n6826,n19688,3,0.75,1.0,0.875
n6827,n14840,4,1.0,1.0,1.0
n6828,n4949,3,0.75,1.0,0.875
n6829,n19729,4,1.0,1.0,1.0
n683,n18238,4,1.0,1.0,1.0
n6830,n14948,4,1.0,1.0,1.0
n6831,n4957,4,1.0,1.0,1.0
n6832,n19777,4,1.0,1.0,1.0
n6833,n19824,4,1.0,1.0,1.0
n6834,n4967,3,0.75,1.0,0.875
n6835,n15221,4,1.0,1.0,1.0
n6836,n18627,3,0.75,1.0,0.875
n6837,n4975,3,0.75,1.0,0.875
n6838,n18856,3,0.75,0.75,0.75
n6838,n19865,4,1.0,1.0,1.0
n6839,n4986,4,1.0,1.0,1.0
n684,n18264,4,1.0,1.0,1.0
n6840,n19227,4,1.0,1.0,1.0
n6841,n19247,3,0.75,1.0,0.875
n6842,n4991,3,0.75,1.0,0.875
n6843,n19677,4,1.0,1.0,1.0
n6844,n19836,3,0.75,1.0,0.875
n6845,n19956,4,1.0,1.0,1.0
n6846,n19974,4,1.0,1.0,1.0
n6847,n5007,4,1.0,1.0,1.0
n6848,n20017,3,0.75,1.0,0.875
n6849,n20851,4,1.0,1.0,1.0
n685,n9420,4,1.0,1.0,1.0
n6850,n15785,4,1.0,1.0,1.0
n6851,n5013,4,1.0,1.0,1.0
n6852,n21121,4,1.0,1.0,1.0
n6853,n21328,4,1.0,1.0,1.0
n6854,n5016,4,1.0,1.0,1.0
n6855,n5019,4,1.0,1.0,1.0
n6856,n20093,3,0.75,1.0,0.875
n6857,n20104,4,1.0,1.0,1.0
n6858,n755,4,1.0,1.0,1.0
n6859,n815,4,1.0,1.0,1.0
n686,n18337,4,1.0,1.0,1.0
n6860,n20162,4,1.0,1.0,1.0
n6861,n1069,3,0.75,1.0,0.875
n6862,n16183,3,0.75,1.0,0.875
n6863,n1963,4,1.0,1.0,1.0
n6864,n5052,3,0.75,1.0,0.875
n6865,n5053,3,0.75,1.0,0.875
n6866,n20237,3,0.75,1.0,0.875
n6867,n5058,4,1.0,1.0,1.0
n6868,n5061,4,1.0,1.0,1.0
n6869,n20321,4,1.0,1.0,1.0
n687,n9430,4,1.0,1.0,1.0
n6870,n5079,3,0.75,1.0,0.875
n6871,n4295,4,1.0,1.0,1.0
n6872,n16735,3,0.75,1.0,0.875
n6873,n16754,4,1.0,1.0,1.0
n6874,n5091,4,1.0,1.0,1.0
n6875,n20412,3,0.75,1.0,0.875
n6876,n5098,4,1.0,1.0,1.0
n6877,n16932,4,1.0,1.0,1.0
n6878,n5101,4,1.0,1.0,1.0
n6879,n20456,4,1.0,1.0,1.0
n688,n9439,3,0.75,1.0,0.875
n6880,n17051,3,0.75,1.0,0.875
n6881,n5111,3,0.75,1.0,0.875
n6882,n6286,4,1.0,1.0,1.0
n6883,n17198,4,1.0,1.0,1.0
n6884,n20545,4,1.0,1.0,1.0
n6885,n20549,3,0.75,1.0,0.875
n6886,n20554,3,0.75,1.0,0.875
n6887,n17316,4,1.0,1.0,1.0
n6888,n17352,4,1.0,1.0,1.0
n6889,n17382,3,0.75,1.0,0.875
n689,n18401,4,1.0,1.0,1.0
n6890,n5138,4,1.0,1.0,1.0
n6891,n5139,4,1.0,1.0,1.0
n6892,n20649,4,1.0,1.0,1.0
n6893,n5142,4,1.0,1.0,1.0
n6894,n17645,4,1.0,1.0,1.0
n6895,n5144,3,0.75,1.0,0.875
n6896,n8418,4,1.0,1.0,1.0
n6897,n8749,4,1.0,1.0,1.0
n6898,n9165,4,1.0,1.0,1.0
n6899,n20747,4,1.0,1.0,1.0
n69,n1758,4,1.0,1.0,1.0
n690,n9527,4,1.0,1.0,1.0
n6900,n20802,4,1.0,1.0,1.0
n6901,n20811,4,1.0,1.0,1.0
n6902,n10418,4,1.0,1.0,1.0
n6903,n11938,3,0.75,1.0,0.875
n6904,n5196,4,1.0,1.0,1.0
n6905,n5204,4,1.0,1.0,1.0
n6906,n12528,4,1.0,1.0,1.0
n6907,n18952,4,1.0,1.0,1.0
n6908,n5211,4,1.0,1.0,1.0
n6909,n5214,4,1.0,1.0,1.0
n691,n18605,4,1.0,1.0,1.0
n6910,n13696,4,1.0,1.0,1.0
n6911,n19375,3,0.75,1.0,0.875
n6912,n14345,4,1.0,1.0,1.0
n6913,n19553,4,1.0,1.0,1.0
n6914,n19640,4,1.0,1.0,1.0
n6915,n21157,4,1.0,1.0,1.0
n6916,n21167,4,1.0,1.0,1.0
n6917,n19780,4,1.0,1.0,1.0
n6918,n15197,4,1.0,1.0,1.0
n6919,n21205,3,0.75,1.0,0.875
n692,n9555,4,1.0,1.0,1.0
n6920,n5247,4,1.0,1.0,1.0
n6921,n21223,4,1.0,1.0,1.0
n6922,n5252,4,1.0,1.0,1.0
n6923,n20080,4,1.0,1.0,1.0
n6924,n20139,4,1.0,1.0,1.0
n6925,n21277,4,1.0,1.0,1.0
n6926,n16164,4,1.0,1.0,1.0
n6927,n20259,3,0.75,1.0,0.875
n6928,n5274,4,1.0,1.0,1.0
n6929,n5280,4,1.0,1.0,1.0
n693,n18743,4,1.0,1.0,1.0
n6930,n5289,4,1.0,1.0,1.0
n6931,n17030,4,1.0,1.0,1.0
n6932,n20506,4,1.0,1.0,1.0
n6933,n21393,4,1.0,1.0,1.0
n6934,n17300,4,1.0,1.0,1.0
n6935,n20575,4,1.0,1.0,1.0
n6936,n17400,4,1.0,1.0,1.0
n6937,n5302,4,1.0,1.0,1.0
n6938,n21426,4,1.0,1.0,1.0
n6939,n5309,4,1.0,1.0,1.0
n694,n18830,4,1.0,1.0,1.0
n6940,n20724,3,0.75,1.0,0.875
n6941,n17981,4,1.0,1.0,1.0
n6942,n21478,4,1.0,1.0,1.0
n6943,n18202,3,0.75,1.0,0.875
n6944,n20933,4,1.0,1.0,1.0
n6945,n18758,4,1.0,1.0,1.0
n6946,n5332,4,1.0,1.0,1.0
n6947,n21022,4,1.0,1.0,1.0
n6948,n21220,4,1.0,1.0,1.0
n6949,n20586,4,1.0,1.0,1.0
n695,n9624,4,1.0,1.0,1.0
n6950,n20785,4,1.0,1.0,1.0
n6951,n5377,3,0.75,1.0,0.875
n6952,n21830,4,1.0,1.0,1.0
n6953,n21842,4,1.0,1.0,1.0
n6954,n21846,4,1.0,1.0,1.0
n6955,n21666,4,1.0,1.0,1.0
n6956,n21829,4,1.0,1.0,1.0
n6957,n21868,4,1.0,1.0,1.0
n6958,n36,4,1.0,1.0,1.0
n6959,n437,4,1.0,1.0,1.0
n696,n12337,3,0.75,1.0,0.875
n6960,n485,4,1.0,1.0,1.0
n6961,n64,3,0.75,1.0,0.875
n6962,n5422,4,1.0,1.0,1.0
n6963,n76,4,1.0,1.0,1.0
n6964,n856,4,1.0,1.0,1.0
n6965,n5430,4,1.0,1.0,1.0
n6966,n5437,4,1.0,1.0,1.0
n6967,n146,4,1.0,1.0,1.0
n6968,n165,4,1.0,1.0,1.0
n6969,n611,4,1.0,1.0,1.0
n697,n18905,3,0.75,1.0,0.875
n6970,n238,4,1.0,1.0,1.0
n6971,n771,4,1.0,1.0,1.0
n6972,n2721,3,0.75,1.0,0.875
n6973,n5464,3,0.75,1.0,0.875
n6974,n283,4,1.0,1.0,1.0
n6975,n853,4,1.0,1.0,1.0
n6976,n285,4,1.0,1.0,1.0
n6977,n292,4,1.0,1.0,1.0
n6978,n882,4,1.0,1.0,1.0
n6979,n5475,4,1.0,1.0,1.0
n698,n12758,3,0.75,1.0,0.875
n6980,n1110,4,1.0,1.0,1.0
n6981,n350,3,0.75,0.75,0.75
n6981,n4092,4,1.0,1.0,1.0
n6982,n5487,4,1.0,1.0,1.0
n6983,n4313,4,1.0,1.0,1.0
n6984,n1246,3,0.75,1.0,0.875
n6985,n4576,4,1.0,1.0,1.0
n6986,n417,3,0.75,1.0,0.875
n6987,n5003,3,0.75,1.0,0.875
n6988,n5502,4,1.0,1.0,1.0
n6989,n5504,4,1.0,1.0,1.0
n699,n9696,4,1.0,1.0,1.0
n6990,n5414,4,1.0,1.0,1.0
n6991,n1518,4,1.0,1.0,1.0
n6992,n574,4,1.0,1.0,1.0
n6993,n7028,4,1.0,1.0,1.0
n6994,n5530,4,1.0,1.0,1.0
n6995,n8389,4,1.0,1.0,1.0
n6996,n5536,4,1.0,1.0,1.0
n6997,n638,4,1.0,1.0,1.0
n6998,n2122,4,1.0,1.0,1.0
n6999,n5544,4,1.0,1.0,1.0
n7,n11,4,1.0,1.0,1.0
n70,n1766,4,1.0,1.0,1.0
n700,n19038,4,1.0,1.0,1.0
n7000,n689,4,1.0,1.0,1.0
n7001,n5551,4,1.0,1.0,1.0
n7002,n2522,4,1.0,1.0,1.0
n7003,n11047,4,1.0,1.0,1.0
n7004,n796,4,1.0,1.0,1.0
n7005,n919,4,1.0,1.0,1.0
n7006,n3370,3,0.75,1.0,0.875
n7007,n977,4,1.0,1.0,1.0
n7008,n3673,4,1.0,1.0,1.0
n7009,n998,4,1.0,1.0,1.0
n701,n19281,4,1.0,1.0,1.0
n7010,n1001,4,1.0,1.0,1.0
n7011,n1011,4,1.0,1.0,1.0
n7012,n14402,4,1.0,1.0,1.0
n7013,n14445,4,1.0,1.0,1.0
n7014,n1024,4,1.0,1.0,1.0
n7015,n3929,4,1.0,1.0,1.0
n7016,n3943,4,1.0,1.0,1.0
n7017,n4038,4,1.0,1.0,1.0
n7018,n1142,4,1.0,1.0,1.0
n7019,n16233,4,1.0,1.0,1.0
n702,n2329,4,1.0,1.0,1.0
n7020,n4271,4,1.0,1.0,1.0
n7021,n16634,4,1.0,1.0,1.0
n7022,n4402,4,1.0,1.0,1.0
n7023,n5649,4,1.0,1.0,1.0
n7024,n18260,4,1.0,1.0,1.0
n7025,n1280,4,1.0,1.0,1.0
n7026,n4780,3,0.75,1.0,0.875
n7027,n19973,4,1.0,1.0,1.0
n7028,n5674,4,1.0,1.0,1.0
n7029,n5675,4,1.0,1.0,1.0
n703,n19380,4,1.0,1.0,1.0
n7030,n20770,4,1.0,1.0,1.0
n7031,n5173,4,1.0,1.0,1.0
n7032,n5690,4,1.0,1.0,1.0
n7033,n5429,4,1.0,1.0,1.0
n7034,n1489,4,1.0,1.0,1.0
n7035,n1492,3,0.75,1.0,0.875
n7036,n5666,4,1.0,1.0,1.0
n7037,n5730,3,0.75,1.0,0.875
n7038,n5951,4,1.0,1.0,1.0
n7039,n5742,3,0.75,1.0,0.875
n704,n9885,4,1.0,1.0,1.0
n7040,n5743,4,1.0,1.0,1.0
n7041,n6143,4,1.0,1.0,1.0
n7042,n6154,4,1.0,1.0,1.0
n7043,n6182,4,1.0,1.0,1.0
n7044,n6289,4,1.0,1.0,1.0
n7045,n5758,3,0.75,1.0,0.875
n7046,n5761,3,0.75,1.0,0.875
n7047,n6473,3,0.75,1.0,0.875
n7048,n3740,4,1.0,1.0,1.0
n7049,n5765,3,0.75,1.0,0.875
n705,n9922,4,1.0,1.0,1.0
n7050,n1731,4,1.0,1.0,1.0
n7051,n1768,4,1.0,1.0,1.0
n7052,n5785,4,1.0,1.0,1.0
n7053,n6792,4,1.0,1.0,1.0
n7054,n5018,3,0.75,1.0,0.875
n7055,n5107,4,1.0,1.0,1.0
n7056,n5799,4,1.0,1.0,1.0
n7057,n5800,4,1.0,1.0,1.0
n7058,n1823,4,1.0,1.0,1.0
n7059,n1828,4,1.0,1.0,1.0
n706,n9924,3,0.75,1.0,0.875
n7060,n7059,4,1.0,1.0,1.0
n7061,n1846,3,0.75,1.0,0.875
n7062,n6132,4,1.0,1.0,1.0
n7063,n1849,3,0.75,1.0,0.875
n7064,n1851,4,1.0,1.0,1.0
n7065,n5813,4,1.0,1.0,1.0
n7066,n6392,4,1.0,1.0,1.0
n7067,n1873,4,1.0,1.0,1.0
n7068,n1874,3,0.75,1.0,0.875
n7069,n1889,4,1.0,1.0,1.0
n707,n2358,4,1.0,1.0,1.0
n7070,n1890,4,1.0,1.0,1.0
n7071,n6894,4,1.0,1.0,1.0
n7072,n1903,4,1.0,1.0,1.0
n7073,n7466,4,1.0,1.0,1.0
n7074,n7213,3,0.75,1.0,0.875
n7075,n5828,4,1.0,1.0,1.0
n7076,n1939,4,1.0,1.0,1.0
n7077,n1942,4,1.0,1.0,1.0
n7078,n5831,3,0.75,1.0,0.875
n7079,n1952,4,1.0,1.0,1.0
n708,n19829,3,0.75,1.0,0.875
n7080,n1956,4,1.0,1.0,1.0
n7081,n7615,4,1.0,1.0,1.0
n7082,n5836,3,0.75,1.0,0.875
n7083,n7713,4,1.0,1.0,1.0
n7084,n5842,4,1.0,1.0,1.0
n7085,n5843,4,1.0,1.0,1.0
n7086,n8433,4,1.0,1.0,1.0
n7087,n8509,4,1.0,1.0,1.0
n7088,n2003,4,1.0,1.0,1.0
n7089,n8635,4,1.0,1.0,1.0
n709,n9951,4,1.0,1.0,1.0
n7090,n9064,4,1.0,1.0,1.0
n7091,n2033,4,1.0,1.0,1.0
n7092,n5874,3,0.75,1.0,0.875
n7093,n8186,3,0.75,1.0,0.875
n7094,n5879,4,1.0,1.0,1.0
n7095,n9904,4,1.0,1.0,1.0
n7096,n5883,4,1.0,1.0,1.0
n7097,n10014,4,1.0,1.0,1.0
n7098,n10086,4,1.0,1.0,1.0
n7099,n8403,3,0.75,1.0,0.875
n71,n7126,4,1.0,1.0,1.0
n710,n2365,4,1.0,1.0,1.0
n7100,n8490,3,0.75,1.0,0.875
n7101,n11928,4,1.0,1.0,1.0
n7102,n2116,4,1.0,1.0,1.0
n7103,n8562,4,1.0,1.0,1.0
n7104,n5909,3,0.75,1.0,0.875
n7105,n13024,3,0.75,1.0,0.875
n7106,n8619,3,0.75,1.0,0.875
n7107,n5916,3,0.75,1.0,0.875
n7108,n5919,4,1.0,1.0,1.0
n7109,n5920,4,1.0,1.0,1.0
n711,n10050,4,1.0,1.0,1.0
n7110,n8713,3,0.75,1.0,0.875
n7111,n2149,4,1.0,1.0,1.0
n7112,n15652,4,1.0,1.0,1.0
n7113,n5928,4,1.0,1.0,1.0
n7114,n8758,4,1.0,1.0,1.0
n7115,n16255,3,0.75,1.0,0.875
n7116,n8863,4,1.0,1.0,1.0
n7117,n16498,4,1.0,1.0,1.0
n7118,n16945,4,1.0,1.0,1.0
n7119,n5944,3,0.75,1.0,0.875
n712,n10060,4,1.0,1.0,1.0
n7120,n5946,4,1.0,1.0,1.0
n7121,n17605,3,0.75,1.0,0.875
n7122,n5949,4,1.0,1.0,1.0
n7123,n2230,4,1.0,1.0,1.0
n7124,n2246,4,1.0,1.0,1.0
n7125,n9343,3,0.75,1.0,0.875
n7126,n2262,4,1.0,1.0,1.0
n7127,n18538,4,1.0,1.0,1.0
n7128,n18618,3,0.75,1.0,0.875
n7129,n2285,4,1.0,1.0,1.0
n713,n2393,4,1.0,1.0,1.0
n7130,n5965,4,1.0,1.0,1.0
n7131,n5968,4,1.0,1.0,1.0
n7132,n2300,4,1.0,1.0,1.0
n7133,n5988,4,1.0,1.0,1.0
n7134,n2314,4,1.0,1.0,1.0
n7135,n5989,3,0.75,1.0,0.875
n7136,n19260,4,1.0,1.0,1.0
n7137,n5995,4,1.0,1.0,1.0
n7138,n2363,4,1.0,1.0,1.0
n7139,n6004,4,1.0,1.0,1.0
n714,n17392,4,1.0,1.0,1.0
n7140,n2369,3,0.75,1.0,0.875
n7141,n20267,4,1.0,1.0,1.0
n7142,n20268,4,1.0,1.0,1.0
n7143,n6016,4,1.0,1.0,1.0
n7144,n2418,4,1.0,1.0,1.0
n7145,n10206,4,1.0,1.0,1.0
n7146,n2435,3,0.75,1.0,0.875
n7147,n20927,4,1.0,1.0,1.0
n7148,n2457,3,0.75,1.0,0.875
n7149,n2490,4,1.0,1.0,1.0
n715,n20637,4,1.0,1.0,1.0
n7150,n10538,4,1.0,1.0,1.0
n7151,n635,4,1.0,1.0,1.0
n7152,n715,4,1.0,1.0,1.0
n7153,n729,4,1.0,1.0,1.0
n7154,n6059,3,0.75,1.0,0.875
n7155,n2560,4,1.0,1.0,1.0
n7156,n897,4,1.0,1.0,1.0
n7157,n1061,3,0.75,1.0,0.875
n7158,n6070,3,0.75,1.0,0.875
n7159,n1252,4,1.0,1.0,1.0
n716,n2416,4,1.0,1.0,1.0
n7160,n6071,4,1.0,1.0,1.0
n7161,n6072,4,1.0,1.0,1.0
n7162,n10857,4,1.0,1.0,1.0
n7163,n6075,4,1.0,1.0,1.0
n7164,n2630,3,0.75,1.0,0.875
n7165,n1658,4,1.0,1.0,1.0
n7166,n1788,3,0.75,1.0,0.875
n7167,n1790,4,1.0,1.0,1.0
n7168,n11069,4,1.0,1.0,1.0
n7169,n11080,4,1.0,1.0,1.0
n717,n10186,3,0.75,1.0,0.875
n7170,n11122,4,1.0,1.0,1.0
n7171,n2695,4,1.0,1.0,1.0
n7172,n2723,4,1.0,1.0,1.0
n7173,n11225,4,1.0,1.0,1.0
n7174,n2888,3,0.75,1.0,0.875
n7175,n2975,4,1.0,1.0,1.0
n7176,n11287,4,1.0,1.0,1.0
n7177,n11300,4,1.0,1.0,1.0
n7178,n6117,4,1.0,1.0,1.0
n7179,n3434,3,0.75,1.0,0.875
n718,n2425,3,0.75,1.0,0.875
n7180,n11389,3,0.75,1.0,0.875
n7181,n6126,4,1.0,1.0,1.0
n7182,n2816,4,1.0,1.0,1.0
n7183,n11536,4,1.0,1.0,1.0
n7184,n11556,4,1.0,1.0,1.0
n7185,n11572,3,0.75,1.0,0.875
n7186,n2841,4,1.0,1.0,1.0
n7187,n2874,4,1.0,1.0,1.0
n7188,n4810,4,1.0,1.0,1.0
n7189,n2891,4,1.0,1.0,1.0
n719,n10256,4,1.0,1.0,1.0
n7190,n2897,4,1.0,1.0,1.0
n7191,n5411,3,0.75,1.0,0.875
n7192,n6165,4,1.0,1.0,1.0
n7193,n2954,4,1.0,1.0,1.0
n7194,n6166,4,1.0,1.0,1.0
n7195,n5892,4,1.0,1.0,1.0
n7196,n2973,4,1.0,1.0,1.0
n7197,n11961,4,1.0,1.0,1.0
n7197,n6025,4,1.0,1.0,1.0
n7198,n6512,4,1.0,1.0,1.0
n7199,n6514,4,1.0,1.0,1.0
n72,n589,3,0.75,1.0,0.875
n720,n10265,4,1.0,1.0,1.0
n7200,n6189,4,1.0,1.0,1.0
n7201,n6623,4,1.0,1.0,1.0
n7202,n6744,4,1.0,1.0,1.0
n7203,n6847,4,1.0,1.0,1.0
n7204,n6200,3,0.75,1.0,0.875
n7205,n6986,3,0.75,1.0,0.875
n7206,n7105,3,0.75,1.0,0.875
n7207,n3062,3,0.75,1.0,0.875
n7208,n6209,4,1.0,1.0,1.0
n7209,n7445,4,1.0,1.0,1.0
n721,n2440,3,0.75,1.0,0.875
n7210,n6221,4,1.0,1.0,1.0
n7211,n12333,3,0.75,1.0,0.875
n7212,n12345,4,1.0,1.0,1.0
n7213,n7635,3,0.75,1.0,0.875
n7214,n6231,3,0.75,1.0,0.875
n7215,n6235,4,1.0,1.0,1.0
n7216,n12483,4,1.0,1.0,1.0
n7217,n6239,3,0.75,1.0,0.875
n7218,n6246,3,0.75,1.0,0.875
n7219,n12550,4,1.0,1.0,1.0
n722,n19273,4,1.0,1.0,1.0
n7220,n8302,4,1.0,1.0,1.0
n7221,n8307,4,1.0,1.0,1.0
n7222,n12606,4,1.0,1.0,1.0
n7223,n3162,3,0.75,1.0,0.875
n7224,n8549,4,1.0,1.0,1.0
n7225,n12650,3,0.75,1.0,0.875
n7226,n6265,3,0.75,1.0,0.875
n7227,n8794,3,0.75,1.0,0.875
n7228,n3188,4,1.0,1.0,1.0
n7229,n8942,4,1.0,1.0,1.0
n723,n2445,4,1.0,1.0,1.0
n7230,n12815,4,1.0,1.0,1.0
n7231,n6287,1,0.25,1.0,0.625
n7232,n3249,4,1.0,1.0,1.0
n7233,n9635,3,0.75,1.0,0.875
n7234,n9661,3,0.75,1.0,0.875
n7235,n3255,3,0.75,1.0,0.875
n7236,n6298,4,1.0,1.0,1.0
n7237,n3288,4,1.0,1.0,1.0
n7238,n10155,4,1.0,1.0,1.0
n7239,n3331,4,1.0,1.0,1.0
n724,n2448,4,1.0,1.0,1.0
n7240,n13111,3,0.75,1.0,0.875
n7241,n13263,3,0.75,1.0,0.875
n7242,n3380,4,1.0,1.0,1.0
n7243,n3411,4,1.0,1.0,1.0
n7244,n13385,4,1.0,1.0,1.0
n7244,n6342,3,0.75,0.75,0.75
n7245,n3425,4,1.0,1.0,1.0
n7246,n11675,4,1.0,1.0,1.0
n7247,n3459,4,1.0,1.0,1.0
n7248,n6366,4,1.0,1.0,1.0
n7249,n11959,4,1.0,1.0,1.0
n725,n21127,4,1.0,1.0,1.0
n7250,n13652,4,1.0,1.0,1.0
n7251,n6389,4,1.0,1.0,1.0
n7252,n13777,3,0.75,1.0,0.875
n7253,n12786,4,1.0,1.0,1.0
n7254,n12830,3,0.75,1.0,0.875
n7255,n12910,4,1.0,1.0,1.0
n7256,n3561,4,1.0,1.0,1.0
n7257,n13825,4,1.0,1.0,1.0
n7257,n13826,4,1.0,1.0,1.0
n7257,n3564,4,1.0,1.0,1.0
n7258,n6407,3,0.75,1.0,0.875
n7259,n6411,4,1.0,1.0,1.0
n726,n10376,4,1.0,1.0,1.0
n7260,n13364,4,1.0,1.0,1.0
n7261,n3613,3,0.75,1.0,0.875
n7262,n6422,4,1.0,1.0,1.0
n7263,n6426,3,0.75,1.0,0.875
n7264,n14046,3,0.75,1.0,0.875
n7265,n14055,4,1.0,1.0,1.0
n7266,n14107,3,0.75,1.0,0.875
n7267,n14156,3,0.75,1.0,0.875
n7267,n14157,3,0.75,1.0,0.875
n7268,n14050,4,1.0,1.0,1.0
n7269,n6448,4,1.0,1.0,1.0
n727,n21267,4,1.0,1.0,1.0
n7270,n14287,3,0.75,1.0,0.875
n7271,n6450,4,1.0,1.0,1.0
n7272,n3689,4,1.0,1.0,1.0
n7273,n3693,4,1.0,1.0,1.0
n7274,n6460,4,1.0,1.0,1.0
n7275,n14359,3,0.75,1.0,0.875
n7276,n14733,4,1.0,1.0,1.0
n7277,n14769,4,1.0,1.0,1.0
n7278,n6465,4,1.0,1.0,1.0
n7279,n14413,4,1.0,1.0,1.0
n728,n21735,4,1.0,1.0,1.0
n7280,n6467,3,0.75,1.0,0.875
n7281,n15036,4,1.0,1.0,1.0
n7282,n14456,4,1.0,1.0,1.0
n7283,n14514,4,1.0,1.0,1.0
n7284,n6482,3,0.75,1.0,0.875
n7285,n14577,3,0.75,1.0,0.875
n7286,n6494,4,1.0,1.0,1.0
n7287,n6497,3,0.75,1.0,0.875
n7288,n15773,4,1.0,1.0,1.0
n7289,n3791,4,1.0,1.0,1.0
n729,n10508,4,1.0,1.0,1.0
n7290,n15991,4,1.0,1.0,1.0
n7291,n3818,4,1.0,1.0,1.0
n7292,n3873,4,1.0,1.0,1.0
n7293,n16866,4,1.0,1.0,1.0
n7294,n14881,3,0.75,1.0,0.875
n7295,n16953,4,1.0,1.0,1.0
n7296,n14949,4,1.0,1.0,1.0
n7297,n6518,4,1.0,1.0,1.0
n7298,n17884,4,1.0,1.0,1.0
n7299,n15140,4,1.0,1.0,1.0
n73,n1953,4,1.0,1.0,1.0
n730,n3,4,1.0,1.0,1.0
n7300,n6532,4,1.0,1.0,1.0
n7301,n3948,4,1.0,1.0,1.0
n7302,n6537,3,0.75,1.0,0.875
n7303,n6539,4,1.0,1.0,1.0
n7304,n18506,4,1.0,1.0,1.0
n7305,n15260,3,0.75,1.0,0.875
n7306,n18823,4,1.0,1.0,1.0
n7307,n15397,4,1.0,1.0,1.0
n7308,n6558,3,0.75,1.0,0.875
n7309,n15493,3,0.75,1.0,0.875
n731,n26,4,1.0,1.0,1.0
n7310,n19847,4,1.0,1.0,1.0
n7311,n15625,4,1.0,1.0,1.0
n7312,n15670,4,1.0,1.0,1.0
n7313,n20413,4,1.0,1.0,1.0
n7314,n15702,4,1.0,1.0,1.0
n7315,n4077,4,1.0,1.0,1.0
n7316,n4080,4,1.0,1.0,1.0
n7317,n6583,4,1.0,1.0,1.0
n7318,n6588,4,1.0,1.0,1.0
n7319,n4124,4,1.0,1.0,1.0
n732,n27,4,1.0,1.0,1.0
n7320,n4160,4,1.0,1.0,1.0
n7321,n4205,3,0.75,1.0,0.875
n7322,n1421,4,1.0,1.0,1.0
n7323,n4242,4,1.0,1.0,1.0
n7324,n2077,4,1.0,1.0,1.0
n7325,n16434,4,1.0,1.0,1.0
n7326,n4292,3,0.75,1.0,0.875
n7327,n16487,4,1.0,1.0,1.0
n7328,n3109,4,1.0,1.0,1.0
n7329,n16563,4,1.0,1.0,1.0
n733,n30,4,1.0,1.0,1.0
n7330,n16701,4,1.0,1.0,1.0
n7331,n6647,3,0.75,1.0,0.875
n7332,n4990,4,1.0,1.0,1.0
n7333,n4401,4,1.0,1.0,1.0
n7334,n17035,3,0.75,1.0,0.875
n7335,n4429,4,1.0,1.0,1.0
n7336,n17093,4,1.0,1.0,1.0
n7337,n6675,4,1.0,1.0,1.0
n7338,n17354,4,1.0,1.0,1.0
n7339,n4490,4,1.0,1.0,1.0
n734,n106,4,1.0,1.0,1.0
n7340,n7553,3,0.75,1.0,0.875
n7341,n4510,4,1.0,1.0,1.0
n7342,n17572,4,1.0,1.0,1.0
n7343,n17592,4,1.0,1.0,1.0
n7344,n7969,3,0.75,1.0,0.875
n7345,n7999,3,0.75,1.0,0.875
n7346,n8253,4,1.0,1.0,1.0
n7347,n6702,3,0.75,1.0,0.875
n7348,n9096,4,1.0,1.0,1.0
n7349,n9114,4,1.0,1.0,1.0
n735,n83,4,1.0,1.0,1.0
n7350,n17972,4,1.0,1.0,1.0
n7351,n4600,4,1.0,1.0,1.0
n7352,n9785,3,0.75,1.0,0.875
n7353,n6723,4,1.0,1.0,1.0
n7354,n18170,4,1.0,1.0,1.0
n7355,n6729,4,1.0,1.0,1.0
n7356,n18193,4,1.0,1.0,1.0
n7357,n10315,3,0.75,0.75,0.75
n7357,n18233,4,1.0,1.0,1.0
n7358,n6748,4,1.0,1.0,1.0
n7359,n6749,4,1.0,1.0,1.0
n736,n264,4,1.0,1.0,1.0
n7360,n6764,4,1.0,1.0,1.0
n7361,n6768,3,0.75,1.0,0.875
n7362,n4773,3,0.75,1.0,0.875
n7363,n6784,4,1.0,1.0,1.0
n7364,n18893,4,1.0,1.0,1.0
n7365,n4789,4,1.0,1.0,1.0
n7366,n6793,4,1.0,1.0,1.0
n7367,n19161,3,0.75,1.0,0.875
n7368,n4837,4,1.0,1.0,1.0
n7369,n4843,3,0.75,1.0,0.875
n737,n2493,4,1.0,1.0,1.0
n7370,n19249,4,1.0,1.0,1.0
n7371,n13689,4,1.0,1.0,1.0
n7372,n6809,4,1.0,1.0,1.0
n7373,n6811,4,1.0,1.0,1.0
n7374,n19485,3,0.75,1.0,0.875
n7375,n14680,3,0.75,1.0,0.875
n7376,n4946,3,0.75,1.0,0.875
n7377,n14986,3,0.75,1.0,0.875
n7378,n15026,3,0.75,1.0,0.875
n7379,n19831,4,1.0,1.0,1.0
n738,n185,4,1.0,1.0,1.0
n7380,n6837,3,0.75,1.0,0.875
n7381,n4980,4,1.0,1.0,1.0
n7382,n6840,4,1.0,1.0,1.0
n7383,n15606,4,1.0,1.0,1.0
n7384,n5006,3,0.75,1.0,0.875
n7385,n15797,4,1.0,1.0,1.0
n7386,n15829,4,1.0,1.0,1.0
n7387,n16154,3,0.75,1.0,0.875
n7388,n6868,4,1.0,1.0,1.0
n7389,n20330,4,1.0,1.0,1.0
n739,n2500,4,1.0,1.0,1.0
n7390,n6876,4,1.0,1.0,1.0
n7391,n6882,4,1.0,1.0,1.0
n7392,n6883,4,1.0,1.0,1.0
n7393,n6884,4,1.0,1.0,1.0
n7394,n5151,4,1.0,1.0,1.0
n7395,n6897,4,1.0,1.0,1.0
n7396,n17932,4,1.0,1.0,1.0
n7397,n20739,4,1.0,1.0,1.0
n7398,n20778,4,1.0,1.0,1.0
n7399,n5166,3,0.75,1.0,0.875
n74,n641,3,0.75,1.0,0.875
n740,n10564,4,1.0,1.0,1.0
n7400,n6901,4,1.0,1.0,1.0
n7401,n5169,4,1.0,1.0,1.0
n7402,n6903,3,0.75,1.0,0.875
n7403,n5199,3,0.75,1.0,0.875
n7404,n18892,3,0.75,1.0,0.875
n7405,n6906,4,1.0,1.0,1.0
n7406,n19334,4,1.0,1.0,1.0
n7407,n21154,4,1.0,1.0,1.0
n7408,n6918,4,1.0,1.0,1.0
n7409,n20119,4,1.0,1.0,1.0
n741,n10586,3,0.75,1.0,0.875
n7410,n5256,4,1.0,1.0,1.0
n7411,n20521,3,0.75,1.0,0.875
n7412,n21570,4,1.0,1.0,1.0
n7413,n21574,4,1.0,1.0,1.0
n7414,n6946,4,1.0,1.0,1.0
n7415,n21612,4,1.0,1.0,1.0
n7416,n21720,4,1.0,1.0,1.0
n7417,n5357,4,1.0,1.0,1.0
n7418,n21811,4,1.0,1.0,1.0
n7419,n5383,3,0.75,1.0,0.875
n742,n2527,4,1.0,1.0,1.0
n7420,n5391,3,0.75,1.0,0.875
n7421,n21864,4,1.0,1.0,1.0
n7422,n97,4,1.0,1.0,1.0
n7423,n6960,4,1.0,1.0,1.0
n7424,n6967,4,1.0,1.0,1.0
n7425,n5465,3,0.75,1.0,0.875
n7426,n6978,4,1.0,1.0,1.0
n7427,n5469,3,0.75,1.0,0.875
n7428,n327,3,0.75,1.0,0.875
n7429,n6985,4,1.0,1.0,1.0
n743,n1620,4,1.0,1.0,1.0
n7430,n5491,4,1.0,1.0,1.0
n7431,n1598,3,0.75,1.0,0.875
n7432,n5518,4,1.0,1.0,1.0
n7433,n604,4,1.0,1.0,1.0
n7434,n2065,4,1.0,1.0,1.0
n7435,n2202,4,1.0,1.0,1.0
n7436,n5546,4,1.0,1.0,1.0
n7437,n793,4,1.0,1.0,1.0
n7438,n807,4,1.0,1.0,1.0
n7439,n929,4,1.0,1.0,1.0
n744,n662,4,1.0,1.0,1.0
n7440,n3430,4,1.0,1.0,1.0
n7441,n3600,4,1.0,1.0,1.0
n7442,n3833,4,1.0,1.0,1.0
n7443,n3857,4,1.0,1.0,1.0
n7444,n5632,4,1.0,1.0,1.0
n7445,n5638,4,1.0,1.0,1.0
n7446,n7019,4,1.0,1.0,1.0
n7447,n1158,4,1.0,1.0,1.0
n7448,n7027,4,1.0,1.0,1.0
n7449,n1405,4,1.0,1.0,1.0
n745,n2547,4,1.0,1.0,1.0
n7450,n7033,4,1.0,1.0,1.0
n7451,n5728,4,1.0,1.0,1.0
n7452,n6047,4,1.0,1.0,1.0
n7453,n7043,4,1.0,1.0,1.0
n7454,n6726,4,1.0,1.0,1.0
n7455,n5805,4,1.0,1.0,1.0
n7456,n7074,3,0.75,1.0,0.875
n7457,n7079,4,1.0,1.0,1.0
n7458,n7084,4,1.0,1.0,1.0
n7459,n7088,4,1.0,1.0,1.0
n746,n774,3,0.75,1.0,0.875
n7460,n7089,4,1.0,1.0,1.0
n7461,n7894,3,0.75,1.0,0.875
n7462,n2022,4,1.0,1.0,1.0
n7463,n5860,4,1.0,1.0,1.0
n7464,n7970,4,1.0,1.0,1.0
n7465,n2060,4,1.0,1.0,1.0
n7466,n5880,4,1.0,1.0,1.0
n7467,n8349,3,0.75,1.0,0.875
n7468,n8534,4,1.0,1.0,1.0
n7469,n8599,4,1.0,1.0,1.0
n747,n10761,4,1.0,1.0,1.0
n7470,n7130,4,1.0,1.0,1.0
n7471,n2325,3,0.75,1.0,0.875
n7472,n6017,4,1.0,1.0,1.0
n7473,n6023,4,1.0,1.0,1.0
n7474,n10462,4,1.0,1.0,1.0
n7475,n10584,4,1.0,1.0,1.0
n7476,n7151,4,1.0,1.0,1.0
n7477,n7152,4,1.0,1.0,1.0
n7478,n7157,3,0.75,1.0,0.875
n7479,n7165,4,1.0,1.0,1.0
n748,n2584,4,1.0,1.0,1.0
n7480,n6098,4,1.0,1.0,1.0
n7481,n7175,4,1.0,1.0,1.0
n7482,n11284,4,1.0,1.0,1.0
n7483,n11291,4,1.0,1.0,1.0
n7484,n6112,3,0.75,1.0,0.875
n7485,n6137,3,0.75,1.0,0.875
n7486,n7194,4,1.0,1.0,1.0
n7487,n7195,4,1.0,1.0,1.0
n7488,n11963,4,1.0,1.0,1.0
n7488,n7197,4,1.0,1.0,1.0
n7489,n6198,4,1.0,1.0,1.0
n749,n1045,3,0.75,1.0,0.875
n7490,n12231,4,1.0,1.0,1.0
n7491,n12324,3,0.75,1.0,0.875
n7492,n3094,4,1.0,1.0,1.0
n7493,n12540,4,1.0,1.0,1.0
n7494,n3137,3,0.75,1.0,0.875
n7495,n6269,3,0.75,1.0,0.875
n7496,n12695,4,1.0,1.0,1.0
n7497,n12708,4,1.0,1.0,1.0
n7498,n7229,4,1.0,1.0,1.0
n7499,n3209,4,1.0,1.0,1.0
n75,n210,4,1.0,1.0,1.0
n750,n1048,4,1.0,1.0,1.0
n7500,n12820,3,0.75,1.0,0.875
n7501,n3225,4,1.0,1.0,1.0
n7502,n7232,4,1.0,1.0,1.0
n7502,n7233,3,0.75,0.75,0.75
n7503,n7238,4,1.0,1.0,1.0
n7504,n13192,4,1.0,1.0,1.0
n7505,n6343,4,1.0,1.0,1.0
n7506,n6347,3,0.75,1.0,0.875
n7507,n3464,3,0.75,1.0,0.875
n7508,n13617,4,1.0,1.0,1.0
n7509,n3509,4,1.0,1.0,1.0
n751,n10784,4,1.0,1.0,1.0
n7510,n6382,3,0.75,1.0,0.875
n7511,n3515,3,0.75,1.0,0.875
n7512,n3518,3,0.75,1.0,0.875
n7513,n13755,4,1.0,1.0,1.0
n7514,n13762,4,1.0,1.0,1.0
n7515,n7256,4,1.0,1.0,1.0
n7516,n3567,4,1.0,1.0,1.0
n7517,n6410,3,0.75,1.0,0.875
n7518,n6417,4,1.0,1.0,1.0
n7519,n14083,4,1.0,1.0,1.0
n752,n10809,4,1.0,1.0,1.0
n7520,n6444,3,0.75,1.0,0.875
n7521,n3663,3,0.75,1.0,0.875
n7522,n3668,3,0.75,1.0,0.875
n7523,n7273,4,1.0,1.0,1.0
n7524,n3726,4,1.0,1.0,1.0
n7525,n14472,4,1.0,1.0,1.0
n7526,n3798,3,0.75,1.0,0.875
n7527,n14959,3,0.75,1.0,0.875
n7527,n3901,3,0.75,1.0,0.875
n7528,n6520,4,1.0,1.0,1.0
n7529,n15099,4,1.0,1.0,1.0
n753,n1190,4,1.0,1.0,1.0
n7530,n3985,4,1.0,1.0,1.0
n7531,n15365,3,0.75,1.0,0.875
n7532,n6554,4,1.0,1.0,1.0
n7533,n7308,3,0.75,1.0,0.875
n7534,n7309,3,0.75,1.0,0.875
n7535,n4040,4,1.0,1.0,1.0
n7536,n7310,4,1.0,1.0,1.0
n7537,n6577,3,0.75,1.0,0.875
n7538,n6595,4,1.0,1.0,1.0
n7539,n4153,4,1.0,1.0,1.0
n754,n10817,4,1.0,1.0,1.0
n7540,n7320,4,1.0,1.0,1.0
n7541,n16096,4,1.0,1.0,1.0
n7542,n4367,4,1.0,1.0,1.0
n7543,n6653,4,1.0,1.0,1.0
n7544,n6662,4,1.0,1.0,1.0
n7545,n17090,4,1.0,1.0,1.0
n7545,n6667,3,0.75,0.75,0.75
n7546,n17461,4,1.0,1.0,1.0
n7547,n4705,3,0.75,1.0,0.875
n7548,n6755,4,1.0,1.0,1.0
n7549,n4776,4,1.0,1.0,1.0
n755,n4455,4,1.0,1.0,1.0
n7550,n6786,4,1.0,1.0,1.0
n7551,n4824,4,1.0,1.0,1.0
n7552,n6831,4,1.0,1.0,1.0
n7553,n6834,3,0.75,1.0,0.875
n7554,n19864,4,1.0,1.0,1.0
n7555,n7384,3,0.75,1.0,0.875
n7556,n6851,4,1.0,1.0,1.0
n7557,n6898,4,1.0,1.0,1.0
n7558,n21294,4,1.0,1.0,1.0
n7559,n7430,4,1.0,1.0,1.0
n756,n2610,4,1.0,1.0,1.0
n7560,n6987,3,0.75,1.0,0.875
n7561,n6999,4,1.0,1.0,1.0
n7562,n7436,4,1.0,1.0,1.0
n7563,n849,4,1.0,1.0,1.0
n7564,n7444,4,1.0,1.0,1.0
n7565,n7447,4,1.0,1.0,1.0
n7566,n1413,4,1.0,1.0,1.0
n7567,n5700,4,1.0,1.0,1.0
n7568,n5727,3,0.75,1.0,0.875
n7569,n5739,4,1.0,1.0,1.0
n757,n2612,4,1.0,1.0,1.0
n7570,n5769,4,1.0,1.0,1.0
n7571,n1754,4,1.0,1.0,1.0
n7572,n7454,4,1.0,1.0,1.0
n7573,n7066,4,1.0,1.0,1.0
n7574,n5816,4,1.0,1.0,1.0
n7575,n1908,4,1.0,1.0,1.0
n7576,n5841,4,1.0,1.0,1.0
n7577,n7099,3,0.75,1.0,0.875
n7578,n7133,4,1.0,1.0,1.0
n7579,n7472,4,1.0,1.0,1.0
n758,n2613,4,1.0,1.0,1.0
n7580,n2446,4,1.0,1.0,1.0
n7581,n6045,4,1.0,1.0,1.0
n7582,n7483,4,1.0,1.0,1.0
n7583,n2786,4,1.0,1.0,1.0
n7584,n7486,4,1.0,1.0,1.0
n7585,n7493,4,1.0,1.0,1.0
n7585,n7494,3,0.75,0.75,0.75
n7586,n7221,4,1.0,1.0,1.0
n7587,n6319,4,1.0,1.0,1.0
n7588,n7510,3,0.75,1.0,0.875
n7589,n7261,3,0.75,1.0,0.875
n759,n10855,4,1.0,1.0,1.0
n7590,n7267,3,0.75,1.0,0.875
n7591,n7270,3,0.75,1.0,0.875
n7592,n6522,4,1.0,1.0,1.0
n7593,n7305,3,0.75,1.0,0.875
n7594,n6712,3,0.75,1.0,0.875
n7595,n4589,4,1.0,1.0,1.0
n7596,n6724,4,1.0,1.0,1.0
n7597,n6737,4,1.0,1.0,1.0
n7598,n7364,4,1.0,1.0,1.0
n7599,n5203,4,1.0,1.0,1.0
n76,n8793,4,1.0,1.0,1.0
n760,n10860,3,0.75,1.0,0.875
n7600,n7412,4,1.0,1.0,1.0
n7601,n5441,3,0.75,1.0,0.875
n7602,n5519,4,1.0,1.0,1.0
n7603,n7437,4,1.0,1.0,1.0
n7604,n7008,4,1.0,1.0,1.0
n7605,n7449,4,1.0,1.0,1.0
n7606,n7037,3,0.75,1.0,0.875
n7607,n5952,4,1.0,1.0,1.0
n7608,n7476,4,1.0,1.0,1.0
n7609,n7590,3,0.75,1.0,0.875
n761,n1432,4,1.0,1.0,1.0
n7610,n8074,4,1.0,1.0,1.0
n7611,n7770,4,1.0,1.0,1.0
n7612,n7684,3,0.75,1.0,0.875
n7613,n7640,4,1.0,1.0,1.0
n7613,n9198,3,0.75,0.75,0.75
n7614,n10079,4,1.0,1.0,1.0
n7615,n7783,4,1.0,1.0,1.0
n7616,n10942,4,1.0,1.0,1.0
n7617,n7812,4,1.0,1.0,1.0
n7618,n7667,4,1.0,1.0,1.0
n7619,n8587,4,1.0,1.0,1.0
n762,n2623,4,1.0,1.0,1.0
n7620,n7675,4,1.0,1.0,1.0
n7621,n7676,4,1.0,1.0,1.0
n7622,n8687,4,1.0,1.0,1.0
n7623,n7888,4,1.0,1.0,1.0
n7624,n8739,4,1.0,1.0,1.0
n7625,n7687,3,0.75,1.0,0.875
n7626,n16123,4,1.0,1.0,1.0
n7627,n16245,4,1.0,1.0,1.0
n7628,n16453,4,1.0,1.0,1.0
n7629,n7940,3,0.75,1.0,0.875
n763,n10868,4,1.0,1.0,1.0
n7630,n7945,3,0.75,1.0,0.875
n7631,n7955,4,1.0,1.0,1.0
n7632,n8958,4,1.0,1.0,1.0
n7633,n7958,4,1.0,1.0,1.0
n7634,n16894,4,1.0,1.0,1.0
n7635,n16972,3,0.75,1.0,0.875
n7636,n7700,3,0.75,1.0,0.875
n7637,n9020,4,1.0,1.0,1.0
n7638,n9144,4,1.0,1.0,1.0
n7639,n7717,4,1.0,1.0,1.0
n764,n1493,4,1.0,1.0,1.0
n7640,n8035,4,1.0,1.0,1.0
n7641,n17840,4,1.0,1.0,1.0
n7642,n17912,3,0.75,1.0,0.875
n7643,n7724,4,1.0,1.0,1.0
n7644,n8066,4,1.0,1.0,1.0
n7645,n7730,4,1.0,1.0,1.0
n7646,n18602,4,1.0,1.0,1.0
n7647,n9544,4,1.0,1.0,1.0
n7648,n8156,4,1.0,1.0,1.0
n7649,n8157,4,1.0,1.0,1.0
n765,n5613,4,1.0,1.0,1.0
n7650,n9620,4,1.0,1.0,1.0
n7651,n7747,4,1.0,1.0,1.0
n7652,n8193,4,1.0,1.0,1.0
n7653,n8201,4,1.0,1.0,1.0
n7654,n19243,4,1.0,1.0,1.0
n7655,n19300,3,0.75,1.0,0.875
n7656,n8257,4,1.0,1.0,1.0
n7657,n9936,4,1.0,1.0,1.0
n7658,n10043,4,1.0,1.0,1.0
n7659,n8335,4,1.0,1.0,1.0
n766,n2634,4,1.0,1.0,1.0
n7660,n10353,4,1.0,1.0,1.0
n7661,n11184,4,1.0,1.0,1.0
n7662,n11210,4,1.0,1.0,1.0
n7663,n3858,4,1.0,1.0,1.0
n7664,n8510,3,0.75,1.0,0.875
n7665,n6207,3,0.75,1.0,0.875
n7666,n12041,4,1.0,1.0,1.0
n7667,n6802,4,1.0,1.0,1.0
n7668,n7834,4,1.0,1.0,1.0
n7669,n12622,4,1.0,1.0,1.0
n767,n1616,4,1.0,1.0,1.0
n7670,n12839,4,1.0,1.0,1.0
n7671,n9486,4,1.0,1.0,1.0
n7672,n10026,4,1.0,1.0,1.0
n7673,n12055,4,1.0,1.0,1.0
n7674,n8607,4,1.0,1.0,1.0
n7675,n7865,4,1.0,1.0,1.0
n7676,n13836,4,1.0,1.0,1.0
n7677,n13158,4,1.0,1.0,1.0
n7678,n13915,4,1.0,1.0,1.0
n7679,n13364,4,1.0,1.0,1.0
n768,n6201,4,1.0,1.0,1.0
n7680,n7870,3,0.75,1.0,0.875
n7681,n14322,4,1.0,1.0,1.0
n7682,n14894,4,1.0,1.0,1.0
n7683,n8681,3,0.75,1.0,0.875
n7684,n7891,3,0.75,1.0,0.875
n7685,n8719,3,0.75,1.0,0.875
n7686,n15563,4,1.0,1.0,1.0
n7687,n20248,3,0.75,1.0,0.875
n7688,n7903,3,0.75,1.0,0.875
n7689,n7906,4,1.0,1.0,1.0
n769,n1705,3,0.75,1.0,0.875
n7690,n16078,3,0.75,1.0,0.875
n7691,n8846,4,1.0,1.0,1.0
n7692,n8847,4,1.0,1.0,1.0
n7693,n16473,4,1.0,1.0,1.0
n7694,n3173,4,1.0,1.0,1.0
n7695,n7946,3,0.75,1.0,0.875
n7696,n7950,4,1.0,1.0,1.0
n7697,n4717,4,1.0,1.0,1.0
n7698,n16942,3,0.75,1.0,0.875
n7699,n16955,4,1.0,1.0,1.0
n77,n670,4,1.0,1.0,1.0
n770,n1767,4,1.0,1.0,1.0
n770,n2647,4,1.0,1.0,1.0
n7700,n7964,3,0.75,1.0,0.875
n7701,n9011,3,0.75,1.0,0.875
n7702,n17059,4,1.0,1.0,1.0
n7703,n9045,3,0.75,1.0,0.875
n7704,n9050,4,1.0,1.0,1.0
n7705,n17181,4,1.0,1.0,1.0
n7706,n9078,3,0.75,1.0,0.875
n7707,n7992,4,1.0,1.0,1.0
n7708,n9126,3,0.75,1.0,0.875
n7709,n8000,3,0.75,1.0,0.875
n771,n1781,4,1.0,1.0,1.0
n7710,n17472,4,1.0,1.0,1.0
n7711,n17489,4,1.0,1.0,1.0
n7712,n9156,3,0.75,1.0,0.875
n7713,n17506,4,1.0,1.0,1.0
n7714,n17523,4,1.0,1.0,1.0
n7715,n7815,4,1.0,1.0,1.0
n7716,n7827,4,1.0,1.0,1.0
n7717,n17583,4,1.0,1.0,1.0
n7718,n9199,4,1.0,1.0,1.0
n7719,n9219,3,0.75,1.0,0.875
n772,n2648,4,1.0,1.0,1.0
n7720,n8048,4,1.0,1.0,1.0
n7721,n8283,4,1.0,1.0,1.0
n7722,n9264,3,0.75,1.0,0.875
n7723,n17774,3,0.75,1.0,0.875
n7724,n17922,4,1.0,1.0,1.0
n7725,n8067,3,0.75,1.0,0.875
n7726,n8072,4,1.0,1.0,1.0
n7727,n8078,3,0.75,1.0,0.875
n7728,n9595,4,1.0,1.0,1.0
n7729,n9345,4,1.0,1.0,1.0
n773,n1818,4,1.0,1.0,1.0
n7730,n9757,4,1.0,1.0,1.0
n7731,n9382,4,1.0,1.0,1.0
n7732,n10187,4,1.0,1.0,1.0
n7733,n10343,3,0.75,1.0,0.875
n7734,n18285,4,1.0,1.0,1.0
n7735,n10511,4,1.0,1.0,1.0
n7736,n8112,4,1.0,1.0,1.0
n7737,n11014,3,0.75,1.0,0.875
n7738,n18483,4,1.0,1.0,1.0
n7739,n9477,3,0.75,1.0,0.875
n774,n2652,3,0.75,1.0,0.875
n7740,n11329,4,1.0,1.0,1.0
n7741,n9530,3,0.75,1.0,0.875
n7742,n9604,3,0.75,1.0,0.875
n7743,n18802,4,1.0,1.0,1.0
n7744,n12089,4,1.0,1.0,1.0
n7745,n18820,4,1.0,1.0,1.0
n7746,n12302,4,1.0,1.0,1.0
n7747,n12366,4,1.0,1.0,1.0
n7748,n18914,4,1.0,1.0,1.0
n7749,n8182,4,1.0,1.0,1.0
n775,n7575,4,1.0,1.0,1.0
n7750,n18967,3,0.75,0.75,0.75
n7750,n9670,4,1.0,1.0,1.0
n7751,n8187,4,1.0,1.0,1.0
n7752,n8191,3,0.75,1.0,0.875
n7753,n18998,4,1.0,1.0,1.0
n7754,n19032,4,1.0,1.0,1.0
n7755,n8199,3,0.75,1.0,0.875
n7756,n13055,3,0.75,1.0,0.875
n7757,n13058,4,1.0,1.0,1.0
n7758,n8214,4,1.0,1.0,1.0
n7759,n13514,4,1.0,1.0,1.0
n776,n10999,4,1.0,1.0,1.0
n776,n2661,4,1.0,1.0,1.0
n7760,n8227,3,0.75,1.0,0.875
n7761,n13669,3,0.75,0.75,0.75
n7761,n9792,4,1.0,1.0,1.0
n7762,n13830,4,1.0,1.0,1.0
n7763,n9813,3,0.75,1.0,0.875
n7764,n8239,4,1.0,1.0,1.0
n7765,n9816,4,1.0,1.0,1.0
n7766,n8240,4,1.0,1.0,1.0
n7767,n8241,4,1.0,1.0,1.0
n7768,n14191,4,1.0,1.0,1.0
n7768,n14195,4,1.0,1.0,1.0
n7769,n9840,4,1.0,1.0,1.0
n777,n1954,4,1.0,1.0,1.0
n7770,n9842,4,1.0,1.0,1.0
n7771,n14560,3,0.75,1.0,0.875
n7772,n19681,4,1.0,1.0,1.0
n7773,n9912,3,0.75,1.0,0.875
n7774,n19704,4,1.0,1.0,1.0
n7775,n19796,3,0.75,1.0,0.875
n7776,n15286,3,0.75,1.0,0.875
n7777,n9986,3,0.75,1.0,0.875
n7778,n8306,4,1.0,1.0,1.0
n7779,n10008,4,1.0,1.0,1.0
n778,n2665,3,0.75,1.0,0.875
n7780,n15782,4,1.0,1.0,1.0
n7781,n10045,3,0.75,1.0,0.875
n7782,n10048,4,1.0,1.0,1.0
n7783,n8327,4,1.0,1.0,1.0
n7784,n8331,3,0.75,1.0,0.875
n7785,n8332,3,0.75,1.0,0.875
n7786,n10114,4,1.0,1.0,1.0
n7787,n8336,4,1.0,1.0,1.0
n7788,n10122,4,1.0,1.0,1.0
n7789,n8339,4,1.0,1.0,1.0
n779,n2667,4,1.0,1.0,1.0
n7790,n20585,3,0.75,1.0,0.875
n7791,n8348,4,1.0,1.0,1.0
n7792,n20628,3,0.75,1.0,0.875
n7793,n8359,4,1.0,1.0,1.0
n7794,n18078,4,1.0,1.0,1.0
n7795,n8372,3,0.75,1.0,0.875
n7796,n20884,4,1.0,1.0,1.0
n7797,n18477,3,0.75,1.0,0.875
n7798,n10284,4,1.0,1.0,1.0
n7799,n10291,4,1.0,1.0,1.0
n78,n2201,4,1.0,1.0,1.0
n780,n11064,4,1.0,1.0,1.0
n7800,n20060,4,1.0,1.0,1.0
n7801,n10398,4,1.0,1.0,1.0
n7802,n8416,4,1.0,1.0,1.0
n7803,n8421,3,0.75,1.0,0.875
n7804,n20815,4,1.0,1.0,1.0
n7805,n21573,3,0.75,1.0,0.875
n7806,n21202,4,1.0,1.0,1.0
n7807,n21750,3,0.75,1.0,0.875
n7808,n10792,3,0.75,1.0,0.875
n7809,n1389,4,1.0,1.0,1.0
n781,n2275,4,1.0,1.0,1.0
n7810,n8457,4,1.0,1.0,1.0
n7811,n1777,4,1.0,1.0,1.0
n7812,n1832,4,1.0,1.0,1.0
n7813,n7966,4,1.0,1.0,1.0
n7814,n11229,4,1.0,1.0,1.0
n7815,n8472,4,1.0,1.0,1.0
n7816,n8475,4,1.0,1.0,1.0
n7817,n13442,3,0.75,1.0,0.875
n7818,n3532,4,1.0,1.0,1.0
n7819,n8483,4,1.0,1.0,1.0
n782,n2395,4,1.0,1.0,1.0
n7820,n3853,3,0.75,1.0,0.875
n7821,n4270,3,0.75,1.0,0.875
n7822,n16757,4,1.0,1.0,1.0
n7823,n4862,3,0.75,1.0,0.875
n7824,n5606,3,0.75,1.0,0.875
n7825,n5655,4,1.0,1.0,1.0
n7826,n5829,4,1.0,1.0,1.0
n7827,n5906,4,1.0,1.0,1.0
n7828,n5921,4,1.0,1.0,1.0
n7829,n8512,4,1.0,1.0,1.0
n783,n2397,3,0.75,1.0,0.875
n7830,n12050,4,1.0,1.0,1.0
n7831,n3543,4,1.0,1.0,1.0
n7832,n4945,4,1.0,1.0,1.0
n7833,n12182,4,1.0,1.0,1.0
n7834,n8521,4,1.0,1.0,1.0
n7835,n8522,3,0.75,1.0,0.875
n7836,n7705,4,1.0,1.0,1.0
n7837,n7816,4,1.0,1.0,1.0
n7838,n12434,3,0.75,1.0,0.875
n7839,n9039,3,0.75,1.0,0.875
n784,n2654,4,1.0,1.0,1.0
n7840,n8020,4,1.0,1.0,1.0
n7841,n12499,4,1.0,1.0,1.0
n7842,n9500,3,0.75,1.0,0.875
n7843,n8178,4,1.0,1.0,1.0
n7844,n8542,3,0.75,1.0,0.875
n7845,n12785,3,0.75,1.0,0.875
n7846,n12668,3,0.75,1.0,0.875
n7847,n12747,4,1.0,1.0,1.0
n7848,n18065,4,1.0,1.0,1.0
n7849,n12844,4,1.0,1.0,1.0
n785,n11193,4,1.0,1.0,1.0
n7850,n18882,3,0.75,1.0,0.875
n7851,n8564,4,1.0,1.0,1.0
n7852,n8565,3,0.75,1.0,0.875
n7853,n21769,3,0.75,1.0,0.875
n7854,n11238,3,0.75,1.0,0.875
n7855,n13450,4,1.0,1.0,1.0
n7856,n5230,4,1.0,1.0,1.0
n7857,n11948,4,1.0,1.0,1.0
n7858,n11979,3,0.75,1.0,0.875
n7859,n7283,4,1.0,1.0,1.0
n786,n11204,4,1.0,1.0,1.0
n7860,n12421,4,1.0,1.0,1.0
n7861,n12444,3,0.75,1.0,0.875
n7862,n8613,4,1.0,1.0,1.0
n7863,n8936,4,1.0,1.0,1.0
n7864,n13797,3,0.75,1.0,0.875
n7865,n13823,4,1.0,1.0,1.0
n7866,n10881,4,1.0,1.0,1.0
n7867,n8622,3,0.75,1.0,0.875
n7868,n13354,4,1.0,1.0,1.0
n7869,n11824,4,1.0,1.0,1.0
n787,n11219,3,0.75,1.0,0.875
n7870,n13537,3,0.75,1.0,0.875
n7871,n14042,4,1.0,1.0,1.0
n7872,n13722,3,0.75,1.0,0.875
n7873,n14092,4,1.0,1.0,1.0
n7874,n13296,4,1.0,1.0,1.0
n7875,n8641,3,0.75,1.0,0.875
n7876,n8646,3,0.75,1.0,0.875
n7877,n14652,4,1.0,1.0,1.0
n7878,n14285,1,0.25,0.25,0.25
n7878,n15000,3,0.75,0.75,0.75
n7879,n14332,4,1.0,1.0,1.0
n7879,n15684,3,0.75,0.75,0.75
n788,n2737,4,1.0,1.0,1.0
n7880,n8662,4,1.0,1.0,1.0
n7881,n14775,3,0.75,1.0,0.875
n7882,n15153,4,1.0,1.0,1.0
n7883,n14746,4,1.0,1.0,1.0
n7884,n14895,4,1.0,1.0,1.0
n7885,n6799,4,1.0,1.0,1.0
n7886,n8697,4,1.0,1.0,1.0
n7887,n9277,4,1.0,1.0,1.0
n7888,n15119,4,1.0,1.0,1.0
n7889,n15121,3,0.75,1.0,0.875
n789,n12131,4,1.0,1.0,1.0
n7890,n12288,4,1.0,1.0,1.0
n7891,n12509,3,0.75,1.0,0.875
n7892,n12834,3,0.75,1.0,0.875
n7893,n15406,3,0.75,1.0,0.875
n7894,n19226,3,0.75,1.0,0.875
n7895,n13864,3,0.75,1.0,0.875
n7896,n15469,3,0.75,1.0,0.875
n7897,n8732,4,1.0,1.0,1.0
n7898,n15481,3,0.75,1.0,0.875
n7899,n19575,4,1.0,1.0,1.0
n79,n218,4,1.0,1.0,1.0
n790,n11280,3,0.75,1.0,0.875
n7900,n15038,4,1.0,1.0,1.0
n7901,n20377,3,0.75,1.0,0.875
n7902,n8752,4,1.0,1.0,1.0
n7903,n42,3,0.75,1.0,0.875
n7904,n405,4,1.0,1.0,1.0
n7905,n8769,4,1.0,1.0,1.0
n7906,n8773,4,1.0,1.0,1.0
n7907,n1523,3,0.75,1.0,0.875
n7908,n653,4,1.0,1.0,1.0
n7909,n683,4,1.0,1.0,1.0
n791,n2749,4,1.0,1.0,1.0
n7910,n16116,3,0.75,1.0,0.875
n7911,n1121,4,1.0,1.0,1.0
n7912,n8804,3,0.75,1.0,0.875
n7913,n8814,4,1.0,1.0,1.0
n7914,n16198,4,1.0,1.0,1.0
n7915,n8816,3,0.75,1.0,0.875
n7916,n8828,4,1.0,1.0,1.0
n7917,n6141,4,1.0,1.0,1.0
n7918,n16308,4,1.0,1.0,1.0
n7919,n7297,4,1.0,1.0,1.0
n792,n2751,4,1.0,1.0,1.0
n7920,n8842,4,1.0,1.0,1.0
n7921,n8848,4,1.0,1.0,1.0
n7922,n16337,4,1.0,1.0,1.0
n7923,n16344,4,1.0,1.0,1.0
n7924,n8855,3,0.75,1.0,0.875
n7925,n2100,4,1.0,1.0,1.0
n7926,n16348,4,1.0,1.0,1.0
n7927,n8612,3,0.75,1.0,0.875
n7928,n16365,4,1.0,1.0,1.0
n7929,n2235,4,1.0,1.0,1.0
n793,n2752,4,1.0,1.0,1.0
n7930,n2251,3,0.75,1.0,0.875
n7931,n9398,4,1.0,1.0,1.0
n7932,n8862,4,1.0,1.0,1.0
n7933,n8865,4,1.0,1.0,1.0
n7934,n10319,3,0.75,1.0,0.875
n7935,n8887,4,1.0,1.0,1.0
n7936,n8888,4,1.0,1.0,1.0
n7937,n2753,4,1.0,1.0,1.0
n7938,n2773,4,1.0,1.0,1.0
n7939,n16478,4,1.0,1.0,1.0
n794,n11307,4,1.0,1.0,1.0
n7940,n12075,3,0.75,1.0,0.875
n7941,n16492,4,1.0,1.0,1.0
n7942,n8917,4,1.0,1.0,1.0
n7943,n3601,3,0.75,1.0,0.875
n7944,n8921,3,0.75,1.0,0.875
n7945,n14570,3,0.75,1.0,0.875
n7946,n14808,3,0.75,1.0,0.875
n7947,n14867,4,1.0,1.0,1.0
n7948,n8932,3,0.75,1.0,0.875
n7949,n8937,3,0.75,1.0,0.875
n795,n12777,4,1.0,1.0,1.0
n7950,n4260,4,1.0,1.0,1.0
n7951,n16850,4,1.0,1.0,1.0
n7952,n8946,3,0.75,1.0,0.875
n7953,n8949,4,1.0,1.0,1.0
n7954,n17695,4,1.0,1.0,1.0
n7955,n16760,4,1.0,1.0,1.0
n7956,n8956,3,0.75,1.0,0.875
n7957,n4978,4,1.0,1.0,1.0
n7958,n16824,4,1.0,1.0,1.0
n7959,n16887,4,1.0,1.0,1.0
n796,n2765,4,1.0,1.0,1.0
n7960,n5533,3,0.75,1.0,0.875
n7961,n5567,3,0.75,1.0,0.875
n7962,n8994,4,1.0,1.0,1.0
n7963,n5627,4,1.0,1.0,1.0
n7964,n1958,3,0.75,1.0,0.875
n7965,n9006,4,1.0,1.0,1.0
n7966,n17026,4,1.0,1.0,1.0
n7967,n17027,4,1.0,1.0,1.0
n7968,n5980,4,1.0,1.0,1.0
n7969,n17076,3,0.75,1.0,0.875
n797,n11326,3,0.75,1.0,0.875
n7970,n6083,4,1.0,1.0,1.0
n7971,n2767,4,1.0,1.0,1.0
n7972,n17101,4,1.0,1.0,1.0
n7973,n9032,3,0.75,1.0,0.875
n7974,n6174,4,1.0,1.0,1.0
n7975,n9042,4,1.0,1.0,1.0
n7976,n6386,4,1.0,1.0,1.0
n7977,n9058,4,1.0,1.0,1.0
n7978,n17155,4,1.0,1.0,1.0
n7979,n3788,4,1.0,1.0,1.0
n798,n13122,3,0.75,1.0,0.875
n7980,n9072,4,1.0,1.0,1.0
n7981,n17220,3,0.75,1.0,0.875
n7982,n17237,4,1.0,1.0,1.0
n7983,n17240,4,1.0,1.0,1.0
n7984,n9086,3,0.75,1.0,0.875
n7985,n6825,4,1.0,1.0,1.0
n7986,n5067,3,0.75,1.0,0.875
n7987,n17282,4,1.0,1.0,1.0
n7988,n6927,3,0.75,1.0,0.875
n7989,n17296,4,1.0,1.0,1.0
n799,n11353,4,1.0,1.0,1.0
n7990,n17310,4,1.0,1.0,1.0
n7991,n5457,4,1.0,1.0,1.0
n7992,n5601,4,1.0,1.0,1.0
n7993,n17346,4,1.0,1.0,1.0
n7994,n17347,4,1.0,1.0,1.0
n7995,n9121,3,0.75,1.0,0.875
n7996,n7147,4,1.0,1.0,1.0
n7997,n17357,3,0.75,1.0,0.875
n7998,n6206,4,1.0,1.0,1.0
n7999,n9127,3,0.75,1.0,0.875
n8,n13,4,1.0,1.0,1.0
n80,n2253,4,1.0,1.0,1.0
n800,n11369,3,0.75,1.0,0.875
n8000,n9128,3,0.75,1.0,0.875
n8001,n6370,3,0.75,1.0,0.875
n8002,n6383,3,0.75,1.0,0.875
n8003,n6516,4,1.0,1.0,1.0
n8004,n17396,4,1.0,1.0,1.0
n8005,n6693,4,1.0,1.0,1.0
n8006,n7346,4,1.0,1.0,1.0
n8007,n17420,3,0.75,1.0,0.875
n8008,n7378,3,0.75,1.0,0.875
n8009,n6966,4,1.0,1.0,1.0
n801,n13506,4,1.0,1.0,1.0
n8010,n6981,4,1.0,1.0,1.0
n8011,n9145,3,0.75,1.0,0.875
n8012,n17458,4,1.0,1.0,1.0
n8013,n7485,3,0.75,1.0,0.875
n8014,n7513,4,1.0,1.0,1.0
n8015,n9151,4,1.0,1.0,1.0
n8016,n7331,3,0.75,1.0,0.875
n8017,n7598,4,1.0,1.0,1.0
n8018,n7629,3,0.75,1.0,0.875
n8019,n7803,3,0.75,1.0,0.875
n802,n13513,4,1.0,1.0,1.0
n8020,n17525,4,1.0,1.0,1.0
n8021,n9171,4,1.0,1.0,1.0
n8022,n17546,3,0.75,1.0,0.875
n8023,n17567,3,0.75,1.0,0.875
n8024,n7829,4,1.0,1.0,1.0
n8025,n8514,4,1.0,1.0,1.0
n8026,n7840,3,0.75,0.75,0.75
n8026,n7841,4,1.0,1.0,1.0
n8026,n8536,4,1.0,1.0,1.0
n8027,n17580,4,1.0,1.0,1.0
n8028,n9184,4,1.0,1.0,1.0
n8029,n8753,4,1.0,1.0,1.0
n803,n2793,4,1.0,1.0,1.0
n8030,n8796,4,1.0,1.0,1.0
n8031,n17595,4,1.0,1.0,1.0
n8032,n17600,3,0.75,1.0,0.875
n8033,n9193,3,0.75,1.0,0.875
n8034,n9196,3,0.75,1.0,0.875
n8035,n7991,4,1.0,1.0,1.0
n8036,n17619,4,1.0,1.0,1.0
n8037,n17621,4,1.0,1.0,1.0
n8038,n8061,3,0.75,1.0,0.875
n8039,n8073,4,1.0,1.0,1.0
n804,n3608,4,1.0,1.0,1.0
n8040,n9482,4,1.0,1.0,1.0
n8041,n8128,3,0.75,1.0,0.875
n8042,n8143,4,1.0,1.0,1.0
n8042,n9540,3,0.75,0.75,0.75
n8043,n9543,3,0.75,1.0,0.875
n8044,n9218,4,1.0,1.0,1.0
n8045,n17655,3,0.75,1.0,0.875
n8046,n9221,4,1.0,1.0,1.0
n8047,n9223,4,1.0,1.0,1.0
n8048,n9232,4,1.0,1.0,1.0
n8049,n17731,3,0.75,1.0,0.875
n805,n11433,4,1.0,1.0,1.0
n8050,n17736,4,1.0,1.0,1.0
n8051,n13668,4,1.0,1.0,1.0
n8052,n17754,4,1.0,1.0,1.0
n8053,n8653,3,0.75,1.0,0.875
n8054,n17765,3,0.75,1.0,0.875
n8055,n17769,4,1.0,1.0,1.0
n8056,n15519,3,0.75,1.0,0.875
n8057,n9272,4,1.0,1.0,1.0
n8058,n17799,4,1.0,1.0,1.0
n8059,n9282,4,1.0,1.0,1.0
n806,n11446,4,1.0,1.0,1.0
n8060,n8955,4,1.0,1.0,1.0
n8061,n9062,3,0.75,1.0,0.875
n8062,n9076,3,0.75,1.0,0.875
n8063,n9169,4,1.0,1.0,1.0
n8064,n9301,4,1.0,1.0,1.0
n8065,n9251,4,1.0,1.0,1.0
n8066,n9286,4,1.0,1.0,1.0
n8067,n9307,3,0.75,1.0,0.875
n8067,n9308,3,0.75,1.0,0.875
n8068,n18025,4,1.0,1.0,1.0
n8069,n9315,4,1.0,1.0,1.0
n807,n11469,4,1.0,1.0,1.0
n8070,n18061,4,1.0,1.0,1.0
n8071,n9359,4,1.0,1.0,1.0
n8072,n18101,4,1.0,1.0,1.0
n8073,n9386,4,1.0,1.0,1.0
n8074,n9328,4,1.0,1.0,1.0
n8075,n9329,3,0.75,1.0,0.875
n8076,n9330,4,1.0,1.0,1.0
n8077,n18501,3,0.75,1.0,0.875
n8078,n18588,3,0.75,1.0,0.875
n8079,n18689,4,1.0,1.0,1.0
n808,n3777,4,1.0,1.0,1.0
n8080,n18038,3,0.75,1.0,0.875
n8081,n9338,4,1.0,1.0,1.0
n8082,n9630,3,0.75,1.0,0.875
n8083,n18049,4,1.0,1.0,1.0
n8084,n9653,4,1.0,1.0,1.0
n8085,n18054,3,0.75,1.0,0.875
n8086,n9703,4,1.0,1.0,1.0
n8087,n9784,4,1.0,1.0,1.0
n8088,n9809,4,1.0,1.0,1.0
n8089,n18103,3,0.75,1.0,0.875
n809,n14698,4,1.0,1.0,1.0
n8090,n9366,4,1.0,1.0,1.0
n8091,n9923,4,1.0,1.0,1.0
n8092,n18117,4,1.0,1.0,1.0
n8093,n18123,4,1.0,1.0,1.0
n8094,n9963,4,1.0,1.0,1.0
n8095,n18138,4,1.0,1.0,1.0
n8096,n10044,4,1.0,1.0,1.0
n8097,n18160,4,1.0,1.0,1.0
n8098,n10096,4,1.0,1.0,1.0
n8099,n9381,4,1.0,1.0,1.0
n81,n2391,4,1.0,1.0,1.0
n810,n11490,3,0.75,1.0,0.875
n8100,n10250,4,1.0,1.0,1.0
n8101,n18219,4,1.0,1.0,1.0
n8102,n20950,4,1.0,1.0,1.0
n8103,n10281,4,1.0,1.0,1.0
n8104,n21242,4,1.0,1.0,1.0
n8105,n18262,3,0.75,1.0,0.875
n8106,n18276,4,1.0,1.0,1.0
n8107,n10447,4,1.0,1.0,1.0
n8108,n18305,4,1.0,1.0,1.0
n8109,n727,4,1.0,1.0,1.0
n811,n2820,4,1.0,1.0,1.0
n8110,n10696,4,1.0,1.0,1.0
n8111,n9435,3,0.75,1.0,0.875
n8112,n950,4,1.0,1.0,1.0
n8113,n18408,4,1.0,1.0,1.0
n8114,n10827,4,1.0,1.0,1.0
n8115,n18423,4,1.0,1.0,1.0
n8116,n10869,4,1.0,1.0,1.0
n8117,n9456,4,1.0,1.0,1.0
n8118,n10900,4,1.0,1.0,1.0
n8119,n10907,3,0.75,1.0,0.875
n812,n15199,4,1.0,1.0,1.0
n8120,n18439,4,1.0,1.0,1.0
n8121,n9465,3,0.75,1.0,0.875
n8122,n18457,4,1.0,1.0,1.0
n8123,n9470,4,1.0,1.0,1.0
n8124,n18486,4,1.0,1.0,1.0
n8125,n9479,4,1.0,1.0,1.0
n8126,n11166,4,1.0,1.0,1.0
n8127,n18503,4,1.0,1.0,1.0
n8128,n18512,3,0.75,1.0,0.875
n8129,n9491,4,1.0,1.0,1.0
n813,n15856,3,0.75,1.0,0.875
n8130,n2834,4,1.0,1.0,1.0
n8131,n9496,4,1.0,1.0,1.0
n8132,n9504,4,1.0,1.0,1.0
n8133,n3064,4,1.0,1.0,1.0
n8134,n18547,3,0.75,1.0,0.875
n8135,n9513,4,1.0,1.0,1.0
n8136,n9514,3,0.75,1.0,0.875
n8137,n9517,3,0.75,1.0,0.875
n8138,n11332,4,1.0,1.0,1.0
n8139,n11433,4,1.0,1.0,1.0
n814,n15901,4,1.0,1.0,1.0
n8140,n9532,3,0.75,1.0,0.875
n8141,n11470,4,1.0,1.0,1.0
n8142,n3760,4,1.0,1.0,1.0
n8143,n11489,4,1.0,1.0,1.0
n8144,n9547,3,0.75,1.0,0.875
n8145,n9548,4,1.0,1.0,1.0
n8146,n4078,4,1.0,1.0,1.0
n8147,n4131,3,0.75,1.0,0.875
n8148,n11610,3,0.75,1.0,0.875
n8149,n9558,3,0.75,1.0,0.875
n815,n2836,4,1.0,1.0,1.0
n8150,n18651,4,1.0,1.0,1.0
n8151,n4520,3,0.75,1.0,0.875
n8152,n18662,4,1.0,1.0,1.0
n8153,n4804,3,0.75,1.0,0.875
n8154,n9567,4,1.0,1.0,1.0
n8155,n9571,4,1.0,1.0,1.0
n8156,n5271,4,1.0,1.0,1.0
n8157,n9579,4,1.0,1.0,1.0
n8158,n18740,4,1.0,1.0,1.0
n8159,n9581,4,1.0,1.0,1.0
n816,n11582,4,1.0,1.0,1.0
n8160,n12031,3,0.75,1.0,0.875
n8161,n12034,3,0.75,1.0,0.875
n8162,n18803,3,0.75,1.0,0.875
n8163,n6414,4,1.0,1.0,1.0
n8164,n6438,3,0.75,1.0,0.875
n8165,n9610,4,1.0,1.0,1.0
n8166,n9618,4,1.0,1.0,1.0
n8167,n6979,4,1.0,1.0,1.0
n8168,n18858,4,1.0,1.0,1.0
n8169,n7139,4,1.0,1.0,1.0
n817,n4238,4,1.0,1.0,1.0
n8170,n12254,4,1.0,1.0,1.0
n8171,n18872,3,0.75,1.0,0.875
n8172,n18881,4,1.0,1.0,1.0
n8173,n7523,4,1.0,1.0,1.0
n8174,n9642,4,1.0,1.0,1.0
n8175,n9643,4,1.0,1.0,1.0
n8176,n12399,4,1.0,1.0,1.0
n8177,n9645,4,1.0,1.0,1.0
n8178,n7837,4,1.0,1.0,1.0
n8179,n12458,3,0.75,1.0,0.875
n818,n16680,3,0.75,1.0,0.875
n8180,n12474,4,1.0,1.0,1.0
n8181,n9660,4,1.0,1.0,1.0
n8182,n9665,4,1.0,1.0,1.0
n8183,n9667,4,1.0,1.0,1.0
n8184,n12575,4,1.0,1.0,1.0
n8185,n18970,4,1.0,1.0,1.0
n8186,n12584,3,0.75,1.0,0.875
n8187,n8408,4,1.0,1.0,1.0
n8188,n9674,4,1.0,1.0,1.0
n8189,n18973,4,1.0,1.0,1.0
n819,n2855,4,1.0,1.0,1.0
n8190,n12640,4,1.0,1.0,1.0
n8191,n9678,3,0.75,1.0,0.875
n8192,n9685,3,0.75,1.0,0.875
n8193,n8715,4,1.0,1.0,1.0
n8194,n12724,4,1.0,1.0,1.0
n8195,n9273,3,0.75,1.0,0.875
n8196,n19024,4,1.0,1.0,1.0
n8197,n9433,4,1.0,1.0,1.0
n8198,n9512,4,1.0,1.0,1.0
n8199,n12918,3,0.75,1.0,0.875
n82,n236,4,1.0,1.0,1.0
n820,n2857,4,1.0,1.0,1.0
n8200,n19086,3,0.75,1.0,0.875
n8201,n13021,4,1.0,1.0,1.0
n8202,n9721,4,1.0,1.0,1.0
n8202,n9722,4,1.0,1.0,1.0
n8203,n10357,4,1.0,1.0,1.0
n8204,n10401,4,1.0,1.0,1.0
n8205,n13069,4,1.0,1.0,1.0
n8206,n19110,4,1.0,1.0,1.0
n8207,n19136,4,1.0,1.0,1.0
n8208,n19147,3,0.75,1.0,0.875
n8209,n13219,4,1.0,1.0,1.0
n821,n4463,4,1.0,1.0,1.0
n8210,n10994,4,1.0,1.0,1.0
n8211,n11061,3,0.75,1.0,0.875
n8212,n13240,4,1.0,1.0,1.0
n8213,n19170,3,0.75,1.0,0.875
n8214,n11256,4,1.0,1.0,1.0
n8215,n19204,4,1.0,1.0,1.0
n8216,n13443,4,1.0,1.0,1.0
n8217,n9780,4,1.0,1.0,1.0
n8218,n19265,4,1.0,1.0,1.0
n8219,n13576,4,1.0,1.0,1.0
n822,n4564,4,1.0,1.0,1.0
n8220,n13587,4,1.0,1.0,1.0
n8221,n13591,4,1.0,1.0,1.0
n8222,n9782,4,1.0,1.0,1.0
n8223,n9783,3,0.75,1.0,0.875
n8224,n9787,4,1.0,1.0,1.0
n8225,n12318,4,1.0,1.0,1.0
n8226,n9789,4,1.0,1.0,1.0
n8227,n12408,3,0.75,1.0,0.875
n8228,n9791,3,0.75,1.0,0.875
n8229,n12510,4,1.0,1.0,1.0
n823,n18152,4,1.0,1.0,1.0
n8230,n12518,4,1.0,1.0,1.0
n8231,n12567,3,0.75,1.0,0.875
n8232,n19305,4,1.0,1.0,1.0
n8233,n9800,4,1.0,1.0,1.0
n8234,n13763,4,1.0,1.0,1.0
n8235,n12822,4,1.0,1.0,1.0
n8236,n13806,4,1.0,1.0,1.0
n8237,n19365,3,0.75,1.0,0.875
n8238,n13883,4,1.0,1.0,1.0
n8239,n13977,4,1.0,1.0,1.0
n824,n4695,4,1.0,1.0,1.0
n8240,n13992,4,1.0,1.0,1.0
n8241,n14013,4,1.0,1.0,1.0
n8242,n14014,4,1.0,1.0,1.0
n8243,n19418,4,1.0,1.0,1.0
n8244,n19422,4,1.0,1.0,1.0
n8245,n13648,4,1.0,1.0,1.0
n8246,n13668,4,1.0,1.0,1.0
n8247,n13728,3,0.75,1.0,0.875
n8248,n13755,4,1.0,1.0,1.0
n8248,n14096,4,1.0,1.0,1.0
n8248,n19436,3,0.75,0.75,0.75
n8249,n13907,4,1.0,1.0,1.0
n825,n11678,3,0.75,1.0,0.875
n8250,n14071,4,1.0,1.0,1.0
n8251,n14222,4,1.0,1.0,1.0
n8252,n14196,3,0.75,1.0,0.875
n8253,n14251,4,1.0,1.0,1.0
n8254,n19484,4,1.0,1.0,1.0
n8255,n14256,4,1.0,1.0,1.0
n8256,n14269,4,1.0,1.0,1.0
n8257,n14283,4,1.0,1.0,1.0
n8258,n14541,3,0.75,1.0,0.875
n8259,n14565,3,0.75,1.0,0.875
n826,n11713,4,1.0,1.0,1.0
n8260,n14332,4,1.0,1.0,1.0
n8260,n14333,4,1.0,1.0,1.0
n8260,n19521,4,1.0,1.0,1.0
n8261,n14356,3,0.75,1.0,0.875
n8262,n9859,4,1.0,1.0,1.0
n8263,n14439,4,1.0,1.0,1.0
n8264,n19570,4,1.0,1.0,1.0
n8265,n19579,4,1.0,1.0,1.0
n8266,n14556,4,1.0,1.0,1.0
n8267,n9876,3,0.75,1.0,0.875
n8268,n9877,4,1.0,1.0,1.0
n8269,n15716,3,0.75,1.0,0.875
n827,n2898,4,1.0,1.0,1.0
n8270,n14640,4,1.0,1.0,1.0
n8271,n15907,4,1.0,1.0,1.0
n8272,n16066,4,1.0,1.0,1.0
n8273,n14738,4,1.0,1.0,1.0
n8273,n14739,4,1.0,1.0,1.0
n8274,n14780,4,1.0,1.0,1.0
n8275,n16840,3,0.75,1.0,0.875
n8276,n16848,4,1.0,1.0,1.0
n8277,n14905,4,1.0,1.0,1.0
n8278,n9921,4,1.0,1.0,1.0
n8279,n19733,4,1.0,1.0,1.0
n828,n2915,4,1.0,1.0,1.0
n8280,n17276,4,1.0,1.0,1.0
n8281,n17516,4,1.0,1.0,1.0
n8282,n9931,4,1.0,1.0,1.0
n8283,n17761,4,1.0,1.0,1.0
n8284,n17858,4,1.0,1.0,1.0
n8285,n17863,3,0.75,1.0,0.875
n8286,n15071,4,1.0,1.0,1.0
n8287,n19778,4,1.0,1.0,1.0
n8288,n19785,4,1.0,1.0,1.0
n8289,n15101,4,1.0,1.0,1.0
n829,n5109,3,0.75,1.0,0.875
n8290,n9939,4,1.0,1.0,1.0
n8291,n18597,4,1.0,1.0,1.0
n8292,n15276,4,1.0,1.0,1.0
n8293,n19873,4,1.0,1.0,1.0
n8294,n15354,3,0.75,1.0,0.875
n8295,n19036,4,1.0,1.0,1.0
n8296,n19187,3,0.75,1.0,0.875
n8297,n15420,4,1.0,1.0,1.0
n8298,n15504,4,1.0,1.0,1.0
n8299,n19561,3,0.75,1.0,0.875
n83,n239,4,1.0,1.0,1.0
n830,n21165,4,1.0,1.0,1.0
n8300,n15545,4,1.0,1.0,1.0
n8301,n15566,3,0.75,1.0,0.875
n8302,n19940,4,1.0,1.0,1.0
n8303,n20131,4,1.0,1.0,1.0
n8304,n20292,4,1.0,1.0,1.0
n8305,n10004,4,1.0,1.0,1.0
n8306,n20553,4,1.0,1.0,1.0
n8307,n20690,4,1.0,1.0,1.0
n8308,n20748,4,1.0,1.0,1.0
n8309,n20025,4,1.0,1.0,1.0
n831,n5285,3,0.75,1.0,0.875
n8310,n20037,4,1.0,1.0,1.0
n8311,n10024,3,0.75,1.0,0.875
n8312,n10025,4,1.0,1.0,1.0
n8313,n10028,3,0.75,1.0,0.875
n8314,n21454,4,1.0,1.0,1.0
n8315,n20083,4,1.0,1.0,1.0
n8316,n15947,4,1.0,1.0,1.0
n8317,n20106,4,1.0,1.0,1.0
n8318,n15958,4,1.0,1.0,1.0
n8319,n438,4,1.0,1.0,1.0
n832,n5467,4,1.0,1.0,1.0
n8320,n16067,4,1.0,1.0,1.0
n8321,n20172,4,1.0,1.0,1.0
n8322,n1059,4,1.0,1.0,1.0
n8323,n10058,4,1.0,1.0,1.0
n8324,n10062,3,0.75,1.0,0.875
n8325,n10069,3,0.75,1.0,0.875
n8326,n10073,4,1.0,1.0,1.0
n8327,n20271,4,1.0,1.0,1.0
n8328,n3345,4,1.0,1.0,1.0
n8329,n20311,4,1.0,1.0,1.0
n833,n11845,4,1.0,1.0,1.0
n8330,n16577,4,1.0,1.0,1.0
n8331,n16601,3,0.75,1.0,0.875
n8332,n3945,3,0.75,1.0,0.875
n8333,n20355,4,1.0,1.0,1.0
n8334,n10104,4,1.0,1.0,1.0
n8335,n10115,4,1.0,1.0,1.0
n8336,n5417,4,1.0,1.0,1.0
n8337,n16934,3,0.75,1.0,0.875
n8338,n16984,4,1.0,1.0,1.0
n8339,n10140,4,1.0,1.0,1.0
n834,n5550,3,0.75,1.0,0.875
n8340,n20525,3,0.75,1.0,0.875
n8341,n10147,3,0.75,1.0,0.875
n8342,n6930,4,1.0,1.0,1.0
n8343,n10150,4,1.0,1.0,1.0
n8344,n17338,4,1.0,1.0,1.0
n8345,n20576,4,1.0,1.0,1.0
n8346,n17408,4,1.0,1.0,1.0
n8347,n10156,3,0.75,1.0,0.875
n8348,n20598,4,1.0,1.0,1.0
n8349,n10157,3,0.75,1.0,0.875
n835,n2943,4,1.0,1.0,1.0
n8350,n17501,4,1.0,1.0,1.0
n8351,n7621,4,1.0,1.0,1.0
n8352,n10170,4,1.0,1.0,1.0
n8353,n7757,4,1.0,1.0,1.0
n8354,n7954,4,1.0,1.0,1.0
n8355,n8341,3,0.75,1.0,0.875
n8356,n17688,3,0.75,1.0,0.875
n8357,n17804,4,1.0,1.0,1.0
n8358,n20714,4,1.0,1.0,1.0
n8359,n17854,4,1.0,1.0,1.0
n836,n5588,3,0.75,1.0,0.875
n8360,n10200,4,1.0,1.0,1.0
n8361,n20736,3,0.75,1.0,0.875
n8362,n10203,4,1.0,1.0,1.0
n8363,n10212,4,1.0,1.0,1.0
n8364,n20754,4,1.0,1.0,1.0
n8364,n20756,4,1.0,1.0,1.0
n8365,n10216,4,1.0,1.0,1.0
n8366,n18029,4,1.0,1.0,1.0
n8367,n9573,4,1.0,1.0,1.0
n8368,n9634,4,1.0,1.0,1.0
n8369,n9647,4,1.0,1.0,1.0
n837,n11868,4,1.0,1.0,1.0
n8370,n10221,4,1.0,1.0,1.0
n8371,n18094,3,0.75,1.0,0.875
n8372,n10299,3,0.75,1.0,0.875
n8373,n18297,4,1.0,1.0,1.0
n8374,n10237,4,1.0,1.0,1.0
n8375,n10247,4,1.0,1.0,1.0
n8376,n10885,3,0.75,1.0,0.875
n8377,n10252,3,0.75,1.0,0.875
n8378,n11450,4,1.0,1.0,1.0
n8379,n20940,4,1.0,1.0,1.0
n838,n5622,4,1.0,1.0,1.0
n8380,n20941,3,0.75,1.0,0.875
n8381,n18752,4,1.0,1.0,1.0
n8382,n20967,3,0.75,1.0,0.875
n8383,n12235,4,1.0,1.0,1.0
n8384,n12347,3,0.75,1.0,0.875
n8385,n18959,4,1.0,1.0,1.0
n8386,n20999,4,1.0,1.0,1.0
n8387,n12846,4,1.0,1.0,1.0
n8388,n19174,4,1.0,1.0,1.0
n8389,n10312,3,0.75,0.75,0.75
n8389,n19298,4,1.0,1.0,1.0
n8389,n21070,4,1.0,1.0,1.0
n839,n1470,4,1.0,1.0,1.0
n8390,n21075,4,1.0,1.0,1.0
n8391,n10318,4,1.0,1.0,1.0
n8392,n10321,4,1.0,1.0,1.0
n8393,n21097,4,1.0,1.0,1.0
n8394,n14446,3,0.75,1.0,0.875
n8395,n14517,3,0.75,1.0,0.875
n8396,n10340,4,1.0,1.0,1.0
n8397,n10350,3,0.75,1.0,0.875
n8398,n19877,4,1.0,1.0,1.0
n8399,n10365,4,1.0,1.0,1.0
n84,n10322,4,1.0,1.0,1.0
n840,n2957,4,1.0,1.0,1.0
n8400,n15728,3,0.75,1.0,0.875
n8401,n20077,4,1.0,1.0,1.0
n8402,n15908,4,1.0,1.0,1.0
n8403,n10374,3,0.75,1.0,0.875
n8404,n15999,4,1.0,1.0,1.0
n8405,n21280,3,0.75,1.0,0.875
n8406,n20187,4,1.0,1.0,1.0
n8407,n20260,3,0.75,1.0,0.875
n8408,n10388,4,1.0,1.0,1.0
n8409,n10389,4,1.0,1.0,1.0
n841,n5761,4,1.0,1.0,1.0
n8410,n20364,4,1.0,1.0,1.0
n8411,n20472,4,1.0,1.0,1.0
n8412,n17187,4,1.0,1.0,1.0
n8413,n17299,4,1.0,1.0,1.0
n8414,n10413,3,0.75,1.0,0.875
n8415,n21435,4,1.0,1.0,1.0
n8416,n10423,4,1.0,1.0,1.0
n8417,n17791,3,0.75,1.0,0.875
n8418,n21450,4,1.0,1.0,1.0
n8419,n17873,4,1.0,1.0,1.0
n842,n11904,4,1.0,1.0,1.0
n8420,n20743,4,1.0,1.0,1.0
n8421,n20799,3,0.75,1.0,0.875
n8422,n18327,4,1.0,1.0,1.0
n8423,n18493,4,1.0,1.0,1.0
n8424,n10448,4,1.0,1.0,1.0
n8425,n20928,4,1.0,1.0,1.0
n8426,n18837,4,1.0,1.0,1.0
n8427,n19103,4,1.0,1.0,1.0
n8428,n21092,4,1.0,1.0,1.0
n8429,n21618,3,0.75,1.0,0.875
n843,n5796,3,0.75,1.0,0.875
n8430,n21648,4,1.0,1.0,1.0
n8431,n20422,4,1.0,1.0,1.0
n8432,n21730,4,1.0,1.0,1.0
n8433,n10485,4,1.0,1.0,1.0
n8434,n21756,3,0.75,1.0,0.875
n8435,n21757,3,0.75,1.0,0.875
n8436,n21457,3,0.75,1.0,0.875
n8437,n10488,4,1.0,1.0,1.0
n8438,n21572,4,1.0,1.0,1.0
n8439,n10497,3,0.75,1.0,0.875
n844,n11941,3,0.75,1.0,0.875
n8440,n21313,4,1.0,1.0,1.0
n8441,n21850,3,0.75,1.0,0.875
n8442,n10515,4,1.0,1.0,1.0
n8443,n1023,3,0.75,1.0,0.875
n8444,n3711,4,1.0,1.0,1.0
n8445,n322,4,1.0,1.0,1.0
n8446,n10637,4,1.0,1.0,1.0
n8447,n556,4,1.0,1.0,1.0
n8448,n2225,3,0.75,1.0,0.875
n8449,n10684,4,1.0,1.0,1.0
n845,n11951,3,0.75,1.0,0.875
n8450,n2850,3,0.75,1.0,0.875
n8451,n3116,4,1.0,1.0,1.0
n8452,n3258,3,0.75,1.0,0.875
n8453,n3826,4,1.0,1.0,1.0
n8454,n10824,4,1.0,1.0,1.0
n8455,n18984,4,1.0,1.0,1.0
n8456,n21159,4,1.0,1.0,1.0
n8457,n1729,4,1.0,1.0,1.0
n8458,n5827,4,1.0,1.0,1.0
n8459,n2292,4,1.0,1.0,1.0
n846,n11974,4,1.0,1.0,1.0
n8460,n6249,4,1.0,1.0,1.0
n8461,n10997,4,1.0,1.0,1.0
n8462,n8525,4,1.0,1.0,1.0
n8463,n11043,4,1.0,1.0,1.0
n8464,n17324,4,1.0,1.0,1.0
n8465,n2238,4,1.0,1.0,1.0
n8466,n2337,3,0.75,1.0,0.875
n8467,n11121,4,1.0,1.0,1.0
n8468,n2530,4,1.0,1.0,1.0
n8469,n11073,4,1.0,1.0,1.0
n847,n11976,4,1.0,1.0,1.0
n8470,n11226,4,1.0,1.0,1.0
n8471,n11230,4,1.0,1.0,1.0
n8472,n6089,4,1.0,1.0,1.0
n8473,n6924,4,1.0,1.0,1.0
n8474,n12227,4,1.0,1.0,1.0
n8475,n7620,4,1.0,1.0,1.0
n8476,n7683,3,0.75,1.0,0.875
n8477,n11360,4,1.0,1.0,1.0
n8478,n11359,3,0.75,1.0,0.875
n8479,n3488,3,0.75,1.0,0.875
n848,n2699,4,1.0,1.0,1.0
n8480,n13598,4,1.0,1.0,1.0
n8481,n13751,4,1.0,1.0,1.0
n8482,n13341,4,1.0,1.0,1.0
n8483,n11458,4,1.0,1.0,1.0
n8484,n14437,4,1.0,1.0,1.0
n8485,n11477,3,0.75,1.0,0.875
n8486,n14973,4,1.0,1.0,1.0
n8487,n11500,4,1.0,1.0,1.0
n8488,n11504,4,1.0,1.0,1.0
n8489,n16085,4,1.0,1.0,1.0
n849,n2984,4,1.0,1.0,1.0
n8490,n4244,3,0.75,1.0,0.875
n8491,n16684,4,1.0,1.0,1.0
n8492,n4381,4,1.0,1.0,1.0
n8493,n5942,4,1.0,1.0,1.0
n8494,n17238,3,0.75,1.0,0.875
n8495,n11642,3,0.75,1.0,0.875
n8496,n4575,4,1.0,1.0,1.0
n8497,n4584,4,1.0,1.0,1.0
n8498,n4662,4,1.0,1.0,1.0
n8499,n4970,4,1.0,1.0,1.0
n85,n732,4,1.0,1.0,1.0
n850,n11990,4,1.0,1.0,1.0
n8500,n20115,4,1.0,1.0,1.0
n8501,n20642,4,1.0,1.0,1.0
n8502,n17932,4,1.0,1.0,1.0
n8503,n5229,4,1.0,1.0,1.0
n8504,n5241,3,0.75,1.0,0.875
n8505,n5373,4,1.0,1.0,1.0
n8506,n265,3,0.75,1.0,0.875
n8507,n1099,4,1.0,1.0,1.0
n8508,n1923,4,1.0,1.0,1.0
n8509,n11917,4,1.0,1.0,1.0
n851,n2990,4,1.0,1.0,1.0
n8510,n2211,3,0.75,1.0,0.875
n8511,n12496,4,1.0,1.0,1.0
n8512,n6280,4,1.0,1.0,1.0
n8513,n6375,4,1.0,1.0,1.0
n8514,n6557,4,1.0,1.0,1.0
n8515,n4497,4,1.0,1.0,1.0
n8516,n6687,4,1.0,1.0,1.0
n8517,n12173,4,1.0,1.0,1.0
n8518,n20469,3,0.75,1.0,0.875
n8519,n6995,4,1.0,1.0,1.0
n852,n12009,4,1.0,1.0,1.0
n8520,n5802,4,1.0,1.0,1.0
n8521,n7201,4,1.0,1.0,1.0
n8522,n3524,3,0.75,1.0,0.875
n8523,n5196,4,1.0,1.0,1.0
n8524,n12327,4,1.0,1.0,1.0
n8525,n7113,4,1.0,1.0,1.0
n8526,n12334,4,1.0,1.0,1.0
n8527,n12355,4,1.0,1.0,1.0
n8528,n12386,4,1.0,1.0,1.0
n8529,n7678,4,1.0,1.0,1.0
n853,n6274,4,1.0,1.0,1.0
n8530,n7942,4,1.0,1.0,1.0
n8531,n7712,3,0.75,1.0,0.875
n8532,n12405,4,1.0,1.0,1.0
n8533,n8589,4,1.0,1.0,1.0
n8534,n8742,4,1.0,1.0,1.0
n8535,n7901,3,0.75,1.0,0.875
n8536,n9227,4,1.0,1.0,1.0
n8537,n12502,4,1.0,1.0,1.0
n8538,n8087,4,1.0,1.0,1.0
n8539,n12514,3,0.75,1.0,0.875
n854,n3001,4,1.0,1.0,1.0
n8540,n12533,4,1.0,1.0,1.0
n8541,n9827,4,1.0,1.0,1.0
n8542,n8407,3,0.75,1.0,0.875
n8543,n10465,3,0.75,1.0,0.875
n8544,n3176,4,1.0,1.0,1.0
n8545,n8520,4,1.0,1.0,1.0
n8546,n8611,3,0.75,1.0,0.875
n8547,n13723,1,0.25,1.0,0.625
n8548,n13946,4,1.0,1.0,1.0
n8549,n8649,4,1.0,1.0,1.0
n855,n3005,4,1.0,1.0,1.0
n8550,n14226,4,1.0,1.0,1.0
n8551,n12661,4,1.0,1.0,1.0
n8552,n12667,4,1.0,1.0,1.0
n8553,n4963,3,0.75,1.0,0.875
n8554,n12737,4,1.0,1.0,1.0
n8555,n12746,4,1.0,1.0,1.0
n8556,n9087,3,0.75,1.0,0.875
n8557,n10017,3,0.75,1.0,0.875
n8558,n18333,4,1.0,1.0,1.0
n8559,n9549,4,1.0,1.0,1.0
n856,n6471,4,1.0,1.0,1.0
n8560,n18904,3,0.75,1.0,0.875
n8561,n12887,4,1.0,1.0,1.0
n8562,n12886,4,1.0,1.0,1.0
n8563,n12892,4,1.0,1.0,1.0
n8564,n19180,4,1.0,1.0,1.0
n8565,n13970,3,0.75,1.0,0.875
n8566,n12925,4,1.0,1.0,1.0
n8567,n19440,4,1.0,1.0,1.0
n8568,n14963,3,0.75,1.0,0.875
n8569,n12960,4,1.0,1.0,1.0
n857,n12091,4,1.0,1.0,1.0
n8570,n16307,4,1.0,1.0,1.0
n8571,n10127,4,1.0,1.0,1.0
n8572,n10192,3,0.75,1.0,0.875
n8573,n10195,4,1.0,1.0,1.0
n8574,n13030,4,1.0,1.0,1.0
n8574,n18355,4,1.0,1.0,1.0
n8575,n10260,4,1.0,1.0,1.0
n8576,n10457,4,1.0,1.0,1.0
n8577,n13066,4,1.0,1.0,1.0
n8578,n13128,3,0.75,1.0,0.875
n8579,n13138,4,1.0,1.0,1.0
n858,n3982,4,1.0,1.0,1.0
n8580,n1133,4,1.0,1.0,1.0
n8581,n1410,4,1.0,1.0,1.0
n8582,n5788,3,0.75,1.0,0.875
n8583,n13212,4,1.0,1.0,1.0
n8584,n13235,4,1.0,1.0,1.0
n8585,n11037,4,1.0,1.0,1.0
n8586,n13236,3,0.75,1.0,0.875
n8587,n11077,4,1.0,1.0,1.0
n8588,n2602,4,1.0,1.0,1.0
n8589,n2668,4,1.0,1.0,1.0
n859,n5410,3,0.75,1.0,0.875
n8590,n11301,2,0.5,1.0,0.75
n8591,n4391,4,1.0,1.0,1.0
n8592,n13526,3,0.75,1.0,0.875
n8593,n3384,3,0.75,1.0,0.875
n8594,n12070,4,1.0,1.0,1.0
n8595,n12167,3,0.75,1.0,0.875
n8596,n5439,3,0.75,1.0,0.875
n8597,n7290,4,1.0,1.0,1.0
n8598,n13621,4,1.0,1.0,1.0
n8599,n7324,4,1.0,1.0,1.0
n86,n10548,4,1.0,1.0,1.0
n860,n5650,4,1.0,1.0,1.0
n8600,n12350,4,1.0,1.0,1.0
n8601,n13637,3,0.75,1.0,0.875
n8602,n7652,4,1.0,1.0,1.0
n8603,n13646,4,1.0,1.0,1.0
n8604,n12397,4,1.0,1.0,1.0
n8605,n12414,3,0.75,1.0,0.875
n8606,n8748,3,0.75,1.0,0.875
n8607,n7994,4,1.0,1.0,1.0
n8608,n13713,4,1.0,1.0,1.0
n8609,n8544,4,1.0,1.0,1.0
n861,n7142,4,1.0,1.0,1.0
n8610,n12863,4,1.0,1.0,1.0
n8611,n8592,3,0.75,1.0,0.875
n8612,n12646,3,0.75,1.0,0.875
n8613,n16130,4,1.0,1.0,1.0
n8614,n12778,4,1.0,1.0,1.0
n8615,n13778,4,1.0,1.0,1.0
n8616,n18859,3,0.75,1.0,0.875
n8617,n12926,1,0.25,1.0,0.625
n8618,n10245,3,0.75,1.0,0.875
n8619,n13101,3,0.75,1.0,0.875
n862,n12278,4,1.0,1.0,1.0
n8620,n13142,4,1.0,1.0,1.0
n8621,n2994,3,0.75,1.0,0.875
n8622,n11277,3,0.75,1.0,0.875
n8623,n13366,4,1.0,1.0,1.0
n8624,n13389,4,1.0,1.0,1.0
n8625,n13390,4,1.0,1.0,1.0
n8626,n13407,4,1.0,1.0,1.0
n8627,n13978,4,1.0,1.0,1.0
n8628,n4703,4,1.0,1.0,1.0
n8629,n11687,3,0.75,1.0,0.875
n863,n12282,3,0.75,1.0,0.875
n8630,n13469,4,1.0,1.0,1.0
n8631,n13559,3,0.75,1.0,0.875
n8632,n12163,4,1.0,1.0,1.0
n8633,n7370,4,1.0,1.0,1.0
n8634,n12655,4,1.0,1.0,1.0
n8635,n8727,4,1.0,1.0,1.0
n8636,n12704,4,1.0,1.0,1.0
n8637,n9806,4,1.0,1.0,1.0
n8638,n13832,3,0.75,1.0,0.875
n8639,n13156,3,0.75,1.0,0.875
n864,n6746,4,1.0,1.0,1.0
n8640,n13918,3,0.75,1.0,0.875
n8641,n14165,3,0.75,1.0,0.875
n8642,n13511,3,0.75,1.0,0.875
n8643,n14183,3,0.75,1.0,0.875
n8644,n12149,4,1.0,1.0,1.0
n8645,n14189,3,0.75,1.0,0.875
n8646,n12789,3,0.75,1.0,0.875
n8647,n13807,3,0.75,1.0,0.875
n8648,n14208,3,0.75,1.0,0.875
n8649,n13719,4,1.0,1.0,1.0
n865,n12314,3,0.75,1.0,0.875
n8650,n14108,4,1.0,1.0,1.0
n8651,n14175,4,1.0,1.0,1.0
n8652,n14233,4,1.0,1.0,1.0
n8653,n14274,3,0.75,1.0,0.875
n8654,n15161,4,1.0,1.0,1.0
n8655,n14697,4,1.0,1.0,1.0
n8656,n16320,4,1.0,1.0,1.0
n8657,n16611,3,0.75,1.0,0.875
n8658,n15172,4,1.0,1.0,1.0
n8659,n15281,4,1.0,1.0,1.0
n866,n3078,4,1.0,1.0,1.0
n8660,n14539,4,1.0,1.0,1.0
n8661,n14634,4,1.0,1.0,1.0
n8662,n14646,4,1.0,1.0,1.0
n8663,n16012,3,0.75,1.0,0.875
n8664,n17566,4,1.0,1.0,1.0
n8665,n17697,4,1.0,1.0,1.0
n8666,n15219,4,1.0,1.0,1.0
n8667,n18680,3,0.75,1.0,0.875
n8668,n12081,3,0.75,1.0,0.875
n8669,n14515,4,1.0,1.0,1.0
n867,n12359,4,1.0,1.0,1.0
n8670,n15318,4,1.0,1.0,1.0
n8671,n14616,4,1.0,1.0,1.0
n8672,n14655,3,0.75,1.0,0.875
n8673,n21489,4,1.0,1.0,1.0
n8674,n21655,3,0.75,1.0,0.875
n8675,n1514,4,1.0,1.0,1.0
n8676,n1643,3,0.75,1.0,0.875
n8677,n1073,4,1.0,1.0,1.0
n8678,n1269,4,1.0,1.0,1.0
n8679,n14750,4,1.0,1.0,1.0
n868,n3095,4,1.0,1.0,1.0
n8680,n16396,4,1.0,1.0,1.0
n8681,n2777,3,0.75,1.0,0.875
n8682,n2931,4,1.0,1.0,1.0
n8683,n14494,4,1.0,1.0,1.0
n8684,n4338,4,1.0,1.0,1.0
n8685,n16773,4,1.0,1.0,1.0
n8686,n18447,4,1.0,1.0,1.0
n8687,n2458,4,1.0,1.0,1.0
n8688,n3028,4,1.0,1.0,1.0
n8689,n7234,3,0.75,1.0,0.875
n869,n3119,4,1.0,1.0,1.0
n8690,n7345,3,0.75,1.0,0.875
n8691,n7579,4,1.0,1.0,1.0
n8692,n7604,4,1.0,1.0,1.0
n8693,n7910,3,0.75,1.0,0.875
n8694,n15047,3,0.75,1.0,0.875
n8695,n17802,4,1.0,1.0,1.0
n8696,n15063,3,0.75,1.0,0.875
n8697,n8982,4,1.0,1.0,1.0
n8698,n17385,4,1.0,1.0,1.0
n8699,n18024,3,0.75,1.0,0.875
n87,n249,4,1.0,1.0,1.0
n870,n9357,4,1.0,1.0,1.0
n8700,n9699,4,1.0,1.0,1.0
n8701,n18195,3,0.75,1.0,0.875
n8702,n18362,3,0.75,1.0,0.875
n8703,n10734,3,0.75,1.0,0.875
n8704,n18452,4,1.0,1.0,1.0
n8705,n15220,3,0.75,1.0,0.875
n8706,n4466,3,0.75,1.0,0.875
n8707,n15271,4,1.0,1.0,1.0
n8708,n4645,4,1.0,1.0,1.0
n8709,n5772,4,1.0,1.0,1.0
n871,n3132,4,1.0,1.0,1.0
n8710,n15313,4,1.0,1.0,1.0
n8711,n7381,4,1.0,1.0,1.0
n8712,n15327,4,1.0,1.0,1.0
n8713,n7685,3,0.75,1.0,0.875
n8714,n15338,4,1.0,1.0,1.0
n8715,n15347,4,1.0,1.0,1.0
n8716,n12629,3,0.75,1.0,0.875
n8717,n8839,3,0.75,1.0,0.875
n8718,n8923,4,1.0,1.0,1.0
n8719,n12969,3,0.75,1.0,0.875
n872,n3134,4,1.0,1.0,1.0
n8720,n15375,4,1.0,1.0,1.0
n8721,n15384,4,1.0,1.0,1.0
n8722,n15404,4,1.0,1.0,1.0
n8723,n15419,4,1.0,1.0,1.0
n8724,n19256,3,0.75,1.0,0.875
n8725,n19287,3,0.75,1.0,0.875
n8726,n13632,3,0.75,1.0,0.875
n8727,n19303,4,1.0,1.0,1.0
n8728,n12855,3,0.75,1.0,0.875
n8729,n13834,3,0.75,1.0,0.875
n873,n10063,4,1.0,1.0,1.0
n8730,n19357,4,1.0,1.0,1.0
n8731,n15458,4,1.0,1.0,1.0
n8732,n15473,4,1.0,1.0,1.0
n8733,n14200,4,1.0,1.0,1.0
n8734,n15488,4,1.0,1.0,1.0
n8735,n14422,3,0.75,1.0,0.875
n8736,n14361,4,1.0,1.0,1.0
n8737,n14584,3,0.75,1.0,0.875
n8738,n14647,4,1.0,1.0,1.0
n8739,n15527,4,1.0,1.0,1.0
n874,n12591,4,1.0,1.0,1.0
n8740,n16490,4,1.0,1.0,1.0
n8741,n19737,4,1.0,1.0,1.0
n8742,n15586,4,1.0,1.0,1.0
n8743,n20111,4,1.0,1.0,1.0
n8744,n20082,4,1.0,1.0,1.0
n8745,n16301,4,1.0,1.0,1.0
n8746,n2782,3,0.75,1.0,0.875
n8747,n16909,4,1.0,1.0,1.0
n8748,n17250,3,0.75,1.0,0.875
n8749,n15720,4,1.0,1.0,1.0
n875,n12597,4,1.0,1.0,1.0
n8750,n20752,4,1.0,1.0,1.0
n8751,n18311,3,0.75,1.0,0.875
n8752,n12119,4,1.0,1.0,1.0
n8753,n20998,4,1.0,1.0,1.0
n8754,n15801,3,0.75,1.0,0.875
n8755,n14011,4,1.0,1.0,1.0
n8756,n15827,4,1.0,1.0,1.0
n8757,n21368,3,0.75,1.0,0.875
n8758,n17861,4,1.0,1.0,1.0
n8759,n21670,4,1.0,1.0,1.0
n876,n3153,4,1.0,1.0,1.0
n8760,n20982,4,1.0,1.0,1.0
n8761,n15933,3,0.75,1.0,0.875
n8762,n21672,3,0.75,1.0,0.875
n8763,n21275,4,1.0,1.0,1.0
n8764,n23,4,1.0,1.0,1.0
n8765,n29,4,1.0,1.0,1.0
n8766,n231,4,1.0,1.0,1.0
n8767,n68,4,1.0,1.0,1.0
n8768,n1177,3,0.75,1.0,0.875
n8769,n15996,4,1.0,1.0,1.0
n877,n8477,4,1.0,1.0,1.0
n8770,n179,4,1.0,1.0,1.0
n8771,n561,4,1.0,1.0,1.0
n8772,n189,4,1.0,1.0,1.0
n8773,n2465,4,1.0,1.0,1.0
n8774,n16032,4,1.0,1.0,1.0
n8775,n16036,4,1.0,1.0,1.0
n8776,n16052,4,1.0,1.0,1.0
n8777,n1561,3,0.75,1.0,0.875
n8778,n5896,4,1.0,1.0,1.0
n8779,n636,4,1.0,1.0,1.0
n878,n11567,4,1.0,1.0,1.0
n8780,n9393,4,1.0,1.0,1.0
n8781,n688,3,0.75,1.0,0.875
n8782,n693,4,1.0,1.0,1.0
n8783,n10548,4,1.0,1.0,1.0
n8784,n2499,4,1.0,1.0,1.0
n8785,n10741,4,1.0,1.0,1.0
n8786,n11831,4,1.0,1.0,1.0
n8787,n16110,4,1.0,1.0,1.0
n8788,n11926,3,0.75,1.0,0.875
n8789,n860,4,1.0,1.0,1.0
n879,n12605,4,1.0,1.0,1.0
n8790,n3379,3,0.75,1.0,0.875
n8791,n948,4,1.0,1.0,1.0
n8792,n3460,4,1.0,1.0,1.0
n8793,n3516,4,1.0,1.0,1.0
n8794,n981,3,0.75,1.0,0.875
n8795,n3637,4,1.0,1.0,1.0
n8796,n16138,4,1.0,1.0,1.0
n8797,n14839,4,1.0,1.0,1.0
n8798,n16143,4,1.0,1.0,1.0
n8799,n3946,3,0.75,1.0,0.875
n88,n255,4,1.0,1.0,1.0
n880,n12609,4,1.0,1.0,1.0
n8800,n16147,3,0.75,1.0,0.875
n8801,n4007,4,1.0,1.0,1.0
n8802,n16013,4,1.0,1.0,1.0
n8803,n1148,4,1.0,1.0,1.0
n8804,n16398,3,0.75,1.0,0.875
n8805,n1172,4,1.0,1.0,1.0
n8806,n16465,4,1.0,1.0,1.0
n8807,n4302,4,1.0,1.0,1.0
n8808,n1201,4,1.0,1.0,1.0
n8808,n16766,4,1.0,1.0,1.0
n8809,n4370,4,1.0,1.0,1.0
n881,n3160,4,1.0,1.0,1.0
n8810,n4478,4,1.0,1.0,1.0
n8811,n1240,4,1.0,1.0,1.0
n8812,n1260,4,1.0,1.0,1.0
n8813,n16186,4,1.0,1.0,1.0
n8814,n19039,4,1.0,1.0,1.0
n8815,n19472,3,0.75,1.0,0.875
n8816,n1338,3,0.75,1.0,0.875
n8817,n4983,4,1.0,1.0,1.0
n8818,n1350,4,1.0,1.0,1.0
n8819,n5049,4,1.0,1.0,1.0
n882,n3164,4,1.0,1.0,1.0
n8820,n20795,4,1.0,1.0,1.0
n8821,n21208,4,1.0,1.0,1.0
n8822,n16222,4,1.0,1.0,1.0
n8823,n16223,4,1.0,1.0,1.0
n8823,n5402,4,1.0,1.0,1.0
n8824,n5412,4,1.0,1.0,1.0
n8825,n16235,3,0.75,1.0,0.875
n8826,n1484,4,1.0,1.0,1.0
n8827,n1038,3,0.75,1.0,0.875
n8828,n1938,4,1.0,1.0,1.0
n8829,n16259,4,1.0,1.0,1.0
n883,n12656,4,1.0,1.0,1.0
n8830,n6073,4,1.0,1.0,1.0
n8831,n2829,3,0.75,1.0,0.875
n8832,n3110,4,1.0,1.0,1.0
n8833,n1645,4,1.0,1.0,1.0
n8834,n3750,4,1.0,1.0,1.0
n8835,n16279,3,0.75,1.0,0.875
n8836,n4544,4,1.0,1.0,1.0
n8837,n1760,3,0.75,1.0,0.875
n8838,n5055,4,1.0,1.0,1.0
n8839,n16304,3,0.75,0.75,0.75
n8839,n16305,4,1.0,1.0,1.0
n884,n3178,4,1.0,1.0,1.0
n8840,n16306,4,1.0,1.0,1.0
n8841,n7173,4,1.0,1.0,1.0
n8842,n1878,4,1.0,1.0,1.0
n8843,n1880,4,1.0,1.0,1.0
n8844,n16315,4,1.0,1.0,1.0
n8845,n1943,3,0.75,0.75,0.75
n8845,n7576,4,1.0,1.0,1.0
n8846,n7962,4,1.0,1.0,1.0
n8847,n16325,4,1.0,1.0,1.0
n8848,n8487,4,1.0,1.0,1.0
n8849,n8527,4,1.0,1.0,1.0
n885,n12691,4,1.0,1.0,1.0
n8850,n2021,4,1.0,1.0,1.0
n8851,n9560,4,1.0,1.0,1.0
n8852,n2057,3,0.75,1.0,0.875
n8853,n16343,3,0.75,1.0,0.875
n8854,n16346,4,1.0,1.0,1.0
n8855,n16347,3,0.75,1.0,0.875
n8856,n2099,4,1.0,1.0,1.0
n8857,n8858,4,1.0,1.0,1.0
n8858,n2183,4,1.0,1.0,1.0
n8859,n2207,4,1.0,1.0,1.0
n886,n8880,3,0.75,1.0,0.875
n8860,n9258,4,1.0,1.0,1.0
n8861,n2269,4,1.0,1.0,1.0
n8862,n2291,4,1.0,1.0,1.0
n8863,n16384,4,1.0,1.0,1.0
n8863,n2310,4,1.0,1.0,1.0
n8864,n9843,4,1.0,1.0,1.0
n8865,n19609,4,1.0,1.0,1.0
n8866,n19668,3,0.75,1.0,0.875
n8867,n9994,4,1.0,1.0,1.0
n8868,n10032,4,1.0,1.0,1.0
n8869,n20611,4,1.0,1.0,1.0
n887,n16484,4,1.0,1.0,1.0
n8870,n21044,4,1.0,1.0,1.0
n8871,n10305,4,1.0,1.0,1.0
n8872,n10316,4,1.0,1.0,1.0
n8873,n16406,3,0.75,1.0,0.875
n8874,n2459,4,1.0,1.0,1.0
n8875,n2489,4,1.0,1.0,1.0
n8876,n10540,4,1.0,1.0,1.0
n8877,n2494,4,1.0,1.0,1.0
n8878,n16415,4,1.0,1.0,1.0
n8879,n10600,4,1.0,1.0,1.0
n888,n8916,3,0.75,1.0,0.875
n8880,n16422,3,0.75,1.0,0.875
n8881,n642,4,1.0,1.0,1.0
n8882,n10689,4,1.0,1.0,1.0
n8883,n2604,4,1.0,1.0,1.0
n8884,n16433,3,0.75,1.0,0.875
n8885,n2616,4,1.0,1.0,1.0
n8886,n16437,4,1.0,1.0,1.0
n8887,n11188,4,1.0,1.0,1.0
n8888,n11264,4,1.0,1.0,1.0
n8889,n2755,4,1.0,1.0,1.0
n889,n12734,4,1.0,1.0,1.0
n8890,n3506,3,0.75,1.0,0.875
n8891,n11453,3,0.75,1.0,0.875
n8892,n2837,3,0.75,1.0,0.875
n8893,n4259,4,1.0,1.0,1.0
n8894,n4612,4,1.0,1.0,1.0
n8895,n2872,4,1.0,1.0,1.0
n8896,n4779,3,0.75,1.0,0.875
n8897,n2910,4,1.0,1.0,1.0
n8898,n5167,4,1.0,1.0,1.0
n8899,n5324,4,1.0,1.0,1.0
n89,n10831,4,1.0,1.0,1.0
n890,n12742,4,1.0,1.0,1.0
n8900,n11852,4,1.0,1.0,1.0
n8901,n2950,4,1.0,1.0,1.0
n8902,n16485,4,1.0,1.0,1.0
n8903,n6145,4,1.0,1.0,1.0
n8904,n16508,4,1.0,1.0,1.0
n8905,n12595,4,1.0,1.0,1.0
n8906,n8465,4,1.0,1.0,1.0
n8907,n16514,4,1.0,1.0,1.0
n8908,n12705,4,1.0,1.0,1.0
n8909,n16540,4,1.0,1.0,1.0
n891,n3216,4,1.0,1.0,1.0
n8910,n16549,4,1.0,1.0,1.0
n8911,n3444,4,1.0,1.0,1.0
n8912,n3520,4,1.0,1.0,1.0
n8913,n16566,4,1.0,1.0,1.0
n8914,n3562,4,1.0,1.0,1.0
n8915,n16569,4,1.0,1.0,1.0
n8916,n13096,3,0.75,1.0,0.875
n8917,n13876,4,1.0,1.0,1.0
n8918,n13154,4,1.0,1.0,1.0
n8919,n3609,4,1.0,1.0,1.0
n892,n12788,3,0.75,1.0,0.875
n8920,n14004,4,1.0,1.0,1.0
n8921,n3621,3,0.75,1.0,0.875
n8922,n13991,4,1.0,1.0,1.0
n8923,n14106,4,1.0,1.0,1.0
n8924,n14247,3,0.75,1.0,0.875
n8925,n14369,3,0.75,1.0,0.875
n8926,n14425,4,1.0,1.0,1.0
n8927,n14824,3,0.75,1.0,0.875
n8928,n18027,4,1.0,1.0,1.0
n8929,n3944,4,1.0,1.0,1.0
n893,n18010,4,1.0,1.0,1.0
n8930,n18686,4,1.0,1.0,1.0
n8931,n16641,3,0.75,1.0,0.875
n8932,n4054,3,0.75,1.0,0.875
n8933,n20502,3,0.75,1.0,0.875
n8934,n15713,4,1.0,1.0,1.0
n8935,n4105,4,1.0,1.0,1.0
n8936,n16659,4,1.0,1.0,1.0
n8937,n4166,3,0.75,1.0,0.875
n8938,n16661,4,1.0,1.0,1.0
n8939,n16675,4,1.0,1.0,1.0
n894,n12826,4,1.0,1.0,1.0
n8940,n2385,4,1.0,1.0,1.0
n8941,n16682,4,1.0,1.0,1.0
n8942,n16687,4,1.0,1.0,1.0
n8943,n16807,3,0.75,1.0,0.875
n8944,n5205,4,1.0,1.0,1.0
n8945,n4415,4,1.0,1.0,1.0
n8946,n4423,3,0.75,1.0,0.875
n8947,n4443,4,1.0,1.0,1.0
n8948,n17233,4,1.0,1.0,1.0
n8949,n17425,4,1.0,1.0,1.0
n895,n9472,4,1.0,1.0,1.0
n8950,n16746,3,0.75,1.0,0.875
n8951,n4655,4,1.0,1.0,1.0
n8952,n18383,3,0.75,1.0,0.875
n8953,n10945,3,0.75,1.0,0.875
n8954,n4747,4,1.0,1.0,1.0
n8955,n11835,4,1.0,1.0,1.0
n8956,n12481,3,0.75,1.0,0.875
n8957,n19220,4,1.0,1.0,1.0
n8958,n19445,4,1.0,1.0,1.0
n8959,n14949,4,1.0,1.0,1.0
n896,n18573,4,1.0,1.0,1.0
n8960,n15972,4,1.0,1.0,1.0
n8961,n16105,4,1.0,1.0,1.0
n8962,n16234,4,1.0,1.0,1.0
n8963,n16837,4,1.0,1.0,1.0
n8964,n16842,4,1.0,1.0,1.0
n8965,n16843,4,1.0,1.0,1.0
n8966,n16845,4,1.0,1.0,1.0
n8967,n16841,4,1.0,1.0,1.0
n8968,n20467,4,1.0,1.0,1.0
n8969,n17201,4,1.0,1.0,1.0
n897,n3248,4,1.0,1.0,1.0
n8970,n5124,4,1.0,1.0,1.0
n8971,n5130,4,1.0,1.0,1.0
n8972,n20932,4,1.0,1.0,1.0
n8973,n21151,4,1.0,1.0,1.0
n8974,n5315,3,0.75,1.0,0.875
n8975,n21561,4,1.0,1.0,1.0
n8976,n16899,4,1.0,1.0,1.0
n8977,n16900,4,1.0,1.0,1.0
n8978,n16901,3,0.75,1.0,0.875
n8979,n16903,3,0.75,1.0,0.875
n898,n12905,4,1.0,1.0,1.0
n8980,n16920,4,1.0,1.0,1.0
n8981,n1,4,1.0,1.0,1.0
n8981,n5415,4,1.0,1.0,1.0
n8982,n10,4,1.0,1.0,1.0
n8983,n5421,4,1.0,1.0,1.0
n8984,n223,4,1.0,1.0,1.0
n8984,n677,3,0.75,0.75,0.75
n8985,n5483,4,1.0,1.0,1.0
n8986,n1305,4,1.0,1.0,1.0
n8987,n2221,3,0.75,1.0,0.875
n8988,n690,4,1.0,1.0,1.0
n8989,n5549,4,1.0,1.0,1.0
n899,n3256,4,1.0,1.0,1.0
n8990,n2884,4,1.0,1.0,1.0
n8991,n16962,4,1.0,1.0,1.0
n8992,n976,4,1.0,1.0,1.0
n8993,n5611,4,1.0,1.0,1.0
n8994,n3806,4,1.0,1.0,1.0
n8995,n1078,3,0.75,1.0,0.875
n8996,n4091,3,0.75,1.0,0.875
n8997,n5640,4,1.0,1.0,1.0
n8998,n5307,4,1.0,1.0,1.0
n8999,n5697,3,0.75,1.0,0.875
n9,n55,4,1.0,1.0,1.0
n90,n10877,4,1.0,1.0,1.0
n900,n12957,4,1.0,1.0,1.0
n9000,n16997,3,0.75,1.0,0.875
n9001,n5740,3,0.75,1.0,0.875
n9002,n1626,4,1.0,1.0,1.0
n9003,n1795,4,1.0,1.0,1.0
n9004,n1933,4,1.0,1.0,1.0
n9005,n17018,4,1.0,1.0,1.0
n9005,n17019,4,1.0,1.0,1.0
n9006,n17020,4,1.0,1.0,1.0
n9007,n1984,3,0.75,1.0,0.875
n9008,n17022,4,1.0,1.0,1.0
n9009,n17029,4,1.0,1.0,1.0
n901,n3278,4,1.0,1.0,1.0
n9010,n5890,4,1.0,1.0,1.0
n9011,n17033,3,0.75,1.0,0.875
n9012,n17034,4,1.0,1.0,1.0
n9013,n8605,3,0.75,1.0,0.875
n9014,n2132,3,0.75,1.0,0.875
n9015,n2215,4,1.0,1.0,1.0
n9016,n9336,4,1.0,1.0,1.0
n9017,n17054,4,1.0,1.0,1.0
n9017,n17055,4,1.0,1.0,1.0
n9018,n2342,4,1.0,1.0,1.0
n9019,n17066,4,1.0,1.0,1.0
n902,n12973,4,1.0,1.0,1.0
n9020,n6015,4,1.0,1.0,1.0
n9021,n2412,4,1.0,1.0,1.0
n9021,n2413,4,1.0,1.0,1.0
n9022,n17071,4,1.0,1.0,1.0
n9023,n6040,4,1.0,1.0,1.0
n9024,n10728,4,1.0,1.0,1.0
n9025,n17078,4,1.0,1.0,1.0
n9026,n10894,4,1.0,1.0,1.0
n9027,n11042,4,1.0,1.0,1.0
n9028,n2766,4,1.0,1.0,1.0
n9029,n11557,4,1.0,1.0,1.0
n903,n19909,4,1.0,1.0,1.0
n9030,n11695,3,0.75,1.0,0.875
n9031,n6149,4,1.0,1.0,1.0
n9032,n17102,3,0.75,1.0,0.875
n9033,n12052,3,0.75,1.0,0.875
n9034,n6199,4,1.0,1.0,1.0
n9035,n12203,4,1.0,1.0,1.0
n9036,n6204,4,1.0,1.0,1.0
n9037,n3053,4,1.0,1.0,1.0
n9038,n3072,4,1.0,1.0,1.0
n9039,n17117,4,1.0,1.0,1.0
n9039,n3121,4,1.0,1.0,1.0
n904,n3292,3,0.75,1.0,0.875
n9040,n17118,4,1.0,1.0,1.0
n9040,n3124,4,1.0,1.0,1.0
n9040,n3125,4,1.0,1.0,1.0
n9041,n12505,4,1.0,1.0,1.0
n9042,n12530,4,1.0,1.0,1.0
n9043,n17121,3,0.75,1.0,0.875
n9044,n17126,3,0.75,1.0,0.875
n9045,n3221,3,0.75,0.75,0.75
n9045,n3222,4,1.0,1.0,1.0
n9046,n12818,4,1.0,1.0,1.0
n9047,n3226,4,1.0,1.0,1.0
n9048,n6302,3,0.75,1.0,0.875
n9049,n6314,3,0.75,1.0,0.875
n905,n10088,3,0.75,1.0,0.875
n9050,n13191,4,1.0,1.0,1.0
n9051,n3382,4,1.0,1.0,1.0
n9052,n13434,3,0.75,1.0,0.875
n9053,n3457,3,0.75,1.0,0.875
n9054,n13611,4,1.0,1.0,1.0
n9055,n3519,4,1.0,1.0,1.0
n9056,n13954,4,1.0,1.0,1.0
n9057,n3618,4,1.0,1.0,1.0
n9058,n3630,4,1.0,1.0,1.0
n9059,n17152,4,1.0,1.0,1.0
n906,n3293,4,1.0,1.0,1.0
n9060,n6447,3,0.75,1.0,0.875
n9061,n14243,3,0.75,1.0,0.875
n9062,n6454,3,0.75,1.0,0.875
n9063,n17157,4,1.0,1.0,1.0
n9064,n14421,4,1.0,1.0,1.0
n9065,n17161,4,1.0,1.0,1.0
n9065,n6476,4,1.0,1.0,1.0
n9065,n6477,4,1.0,1.0,1.0
n9065,n6478,4,1.0,1.0,1.0
n9066,n17162,4,1.0,1.0,1.0
n9067,n3795,4,1.0,1.0,1.0
n9068,n14734,4,1.0,1.0,1.0
n9069,n3855,4,1.0,1.0,1.0
n907,n3298,3,0.75,1.0,0.875
n9070,n14868,4,1.0,1.0,1.0
n9071,n17171,4,1.0,1.0,1.0
n9072,n6526,4,1.0,1.0,1.0
n9073,n16608,4,1.0,1.0,1.0
n9074,n17214,4,1.0,1.0,1.0
n9075,n6658,4,1.0,1.0,1.0
n9076,n17218,3,0.75,1.0,0.875
n9077,n6673,4,1.0,1.0,1.0
n9078,n4462,3,0.75,1.0,0.875
n9079,n17363,4,1.0,1.0,1.0
n908,n3306,4,1.0,1.0,1.0
n9080,n6684,4,1.0,1.0,1.0
n9081,n17480,4,1.0,1.0,1.0
n9082,n6689,4,1.0,1.0,1.0
n9083,n17228,4,1.0,1.0,1.0
n9084,n6742,3,0.75,1.0,0.875
n9085,n4770,4,1.0,1.0,1.0
n9086,n19181,3,0.75,1.0,0.875
n9087,n19294,3,0.75,1.0,0.875
n9088,n6806,3,0.75,1.0,0.875
n9089,n19348,4,1.0,1.0,1.0
n909,n13070,3,0.75,1.0,0.875
n9090,n17260,4,1.0,1.0,1.0
n9091,n17262,4,1.0,1.0,1.0
n9092,n17263,4,1.0,1.0,1.0
n9093,n4962,4,1.0,1.0,1.0
n9094,n6836,3,0.75,1.0,0.875
n9095,n5078,4,1.0,1.0,1.0
n9096,n5114,4,1.0,1.0,1.0
n9097,n17283,4,1.0,1.0,1.0
n9098,n17288,4,1.0,1.0,1.0
n9099,n6910,4,1.0,1.0,1.0
n91,n768,4,1.0,1.0,1.0
n910,n3316,4,1.0,1.0,1.0
n9100,n5237,3,0.75,1.0,0.875
n9101,n21207,4,1.0,1.0,1.0
n9101,n5243,3,0.75,0.75,0.75
n9102,n17292,3,0.75,1.0,0.875
n9103,n6931,4,1.0,1.0,1.0
n9104,n6936,4,1.0,1.0,1.0
n9105,n6964,4,1.0,1.0,1.0
n9106,n290,4,1.0,1.0,1.0
n9107,n301,4,1.0,1.0,1.0
n9108,n644,4,1.0,1.0,1.0
n9109,n5604,4,1.0,1.0,1.0
n911,n3318,4,1.0,1.0,1.0
n9110,n17327,4,1.0,1.0,1.0
n9111,n17336,4,1.0,1.0,1.0
n9112,n1556,3,0.75,1.0,0.875
n9113,n17337,3,0.75,1.0,0.875
n9114,n7064,4,1.0,1.0,1.0
n9115,n17343,4,1.0,1.0,1.0
n9116,n5872,4,1.0,1.0,1.0
n9117,n5894,3,0.75,1.0,0.875
n9118,n7116,4,1.0,1.0,1.0
n9119,n7128,3,0.75,1.0,0.875
n912,n13081,4,1.0,1.0,1.0
n9120,n17349,4,1.0,1.0,1.0
n9121,n2428,3,0.75,1.0,0.875
n9122,n17353,4,1.0,1.0,1.0
n9123,n7148,3,0.75,1.0,0.875
n9124,n7162,4,1.0,1.0,1.0
n9125,n3024,4,1.0,1.0,1.0
n9126,n7206,3,0.75,1.0,0.875
n9127,n17369,3,0.75,1.0,0.875
n9128,n6278,3,0.75,1.0,0.875
n9129,n3417,3,0.75,1.0,0.875
n913,n3322,4,1.0,1.0,1.0
n9130,n17389,4,1.0,1.0,1.0
n9131,n7286,4,1.0,1.0,1.0
n9132,n7298,4,1.0,1.0,1.0
n9133,n7302,3,0.75,1.0,0.875
n9134,n7316,4,1.0,1.0,1.0
n9135,n7327,4,1.0,1.0,1.0
n9136,n17403,3,0.75,1.0,0.875
n9137,n6743,4,1.0,1.0,1.0
n9138,n6795,3,0.75,1.0,0.875
n9139,n6805,3,0.75,1.0,0.875
n914,n10562,4,1.0,1.0,1.0
n9140,n4907,4,1.0,1.0,1.0
n9141,n5270,4,1.0,1.0,1.0
n9142,n17443,4,1.0,1.0,1.0
n9142,n5476,4,1.0,1.0,1.0
n9143,n17444,4,1.0,1.0,1.0
n9144,n7450,4,1.0,1.0,1.0
n9145,n17452,3,0.75,1.0,0.875
n9146,n7057,4,1.0,1.0,1.0
n9147,n17454,3,0.75,1.0,0.875
n9148,n7468,4,1.0,1.0,1.0
n9149,n17464,4,1.0,1.0,1.0
n915,n13114,3,0.75,1.0,0.875
n9150,n7505,4,1.0,1.0,1.0
n9151,n7528,4,1.0,1.0,1.0
n9152,n6618,4,1.0,1.0,1.0
n9153,n6622,4,1.0,1.0,1.0
n9154,n6672,3,0.75,1.0,0.875
n9155,n7078,3,0.75,1.0,0.875
n9156,n17493,3,0.75,1.0,0.875
n9157,n7415,4,1.0,1.0,1.0
n9158,n7502,3,0.75,1.0,0.875
n9159,n17500,4,1.0,1.0,1.0
n916,n10660,4,1.0,1.0,1.0
n9160,n7616,4,1.0,1.0,1.0
n9161,n17510,4,1.0,1.0,1.0
n9162,n7636,3,0.75,1.0,0.875
n9163,n8008,3,0.75,1.0,0.875
n9164,n17512,4,1.0,1.0,1.0
n9165,n8159,4,1.0,1.0,1.0
n9166,n7659,4,1.0,1.0,1.0
n9167,n7798,4,1.0,1.0,1.0
n9168,n17517,4,1.0,1.0,1.0
n9169,n7833,4,1.0,1.0,1.0
n917,n10662,4,1.0,1.0,1.0
n9170,n8576,4,1.0,1.0,1.0
n9171,n8935,4,1.0,1.0,1.0
n9172,n17539,3,0.75,1.0,0.875
n9173,n8040,4,1.0,1.0,1.0
n9174,n8113,4,1.0,1.0,1.0
n9175,n7745,4,1.0,1.0,1.0
n9176,n9616,4,1.0,1.0,1.0
n9177,n8219,4,1.0,1.0,1.0
n9178,n7765,4,1.0,1.0,1.0
n9179,n17559,4,1.0,1.0,1.0
n918,n3338,4,1.0,1.0,1.0
n9180,n7800,4,1.0,1.0,1.0
n9181,n10427,4,1.0,1.0,1.0
n9182,n8438,4,1.0,1.0,1.0
n9183,n8573,4,1.0,1.0,1.0
n9184,n7874,4,1.0,1.0,1.0
n9185,n7887,4,1.0,1.0,1.0
n9186,n7892,3,0.75,1.0,0.875
n9187,n8722,4,1.0,1.0,1.0
n9188,n15984,4,1.0,1.0,1.0
n9189,n16323,4,1.0,1.0,1.0
n919,n811,4,1.0,1.0,1.0
n9190,n17593,4,1.0,1.0,1.0
n9191,n16861,4,1.0,1.0,1.0
n9192,n9005,4,1.0,1.0,1.0
n9193,n9014,3,0.75,1.0,0.875
n9194,n7972,4,1.0,1.0,1.0
n9195,n7988,3,0.75,1.0,0.875
n9196,n17302,3,0.75,1.0,0.875
n9197,n17402,4,1.0,1.0,1.0
n9198,n17415,3,0.75,1.0,0.875
n9198,n9138,3,0.75,1.0,0.875
n9199,n17433,4,1.0,1.0,1.0
n9199,n17611,4,1.0,1.0,1.0
n92,n838,4,1.0,1.0,1.0
n920,n3343,4,1.0,1.0,1.0
n9200,n17614,3,0.75,1.0,0.875
n9201,n8021,4,1.0,1.0,1.0
n9202,n9177,4,1.0,1.0,1.0
n9203,n8025,4,1.0,1.0,1.0
n9204,n9201,4,1.0,1.0,1.0
n9205,n8044,4,1.0,1.0,1.0
n9206,n17618,4,1.0,1.0,1.0
n9207,n9283,3,0.75,1.0,0.875
n9208,n8084,4,1.0,1.0,1.0
n9209,n17634,4,1.0,1.0,1.0
n921,n10849,4,1.0,1.0,1.0
n9210,n17635,4,1.0,1.0,1.0
n9211,n18418,4,1.0,1.0,1.0
n9212,n17641,4,1.0,1.0,1.0
n9213,n8139,4,1.0,1.0,1.0
n9214,n18671,4,1.0,1.0,1.0
n9215,n18843,4,1.0,1.0,1.0
n9216,n8171,3,0.75,1.0,0.875
n9217,n18934,4,1.0,1.0,1.0
n9217,n18935,4,1.0,1.0,1.0
n9217,n8180,4,1.0,1.0,1.0
n9218,n9695,4,1.0,1.0,1.0
n9219,n19054,3,0.75,1.0,0.875
n922,n10882,4,1.0,1.0,1.0
n9220,n19219,4,1.0,1.0,1.0
n9221,n17657,4,1.0,1.0,1.0
n9222,n8229,4,1.0,1.0,1.0
n9223,n17659,4,1.0,1.0,1.0
n9224,n8245,4,1.0,1.0,1.0
n9225,n19436,3,0.75,0.75,0.75
n9225,n8248,4,1.0,1.0,1.0
n9226,n8256,4,1.0,1.0,1.0
n9227,n8260,4,1.0,1.0,1.0
n9228,n19569,4,1.0,1.0,1.0
n9229,n9886,4,1.0,1.0,1.0
n923,n3354,4,1.0,1.0,1.0
n9230,n8271,4,1.0,1.0,1.0
n9231,n17668,3,0.75,1.0,0.875
n9232,n8281,4,1.0,1.0,1.0
n9233,n9958,3,0.75,1.0,0.875
n9234,n19885,4,1.0,1.0,1.0
n9235,n8304,4,1.0,1.0,1.0
n9236,n20142,4,1.0,1.0,1.0
n9237,n8326,4,1.0,1.0,1.0
n9238,n20358,3,0.75,1.0,0.875
n9239,n17686,4,1.0,1.0,1.0
n924,n10911,4,1.0,1.0,1.0
n9240,n8353,4,1.0,1.0,1.0
n9241,n17694,3,0.75,1.0,0.875
n9242,n10268,4,1.0,1.0,1.0
n9243,n17713,4,1.0,1.0,1.0
n9244,n10419,4,1.0,1.0,1.0
n9245,n8420,4,1.0,1.0,1.0
n9246,n10510,1,0.25,0.25,0.25
n9246,n8441,3,0.75,0.75,0.75
n9247,n17724,3,0.75,1.0,0.875
n9248,n8451,4,1.0,1.0,1.0
n9249,n10856,4,1.0,1.0,1.0
n925,n10937,3,0.75,1.0,0.875
n9250,n8456,4,1.0,1.0,1.0
n9251,n11489,4,1.0,1.0,1.0
n9252,n11939,4,1.0,1.0,1.0
n9253,n7630,3,0.75,1.0,0.875
n9254,n8069,4,1.0,1.0,1.0
n9255,n8571,4,1.0,1.0,1.0
n9256,n13065,4,1.0,1.0,1.0
n9257,n13079,4,1.0,1.0,1.0
n9258,n17751,4,1.0,1.0,1.0
n9259,n13663,4,1.0,1.0,1.0
n926,n1786,4,1.0,1.0,1.0
n9260,n13768,4,1.0,1.0,1.0
n9261,n14170,3,0.75,1.0,0.875
n9262,n17759,3,0.75,1.0,0.875
n9263,n14443,3,0.75,1.0,0.875
n9264,n15143,3,0.75,1.0,0.875
n9265,n17763,4,1.0,1.0,1.0
n9266,n17766,4,1.0,1.0,1.0
n9267,n8675,4,1.0,1.0,1.0
n9268,n17771,4,1.0,1.0,1.0
n9269,n14934,4,1.0,1.0,1.0
n927,n11020,4,1.0,1.0,1.0
n9270,n15265,4,1.0,1.0,1.0
n9271,n15546,4,1.0,1.0,1.0
n9272,n17789,4,1.0,1.0,1.0
n9273,n16155,3,0.75,1.0,0.875
n9274,n17810,4,1.0,1.0,1.0
n9274,n8830,4,1.0,1.0,1.0
n9275,n8832,4,1.0,1.0,1.0
n9276,n8837,3,0.75,1.0,0.875
n9277,n2163,4,1.0,1.0,1.0
n9278,n17819,4,1.0,1.0,1.0
n9279,n2368,4,1.0,1.0,1.0
n928,n2090,3,0.75,1.0,0.875
n9280,n2475,3,0.75,1.0,0.875
n9281,n2696,4,1.0,1.0,1.0
n9282,n2967,4,1.0,1.0,1.0
n9283,n3198,3,0.75,1.0,0.875
n9284,n17841,4,1.0,1.0,1.0
n9285,n3805,4,1.0,1.0,1.0
n9286,n16607,4,1.0,1.0,1.0
n9287,n3988,4,1.0,1.0,1.0
n9288,n16678,4,1.0,1.0,1.0
n9289,n16749,3,0.75,1.0,0.875
n929,n13257,4,1.0,1.0,1.0
n9290,n16868,4,1.0,1.0,1.0
n9291,n8981,4,1.0,1.0,1.0
n9292,n17869,4,1.0,1.0,1.0
n9293,n6639,4,1.0,1.0,1.0
n9294,n9089,4,1.0,1.0,1.0
n9295,n9104,4,1.0,1.0,1.0
n9296,n17383,3,0.75,1.0,0.875
n9297,n7614,4,1.0,1.0,1.0
n9298,n17920,3,0.75,1.0,0.875
n9299,n7889,3,0.75,1.0,0.875
n93,n12299,4,1.0,1.0,1.0
n930,n13283,4,1.0,1.0,1.0
n9300,n17601,3,0.75,1.0,0.875
n9301,n17927,4,1.0,1.0,1.0
n9302,n8120,4,1.0,1.0,1.0
n9303,n17941,4,1.0,1.0,1.0
n9304,n8800,3,0.75,1.0,0.875
n9305,n17844,3,0.75,1.0,0.875
n9306,n9293,4,1.0,1.0,1.0
n9307,n17958,3,0.75,1.0,0.875
n9308,n9088,3,0.75,1.0,0.875
n9309,n17896,4,1.0,1.0,1.0
n931,n13306,4,1.0,1.0,1.0
n9310,n17961,4,1.0,1.0,1.0
n9311,n17964,4,1.0,1.0,1.0
n9312,n9303,4,1.0,1.0,1.0
n9313,n9340,3,0.75,1.0,0.875
n9314,n17982,4,1.0,1.0,1.0
n9315,n17971,4,1.0,1.0,1.0
n9316,n9341,4,1.0,1.0,1.0
n9317,n10125,4,1.0,1.0,1.0
n9318,n10198,4,1.0,1.0,1.0
n9319,n10202,4,1.0,1.0,1.0
n932,n3389,4,1.0,1.0,1.0
n9320,n17992,4,1.0,1.0,1.0
n9321,n18251,3,0.75,1.0,0.875
n9322,n18294,4,1.0,1.0,1.0
n9323,n9416,4,1.0,1.0,1.0
n9324,n9424,4,1.0,1.0,1.0
n9325,n18005,4,1.0,1.0,1.0
n9326,n18006,4,1.0,1.0,1.0
n9327,n10667,4,1.0,1.0,1.0
n9328,n10865,4,1.0,1.0,1.0
n9329,n18014,3,0.75,1.0,0.875
n933,n11333,3,0.75,1.0,0.875
n9330,n11128,4,1.0,1.0,1.0
n9331,n11245,4,1.0,1.0,1.0
n9332,n11335,4,1.0,1.0,1.0
n9333,n11409,4,1.0,1.0,1.0
n9334,n18030,4,1.0,1.0,1.0
n9335,n18033,3,0.75,1.0,0.875
n9336,n9565,4,1.0,1.0,1.0
n9337,n18036,3,0.75,1.0,0.875
n9338,n11888,4,1.0,1.0,1.0
n9339,n9593,4,1.0,1.0,1.0
n934,n3398,3,0.75,1.0,0.875
n9340,n18040,3,0.75,1.0,0.875
n9341,n18042,4,1.0,1.0,1.0
n9342,n9627,4,1.0,1.0,1.0
n9343,n9629,3,0.75,1.0,0.875
n9344,n12343,3,0.75,1.0,0.875
n9345,n18898,4,1.0,1.0,1.0
n9346,n12384,4,1.0,1.0,1.0
n9347,n12395,4,1.0,1.0,1.0
n9348,n9657,4,1.0,1.0,1.0
n9349,n18053,4,1.0,1.0,1.0
n935,n3403,3,0.75,1.0,0.875
n9350,n18963,4,1.0,1.0,1.0
n9351,n18985,4,1.0,1.0,1.0
n9352,n18062,3,0.75,1.0,0.875
n9353,n9692,4,1.0,1.0,1.0
n9354,n9716,4,1.0,1.0,1.0
n9355,n19090,4,1.0,1.0,1.0
n9356,n9723,4,1.0,1.0,1.0
n9357,n18072,4,1.0,1.0,1.0
n9358,n9747,4,1.0,1.0,1.0
n9359,n18084,4,1.0,1.0,1.0
n936,n11368,4,1.0,1.0,1.0
n9360,n18086,4,1.0,1.0,1.0
n9361,n13757,3,0.75,1.0,0.875
n9362,n13842,4,1.0,1.0,1.0
n9363,n13900,4,1.0,1.0,1.0
n9364,n18100,4,1.0,1.0,1.0
n9365,n9870,4,1.0,1.0,1.0
n9366,n14737,4,1.0,1.0,1.0
n9367,n19665,4,1.0,1.0,1.0
n9368,n9909,4,1.0,1.0,1.0
n9369,n14860,4,1.0,1.0,1.0
n937,n13354,4,1.0,1.0,1.0
n9370,n18113,4,1.0,1.0,1.0
n9371,n18118,3,0.75,1.0,0.875
n9372,n18125,3,0.75,1.0,0.875
n9373,n9991,4,1.0,1.0,1.0
n9374,n19989,4,1.0,1.0,1.0
n9375,n18141,3,0.75,1.0,0.875
n9376,n15866,4,1.0,1.0,1.0
n9377,n10040,4,1.0,1.0,1.0
n9378,n16369,4,1.0,1.0,1.0
n9379,n10076,4,1.0,1.0,1.0
n938,n3412,3,0.75,1.0,0.875
n9380,n16636,4,1.0,1.0,1.0
n9381,n18169,4,1.0,1.0,1.0
n9382,n16990,4,1.0,1.0,1.0
n9383,n17052,4,1.0,1.0,1.0
n9384,n17351,4,1.0,1.0,1.0
n9385,n10153,4,1.0,1.0,1.0
n9386,n10160,4,1.0,1.0,1.0
n9387,n10173,4,1.0,1.0,1.0
n9388,n17643,4,1.0,1.0,1.0
n9389,n20733,4,1.0,1.0,1.0
n939,n13384,4,1.0,1.0,1.0
n9390,n10205,4,1.0,1.0,1.0
n9391,n10210,4,1.0,1.0,1.0
n9392,n17984,4,1.0,1.0,1.0
n9393,n10215,4,1.0,1.0,1.0
n9394,n18037,4,1.0,1.0,1.0
n9395,n18090,4,1.0,1.0,1.0
n9396,n20806,4,1.0,1.0,1.0
n9397,n20814,3,0.75,1.0,0.875
n9398,n18204,4,1.0,1.0,1.0
n9399,n18213,4,1.0,1.0,1.0
n94,n294,4,1.0,1.0,1.0
n940,n13388,4,1.0,1.0,1.0
n9400,n20885,4,1.0,1.0,1.0
n9401,n10257,4,1.0,1.0,1.0
n9402,n18774,4,1.0,1.0,1.0
n9403,n18948,4,1.0,1.0,1.0
n9404,n10287,3,0.75,1.0,0.875
n9405,n18227,4,1.0,1.0,1.0
n9406,n19267,4,1.0,1.0,1.0
n9407,n21077,4,1.0,1.0,1.0
n9408,n19600,4,1.0,1.0,1.0
n9409,n19646,4,1.0,1.0,1.0
n941,n11480,4,1.0,1.0,1.0
n9410,n18245,4,1.0,1.0,1.0
n9411,n21162,4,1.0,1.0,1.0
n9412,n21278,4,1.0,1.0,1.0
n9413,n10394,4,1.0,1.0,1.0
n9414,n10405,4,1.0,1.0,1.0
n9415,n18290,4,1.0,1.0,1.0
n9416,n21758,4,1.0,1.0,1.0
n9417,n18300,4,1.0,1.0,1.0
n9418,n21789,4,1.0,1.0,1.0
n9419,n10518,4,1.0,1.0,1.0
n942,n13412,4,1.0,1.0,1.0
n9420,n18313,4,1.0,1.0,1.0
n9421,n117,4,1.0,1.0,1.0
n9422,n139,4,1.0,1.0,1.0
n9423,n699,4,1.0,1.0,1.0
n9424,n380,4,1.0,1.0,1.0
n9425,n18334,4,1.0,1.0,1.0
n9426,n18340,4,1.0,1.0,1.0
n9427,n445,3,0.75,1.0,0.875
n9428,n18342,4,1.0,1.0,1.0
n9429,n477,3,0.75,1.0,0.875
n943,n11600,4,1.0,1.0,1.0
n9430,n1516,4,1.0,1.0,1.0
n9431,n1534,4,1.0,1.0,1.0
n9432,n18345,4,1.0,1.0,1.0
n9433,n18349,4,1.0,1.0,1.0
n9434,n18356,4,1.0,1.0,1.0
n9435,n831,3,0.75,1.0,0.875
n9436,n18370,3,0.75,1.0,0.875
n9437,n10727,4,1.0,1.0,1.0
n9438,n10737,4,1.0,1.0,1.0
n9439,n18380,3,0.75,1.0,0.875
n944,n11628,4,1.0,1.0,1.0
n9440,n1035,4,1.0,1.0,1.0
n9441,n3917,4,1.0,1.0,1.0
n9442,n18391,4,1.0,1.0,1.0
n9443,n1107,4,1.0,1.0,1.0
n9444,n1169,4,1.0,1.0,1.0
n9445,n18400,4,1.0,1.0,1.0
n9446,n18402,4,1.0,1.0,1.0
n9447,n4397,4,1.0,1.0,1.0
n9448,n4707,4,1.0,1.0,1.0
n9449,n18412,4,1.0,1.0,1.0
n945,n11645,4,1.0,1.0,1.0
n9450,n18413,4,1.0,1.0,1.0
n9451,n4959,4,1.0,1.0,1.0
n9452,n10845,3,0.75,1.0,0.875
n9453,n1437,3,0.75,1.0,0.875
n9454,n18425,3,0.75,1.0,0.875
n9455,n18428,4,1.0,1.0,1.0
n9456,n1483,4,1.0,1.0,1.0
n9457,n18429,4,1.0,1.0,1.0
n9458,n5679,4,1.0,1.0,1.0
n9459,n10918,4,1.0,1.0,1.0
n946,n3440,3,0.75,1.0,0.875
n9460,n18437,4,1.0,1.0,1.0
n9461,n10950,4,1.0,1.0,1.0
n9462,n1796,4,1.0,1.0,1.0
n9463,n1813,4,1.0,1.0,1.0
n9464,n10991,4,1.0,1.0,1.0
n9465,n7521,3,0.75,1.0,0.875
n9466,n7719,3,0.75,1.0,0.875
n9467,n7864,3,0.75,1.0,0.875
n9468,n7883,4,1.0,1.0,1.0
n9469,n11018,4,1.0,1.0,1.0
n947,n11742,3,0.75,1.0,0.875
n9470,n11031,4,1.0,1.0,1.0
n9471,n2089,4,1.0,1.0,1.0
n9472,n8473,4,1.0,1.0,1.0
n9473,n2177,4,1.0,1.0,1.0
n9474,n9582,3,0.75,1.0,0.875
n9475,n11091,4,1.0,1.0,1.0
n9476,n18479,4,1.0,1.0,1.0
n9477,n2404,3,0.75,1.0,0.875
n9478,n10402,4,1.0,1.0,1.0
n9479,n18487,4,1.0,1.0,1.0
n948,n13494,4,1.0,1.0,1.0
n948,n3456,4,1.0,1.0,1.0
n9480,n11126,4,1.0,1.0,1.0
n9481,n2536,4,1.0,1.0,1.0
n9482,n18499,4,1.0,1.0,1.0
n9483,n11142,4,1.0,1.0,1.0
n9484,n10705,4,1.0,1.0,1.0
n9485,n10723,3,0.75,1.0,0.875
n9486,n11145,4,1.0,1.0,1.0
n9487,n11148,4,1.0,1.0,1.0
n9488,n10820,4,1.0,1.0,1.0
n9489,n11011,4,1.0,1.0,1.0
n949,n13523,4,1.0,1.0,1.0
n9490,n11186,4,1.0,1.0,1.0
n9491,n18514,4,1.0,1.0,1.0
n9492,n18515,3,0.75,1.0,0.875
n9493,n2763,3,0.75,1.0,0.875
n9494,n18521,3,0.75,1.0,0.875
n9495,n11413,4,1.0,1.0,1.0
n9496,n11234,4,1.0,1.0,1.0
n9497,n2889,4,1.0,1.0,1.0
n9498,n11703,4,1.0,1.0,1.0
n9499,n11236,4,1.0,1.0,1.0
n95,n895,4,1.0,1.0,1.0
n950,n12021,4,1.0,1.0,1.0
n9500,n18530,3,0.75,1.0,0.875
n9501,n2911,4,1.0,1.0,1.0
n9502,n18531,4,1.0,1.0,1.0
n9503,n11254,4,1.0,1.0,1.0
n9504,n11905,4,1.0,1.0,1.0
n9505,n11272,4,1.0,1.0,1.0
n9506,n12118,4,1.0,1.0,1.0
n9507,n3048,3,0.75,1.0,0.875
n9508,n11285,4,1.0,1.0,1.0
n9509,n11290,3,0.75,1.0,0.875
n951,n3477,3,0.75,1.0,0.875
n9510,n3101,4,1.0,1.0,1.0
n9511,n11310,4,1.0,1.0,1.0
n9511,n3207,4,1.0,1.0,1.0
n9512,n18557,4,1.0,1.0,1.0
n9513,n12809,4,1.0,1.0,1.0
n9514,n18559,3,0.75,1.0,0.875
n9515,n11324,3,0.75,1.0,0.875
n9516,n12945,3,0.75,1.0,0.875
n9517,n13000,3,0.75,1.0,0.875
n9518,n11344,4,1.0,1.0,1.0
n9519,n3348,3,0.75,1.0,0.875
n952,n3484,4,1.0,1.0,1.0
n9520,n13199,3,0.75,1.0,0.875
n9521,n11358,3,0.75,1.0,0.875
n9522,n18572,4,1.0,1.0,1.0
n9523,n11388,3,0.75,0.75,0.75
n9523,n3481,4,1.0,1.0,1.0
n9524,n3490,4,1.0,1.0,1.0
n9525,n18576,4,1.0,1.0,1.0
n9526,n18581,4,1.0,1.0,1.0
n9527,n13745,4,1.0,1.0,1.0
n9528,n18590,3,0.75,1.0,0.875
n9529,n3615,3,0.75,1.0,0.875
n953,n12152,4,1.0,1.0,1.0
n9530,n3634,3,0.75,1.0,0.875
n9531,n18596,4,1.0,1.0,1.0
n9532,n18600,3,0.75,1.0,0.875
n9533,n14265,4,1.0,1.0,1.0
n9534,n18603,4,1.0,1.0,1.0
n9535,n3722,3,0.75,1.0,0.875
n9536,n3738,3,0.75,1.0,0.875
n9537,n3744,3,0.75,1.0,0.875
n9538,n14538,3,0.75,1.0,0.875
n9539,n3766,4,1.0,1.0,1.0
n954,n3497,4,1.0,1.0,1.0
n9540,n18612,3,0.75,1.0,0.875
n9541,n18614,4,1.0,1.0,1.0
n9542,n11496,4,1.0,1.0,1.0
n9543,n18619,3,0.75,1.0,0.875
n9544,n11502,4,1.0,1.0,1.0
n9545,n3922,4,1.0,1.0,1.0
n9546,n11507,4,1.0,1.0,1.0
n9546,n18621,4,1.0,1.0,1.0
n9547,n11514,3,0.75,1.0,0.875
n9548,n11524,4,1.0,1.0,1.0
n9549,n11539,4,1.0,1.0,1.0
n955,n6977,4,1.0,1.0,1.0
n9550,n4018,4,1.0,1.0,1.0
n9551,n11545,4,1.0,1.0,1.0
n9552,n11571,4,1.0,1.0,1.0
n9553,n4179,4,1.0,1.0,1.0
n9554,n18639,4,1.0,1.0,1.0
n9555,n4285,4,1.0,1.0,1.0
n9556,n16657,4,1.0,1.0,1.0
n9557,n11611,3,0.75,1.0,0.875
n9558,n17167,3,0.75,1.0,0.875
n9559,n11641,4,1.0,1.0,1.0
n956,n13588,3,0.75,1.0,0.875
n9560,n18661,4,1.0,1.0,1.0
n9561,n17939,3,0.75,1.0,0.875
n9562,n18677,4,1.0,1.0,1.0
n9563,n4738,4,1.0,1.0,1.0
n9564,n11694,3,0.75,1.0,0.875
n9565,n4850,4,1.0,1.0,1.0
n9566,n11711,4,1.0,1.0,1.0
n9567,n11725,4,1.0,1.0,1.0
n9568,n19800,4,1.0,1.0,1.0
n9569,n20186,4,1.0,1.0,1.0
n957,n12229,4,1.0,1.0,1.0
n9570,n11764,4,1.0,1.0,1.0
n9571,n18709,4,1.0,1.0,1.0
n9572,n11772,4,1.0,1.0,1.0
n9573,n18721,4,1.0,1.0,1.0
n9574,n18725,3,0.75,1.0,0.875
n9575,n21397,4,1.0,1.0,1.0
n9576,n11800,3,0.75,1.0,0.875
n9577,n18730,3,0.75,1.0,0.875
n9578,n11828,4,1.0,1.0,1.0
n9579,n18736,4,1.0,1.0,1.0
n958,n13599,4,1.0,1.0,1.0
n9580,n433,3,0.75,1.0,0.875
n9581,n5527,4,1.0,1.0,1.0
n9582,n5532,3,0.75,1.0,0.875
n9583,n634,4,1.0,1.0,1.0
n9584,n5596,4,1.0,1.0,1.0
n9585,n1021,3,0.75,1.0,0.875
n9586,n1050,4,1.0,1.0,1.0
n9587,n1284,4,1.0,1.0,1.0
n9588,n1495,3,0.75,1.0,0.875
n9589,n5723,4,1.0,1.0,1.0
n959,n13601,3,0.75,1.0,0.875
n9590,n11896,4,1.0,1.0,1.0
n9591,n5857,4,1.0,1.0,1.0
n9592,n11943,4,1.0,1.0,1.0
n9593,n11946,4,1.0,1.0,1.0
n9594,n5969,3,0.75,1.0,0.875
n9595,n11971,4,1.0,1.0,1.0
n9596,n18783,4,1.0,1.0,1.0
n9597,n6088,3,0.75,1.0,0.875
n9598,n11980,3,0.75,1.0,0.875
n9599,n6121,3,0.75,1.0,0.875
n96,n13002,4,1.0,1.0,1.0
n960,n7136,4,1.0,1.0,1.0
n9600,n12000,4,1.0,1.0,1.0
n9601,n6211,4,1.0,1.0,1.0
n9602,n18795,4,1.0,1.0,1.0
n9603,n6241,4,1.0,1.0,1.0
n9604,n6251,3,0.75,1.0,0.875
n9605,n6356,3,0.75,1.0,0.875
n9606,n12051,3,0.75,1.0,0.875
n9607,n6408,3,0.75,1.0,0.875
n9608,n3583,4,1.0,1.0,1.0
n9609,n3650,3,0.75,1.0,0.875
n961,n7306,4,1.0,1.0,1.0
n9610,n6446,4,1.0,1.0,1.0
n9611,n6458,3,0.75,1.0,0.875
n9612,n6519,3,0.75,1.0,0.875
n9613,n12093,3,0.75,0.75,0.75
n9613,n3961,4,1.0,1.0,1.0
n9613,n6543,4,1.0,1.0,1.0
n9614,n12121,4,1.0,1.0,1.0
n9615,n4447,3,0.75,1.0,0.875
n9616,n18832,4,1.0,1.0,1.0
n9617,n6762,4,1.0,1.0,1.0
n9618,n18833,4,1.0,1.0,1.0
n9619,n18834,3,0.75,1.0,0.875
n962,n13653,4,1.0,1.0,1.0
n9620,n12159,4,1.0,1.0,1.0
n9621,n4921,3,0.75,1.0,0.875
n9622,n12168,4,1.0,1.0,1.0
n9623,n6843,4,1.0,1.0,1.0
n9624,n18839,4,1.0,1.0,1.0
n9624,n6863,4,1.0,1.0,1.0
n9625,n5248,4,1.0,1.0,1.0
n9626,n12205,4,1.0,1.0,1.0
n9627,n12213,4,1.0,1.0,1.0
n9628,n18857,4,1.0,1.0,1.0
n9629,n12237,3,0.75,1.0,0.875
n963,n13675,4,1.0,1.0,1.0
n9630,n12273,3,0.75,1.0,0.875
n9631,n12275,4,1.0,1.0,1.0
n9632,n12306,4,1.0,1.0,1.0
n9633,n12307,4,1.0,1.0,1.0
n9634,n12312,4,1.0,1.0,1.0
n9635,n6821,3,0.75,1.0,0.875
n9636,n12321,4,1.0,1.0,1.0
n9637,n12326,4,1.0,1.0,1.0
n9638,n12328,3,0.75,1.0,0.875
n9639,n18903,4,1.0,1.0,1.0
n964,n12625,3,0.75,1.0,0.875
n9640,n12383,4,1.0,1.0,1.0
n9641,n12390,4,1.0,1.0,1.0
n9642,n7899,4,1.0,1.0,1.0
n9643,n7936,4,1.0,1.0,1.0
n9644,n18911,3,0.75,1.0,0.875
n9645,n18912,4,1.0,1.0,1.0
n9646,n8148,3,0.75,1.0,0.875
n9647,n12410,4,1.0,1.0,1.0
n9648,n12420,4,1.0,1.0,1.0
n9649,n7796,4,1.0,1.0,1.0
n965,n13718,4,1.0,1.0,1.0
n9650,n18923,4,1.0,1.0,1.0
n9651,n12455,3,0.75,1.0,0.875
n9652,n7898,3,0.75,1.0,0.875
n9653,n8845,4,1.0,1.0,1.0
n9654,n18931,3,0.75,1.0,0.875
n9655,n18935,4,1.0,1.0,1.0
n9656,n9140,4,1.0,1.0,1.0
n9657,n18938,4,1.0,1.0,1.0
n9658,n8037,4,1.0,1.0,1.0
n9659,n8045,3,0.75,0.75,0.75
n9659,n9227,4,1.0,1.0,1.0
n966,n13750,3,0.75,1.0,0.875
n9660,n9269,4,1.0,1.0,1.0
n9661,n8056,3,0.75,1.0,0.875
n9662,n9271,4,1.0,1.0,1.0
n9663,n18947,3,0.75,1.0,0.875
n9664,n18955,4,1.0,1.0,1.0
n9665,n12553,4,1.0,1.0,1.0
n9666,n9927,3,0.75,1.0,0.875
n9667,n18964,4,1.0,1.0,1.0
n9668,n8329,4,1.0,1.0,1.0
n9669,n10225,3,0.75,1.0,0.875
n967,n3544,3,0.75,1.0,0.875
n9670,n18968,4,1.0,1.0,1.0
n9671,n10279,4,1.0,1.0,1.0
n9672,n10440,4,1.0,1.0,1.0
n9673,n12594,4,1.0,1.0,1.0
n9674,n10520,4,1.0,1.0,1.0
n9675,n11399,3,0.75,1.0,0.875
n9676,n8518,3,0.75,1.0,0.875
n9677,n12620,4,1.0,1.0,1.0
n9678,n13746,3,0.75,1.0,0.875
n9679,n12645,4,1.0,1.0,1.0
n968,n12763,4,1.0,1.0,1.0
n9680,n14030,3,0.75,1.0,0.875
n9681,n12654,3,0.75,1.0,0.875
n9682,n18992,3,0.75,1.0,0.875
n9683,n12662,4,1.0,1.0,1.0
n9684,n8691,4,1.0,1.0,1.0
n9685,n8701,3,0.75,1.0,0.875
n9686,n8788,3,0.75,1.0,0.875
n9687,n8791,4,1.0,1.0,1.0
n9688,n16410,4,1.0,1.0,1.0
n9689,n8900,4,1.0,1.0,1.0
n969,n9445,4,1.0,1.0,1.0
n9690,n8939,4,1.0,1.0,1.0
n9691,n19012,4,1.0,1.0,1.0
n9692,n16998,4,1.0,1.0,1.0
n9693,n17025,4,1.0,1.0,1.0
n9694,n17073,4,1.0,1.0,1.0
n9695,n17281,4,1.0,1.0,1.0
n9696,n12762,4,1.0,1.0,1.0
n9697,n19017,4,1.0,1.0,1.0
n9698,n19020,3,0.75,1.0,0.875
n9699,n12806,4,1.0,1.0,1.0
n97,n13050,4,1.0,1.0,1.0
n970,n13801,4,1.0,1.0,1.0
n9700,n12848,4,1.0,1.0,1.0
n9701,n9557,3,0.75,1.0,0.875
n9702,n19046,3,0.75,1.0,0.875
n9703,n12883,4,1.0,1.0,1.0
n9704,n19049,4,1.0,1.0,1.0
n9705,n12898,4,1.0,1.0,1.0
n9706,n12902,4,1.0,1.0,1.0
n9707,n19057,4,1.0,1.0,1.0
n9708,n19371,4,1.0,1.0,1.0
n9708,n19372,4,1.0,1.0,1.0
n9709,n19435,3,0.75,1.0,0.875
n971,n9679,4,1.0,1.0,1.0
n9710,n19534,4,1.0,1.0,1.0
n9711,n19065,3,0.75,1.0,0.875
n9712,n19066,4,1.0,1.0,1.0
n9713,n19764,4,1.0,1.0,1.0
n9714,n10049,4,1.0,1.0,1.0
n9715,n19083,4,1.0,1.0,1.0
n9716,n19084,4,1.0,1.0,1.0
n9717,n19088,4,1.0,1.0,1.0
n9718,n20658,3,0.75,1.0,0.875
n9719,n20663,3,0.75,1.0,0.875
n972,n3559,4,1.0,1.0,1.0
n9720,n13023,4,1.0,1.0,1.0
n9721,n20791,4,1.0,1.0,1.0
n9722,n20793,4,1.0,1.0,1.0
n9723,n19098,4,1.0,1.0,1.0
n9724,n19099,3,0.75,1.0,0.875
n9725,n13039,3,0.75,1.0,0.875
n9726,n19101,3,0.75,1.0,0.875
n9727,n13051,4,1.0,1.0,1.0
n9728,n10412,4,1.0,1.0,1.0
n9729,n21473,4,1.0,1.0,1.0
n973,n12951,3,0.75,1.0,0.875
n9730,n13064,4,1.0,1.0,1.0
n9731,n10477,3,0.75,1.0,0.875
n9732,n13072,4,1.0,1.0,1.0
n9733,n21787,4,1.0,1.0,1.0
n9734,n10502,4,1.0,1.0,1.0
n9735,n19117,3,0.75,1.0,0.875
n9736,n19121,3,0.75,1.0,0.875
n9737,n13125,4,1.0,1.0,1.0
n9738,n19127,4,1.0,1.0,1.0
n9739,n717,3,0.75,1.0,0.875
n974,n10410,4,1.0,1.0,1.0
n9740,n823,4,1.0,1.0,1.0
n9741,n10763,3,0.75,1.0,0.875
n9742,n1000,3,0.75,1.0,0.875
n9743,n19141,4,1.0,1.0,1.0
n9744,n19142,4,1.0,1.0,1.0
n9745,n13201,4,1.0,1.0,1.0
n9746,n1580,3,0.75,1.0,0.875
n9747,n10908,4,1.0,1.0,1.0
n9748,n1678,4,1.0,1.0,1.0
n9749,n19153,4,1.0,1.0,1.0
n975,n3574,4,1.0,1.0,1.0
n9750,n19155,4,1.0,1.0,1.0
n9751,n13217,4,1.0,1.0,1.0
n9752,n1841,3,0.75,1.0,0.875
n9753,n10977,4,1.0,1.0,1.0
n9754,n2214,4,1.0,1.0,1.0
n9755,n13252,4,1.0,1.0,1.0
n9756,n11129,4,1.0,1.0,1.0
n9757,n13264,4,1.0,1.0,1.0
n9758,n19168,4,1.0,1.0,1.0
n9759,n13269,4,1.0,1.0,1.0
n976,n3576,4,1.0,1.0,1.0
n9760,n13300,4,1.0,1.0,1.0
n9761,n11248,4,1.0,1.0,1.0
n9762,n11267,3,0.75,1.0,0.875
n9763,n19179,4,1.0,1.0,1.0
n9764,n19182,3,0.75,1.0,0.875
n9765,n11330,4,1.0,1.0,1.0
n9766,n11347,3,0.75,1.0,0.875
n9766,n13342,3,0.75,1.0,0.875
n9767,n11352,3,0.75,1.0,0.875
n9768,n19188,4,1.0,1.0,1.0
n9769,n13352,4,1.0,1.0,1.0
n977,n13146,4,1.0,1.0,1.0
n9770,n3861,4,1.0,1.0,1.0
n9771,n3965,4,1.0,1.0,1.0
n9772,n11525,4,1.0,1.0,1.0
n9772,n11526,3,0.75,0.75,0.75
n9772,n13403,4,1.0,1.0,1.0
n9773,n19212,4,1.0,1.0,1.0
n9774,n4190,4,1.0,1.0,1.0
n9775,n13425,4,1.0,1.0,1.0
n9776,n19223,3,0.75,1.0,0.875
n9777,n19225,4,1.0,1.0,1.0
n9778,n11718,3,0.75,1.0,0.875
n9779,n13477,3,0.75,1.0,0.875
n978,n3581,4,1.0,1.0,1.0
n9780,n5881,4,1.0,1.0,1.0
n9781,n6902,4,1.0,1.0,1.0
n9782,n7025,4,1.0,1.0,1.0
n9783,n12234,3,0.75,1.0,0.875
n9784,n19278,4,1.0,1.0,1.0
n9785,n13606,3,0.75,1.0,0.875
n9786,n13616,4,1.0,1.0,1.0
n9787,n19288,4,1.0,1.0,1.0
n9788,n12309,3,0.75,1.0,0.875
n9789,n7424,4,1.0,1.0,1.0
n979,n3582,3,0.75,1.0,0.875
n9790,n12426,4,1.0,1.0,1.0
n9791,n12457,3,0.75,1.0,0.875
n9792,n12495,4,1.0,1.0,1.0
n9792,n13670,3,0.75,0.75,0.75
n9793,n13682,3,0.75,1.0,0.875
n9794,n19304,4,1.0,1.0,1.0
n9795,n19307,4,1.0,1.0,1.0
n9796,n12643,3,0.75,1.0,0.875
n9797,n8660,4,1.0,1.0,1.0
n9798,n12663,3,0.75,1.0,0.875
n9799,n12695,4,1.0,1.0,1.0
n9799,n13743,4,1.0,1.0,1.0
n98,n932,4,1.0,1.0,1.0
n980,n13889,4,1.0,1.0,1.0
n9800,n19325,4,1.0,1.0,1.0
n9801,n19328,3,0.75,1.0,0.875
n9802,n13765,4,1.0,1.0,1.0
n9803,n9502,4,1.0,1.0,1.0
n9804,n19343,4,1.0,1.0,1.0
n9805,n13838,4,1.0,1.0,1.0
n9806,n19350,4,1.0,1.0,1.0
n9807,n10116,4,1.0,1.0,1.0
n9808,n13845,4,1.0,1.0,1.0
n9809,n19361,4,1.0,1.0,1.0
n981,n13248,3,0.75,1.0,0.875
n9810,n13108,4,1.0,1.0,1.0
n9811,n11036,3,0.75,1.0,0.875
n9812,n19386,3,0.75,1.0,0.875
n9813,n13315,3,0.75,1.0,0.875
n9814,n13364,4,1.0,1.0,1.0
n9815,n13974,4,1.0,1.0,1.0
n9816,n13984,4,1.0,1.0,1.0
n9817,n13993,3,0.75,1.0,0.875
n9818,n13995,3,0.75,1.0,0.875
n9818,n19401,3,0.75,1.0,0.875
n9819,n19410,4,1.0,1.0,1.0
n982,n13256,3,0.75,1.0,0.875
n9820,n19412,4,1.0,1.0,1.0
n9821,n19419,4,1.0,1.0,1.0
n9822,n13575,4,1.0,1.0,1.0
n9823,n14040,3,0.75,1.0,0.875
n9823,n14041,3,0.75,1.0,0.875
n9824,n12190,3,0.75,1.0,0.875
n9825,n12361,4,1.0,1.0,1.0
n9826,n14069,4,1.0,1.0,1.0
n9827,n14076,4,1.0,1.0,1.0
n9828,n19432,3,0.75,1.0,0.875
n9829,n13711,4,1.0,1.0,1.0
n983,n14000,4,1.0,1.0,1.0
n9830,n12618,3,0.75,1.0,0.875
n9831,n14087,4,1.0,1.0,1.0
n9832,n12731,4,1.0,1.0,1.0
n9833,n14102,4,1.0,1.0,1.0
n9834,n14143,4,1.0,1.0,1.0
n9835,n14176,3,0.75,1.0,0.875
n9836,n19459,3,0.75,1.0,0.875
n9837,n19461,4,1.0,1.0,1.0
n9838,n14111,4,1.0,1.0,1.0
n9839,n13818,4,1.0,1.0,1.0
n984,n14017,3,0.75,1.0,0.875
n9840,n14180,4,1.0,1.0,1.0
n9841,n14223,3,0.75,1.0,0.875
n9842,n14335,4,1.0,1.0,1.0
n9843,n14366,4,1.0,1.0,1.0
n9844,n14847,4,1.0,1.0,1.0
n9845,n19493,4,1.0,1.0,1.0
n9846,n19498,4,1.0,1.0,1.0
n9847,n15225,4,1.0,1.0,1.0
n9848,n14303,4,1.0,1.0,1.0
n9849,n19504,3,0.75,1.0,0.875
n985,n12065,3,0.75,1.0,0.875
n9850,n14311,3,0.75,1.0,0.875
n9851,n15361,4,1.0,1.0,1.0
n9852,n19508,4,1.0,1.0,1.0
n9853,n19509,4,1.0,1.0,1.0
n9854,n19536,4,1.0,1.0,1.0
n9855,n14764,4,1.0,1.0,1.0
n9856,n14770,4,1.0,1.0,1.0
n9857,n16543,4,1.0,1.0,1.0
n9858,n14894,4,1.0,1.0,1.0
n9859,n14407,4,1.0,1.0,1.0
n986,n14034,4,1.0,1.0,1.0
n9860,n17411,4,1.0,1.0,1.0
n9861,n19560,4,1.0,1.0,1.0
n9862,n14457,4,1.0,1.0,1.0
n9863,n14464,4,1.0,1.0,1.0
n9864,n17864,4,1.0,1.0,1.0
n9865,n14473,4,1.0,1.0,1.0
n9866,n15156,4,1.0,1.0,1.0
n9866,n18211,4,1.0,1.0,1.0
n9867,n14490,4,1.0,1.0,1.0
n9868,n18438,3,0.75,1.0,0.875
n9869,n15243,4,1.0,1.0,1.0
n987,n12461,4,1.0,1.0,1.0
n9870,n19581,4,1.0,1.0,1.0
n9871,n19270,4,1.0,1.0,1.0
n9872,n15430,3,0.75,1.0,0.875
n9873,n19595,4,1.0,1.0,1.0
n9874,n14567,3,0.75,1.0,0.875
n9875,n15480,3,0.75,1.0,0.875
n9876,n19567,3,0.75,1.0,0.875
n9877,n15509,4,1.0,1.0,1.0
n9878,n15543,3,0.75,1.0,0.875
n9879,n19735,4,1.0,1.0,1.0
n988,n13701,3,0.75,1.0,0.875
n9880,n19739,4,1.0,1.0,1.0
n9881,n15610,4,1.0,1.0,1.0
n9882,n14625,4,1.0,1.0,1.0
n9883,n19611,4,1.0,1.0,1.0
n9884,n15695,4,1.0,1.0,1.0
n9885,n15697,4,1.0,1.0,1.0
n9886,n14635,4,1.0,1.0,1.0
n9887,n20929,3,0.75,1.0,0.875
n9888,n21058,3,0.75,1.0,0.875
n9889,n243,3,0.75,1.0,0.875
n989,n12718,4,1.0,1.0,1.0
n9890,n19634,4,1.0,1.0,1.0
n9891,n19635,4,1.0,1.0,1.0
n9892,n19636,4,1.0,1.0,1.0
n9893,n16040,4,1.0,1.0,1.0
n9894,n14718,4,1.0,1.0,1.0
n9895,n19647,4,1.0,1.0,1.0
n9896,n14730,3,0.75,1.0,0.875
n9897,n1081,3,0.75,1.0,0.875
n9898,n14735,4,1.0,1.0,1.0
n9899,n14736,3,0.75,1.0,0.875
n99,n14289,4,1.0,1.0,1.0
n990,n12748,4,1.0,1.0,1.0
n9900,n1299,3,0.75,1.0,0.875
n9901,n16204,4,1.0,1.0,1.0
n9902,n16227,3,0.75,1.0,0.875
n9903,n16254,4,1.0,1.0,1.0
n9904,n16268,4,1.0,1.0,1.0
n9905,n16291,4,1.0,1.0,1.0
n9906,n19667,3,0.75,1.0,0.875
n9907,n14768,4,1.0,1.0,1.0
n9908,n2157,4,1.0,1.0,1.0
n9909,n16449,4,1.0,1.0,1.0
n991,n13840,3,0.75,1.0,0.875
n9910,n14805,4,1.0,1.0,1.0
n9911,n3678,4,1.0,1.0,1.0
n9912,n19684,3,0.75,1.0,0.875
n9913,n14832,4,1.0,1.0,1.0
n9914,n16643,4,1.0,1.0,1.0
n9915,n14864,4,1.0,1.0,1.0
n9916,n5020,3,0.75,1.0,0.875
n9917,n16827,4,1.0,1.0,1.0
n9918,n5826,4,1.0,1.0,1.0
n9919,n5832,4,1.0,1.0,1.0
n992,n13151,4,1.0,1.0,1.0
n9920,n5926,3,0.75,1.0,0.875
n9921,n17174,4,1.0,1.0,1.0
n9922,n6628,4,1.0,1.0,1.0
n9923,n19736,4,1.0,1.0,1.0
n9924,n14951,3,0.75,1.0,0.875
n9925,n17406,4,1.0,1.0,1.0
n9926,n17421,3,0.75,1.0,0.875
n9927,n14983,3,0.75,1.0,0.875
n9928,n17557,4,1.0,1.0,1.0
n9929,n19757,4,1.0,1.0,1.0
n993,n13976,4,1.0,1.0,1.0
n9930,n15018,4,1.0,1.0,1.0
n9931,n15049,4,1.0,1.0,1.0
n9932,n19772,4,1.0,1.0,1.0
n9933,n17816,4,1.0,1.0,1.0
n9934,n17842,4,1.0,1.0,1.0
n9935,n8927,3,0.75,1.0,0.875
n9936,n19779,4,1.0,1.0,1.0
n9937,n17950,3,0.75,1.0,0.875
n9938,n15100,4,1.0,1.0,1.0
n9939,n17988,4,1.0,1.0,1.0
n994,n13420,4,1.0,1.0,1.0
n9940,n15118,4,1.0,1.0,1.0
n9941,n9526,4,1.0,1.0,1.0
n9942,n19792,4,1.0,1.0,1.0
n9943,n18149,4,1.0,1.0,1.0
n9944,n15150,4,1.0,1.0,1.0
n9945,n15154,3,0.75,1.0,0.875
n9946,n19803,3,0.75,1.0,0.875
n9947,n19823,4,1.0,1.0,1.0
n9948,n10922,4,1.0,1.0,1.0
n9949,n18558,4,1.0,1.0,1.0
n995,n14150,4,1.0,1.0,1.0
n9950,n19842,3,0.75,1.0,0.875
n9951,n11528,4,1.0,1.0,1.0
n9952,n11644,3,0.75,1.0,0.875
n9953,n18775,3,0.75,1.0,0.875
n9954,n12028,4,1.0,1.0,1.0
n9955,n15302,3,0.75,1.0,0.875
n9956,n12129,4,1.0,1.0,1.0
n9957,n19866,3,0.75,1.0,0.875
n9958,n15325,3,0.75,1.0,0.875
n9959,n12676,4,1.0,1.0,1.0
n996,n14444,4,1.0,1.0,1.0
n9960,n19875,3,0.75,1.0,0.875
n9961,n15369,3,0.75,1.0,0.875
n9962,n12975,3,0.75,1.0,0.875
n9963,n15391,4,1.0,1.0,1.0
n9964,n19895,4,1.0,1.0,1.0
n9965,n19269,4,1.0,1.0,1.0
n9966,n19900,4,1.0,1.0,1.0
n9967,n19327,4,1.0,1.0,1.0
n9968,n19330,4,1.0,1.0,1.0
n9969,n13850,4,1.0,1.0,1.0
n997,n14255,3,0.75,1.0,0.875
n9970,n19904,4,1.0,1.0,1.0
n9970,n19905,4,1.0,1.0,1.0
n9971,n15463,4,1.0,1.0,1.0
n9971,n19391,4,1.0,1.0,1.0
n9972,n19907,4,1.0,1.0,1.0
n9973,n19431,4,1.0,1.0,1.0
n9974,n15486,3,0.75,1.0,0.875
n9975,n19501,4,1.0,1.0,1.0
n9976,n14434,4,1.0,1.0,1.0
n9977,n14438,3,0.75,1.0,0.875
n9978,n19594,4,1.0,1.0,1.0
n9979,n19917,4,1.0,1.0,1.0
n998,n14262,4,1.0,1.0,1.0
n9980,n19643,3,0.75,1.0,0.875
n9981,n15528,4,1.0,1.0,1.0
n9982,n15539,3,0.75,1.0,0.875
n9983,n19744,3,0.75,1.0,0.875
n9984,n19928,4,1.0,1.0,1.0
n9985,n15570,4,1.0,1.0,1.0
n9986,n19942,3,0.75,1.0,0.875
n9987,n15289,4,1.0,1.0,1.0
n9988,n19946,4,1.0,1.0,1.0
n9989,n19964,4,1.0,1.0,1.0
n999,n14272,4,1.0,1.0,1.0
n9990,n20047,3,0.75,1.0,0.875
n9991,n20053,4,1.0,1.0,1.0
n9992,n15624,4,1.0,1.0,1.0
n9993,n15941,4,1.0,1.0,1.0
n9994,n16063,4,1.0,1.0,1.0
n9995,n15643,4,1.0,1.0,1.0
n9996,n20230,4,1.0,1.0,1.0
n9997,n15649,4,1.0,1.0,1.0
n9998,n20281,3,0.75,1.0,0.875
n9999,n19988,4,1.0,1.0,1.0
