node_id,haplotype_count,path_fraction,predecessor_consistency,successor_consistency,local_consistency,consistency_score,status
n1,4,1.0,1.0,0.5,1.0,0.875,shared
n2,4,1.0,1.0,0.5,1.0,0.875,shared
n3,4,1.0,1.0,1.0,1.0,1.0,shared
n4,4,1.0,1.0,1.0,1.0,1.0,shared
n5,4,1.0,1.0,1.0,1.0,1.0,shared
n6,4,1.0,1.0,1.0,1.0,1.0,shared
n7,4,1.0,1.0,1.0,1.0,1.0,shared
n8,4,1.0,1.0,1.0,1.0,1.0,shared
n9,4,1.0,1.0,1.0,1.0,1.0,shared
n10,4,1.0,0.3333333333333333,0.3333333333333333,1.0,0.6666666666666666,shared
n11,4,1.0,1.0,1.0,1.0,1.0,shared
n12,3,0.75,1.0,1.0,1.0,0.9375,shared
n13,4,1.0,1.0,1.0,1.0,1.0,shared
n14,4,1.0,1.0,1.0,1.0,1.0,shared
n15,4,1.0,0.5,0.5,1.0,0.75,shared
n16,4,1.0,1.0,1.0,1.0,1.0,shared
n17,4,1.0,1.0,1.0,1.0,1.0,shared
n18,3,0.75,1.0,1.0,1.0,0.9375,shared
n19,4,1.0,1.0,1.0,1.0,1.0,shared
n20,4,1.0,1.0,1.0,1.0,1.0,shared
n21,4,1.0,1.0,1.0,1.0,1.0,shared
n22,4,1.0,1.0,1.0,1.0,1.0,shared
n23,4,1.0,1.0,1.0,1.0,1.0,shared
n24,4,1.0,0.5714285714285714,1.0,1.0,0.8928571428571428,shared
n25,3,0.75,1.0,1.0,1.0,0.9375,shared
n26,4,1.0,1.0,1.0,1.0,1.0,shared
n27,4,1.0,1.0,1.0,1.0,1.0,shared
n28,4,1.0,1.0,1.0,1.0,1.0,shared
n29,4,1.0,1.0,1.0,1.0,1.0,shared
n30,4,1.0,1.0,1.0,1.0,1.0,shared
n31,4,1.0,1.0,1.0,1.0,1.0,shared
n32,4,1.0,1.0,1.0,1.0,1.0,shared
n33,4,1.0,1.0,1.0,1.0,1.0,shared
n34,4,1.0,1.0,1.0,1.0,1.0,shared
n35,4,1.0,1.0,1.0,1.0,1.0,shared
n36,4,1.0,1.0,1.0,1.0,1.0,shared
n37,4,1.0,1.0,1.0,1.0,1.0,shared
n38,4,1.0,1.0,1.0,1.0,1.0,shared
n39,3,0.75,1.0,1.0,1.0,0.9375,shared
n40,4,1.0,1.0,1.0,1.0,1.0,shared
n41,4,1.0,1.0,1.0,1.0,1.0,shared
n42,3,0.75,1.0,1.0,1.0,0.9375,shared
n43,3,0.75,1.0,1.0,1.0,0.9375,shared
n44,4,1.0,1.0,1.0,1.0,1.0,shared
n45,4,1.0,1.0,1.0,1.0,1.0,shared
n46,3,0.75,1.0,1.0,1.0,0.9375,shared
n47,4,1.0,1.0,1.0,1.0,1.0,shared
n48,4,1.0,1.0,1.0,1.0,1.0,shared
n49,4,1.0,1.0,1.0,1.0,1.0,shared
n50,3,0.75,1.0,1.0,1.0,0.9375,shared
n51,3,0.75,1.0,1.0,1.0,0.9375,shared
n52,4,1.0,0.5714285714285714,1.0,1.0,0.8928571428571428,shared
n53,4,1.0,0.42105263157894735,0.3684210526315789,1.0,0.6973684210526316,shared
n54,4,1.0,1.0,1.0,1.0,1.0,shared
n55,4,1.0,1.0,1.0,1.0,1.0,shared
n56,4,1.0,1.0,1.0,1.0,1.0,shared
n57,4,1.0,1.0,1.0,1.0,1.0,shared
n58,4,1.0,1.0,1.0,1.0,1.0,shared
n59,4,1.0,1.0,1.0,1.0,1.0,shared
n60,4,1.0,1.0,1.0,1.0,1.0,shared
n61,4,1.0,1.0,1.0,1.0,1.0,shared
n62,4,1.0,1.0,1.0,1.0,1.0,shared
n63,4,1.0,1.0,1.0,1.0,1.0,shared
n64,3,0.75,0.5,1.0,1.0,0.8125,shared
n65,4,1.0,1.0,1.0,1.0,1.0,shared
n66,4,1.0,1.0,1.0,1.0,1.0,shared
n67,4,1.0,1.0,1.0,1.0,1.0,shared
n68,4,1.0,1.0,1.0,1.0,1.0,shared
n69,4,1.0,1.0,1.0,1.0,1.0,shared
n70,4,1.0,1.0,1.0,1.0,1.0,shared
n71,4,1.0,1.0,1.0,1.0,1.0,shared
n72,3,0.75,1.0,1.0,1.0,0.9375,shared
n73,4,1.0,1.0,1.0,1.0,1.0,shared
n74,3,0.75,1.0,1.0,1.0,0.9375,shared
n75,4,1.0,1.0,1.0,1.0,1.0,shared
n76,4,1.0,1.0,1.0,1.0,1.0,shared
n77,4,1.0,1.0,1.0,1.0,1.0,shared
n78,4,1.0,1.0,1.0,1.0,1.0,shared
n79,4,1.0,1.0,1.0,1.0,1.0,shared
n80,4,1.0,1.0,1.0,1.0,1.0,shared
n81,4,1.0,1.0,1.0,1.0,1.0,shared
n82,4,1.0,1.0,1.0,1.0,1.0,shared
n83,4,1.0,1.0,1.0,1.0,1.0,shared
n84,4,1.0,1.0,1.0,1.0,1.0,shared
n85,4,1.0,1.0,1.0,1.0,1.0,shared
n86,4,1.0,1.0,1.0,1.0,1.0,shared
n87,4,1.0,1.0,1.0,1.0,1.0,shared
n88,4,1.0,1.0,1.0,1.0,1.0,shared
n89,4,1.0,1.0,1.0,1.0,1.0,shared
n90,4,1.0,1.0,1.0,1.0,1.0,shared
n91,4,1.0,1.0,1.0,1.0,1.0,shared
n92,4,1.0,1.0,1.0,1.0,1.0,shared
n93,4,1.0,1.0,1.0,1.0,1.0,shared
n94,4,1.0,1.0,1.0,1.0,1.0,shared
n95,4,1.0,1.0,1.0,1.0,1.0,shared
n96,4,1.0,1.0,1.0,1.0,1.0,shared
n97,4,1.0,1.0,1.0,1.0,1.0,shared
n98,4,1.0,1.0,1.0,1.0,1.0,shared
n99,4,1.0,1.0,1.0,1.0,1.0,shared
n100,4,1.0,1.0,1.0,1.0,1.0,shared
n101,4,1.0,1.0,1.0,1.0,1.0,shared
n102,4,1.0,1.0,1.0,1.0,1.0,shared
n103,4,1.0,1.0,1.0,1.0,1.0,shared
n104,4,1.0,1.0,1.0,1.0,1.0,shared
n105,4,1.0,1.0,1.0,1.0,1.0,shared
n106,4,1.0,1.0,1.0,1.0,1.0,shared
n107,4,1.0,1.0,1.0,1.0,1.0,shared
n108,4,1.0,0.5,0.5,1.0,0.75,shared
n109,4,1.0,1.0,1.0,1.0,1.0,shared
n110,4,1.0,1.0,1.0,1.0,1.0,shared
n111,4,1.0,1.0,1.0,1.0,1.0,shared
n112,4,1.0,1.0,1.0,1.0,1.0,shared
n113,3,0.75,1.0,1.0,1.0,0.9375,shared
n114,4,1.0,1.0,0.75,1.0,0.9375,shared
n115,4,1.0,1.0,1.0,1.0,1.0,shared
n116,3,0.75,1.0,1.0,1.0,0.9375,shared
n117,4,1.0,1.0,1.0,1.0,1.0,shared
n118,4,1.0,1.0,1.0,1.0,1.0,shared
n119,4,1.0,1.0,1.0,1.0,1.0,shared
n120,4,1.0,1.0,1.0,1.0,1.0,shared
n121,4,1.0,1.0,1.0,1.0,1.0,shared
n122,4,1.0,1.0,1.0,1.0,1.0,shared
n123,4,1.0,1.0,1.0,1.0,1.0,shared
n124,4,1.0,1.0,1.0,1.0,1.0,shared
n125,4,1.0,1.0,1.0,1.0,1.0,shared
n126,3,0.75,1.0,1.0,1.0,0.9375,shared
n127,4,1.0,1.0,1.0,1.0,1.0,shared
n128,3,0.75,1.0,1.0,1.0,0.9375,shared
n129,4,1.0,1.0,1.0,1.0,1.0,shared
n130,4,1.0,1.0,1.0,1.0,1.0,shared
n131,4,1.0,1.0,1.0,1.0,1.0,shared
n132,4,1.0,1.0,1.0,1.0,1.0,shared
n133,4,1.0,1.0,1.0,1.0,1.0,shared
n134,4,1.0,1.0,1.0,1.0,1.0,shared
n135,4,1.0,1.0,1.0,1.0,1.0,shared
n136,4,1.0,1.0,1.0,1.0,1.0,shared
n137,4,1.0,1.0,1.0,1.0,1.0,shared
n138,4,1.0,1.0,1.0,1.0,1.0,shared
n139,4,1.0,1.0,1.0,1.0,1.0,shared
n140,4,1.0,1.0,0.5714285714285714,1.0,0.8928571428571428,shared
n141,4,1.0,1.0,1.0,1.0,1.0,shared
n142,4,1.0,1.0,1.0,1.0,1.0,shared
n143,4,1.0,1.0,1.0,1.0,1.0,shared
n144,4,1.0,1.0,1.0,1.0,1.0,shared
n145,4,1.0,1.0,1.0,1.0,1.0,shared
n146,4,1.0,1.0,1.0,1.0,1.0,shared
n147,4,1.0,1.0,1.0,1.0,1.0,shared
n148,4,1.0,1.0,1.0,1.0,1.0,shared
n149,4,1.0,1.0,1.0,1.0,1.0,shared
n150,4,1.0,1.0,1.0,1.0,1.0,shared
n151,3,0.75,1.0,1.0,1.0,0.9375,shared
n152,4,1.0,1.0,1.0,1.0,1.0,shared
n153,4,1.0,1.0,1.0,1.0,1.0,shared
n154,4,1.0,1.0,1.0,1.0,1.0,shared
n155,4,1.0,1.0,1.0,1.0,1.0,shared
n156,4,1.0,1.0,1.0,1.0,1.0,shared
n157,4,1.0,1.0,1.0,1.0,1.0,shared
n158,4,1.0,1.0,1.0,1.0,1.0,shared
n159,4,1.0,1.0,1.0,1.0,1.0,shared
n160,4,1.0,1.0,1.0,1.0,1.0,shared
n161,4,1.0,1.0,1.0,1.0,1.0,shared
n162,3,0.75,1.0,1.0,1.0,0.9375,shared
n163,4,1.0,1.0,1.0,1.0,1.0,shared
n164,4,1.0,1.0,1.0,1.0,1.0,shared
n165,4,1.0,1.0,1.0,1.0,1.0,shared
n166,3,0.75,1.0,1.0,1.0,0.9375,shared
n167,4,1.0,1.0,1.0,1.0,1.0,shared
n168,4,1.0,1.0,1.0,1.0,1.0,shared
n169,3,0.75,1.0,0.5,1.0,0.8125,shared
n170,4,1.0,1.0,1.0,1.0,1.0,shared
n171,4,1.0,1.0,1.0,1.0,1.0,shared
n172,4,1.0,1.0,1.0,1.0,1.0,shared
n173,4,1.0,1.0,1.0,1.0,1.0,shared
n174,4,1.0,1.0,1.0,1.0,1.0,shared
n175,4,1.0,1.0,1.0,1.0,1.0,shared
n176,4,1.0,1.0,1.0,1.0,1.0,shared
n177,4,1.0,1.0,1.0,1.0,1.0,shared
n178,4,1.0,1.0,1.0,1.0,1.0,shared
n179,4,1.0,1.0,1.0,1.0,1.0,shared
n180,3,0.75,1.0,1.0,1.0,0.9375,shared
n181,4,1.0,1.0,1.0,1.0,1.0,shared
n182,4,1.0,1.0,1.0,1.0,1.0,shared
n183,4,1.0,1.0,1.0,1.0,1.0,shared
n184,3,0.75,1.0,1.0,1.0,0.9375,shared
n185,4,1.0,1.0,1.0,1.0,1.0,shared
n186,4,1.0,1.0,1.0,1.0,1.0,shared
n187,4,1.0,1.0,1.0,1.0,1.0,shared
n188,3,0.75,1.0,1.0,1.0,0.9375,shared
n189,4,1.0,1.0,1.0,1.0,1.0,shared
n190,4,1.0,1.0,1.0,1.0,1.0,shared
n191,4,1.0,1.0,1.0,1.0,1.0,shared
n192,4,1.0,1.0,1.0,1.0,1.0,shared
n193,4,1.0,1.0,1.0,1.0,1.0,shared
n194,4,1.0,1.0,1.0,1.0,1.0,shared
n195,4,1.0,1.0,1.0,1.0,1.0,shared
n196,4,1.0,1.0,0.5,1.0,0.875,shared
n197,4,1.0,1.0,1.0,1.0,1.0,shared
n198,4,1.0,1.0,1.0,1.0,1.0,shared
n199,4,1.0,1.0,1.0,1.0,1.0,shared
n200,4,1.0,1.0,1.0,1.0,1.0,shared
n201,4,1.0,1.0,1.0,1.0,1.0,shared
n202,4,1.0,1.0,1.0,1.0,1.0,shared
n203,4,1.0,1.0,1.0,1.0,1.0,shared
n204,4,1.0,1.0,1.0,1.0,1.0,shared
n205,4,1.0,1.0,1.0,1.0,1.0,shared
n206,3,0.75,1.0,1.0,1.0,0.9375,shared
n207,4,1.0,1.0,1.0,1.0,1.0,shared
n208,4,1.0,1.0,1.0,1.0,1.0,shared
n209,4,1.0,1.0,1.0,1.0,1.0,shared
n210,4,1.0,1.0,1.0,1.0,1.0,shared
n211,4,1.0,1.0,1.0,1.0,1.0,shared
n212,4,1.0,1.0,1.0,1.0,1.0,shared
n213,4,1.0,1.0,1.0,1.0,1.0,shared
n214,4,1.0,1.0,1.0,1.0,1.0,shared
n215,4,1.0,1.0,1.0,1.0,1.0,shared
n216,4,1.0,1.0,1.0,1.0,1.0,shared
n217,4,1.0,1.0,1.0,1.0,1.0,shared
n218,4,1.0,1.0,1.0,1.0,1.0,shared
n219,4,1.0,1.0,1.0,1.0,1.0,shared
n220,4,1.0,0.5,1.0,1.0,0.875,shared
n221,4,1.0,1.0,1.0,1.0,1.0,shared
n222,4,1.0,1.0,1.0,1.0,1.0,shared
n223,4,1.0,1.0,0.6666666666666666,1.0,0.9166666666666666,shared
n224,4,1.0,1.0,1.0,1.0,1.0,shared
n225,4,1.0,1.0,1.0,1.0,1.0,shared
n226,4,1.0,1.0,1.0,1.0,1.0,shared
n227,4,1.0,1.0,1.0,1.0,1.0,shared
n228,4,1.0,1.0,1.0,1.0,1.0,shared
n229,4,1.0,1.0,1.0,1.0,1.0,shared
n230,4,1.0,1.0,1.0,1.0,1.0,shared
n231,4,1.0,1.0,1.0,1.0,1.0,shared
n232,4,1.0,1.0,1.0,1.0,1.0,shared
n233,4,1.0,1.0,1.0,1.0,1.0,shared
n234,3,0.75,1.0,1.0,1.0,0.9375,shared
n235,4,1.0,1.0,1.0,1.0,1.0,shared
n236,4,1.0,1.0,1.0,1.0,1.0,shared
n237,4,1.0,1.0,1.0,1.0,1.0,shared
n238,4,1.0,1.0,1.0,1.0,1.0,shared
n239,4,1.0,1.0,1.0,1.0,1.0,shared
n240,4,1.0,1.0,1.0,1.0,1.0,shared
n241,4,1.0,1.0,1.0,1.0,1.0,shared
n242,3,0.75,1.0,1.0,1.0,0.9375,shared
n243,4,1.0,0.5714285714285714,0.5714285714285714,1.0,0.7857142857142857,shared
n244,4,1.0,1.0,1.0,1.0,1.0,shared
n245,4,1.0,1.0,1.0,1.0,1.0,shared
n246,4,1.0,1.0,1.0,1.0,1.0,shared
n247,4,1.0,1.0,1.0,1.0,1.0,shared
n248,4,1.0,0.5,0.5,1.0,0.75,shared
n249,4,1.0,1.0,1.0,1.0,1.0,shared
n250,4,1.0,1.0,1.0,1.0,1.0,shared
n251,4,1.0,1.0,1.0,1.0,1.0,shared
n252,4,1.0,1.0,1.0,1.0,1.0,shared
n253,4,1.0,0.5,0.5,1.0,0.75,shared
n254,4,1.0,1.0,1.0,1.0,1.0,shared
n255,4,1.0,1.0,1.0,1.0,1.0,shared
n256,4,1.0,1.0,1.0,1.0,1.0,shared
n257,3,0.75,1.0,1.0,1.0,0.9375,shared
n258,4,1.0,1.0,1.0,1.0,1.0,shared
n259,4,1.0,1.0,1.0,1.0,1.0,shared
n260,4,1.0,1.0,1.0,1.0,1.0,shared
n261,4,1.0,1.0,1.0,1.0,1.0,shared
n262,4,1.0,1.0,1.0,1.0,1.0,shared
n263,4,1.0,1.0,1.0,1.0,1.0,shared
n264,4,1.0,1.0,1.0,1.0,1.0,shared
n265,3,0.75,1.0,1.0,1.0,0.9375,shared
n266,4,1.0,1.0,1.0,1.0,1.0,shared
n267,4,1.0,1.0,1.0,1.0,1.0,shared
n268,4,1.0,1.0,1.0,1.0,1.0,shared
n269,4,1.0,1.0,1.0,1.0,1.0,shared
n270,3,0.75,1.0,1.0,1.0,0.9375,shared
n271,3,0.75,1.0,1.0,1.0,0.9375,shared
n272,4,1.0,1.0,1.0,1.0,1.0,shared
n273,4,1.0,1.0,1.0,1.0,1.0,shared
n274,3,0.75,1.0,1.0,1.0,0.9375,shared
n275,4,1.0,1.0,1.0,1.0,1.0,shared
n276,3,0.75,1.0,1.0,1.0,0.9375,shared
n277,4,1.0,1.0,1.0,1.0,1.0,shared
n278,4,1.0,1.0,1.0,1.0,1.0,shared
n279,4,1.0,1.0,1.0,1.0,1.0,shared
n280,3,0.75,1.0,1.0,1.0,0.9375,shared
n281,4,1.0,1.0,1.0,1.0,1.0,shared
n282,4,1.0,1.0,1.0,1.0,1.0,shared
n283,4,1.0,1.0,1.0,1.0,1.0,shared
n284,4,1.0,1.0,1.0,1.0,1.0,shared
n285,4,1.0,1.0,1.0,1.0,1.0,shared
n286,3,0.75,1.0,1.0,1.0,0.9375,shared
n287,4,1.0,1.0,1.0,1.0,1.0,shared
n288,4,1.0,1.0,1.0,1.0,1.0,shared
n289,4,1.0,1.0,1.0,1.0,1.0,shared
n290,4,1.0,1.0,1.0,1.0,1.0,shared
n291,4,1.0,1.0,1.0,1.0,1.0,shared
n292,4,1.0,1.0,1.0,1.0,1.0,shared
n293,3,0.75,1.0,1.0,1.0,0.9375,shared
n294,4,1.0,1.0,1.0,1.0,1.0,shared
n295,4,1.0,1.0,1.0,1.0,1.0,shared
n296,4,1.0,1.0,1.0,1.0,1.0,shared
n297,3,0.75,1.0,1.0,1.0,0.9375,shared
n298,4,1.0,1.0,1.0,1.0,1.0,shared
n299,4,1.0,1.0,1.0,1.0,1.0,shared
n300,3,0.75,1.0,1.0,1.0,0.9375,shared
n301,4,1.0,1.0,1.0,1.0,1.0,shared
n302,4,1.0,1.0,1.0,1.0,1.0,shared
n303,4,1.0,1.0,1.0,1.0,1.0,shared
n304,4,1.0,1.0,1.0,1.0,1.0,shared
n305,4,1.0,1.0,1.0,1.0,1.0,shared
n306,4,1.0,1.0,1.0,1.0,1.0,shared
n307,4,1.0,1.0,1.0,1.0,1.0,shared
n308,3,0.75,1.0,1.0,1.0,0.9375,shared
n309,4,1.0,1.0,1.0,1.0,1.0,shared
n310,4,1.0,1.0,1.0,1.0,1.0,shared
n311,4,1.0,1.0,1.0,1.0,1.0,shared
n312,4,1.0,1.0,1.0,1.0,1.0,shared
n313,4,1.0,1.0,1.0,1.0,1.0,shared
n314,4,1.0,1.0,1.0,1.0,1.0,shared
n315,4,1.0,1.0,1.0,1.0,1.0,shared
n316,4,1.0,1.0,1.0,1.0,1.0,shared
n317,4,1.0,1.0,1.0,1.0,1.0,shared
n318,4,1.0,1.0,1.0,1.0,1.0,shared
n319,3,0.75,1.0,1.0,1.0,0.9375,shared
n320,4,1.0,1.0,1.0,1.0,1.0,shared
n321,4,1.0,1.0,1.0,1.0,1.0,shared
n322,4,1.0,1.0,1.0,1.0,1.0,shared
n323,4,1.0,1.0,1.0,1.0,1.0,shared
n324,3,0.75,1.0,1.0,1.0,0.9375,shared
n325,4,1.0,1.0,1.0,1.0,1.0,shared
n326,4,1.0,1.0,1.0,1.0,1.0,shared
n327,3,0.75,0.5,1.0,1.0,0.8125,shared
n328,3,0.75,1.0,1.0,1.0,0.9375,shared
n329,4,1.0,1.0,1.0,1.0,1.0,shared
n330,4,1.0,1.0,1.0,1.0,1.0,shared
n331,4,1.0,1.0,1.0,1.0,1.0,shared
n332,4,1.0,1.0,1.0,1.0,1.0,shared
n333,4,1.0,1.0,1.0,1.0,1.0,shared
n334,4,1.0,1.0,1.0,1.0,1.0,shared
n335,4,1.0,1.0,1.0,1.0,1.0,shared
n336,4,1.0,1.0,1.0,1.0,1.0,shared
n337,4,1.0,1.0,1.0,1.0,1.0,shared
n338,4,1.0,1.0,1.0,1.0,1.0,shared
n339,4,1.0,1.0,1.0,1.0,1.0,shared
n340,4,1.0,1.0,1.0,1.0,1.0,shared
n341,4,1.0,1.0,1.0,1.0,1.0,shared
n342,4,1.0,1.0,1.0,1.0,1.0,shared
n343,4,1.0,1.0,1.0,1.0,1.0,shared
n344,3,0.75,1.0,1.0,1.0,0.9375,shared
n345,3,0.75,1.0,1.0,1.0,0.9375,shared
n346,3,0.75,1.0,1.0,1.0,0.9375,shared
n347,3,0.75,1.0,1.0,1.0,0.9375,shared
n348,4,1.0,1.0,1.0,1.0,1.0,shared
n349,4,1.0,1.0,1.0,1.0,1.0,shared
n350,3,0.75,1.0,1.0,1.0,0.9375,shared
n351,4,1.0,1.0,1.0,1.0,1.0,shared
n352,4,1.0,1.0,1.0,1.0,1.0,shared
n353,4,1.0,1.0,1.0,1.0,1.0,shared
n354,4,1.0,1.0,1.0,1.0,1.0,shared
n355,4,1.0,1.0,1.0,1.0,1.0,shared
n356,4,1.0,1.0,1.0,1.0,1.0,shared
n357,4,1.0,1.0,1.0,1.0,1.0,shared
n358,4,1.0,1.0,1.0,1.0,1.0,shared
n359,4,1.0,1.0,1.0,1.0,1.0,shared
n360,4,1.0,1.0,1.0,1.0,1.0,shared
n361,4,1.0,1.0,1.0,1.0,1.0,shared
n362,4,1.0,1.0,1.0,1.0,1.0,shared
n363,4,1.0,1.0,1.0,1.0,1.0,shared
n364,4,1.0,1.0,1.0,1.0,1.0,shared
n365,4,1.0,1.0,1.0,1.0,1.0,shared
n366,4,1.0,1.0,1.0,1.0,1.0,shared
n367,4,1.0,1.0,1.0,1.0,1.0,shared
n368,4,1.0,1.0,1.0,1.0,1.0,shared
n369,4,1.0,1.0,1.0,1.0,1.0,shared
n370,3,0.75,1.0,1.0,1.0,0.9375,shared
n371,2,0.5,1.0,1.0,1.0,0.875,shared
n372,4,1.0,1.0,1.0,1.0,1.0,shared
n373,3,0.75,1.0,1.0,1.0,0.9375,shared
n374,4,1.0,1.0,1.0,1.0,1.0,shared
n375,4,1.0,1.0,1.0,1.0,1.0,shared
n376,4,1.0,1.0,1.0,1.0,1.0,shared
n377,4,1.0,1.0,1.0,1.0,1.0,shared
n378,4,1.0,1.0,1.0,1.0,1.0,shared
n379,4,1.0,1.0,1.0,1.0,1.0,shared
n380,4,1.0,1.0,1.0,1.0,1.0,shared
n381,4,1.0,1.0,1.0,1.0,1.0,shared
n382,4,1.0,1.0,1.0,1.0,1.0,shared
n383,4,1.0,1.0,1.0,1.0,1.0,shared
n384,4,1.0,1.0,1.0,1.0,1.0,shared
n385,4,1.0,1.0,1.0,1.0,1.0,shared
n386,4,1.0,1.0,1.0,1.0,1.0,shared
n387,4,1.0,1.0,1.0,1.0,1.0,shared
n388,4,1.0,1.0,1.0,1.0,1.0,shared
n389,4,1.0,1.0,1.0,1.0,1.0,shared
n390,4,1.0,1.0,1.0,1.0,1.0,shared
n391,4,1.0,1.0,1.0,1.0,1.0,shared
n392,4,1.0,1.0,1.0,1.0,1.0,shared
n393,4,1.0,1.0,1.0,1.0,1.0,shared
n394,4,1.0,1.0,1.0,1.0,1.0,shared
n395,4,1.0,1.0,1.0,1.0,1.0,shared
n396,4,1.0,1.0,1.0,1.0,1.0,shared
n397,4,1.0,1.0,1.0,1.0,1.0,shared
n398,4,1.0,1.0,1.0,1.0,1.0,shared
n399,4,1.0,1.0,1.0,1.0,1.0,shared
n400,4,1.0,1.0,1.0,1.0,1.0,shared
n401,4,1.0,1.0,1.0,1.0,1.0,shared
n402,4,1.0,1.0,1.0,1.0,1.0,shared
n403,4,1.0,1.0,1.0,1.0,1.0,shared
n404,4,1.0,1.0,1.0,1.0,1.0,shared
n405,4,1.0,1.0,1.0,1.0,1.0,shared
n406,4,1.0,1.0,1.0,1.0,1.0,shared
n407,4,1.0,1.0,1.0,1.0,1.0,shared
n408,4,1.0,1.0,1.0,1.0,1.0,shared
n409,4,1.0,1.0,1.0,1.0,1.0,shared
n410,4,1.0,1.0,1.0,1.0,1.0,shared
n411,4,1.0,1.0,1.0,1.0,1.0,shared
n412,4,1.0,1.0,1.0,1.0,1.0,shared
n413,4,1.0,1.0,1.0,1.0,1.0,shared
n414,3,0.75,1.0,1.0,1.0,0.9375,shared
n415,4,1.0,1.0,1.0,1.0,1.0,shared
n416,3,0.75,1.0,1.0,1.0,0.9375,shared
n417,3,0.75,1.0,1.0,1.0,0.9375,shared
n418,4,1.0,1.0,1.0,1.0,1.0,shared
n419,4,1.0,1.0,1.0,1.0,1.0,shared
n420,4,1.0,1.0,1.0,1.0,1.0,shared
n421,4,1.0,1.0,1.0,1.0,1.0,shared
n422,4,1.0,1.0,1.0,1.0,1.0,shared
n423,3,0.75,1.0,1.0,1.0,0.9375,shared
n424,3,0.75,1.0,1.0,1.0,0.9375,shared
n425,4,1.0,1.0,1.0,1.0,1.0,shared
n426,4,1.0,1.0,1.0,1.0,1.0,shared
n427,4,1.0,1.0,1.0,1.0,1.0,shared
n428,4,1.0,1.0,1.0,1.0,1.0,shared
n429,4,1.0,1.0,1.0,1.0,1.0,shared
n430,4,1.0,1.0,1.0,1.0,1.0,shared
n431,4,1.0,1.0,1.0,1.0,1.0,shared
n432,4,1.0,1.0,1.0,1.0,1.0,shared
n433,3,0.75,1.0,1.0,1.0,0.9375,shared
n434,4,1.0,1.0,1.0,1.0,1.0,shared
n435,3,0.75,1.0,1.0,1.0,0.9375,shared
n436,4,1.0,1.0,1.0,1.0,1.0,shared
n437,4,1.0,1.0,1.0,1.0,1.0,shared
n438,4,1.0,1.0,1.0,1.0,1.0,shared
n439,4,1.0,1.0,1.0,1.0,1.0,shared
n440,4,1.0,1.0,1.0,1.0,1.0,shared
n441,4,1.0,0.5714285714285714,0.5714285714285714,1.0,0.7857142857142857,shared
n442,4,1.0,1.0,1.0,1.0,1.0,shared
n443,4,1.0,1.0,1.0,1.0,1.0,shared
n444,3,0.75,1.0,1.0,1.0,0.9375,shared
n445,3,0.75,1.0,1.0,1.0,0.9375,shared
n446,4,1.0,1.0,1.0,1.0,1.0,shared
n447,3,0.75,1.0,1.0,1.0,0.9375,shared
n448,4,1.0,1.0,1.0,1.0,1.0,shared
n449,3,0.75,1.0,1.0,1.0,0.9375,shared
n450,4,1.0,1.0,1.0,1.0,1.0,shared
n451,4,1.0,0.5,0.5,1.0,0.75,shared
n452,4,1.0,1.0,1.0,1.0,1.0,shared
n453,4,1.0,1.0,1.0,1.0,1.0,shared
n454,4,1.0,1.0,1.0,1.0,1.0,shared
n455,3,0.75,1.0,1.0,1.0,0.9375,shared
n456,4,1.0,1.0,1.0,1.0,1.0,shared
n457,3,0.75,1.0,1.0,1.0,0.9375,shared
n458,4,1.0,1.0,1.0,1.0,1.0,shared
n459,4,1.0,1.0,1.0,1.0,1.0,shared
n460,3,0.75,1.0,1.0,1.0,0.9375,shared
n461,4,1.0,1.0,1.0,1.0,1.0,shared
n462,4,1.0,1.0,1.0,1.0,1.0,shared
n463,4,1.0,1.0,1.0,1.0,1.0,shared
n464,4,1.0,1.0,1.0,1.0,1.0,shared
n465,4,1.0,1.0,1.0,1.0,1.0,shared
n466,4,1.0,1.0,1.0,1.0,1.0,shared
n467,4,1.0,1.0,1.0,1.0,1.0,shared
n468,3,0.75,1.0,1.0,1.0,0.9375,shared
n469,3,0.75,1.0,1.0,1.0,0.9375,shared
n470,4,1.0,1.0,1.0,1.0,1.0,shared
n471,4,1.0,1.0,1.0,1.0,1.0,shared
n472,3,0.75,1.0,1.0,1.0,0.9375,shared
n473,4,1.0,1.0,1.0,1.0,1.0,shared
n474,3,0.75,1.0,1.0,1.0,0.9375,shared
n475,4,1.0,1.0,1.0,1.0,1.0,shared
n476,4,1.0,1.0,1.0,1.0,1.0,shared
n477,3,0.75,1.0,1.0,1.0,0.9375,shared
n478,4,1.0,1.0,1.0,1.0,1.0,shared
n479,4,1.0,1.0,1.0,1.0,1.0,shared
n480,4,1.0,1.0,1.0,1.0,1.0,shared
n481,4,1.0,1.0,1.0,1.0,1.0,shared
n482,4,1.0,0.6363636363636364,0.36363636363636365,1.0,0.75,shared
n483,4,1.0,1.0,0.5714285714285714,1.0,0.8928571428571428,shared
n484,4,1.0,1.0,1.0,1.0,1.0,shared
n485,4,1.0,1.0,1.0,1.0,1.0,shared
n486,4,1.0,1.0,1.0,1.0,1.0,shared
n487,4,1.0,1.0,1.0,1.0,1.0,shared
n488,4,1.0,1.0,1.0,1.0,1.0,shared
n489,4,1.0,1.0,1.0,1.0,1.0,shared
n490,3,0.75,1.0,1.0,1.0,0.9375,shared
n491,4,1.0,1.0,1.0,1.0,1.0,shared
n492,4,1.0,1.0,0.5,1.0,0.875,shared
n493,4,1.0,1.0,1.0,1.0,1.0,shared
n494,4,1.0,1.0,1.0,1.0,1.0,shared
n495,4,1.0,0.5,0.5,1.0,0.75,shared
n496,4,1.0,1.0,1.0,1.0,1.0,shared
n497,4,1.0,1.0,1.0,1.0,1.0,shared
n498,4,1.0,1.0,1.0,1.0,1.0,shared
n499,4,1.0,1.0,1.0,1.0,1.0,shared
n500,4,1.0,1.0,1.0,1.0,1.0,shared
n501,4,1.0,1.0,1.0,1.0,1.0,shared
n502,4,1.0,1.0,1.0,1.0,1.0,shared
n503,3,0.75,1.0,1.0,1.0,0.9375,shared
n504,4,1.0,1.0,1.0,1.0,1.0,shared
n505,4,1.0,1.0,1.0,1.0,1.0,shared
n506,4,1.0,1.0,1.0,1.0,1.0,shared
n507,4,1.0,1.0,1.0,1.0,1.0,shared
n508,4,1.0,1.0,1.0,1.0,1.0,shared
n509,4,1.0,1.0,1.0,1.0,1.0,shared
n510,4,1.0,1.0,1.0,1.0,1.0,shared
n511,4,1.0,1.0,1.0,1.0,1.0,shared
n512,4,1.0,1.0,1.0,1.0,1.0,shared
n513,4,1.0,1.0,1.0,1.0,1.0,shared
n514,4,1.0,1.0,1.0,1.0,1.0,shared
n515,4,1.0,1.0,1.0,1.0,1.0,shared
n516,4,1.0,1.0,1.0,1.0,1.0,shared
n517,4,1.0,1.0,1.0,1.0,1.0,shared
n518,4,1.0,1.0,1.0,1.0,1.0,shared
n519,4,1.0,1.0,1.0,1.0,1.0,shared
n520,4,1.0,1.0,1.0,1.0,1.0,shared
n521,4,1.0,1.0,1.0,1.0,1.0,shared
n522,3,0.75,1.0,1.0,1.0,0.9375,shared
n523,4,1.0,1.0,1.0,1.0,1.0,shared
n524,3,0.75,1.0,1.0,1.0,0.9375,shared
n525,4,1.0,1.0,1.0,1.0,1.0,shared
n526,4,1.0,1.0,1.0,1.0,1.0,shared
n527,3,0.75,1.0,1.0,1.0,0.9375,shared
n528,4,1.0,1.0,1.0,1.0,1.0,shared
n529,4,1.0,0.5714285714285714,1.0,1.0,0.8928571428571428,shared
n530,4,1.0,1.0,1.0,1.0,1.0,shared
n531,3,0.75,1.0,1.0,1.0,0.9375,shared
n532,4,1.0,1.0,1.0,1.0,1.0,shared
n533,3,0.75,1.0,1.0,1.0,0.9375,shared
n534,4,1.0,1.0,1.0,1.0,1.0,shared
n535,3,0.75,1.0,1.0,1.0,0.9375,shared
n536,4,1.0,1.0,1.0,1.0,1.0,shared
n537,4,1.0,0.5714285714285714,1.0,1.0,0.8928571428571428,shared
n538,4,1.0,1.0,1.0,1.0,1.0,shared
n539,4,1.0,1.0,1.0,1.0,1.0,shared
n540,3,0.75,1.0,1.0,1.0,0.9375,shared
n541,3,0.75,1.0,1.0,1.0,0.9375,shared
n542,3,0.75,1.0,1.0,1.0,0.9375,shared
n543,3,0.75,1.0,1.0,1.0,0.9375,shared
n544,4,1.0,1.0,1.0,1.0,1.0,shared
n545,4,1.0,1.0,1.0,1.0,1.0,shared
n546,4,1.0,1.0,1.0,1.0,1.0,shared
n547,3,0.75,1.0,1.0,1.0,0.9375,shared
n548,4,1.0,1.0,1.0,1.0,1.0,shared
n549,4,1.0,1.0,1.0,1.0,1.0,shared
n550,4,1.0,1.0,1.0,1.0,1.0,shared
n551,4,1.0,0.5,0.5,1.0,0.75,shared
n552,4,1.0,1.0,1.0,1.0,1.0,shared
n553,4,1.0,1.0,1.0,1.0,1.0,shared
n554,4,1.0,0.5,0.5,1.0,0.75,shared
n555,4,1.0,1.0,1.0,1.0,1.0,shared
n556,4,1.0,1.0,1.0,1.0,1.0,shared
n557,4,1.0,1.0,1.0,1.0,1.0,shared
n558,4,1.0,1.0,1.0,1.0,1.0,shared
n559,4,1.0,1.0,1.0,1.0,1.0,shared
n560,4,1.0,1.0,1.0,1.0,1.0,shared
n561,4,1.0,1.0,1.0,1.0,1.0,shared
n562,4,1.0,1.0,1.0,1.0,1.0,shared
n563,4,1.0,1.0,1.0,1.0,1.0,shared
n564,4,1.0,1.0,1.0,1.0,1.0,shared
n565,4,1.0,1.0,1.0,1.0,1.0,shared
n566,3,0.75,1.0,1.0,1.0,0.9375,shared
n567,3,0.75,1.0,1.0,1.0,0.9375,shared
n568,4,1.0,1.0,1.0,1.0,1.0,shared
n569,4,1.0,1.0,1.0,1.0,1.0,shared
n570,4,1.0,1.0,1.0,1.0,1.0,shared
n571,4,1.0,1.0,1.0,1.0,1.0,shared
n572,4,1.0,1.0,1.0,1.0,1.0,shared
n573,4,1.0,1.0,1.0,1.0,1.0,shared
n574,4,1.0,1.0,1.0,1.0,1.0,shared
n575,4,1.0,1.0,1.0,1.0,1.0,shared
n576,4,1.0,1.0,1.0,1.0,1.0,shared
n577,4,1.0,1.0,1.0,1.0,1.0,shared
n578,3,0.75,1.0,1.0,1.0,0.9375,shared
n579,4,1.0,1.0,1.0,1.0,1.0,shared
n580,4,1.0,1.0,1.0,1.0,1.0,shared
n581,4,1.0,1.0,1.0,1.0,1.0,shared
n582,4,1.0,1.0,1.0,1.0,1.0,shared
n583,4,1.0,1.0,1.0,1.0,1.0,shared
n584,4,1.0,1.0,1.0,1.0,1.0,shared
n585,4,1.0,1.0,1.0,1.0,1.0,shared
n586,4,1.0,1.0,1.0,1.0,1.0,shared
n587,4,1.0,1.0,1.0,1.0,1.0,shared
n588,4,1.0,1.0,1.0,1.0,1.0,shared
n589,3,0.75,1.0,1.0,1.0,0.9375,shared
n590,4,1.0,1.0,1.0,1.0,1.0,shared
n591,4,1.0,1.0,1.0,1.0,1.0,shared
n592,4,1.0,1.0,1.0,1.0,1.0,shared
n593,4,1.0,1.0,1.0,1.0,1.0,shared
n594,4,1.0,1.0,1.0,1.0,1.0,shared
n595,4,1.0,1.0,1.0,1.0,1.0,shared
n596,4,1.0,1.0,1.0,1.0,1.0,shared
n597,4,1.0,1.0,1.0,1.0,1.0,shared
n598,4,1.0,1.0,1.0,1.0,1.0,shared
n599,4,1.0,1.0,1.0,1.0,1.0,shared
n600,3,0.75,1.0,1.0,1.0,0.9375,shared
n601,4,1.0,1.0,1.0,1.0,1.0,shared
n602,4,1.0,1.0,1.0,1.0,1.0,shared
n603,3,0.75,1.0,1.0,1.0,0.9375,shared
n604,4,1.0,1.0,1.0,1.0,1.0,shared
n605,3,0.75,1.0,1.0,1.0,0.9375,shared
n606,4,1.0,1.0,1.0,1.0,1.0,shared
n607,4,1.0,1.0,1.0,1.0,1.0,shared
n608,4,1.0,1.0,1.0,1.0,1.0,shared
n609,4,1.0,1.0,1.0,1.0,1.0,shared
n610,4,1.0,1.0,1.0,1.0,1.0,shared
n611,4,1.0,1.0,1.0,1.0,1.0,shared
n612,4,1.0,1.0,1.0,1.0,1.0,shared
n613,4,1.0,1.0,1.0,1.0,1.0,shared
n614,3,0.75,1.0,1.0,1.0,0.9375,shared
n615,4,1.0,1.0,1.0,1.0,1.0,shared
n616,3,0.75,1.0,1.0,1.0,0.9375,shared
n617,3,0.75,1.0,1.0,1.0,0.9375,shared
n618,4,1.0,1.0,1.0,1.0,1.0,shared
n619,4,1.0,1.0,1.0,1.0,1.0,shared
n620,4,1.0,1.0,1.0,1.0,1.0,shared
n621,4,1.0,1.0,1.0,1.0,1.0,shared
n622,4,1.0,1.0,1.0,1.0,1.0,shared
n623,4,1.0,1.0,1.0,1.0,1.0,shared
n624,4,1.0,1.0,1.0,1.0,1.0,shared
n625,4,1.0,1.0,0.5,1.0,0.875,shared
n626,4,1.0,1.0,1.0,1.0,1.0,shared
n627,4,1.0,1.0,1.0,1.0,1.0,shared
n628,4,1.0,1.0,1.0,1.0,1.0,shared
n629,4,1.0,1.0,1.0,1.0,1.0,shared
n630,3,0.75,1.0,1.0,1.0,0.9375,shared
n631,3,0.75,1.0,1.0,1.0,0.9375,shared
n632,3,0.75,1.0,1.0,1.0,0.9375,shared
n633,4,1.0,1.0,1.0,1.0,1.0,shared
n634,4,1.0,1.0,1.0,1.0,1.0,shared
n635,4,1.0,1.0,1.0,1.0,1.0,shared
n636,4,1.0,1.0,1.0,1.0,1.0,shared
n637,3,0.75,1.0,1.0,1.0,0.9375,shared
n638,4,1.0,1.0,1.0,1.0,1.0,shared
n639,3,0.75,1.0,1.0,1.0,0.9375,shared
n640,4,1.0,1.0,1.0,1.0,1.0,shared
n641,3,0.75,1.0,1.0,1.0,0.9375,shared
n642,4,1.0,1.0,1.0,1.0,1.0,shared
n643,4,1.0,1.0,1.0,1.0,1.0,shared
n644,4,1.0,1.0,1.0,1.0,1.0,shared
n645,4,1.0,1.0,1.0,1.0,1.0,shared
n646,4,1.0,1.0,1.0,1.0,1.0,shared
n647,4,1.0,1.0,1.0,1.0,1.0,shared
n648,4,1.0,1.0,1.0,1.0,1.0,shared
n649,4,1.0,1.0,1.0,1.0,1.0,shared
n650,4,1.0,1.0,1.0,1.0,1.0,shared
n651,4,1.0,1.0,1.0,1.0,1.0,shared
n652,4,1.0,1.0,1.0,1.0,1.0,shared
n653,4,1.0,1.0,1.0,1.0,1.0,shared
n654,4,1.0,1.0,1.0,1.0,1.0,shared
n655,4,1.0,1.0,1.0,1.0,1.0,shared
n656,4,1.0,1.0,1.0,1.0,1.0,shared
n657,4,1.0,1.0,1.0,1.0,1.0,shared
n658,4,1.0,1.0,1.0,1.0,1.0,shared
n659,3,0.75,1.0,1.0,1.0,0.9375,shared
n660,4,1.0,1.0,1.0,1.0,1.0,shared
n661,4,1.0,1.0,1.0,1.0,1.0,shared
n662,4,1.0,1.0,1.0,1.0,1.0,shared
n663,4,1.0,1.0,1.0,1.0,1.0,shared
n664,4,1.0,1.0,1.0,1.0,1.0,shared
n665,4,1.0,1.0,1.0,1.0,1.0,shared
n666,4,1.0,1.0,1.0,1.0,1.0,shared
n667,4,1.0,1.0,1.0,1.0,1.0,shared
n668,4,1.0,1.0,1.0,1.0,1.0,shared
n669,4,1.0,1.0,1.0,1.0,1.0,shared
n670,4,1.0,1.0,1.0,1.0,1.0,shared
n671,4,1.0,1.0,1.0,1.0,1.0,shared
n672,4,1.0,1.0,1.0,1.0,1.0,shared
n673,4,1.0,1.0,1.0,1.0,1.0,shared
n674,4,1.0,1.0,1.0,1.0,1.0,shared
n675,4,1.0,1.0,1.0,1.0,1.0,shared
n676,3,0.75,1.0,1.0,1.0,0.9375,shared
n677,3,0.75,1.0,1.0,1.0,0.9375,shared
n678,4,1.0,1.0,1.0,1.0,1.0,shared
n679,4,1.0,1.0,1.0,1.0,1.0,shared
n680,4,1.0,1.0,1.0,1.0,1.0,shared
n681,4,1.0,1.0,1.0,1.0,1.0,shared
n682,4,1.0,1.0,1.0,1.0,1.0,shared
n683,4,1.0,1.0,1.0,1.0,1.0,shared
n684,4,1.0,1.0,1.0,1.0,1.0,shared
n685,4,1.0,1.0,1.0,1.0,1.0,shared
n686,4,1.0,1.0,1.0,1.0,1.0,shared
n687,4,1.0,1.0,1.0,1.0,1.0,shared
n688,3,0.75,1.0,1.0,1.0,0.9375,shared
n689,4,1.0,1.0,1.0,1.0,1.0,shared
n690,4,1.0,1.0,1.0,1.0,1.0,shared
n691,4,1.0,1.0,1.0,1.0,1.0,shared
n692,4,1.0,1.0,1.0,1.0,1.0,shared
n693,4,1.0,1.0,1.0,1.0,1.0,shared
n694,4,1.0,1.0,1.0,1.0,1.0,shared
n695,4,1.0,1.0,1.0,1.0,1.0,shared
n696,3,0.75,1.0,1.0,1.0,0.9375,shared
n697,3,0.75,1.0,1.0,1.0,0.9375,shared
n698,3,0.75,1.0,1.0,1.0,0.9375,shared
n699,4,1.0,1.0,1.0,1.0,1.0,shared
n700,4,1.0,1.0,1.0,1.0,1.0,shared
n701,4,1.0,1.0,1.0,1.0,1.0,shared
n702,4,1.0,1.0,1.0,1.0,1.0,shared
n703,4,1.0,1.0,1.0,1.0,1.0,shared
n704,4,1.0,1.0,1.0,1.0,1.0,shared
n705,4,1.0,1.0,1.0,1.0,1.0,shared
n706,3,0.75,1.0,1.0,1.0,0.9375,shared
n707,4,1.0,1.0,1.0,1.0,1.0,shared
n708,3,0.75,1.0,1.0,1.0,0.9375,shared
n709,4,1.0,1.0,1.0,1.0,1.0,shared
n710,4,1.0,1.0,1.0,1.0,1.0,shared
n711,4,1.0,1.0,1.0,1.0,1.0,shared
n712,4,1.0,1.0,1.0,1.0,1.0,shared
n713,4,1.0,1.0,1.0,1.0,1.0,shared
n714,4,1.0,1.0,1.0,1.0,1.0,shared
n715,4,1.0,1.0,1.0,1.0,1.0,shared
n716,4,1.0,1.0,1.0,1.0,1.0,shared
n717,3,0.75,1.0,1.0,1.0,0.9375,shared
n718,3,0.75,1.0,1.0,1.0,0.9375,shared
n719,4,1.0,1.0,1.0,1.0,1.0,shared
n720,4,1.0,1.0,1.0,1.0,1.0,shared
n721,3,0.75,1.0,1.0,1.0,0.9375,shared
n722,4,1.0,1.0,1.0,1.0,1.0,shared
n723,4,1.0,1.0,1.0,1.0,1.0,shared
n724,4,1.0,1.0,1.0,1.0,1.0,shared
n725,4,1.0,1.0,1.0,1.0,1.0,shared
n726,4,1.0,1.0,1.0,1.0,1.0,shared
n727,4,1.0,1.0,1.0,1.0,1.0,shared
n728,4,1.0,1.0,1.0,1.0,1.0,shared
n729,4,1.0,1.0,1.0,1.0,1.0,shared
n730,4,1.0,1.0,1.0,1.0,1.0,shared
n731,4,1.0,1.0,1.0,1.0,1.0,shared
n732,4,1.0,1.0,1.0,1.0,1.0,shared
n733,4,1.0,1.0,1.0,1.0,1.0,shared
n734,4,1.0,1.0,1.0,1.0,1.0,shared
n735,4,1.0,1.0,1.0,1.0,1.0,shared
n736,4,1.0,1.0,1.0,1.0,1.0,shared
n737,4,1.0,1.0,1.0,1.0,1.0,shared
n738,4,1.0,1.0,1.0,1.0,1.0,shared
n739,4,1.0,1.0,1.0,1.0,1.0,shared
n740,4,1.0,1.0,1.0,1.0,1.0,shared
n741,3,0.75,1.0,1.0,1.0,0.9375,shared
n742,4,1.0,1.0,1.0,1.0,1.0,shared
n743,4,1.0,1.0,1.0,1.0,1.0,shared
n744,4,1.0,1.0,1.0,1.0,1.0,shared
n745,4,1.0,1.0,1.0,1.0,1.0,shared
n746,3,0.75,1.0,1.0,1.0,0.9375,shared
n747,4,1.0,1.0,1.0,1.0,1.0,shared
n748,4,1.0,1.0,1.0,1.0,1.0,shared
n749,3,0.75,1.0,1.0,1.0,0.9375,shared
n750,4,1.0,1.0,1.0,1.0,1.0,shared
n751,4,1.0,1.0,1.0,1.0,1.0,shared
n752,4,1.0,1.0,1.0,1.0,1.0,shared
n753,4,1.0,1.0,1.0,1.0,1.0,shared
n754,4,1.0,1.0,1.0,1.0,1.0,shared
n755,4,1.0,1.0,1.0,1.0,1.0,shared
n756,4,1.0,1.0,1.0,1.0,1.0,shared
n757,4,1.0,1.0,1.0,1.0,1.0,shared
n758,4,1.0,1.0,1.0,1.0,1.0,shared
n759,4,1.0,1.0,1.0,1.0,1.0,shared
n760,3,0.75,1.0,1.0,1.0,0.9375,shared
n761,4,1.0,1.0,1.0,1.0,1.0,shared
n762,4,1.0,1.0,1.0,1.0,1.0,shared
n763,4,1.0,1.0,1.0,1.0,1.0,shared
n764,4,1.0,1.0,1.0,1.0,1.0,shared
n765,4,1.0,1.0,1.0,1.0,1.0,shared
n766,4,1.0,1.0,1.0,1.0,1.0,shared
n767,4,1.0,1.0,1.0,1.0,1.0,shared
n768,4,1.0,1.0,1.0,1.0,1.0,shared
n769,3,0.75,1.0,1.0,1.0,0.9375,shared
n770,4,1.0,0.5,0.5,1.0,0.75,shared
n771,4,1.0,1.0,1.0,1.0,1.0,shared
n772,4,1.0,1.0,1.0,1.0,1.0,shared
n773,4,1.0,1.0,1.0,1.0,1.0,shared
n774,3,0.75,1.0,1.0,1.0,0.9375,shared
n775,4,1.0,1.0,1.0,1.0,1.0,shared
n776,4,1.0,0.5,0.5,1.0,0.75,shared
n777,4,1.0,1.0,1.0,1.0,1.0,shared
n778,3,0.75,1.0,1.0,1.0,0.9375,shared
n779,4,1.0,1.0,1.0,1.0,1.0,shared
n780,4,1.0,1.0,1.0,1.0,1.0,shared
n781,4,1.0,1.0,1.0,1.0,1.0,shared
n782,4,1.0,1.0,1.0,1.0,1.0,shared
n783,3,0.75,1.0,1.0,1.0,0.9375,shared
n784,4,1.0,1.0,1.0,1.0,1.0,shared
n785,4,1.0,1.0,1.0,1.0,1.0,shared
n786,4,1.0,1.0,1.0,1.0,1.0,shared
n787,3,0.75,1.0,1.0,1.0,0.9375,shared
n788,4,1.0,1.0,1.0,1.0,1.0,shared
n789,4,1.0,1.0,1.0,1.0,1.0,shared
n790,3,0.75,1.0,1.0,1.0,0.9375,shared
n791,4,1.0,1.0,1.0,1.0,1.0,shared
n792,4,1.0,1.0,1.0,1.0,1.0,shared
n793,4,1.0,1.0,1.0,1.0,1.0,shared
n794,4,1.0,1.0,1.0,1.0,1.0,shared
n795,4,1.0,1.0,1.0,1.0,1.0,shared
n796,4,1.0,1.0,1.0,1.0,1.0,shared
n797,3,0.75,1.0,1.0,1.0,0.9375,shared
n798,3,0.75,1.0,1.0,1.0,0.9375,shared
n799,4,1.0,1.0,1.0,1.0,1.0,shared
n800,3,0.75,1.0,1.0,1.0,0.9375,shared
n801,4,1.0,1.0,1.0,1.0,1.0,shared
n802,4,1.0,1.0,1.0,1.0,1.0,shared
n803,4,1.0,1.0,1.0,1.0,1.0,shared
n804,4,1.0,1.0,1.0,1.0,1.0,shared
n805,4,1.0,1.0,1.0,1.0,1.0,shared
n806,4,1.0,1.0,1.0,1.0,1.0,shared
n807,4,1.0,1.0,1.0,1.0,1.0,shared
n808,4,1.0,1.0,1.0,1.0,1.0,shared
n809,4,1.0,1.0,1.0,1.0,1.0,shared
n810,3,0.75,1.0,1.0,1.0,0.9375,shared
n811,4,1.0,1.0,1.0,1.0,1.0,shared
n812,4,1.0,1.0,1.0,1.0,1.0,shared
n813,3,0.75,1.0,1.0,1.0,0.9375,shared
n814,4,1.0,1.0,1.0,1.0,1.0,shared
n815,4,1.0,1.0,1.0,1.0,1.0,shared
n816,4,1.0,1.0,1.0,1.0,1.0,shared
n817,4,1.0,1.0,1.0,1.0,1.0,shared
n818,3,0.75,1.0,1.0,1.0,0.9375,shared
n819,4,1.0,1.0,1.0,1.0,1.0,shared
n820,4,1.0,1.0,1.0,1.0,1.0,shared
n821,4,1.0,1.0,1.0,1.0,1.0,shared
n822,4,1.0,1.0,1.0,1.0,1.0,shared
n823,4,1.0,1.0,1.0,1.0,1.0,shared
n824,4,1.0,1.0,1.0,1.0,1.0,shared
n825,3,0.75,1.0,1.0,1.0,0.9375,shared
n826,4,1.0,1.0,1.0,1.0,1.0,shared
n827,4,1.0,1.0,1.0,1.0,1.0,shared
n828,4,1.0,1.0,1.0,1.0,1.0,shared
n829,3,0.75,1.0,1.0,1.0,0.9375,shared
n830,4,1.0,1.0,1.0,1.0,1.0,shared
n831,3,0.75,1.0,1.0,1.0,0.9375,shared
n832,4,1.0,1.0,1.0,1.0,1.0,shared
n833,4,1.0,1.0,1.0,1.0,1.0,shared
n834,3,0.75,1.0,1.0,1.0,0.9375,shared
n835,4,1.0,1.0,1.0,1.0,1.0,shared
n836,3,0.75,1.0,1.0,1.0,0.9375,shared
n837,4,1.0,1.0,1.0,1.0,1.0,shared
n838,4,1.0,1.0,1.0,1.0,1.0,shared
n839,4,1.0,1.0,1.0,1.0,1.0,shared
n840,4,1.0,1.0,1.0,1.0,1.0,shared
n841,4,1.0,1.0,1.0,1.0,1.0,shared
n842,4,1.0,1.0,1.0,1.0,1.0,shared
n843,3,0.75,1.0,1.0,1.0,0.9375,shared
n844,3,0.75,1.0,1.0,1.0,0.9375,shared
n845,3,0.75,1.0,1.0,1.0,0.9375,shared
n846,4,1.0,1.0,1.0,1.0,1.0,shared
n847,4,1.0,1.0,1.0,1.0,1.0,shared
n848,4,1.0,1.0,1.0,1.0,1.0,shared
n849,4,1.0,1.0,1.0,1.0,1.0,shared
n850,4,1.0,1.0,1.0,1.0,1.0,shared
n851,4,1.0,1.0,1.0,1.0,1.0,shared
n852,4,1.0,1.0,1.0,1.0,1.0,shared
n853,4,1.0,1.0,1.0,1.0,1.0,shared
n854,4,1.0,1.0,1.0,1.0,1.0,shared
n855,4,1.0,1.0,1.0,1.0,1.0,shared
n856,4,1.0,1.0,1.0,1.0,1.0,shared
n857,4,1.0,1.0,1.0,1.0,1.0,shared
n858,4,1.0,1.0,1.0,1.0,1.0,shared
n859,3,0.75,1.0,1.0,1.0,0.9375,shared
n860,4,1.0,1.0,1.0,1.0,1.0,shared
n861,4,1.0,1.0,1.0,1.0,1.0,shared
n862,4,1.0,1.0,1.0,1.0,1.0,shared
n863,3,0.75,1.0,1.0,1.0,0.9375,shared
n864,4,1.0,1.0,1.0,1.0,1.0,shared
n865,3,0.75,1.0,1.0,1.0,0.9375,shared
n866,4,1.0,1.0,1.0,1.0,1.0,shared
n867,4,1.0,1.0,1.0,1.0,1.0,shared
n868,4,1.0,1.0,1.0,1.0,1.0,shared
n869,4,1.0,1.0,1.0,1.0,1.0,shared
n870,4,1.0,1.0,1.0,1.0,1.0,shared
n871,4,1.0,1.0,1.0,1.0,1.0,shared
n872,4,1.0,1.0,1.0,1.0,1.0,shared
n873,4,1.0,1.0,1.0,1.0,1.0,shared
n874,4,1.0,1.0,1.0,1.0,1.0,shared
n875,4,1.0,1.0,1.0,1.0,1.0,shared
n876,4,1.0,1.0,1.0,1.0,1.0,shared
n877,4,1.0,1.0,1.0,1.0,1.0,shared
n878,4,1.0,1.0,1.0,1.0,1.0,shared
n879,4,1.0,1.0,1.0,1.0,1.0,shared
n880,4,1.0,1.0,1.0,1.0,1.0,shared
n881,4,1.0,1.0,1.0,1.0,1.0,shared
n882,4,1.0,1.0,1.0,1.0,1.0,shared
n883,4,1.0,1.0,1.0,1.0,1.0,shared
n884,4,1.0,1.0,1.0,1.0,1.0,shared
n885,4,1.0,1.0,1.0,1.0,1.0,shared
n886,3,0.75,1.0,1.0,1.0,0.9375,shared
n887,4,1.0,1.0,1.0,1.0,1.0,shared
n888,3,0.75,1.0,1.0,1.0,0.9375,shared
n889,4,1.0,1.0,1.0,1.0,1.0,shared
n890,4,1.0,1.0,1.0,1.0,1.0,shared
n891,4,1.0,1.0,1.0,1.0,1.0,shared
n892,3,0.75,1.0,1.0,1.0,0.9375,shared
n893,4,1.0,1.0,1.0,1.0,1.0,shared
n894,4,1.0,1.0,1.0,1.0,1.0,shared
n895,4,1.0,1.0,1.0,1.0,1.0,shared
n896,4,1.0,1.0,1.0,1.0,1.0,shared
n897,4,1.0,1.0,1.0,1.0,1.0,shared
n898,4,1.0,1.0,1.0,1.0,1.0,shared
n899,4,1.0,1.0,1.0,1.0,1.0,shared
n900,4,1.0,1.0,1.0,1.0,1.0,shared
n901,4,1.0,1.0,1.0,1.0,1.0,shared
n902,4,1.0,1.0,1.0,1.0,1.0,shared
n903,4,1.0,1.0,1.0,1.0,1.0,shared
n904,3,0.75,1.0,1.0,1.0,0.9375,shared
n905,3,0.75,1.0,1.0,1.0,0.9375,shared
n906,4,1.0,1.0,1.0,1.0,1.0,shared
n907,3,0.75,1.0,1.0,1.0,0.9375,shared
n908,4,1.0,1.0,1.0,1.0,1.0,shared
n909,3,0.75,1.0,1.0,1.0,0.9375,shared
n910,4,1.0,1.0,1.0,1.0,1.0,shared
n911,4,1.0,1.0,1.0,1.0,1.0,shared
n912,4,1.0,1.0,1.0,1.0,1.0,shared
n913,4,1.0,1.0,1.0,1.0,1.0,shared
n914,4,1.0,1.0,1.0,1.0,1.0,shared
n915,3,0.75,1.0,1.0,1.0,0.9375,shared
n916,4,1.0,1.0,1.0,1.0,1.0,shared
n917,4,1.0,1.0,1.0,1.0,1.0,shared
n918,4,1.0,1.0,1.0,1.0,1.0,shared
n919,4,1.0,1.0,1.0,1.0,1.0,shared
n920,4,1.0,1.0,1.0,1.0,1.0,shared
n921,4,1.0,1.0,1.0,1.0,1.0,shared
n922,4,1.0,1.0,1.0,1.0,1.0,shared
n923,4,1.0,1.0,1.0,1.0,1.0,shared
n924,4,1.0,1.0,1.0,1.0,1.0,shared
n925,3,0.75,1.0,1.0,1.0,0.9375,shared
n926,4,1.0,1.0,1.0,1.0,1.0,shared
n927,4,1.0,1.0,1.0,1.0,1.0,shared
n928,3,0.75,1.0,1.0,1.0,0.9375,shared
n929,4,1.0,1.0,1.0,1.0,1.0,shared
n930,4,1.0,1.0,1.0,1.0,1.0,shared
n931,4,1.0,1.0,1.0,1.0,1.0,shared
n932,4,1.0,1.0,1.0,1.0,1.0,shared
n933,3,0.75,1.0,1.0,1.0,0.9375,shared
n934,3,0.75,1.0,1.0,1.0,0.9375,shared
n935,3,0.75,1.0,1.0,1.0,0.9375,shared
n936,4,1.0,1.0,1.0,1.0,1.0,shared
n937,4,1.0,1.0,1.0,1.0,1.0,shared
n938,3,0.75,1.0,1.0,1.0,0.9375,shared
n939,4,1.0,1.0,1.0,1.0,1.0,shared
n940,4,1.0,1.0,1.0,1.0,1.0,shared
n941,4,1.0,1.0,1.0,1.0,1.0,shared
n942,4,1.0,1.0,1.0,1.0,1.0,shared
n943,4,1.0,1.0,1.0,1.0,1.0,shared
n944,4,1.0,1.0,1.0,1.0,1.0,shared
n945,4,1.0,1.0,1.0,1.0,1.0,shared
n946,3,0.75,1.0,1.0,1.0,0.9375,shared
n947,3,0.75,1.0,1.0,1.0,0.9375,shared
n948,4,1.0,0.5,0.5,1.0,0.75,shared
n949,4,1.0,1.0,1.0,1.0,1.0,shared
n950,4,1.0,1.0,1.0,1.0,1.0,shared
n951,3,0.75,1.0,1.0,1.0,0.9375,shared
n952,4,1.0,1.0,1.0,1.0,1.0,shared
n953,4,1.0,1.0,1.0,1.0,1.0,shared
n954,4,1.0,1.0,1.0,1.0,1.0,shared
n955,4,1.0,1.0,1.0,1.0,1.0,shared
n956,3,0.75,1.0,1.0,1.0,0.9375,shared
n957,4,1.0,1.0,1.0,1.0,1.0,shared
n958,4,1.0,1.0,1.0,1.0,1.0,shared
n959,3,0.75,1.0,1.0,1.0,0.9375,shared
n960,4,1.0,1.0,1.0,1.0,1.0,shared
n961,4,1.0,1.0,1.0,1.0,1.0,shared
n962,4,1.0,1.0,1.0,1.0,1.0,shared
n963,4,1.0,1.0,1.0,1.0,1.0,shared
n964,3,0.75,1.0,1.0,1.0,0.9375,shared
n965,4,1.0,1.0,1.0,1.0,1.0,shared
n966,3,0.75,1.0,1.0,1.0,0.9375,shared
n967,3,0.75,1.0,1.0,1.0,0.9375,shared
n968,4,1.0,1.0,1.0,1.0,1.0,shared
n969,4,1.0,1.0,1.0,1.0,1.0,shared
n970,4,1.0,1.0,1.0,1.0,1.0,shared
n971,4,1.0,1.0,1.0,1.0,1.0,shared
n972,4,1.0,1.0,1.0,1.0,1.0,shared
n973,3,0.75,1.0,1.0,1.0,0.9375,shared
n974,4,1.0,1.0,1.0,1.0,1.0,shared
n975,4,1.0,1.0,1.0,1.0,1.0,shared
n976,4,1.0,1.0,1.0,1.0,1.0,shared
n977,4,1.0,1.0,1.0,1.0,1.0,shared
n978,4,1.0,1.0,1.0,1.0,1.0,shared
n979,3,0.75,1.0,1.0,1.0,0.9375,shared
n980,4,1.0,1.0,1.0,1.0,1.0,shared
n981,3,0.75,1.0,1.0,1.0,0.9375,shared
n982,3,0.75,1.0,1.0,1.0,0.9375,shared
n983,4,1.0,1.0,1.0,1.0,1.0,shared
n984,3,0.75,1.0,1.0,1.0,0.9375,shared
n985,3,0.75,1.0,1.0,1.0,0.9375,shared
n986,4,1.0,1.0,1.0,1.0,1.0,shared
n987,4,1.0,1.0,1.0,1.0,1.0,shared
n988,3,0.75,1.0,1.0,1.0,0.9375,shared
n989,4,1.0,1.0,1.0,1.0,1.0,shared
n990,4,1.0,1.0,1.0,1.0,1.0,shared
n991,3,0.75,1.0,1.0,1.0,0.9375,shared
n992,4,1.0,1.0,1.0,1.0,1.0,shared
n993,4,1.0,1.0,1.0,1.0,1.0,shared
n994,4,1.0,1.0,1.0,1.0,1.0,shared
n995,4,1.0,1.0,1.0,1.0,1.0,shared
n996,4,1.0,1.0,1.0,1.0,1.0,shared
n997,3,0.75,1.0,1.0,1.0,0.9375,shared
n998,4,1.0,1.0,1.0,1.0,1.0,shared
n999,4,1.0,1.0,1.0,1.0,1.0,shared
n1000,3,0.75,1.0,1.0,1.0,0.9375,shared
n1001,4,1.0,1.0,1.0,1.0,1.0,shared
n1002,4,1.0,1.0,1.0,1.0,1.0,shared
n1003,4,1.0,1.0,1.0,1.0,1.0,shared
n1004,4,1.0,1.0,1.0,1.0,1.0,shared
n1005,4,1.0,1.0,1.0,1.0,1.0,shared
n1006,4,1.0,1.0,1.0,1.0,1.0,shared
n1007,4,1.0,1.0,1.0,1.0,1.0,shared
n1008,4,1.0,1.0,1.0,1.0,1.0,shared
n1009,4,1.0,1.0,1.0,1.0,1.0,shared
n1010,4,1.0,1.0,1.0,1.0,1.0,shared
n1011,4,1.0,1.0,1.0,1.0,1.0,shared
n1012,3,0.75,1.0,1.0,1.0,0.9375,shared
n1013,4,1.0,1.0,1.0,1.0,1.0,shared
n1014,4,1.0,1.0,1.0,1.0,1.0,shared
n1015,4,1.0,1.0,0.5,1.0,0.875,shared
n1016,4,1.0,1.0,1.0,1.0,1.0,shared
n1017,3,0.75,1.0,1.0,1.0,0.9375,shared
n1018,4,1.0,1.0,1.0,1.0,1.0,shared
n1019,4,1.0,1.0,1.0,1.0,1.0,shared
n1020,4,1.0,1.0,1.0,1.0,1.0,shared
n1021,3,0.75,1.0,1.0,1.0,0.9375,shared
n1022,4,1.0,1.0,1.0,1.0,1.0,shared
n1023,4,1.0,0.5714285714285714,0.5714285714285714,1.0,0.7857142857142857,shared
n1024,4,1.0,1.0,1.0,1.0,1.0,shared
n1025,3,0.75,1.0,1.0,1.0,0.9375,shared
n1026,4,1.0,1.0,1.0,1.0,1.0,shared
n1027,4,1.0,1.0,1.0,1.0,1.0,shared
n1028,4,1.0,1.0,1.0,1.0,1.0,shared
n1029,4,1.0,1.0,1.0,1.0,1.0,shared
n1030,3,0.75,1.0,1.0,1.0,0.9375,shared
n1031,4,1.0,1.0,1.0,1.0,1.0,shared
n1032,4,1.0,1.0,1.0,1.0,1.0,shared
n1033,4,1.0,1.0,1.0,1.0,1.0,shared
n1034,4,1.0,1.0,1.0,1.0,1.0,shared
n1035,4,1.0,1.0,1.0,1.0,1.0,shared
n1036,3,0.75,1.0,1.0,1.0,0.9375,shared
n1037,4,1.0,1.0,1.0,1.0,1.0,shared
n1038,3,0.75,1.0,1.0,1.0,0.9375,shared
n1039,4,1.0,1.0,1.0,1.0,1.0,shared
n1040,4,1.0,1.0,1.0,1.0,1.0,shared
n1041,4,1.0,1.0,1.0,1.0,1.0,shared
n1042,4,1.0,1.0,1.0,1.0,1.0,shared
n1043,4,1.0,1.0,1.0,1.0,1.0,shared
n1044,4,1.0,1.0,1.0,1.0,1.0,shared
n1045,3,0.75,1.0,1.0,1.0,0.9375,shared
n1046,4,1.0,1.0,1.0,1.0,1.0,shared
n1047,3,0.75,1.0,1.0,1.0,0.9375,shared
n1048,4,1.0,1.0,1.0,1.0,1.0,shared
n1049,4,1.0,1.0,1.0,1.0,1.0,shared
n1050,4,1.0,1.0,1.0,1.0,1.0,shared
n1051,4,1.0,1.0,1.0,1.0,1.0,shared
n1052,4,1.0,1.0,1.0,1.0,1.0,shared
n1053,4,1.0,1.0,1.0,1.0,1.0,shared
n1054,4,1.0,1.0,1.0,1.0,1.0,shared
n1055,4,1.0,1.0,1.0,1.0,1.0,shared
n1056,3,0.75,1.0,1.0,1.0,0.9375,shared
n1057,4,1.0,1.0,1.0,1.0,1.0,shared
n1058,4,1.0,1.0,1.0,1.0,1.0,shared
n1059,4,1.0,1.0,1.0,1.0,1.0,shared
n1060,4,1.0,1.0,1.0,1.0,1.0,shared
n1061,3,0.75,1.0,1.0,1.0,0.9375,shared
n1062,4,1.0,1.0,1.0,1.0,1.0,shared
n1063,3,0.75,1.0,1.0,1.0,0.9375,shared
n1064,4,1.0,1.0,1.0,1.0,1.0,shared
n1065,4,1.0,1.0,1.0,1.0,1.0,shared
n1066,4,1.0,1.0,1.0,1.0,1.0,shared
n1067,3,0.75,1.0,1.0,1.0,0.9375,shared
n1068,4,1.0,1.0,1.0,1.0,1.0,shared
n1069,3,0.75,1.0,1.0,1.0,0.9375,shared
n1070,4,1.0,1.0,1.0,1.0,1.0,shared
n1071,4,1.0,1.0,1.0,1.0,1.0,shared
n1072,3,0.75,1.0,1.0,1.0,0.9375,shared
n1073,4,1.0,1.0,1.0,1.0,1.0,shared
n1074,4,1.0,1.0,1.0,1.0,1.0,shared
n1075,3,0.75,1.0,1.0,1.0,0.9375,shared
n1076,3,0.75,1.0,1.0,1.0,0.9375,shared
n1077,4,1.0,1.0,1.0,1.0,1.0,shared
n1078,3,0.75,1.0,1.0,1.0,0.9375,shared
n1079,4,1.0,1.0,1.0,1.0,1.0,shared
n1080,4,1.0,1.0,1.0,1.0,1.0,shared
n1081,3,0.75,1.0,1.0,1.0,0.9375,shared
n1082,4,1.0,1.0,1.0,1.0,1.0,shared
n1083,4,1.0,1.0,1.0,1.0,1.0,shared
n1084,4,1.0,1.0,1.0,1.0,1.0,shared
n1085,4,1.0,1.0,1.0,1.0,1.0,shared
n1086,4,1.0,1.0,1.0,1.0,1.0,shared
n1087,3,0.75,1.0,1.0,1.0,0.9375,shared
n1088,4,1.0,1.0,1.0,1.0,1.0,shared
n1089,3,0.75,1.0,1.0,1.0,0.9375,shared
n1090,4,1.0,1.0,1.0,1.0,1.0,shared
n1091,4,1.0,1.0,1.0,1.0,1.0,shared
n1092,3,0.75,1.0,1.0,1.0,0.9375,shared
n1093,4,1.0,1.0,1.0,1.0,1.0,shared
n1094,4,1.0,1.0,1.0,1.0,1.0,shared
n1095,4,1.0,1.0,1.0,1.0,1.0,shared
n1096,4,1.0,1.0,1.0,1.0,1.0,shared
n1097,3,0.75,1.0,1.0,1.0,0.9375,shared
n1098,3,0.75,1.0,1.0,1.0,0.9375,shared
n1099,4,1.0,1.0,1.0,1.0,1.0,shared
n1100,4,1.0,1.0,1.0,1.0,1.0,shared
n1101,3,0.75,1.0,1.0,1.0,0.9375,shared
n1102,4,1.0,1.0,1.0,1.0,1.0,shared
n1103,4,1.0,1.0,1.0,1.0,1.0,shared
n1104,4,1.0,1.0,1.0,1.0,1.0,shared
n1105,4,1.0,1.0,1.0,1.0,1.0,shared
n1106,4,1.0,1.0,1.0,1.0,1.0,shared
n1107,4,1.0,1.0,1.0,1.0,1.0,shared
n1108,4,1.0,1.0,1.0,1.0,1.0,shared
n1109,4,1.0,1.0,1.0,1.0,1.0,shared
n1110,4,1.0,1.0,1.0,1.0,1.0,shared
n1111,3,0.75,1.0,1.0,1.0,0.9375,shared
n1112,4,1.0,1.0,1.0,1.0,1.0,shared
n1113,4,1.0,1.0,1.0,1.0,1.0,shared
n1114,4,1.0,1.0,1.0,1.0,1.0,shared
n1115,4,1.0,1.0,1.0,1.0,1.0,shared
n1116,4,1.0,1.0,1.0,1.0,1.0,shared
n1117,3,0.75,1.0,1.0,1.0,0.9375,shared
n1118,4,1.0,1.0,1.0,1.0,1.0,shared
n1119,4,1.0,1.0,1.0,1.0,1.0,shared
n1120,4,1.0,1.0,1.0,1.0,1.0,shared
n1121,4,1.0,1.0,1.0,1.0,1.0,shared
n1122,4,1.0,1.0,1.0,1.0,1.0,shared
n1123,4,1.0,1.0,1.0,1.0,1.0,shared
n1124,4,1.0,1.0,1.0,1.0,1.0,shared
n1125,4,1.0,1.0,1.0,1.0,1.0,shared
n1126,4,1.0,1.0,1.0,1.0,1.0,shared
n1127,4,1.0,1.0,1.0,1.0,1.0,shared
n1128,4,1.0,1.0,1.0,1.0,1.0,shared
n1129,4,1.0,1.0,1.0,1.0,1.0,shared
n1130,4,1.0,0.5,0.5,1.0,0.75,shared
n1131,4,1.0,1.0,1.0,1.0,1.0,shared
n1132,4,1.0,1.0,1.0,1.0,1.0,shared
n1133,4,1.0,1.0,1.0,1.0,1.0,shared
n1134,4,1.0,1.0,1.0,1.0,1.0,shared
n1135,4,1.0,1.0,1.0,1.0,1.0,shared
n1136,4,1.0,1.0,1.0,1.0,1.0,shared
n1137,4,1.0,1.0,1.0,1.0,1.0,shared
n1138,4,1.0,1.0,1.0,1.0,1.0,shared
n1139,4,1.0,1.0,1.0,1.0,1.0,shared
n1140,4,1.0,1.0,1.0,1.0,1.0,shared
n1141,4,1.0,1.0,1.0,1.0,1.0,shared
n1142,4,1.0,1.0,1.0,1.0,1.0,shared
n1143,4,1.0,1.0,1.0,1.0,1.0,shared
n1144,3,0.75,1.0,1.0,1.0,0.9375,shared
n1145,4,1.0,1.0,1.0,1.0,1.0,shared
n1146,4,1.0,1.0,1.0,1.0,1.0,shared
n1147,4,1.0,1.0,1.0,1.0,1.0,shared
n1148,4,1.0,1.0,1.0,1.0,1.0,shared
n1149,4,1.0,1.0,1.0,1.0,1.0,shared
n1150,3,0.75,1.0,1.0,1.0,0.9375,shared
n1151,3,0.75,1.0,1.0,1.0,0.9375,shared
n1152,4,1.0,1.0,1.0,1.0,1.0,shared
n1153,4,1.0,1.0,1.0,1.0,1.0,shared
n1154,4,1.0,1.0,1.0,1.0,1.0,shared
n1155,4,1.0,0.75,1.0,1.0,0.9375,shared
n1156,4,1.0,1.0,1.0,1.0,1.0,shared
n1157,4,1.0,1.0,1.0,1.0,1.0,shared
n1158,4,1.0,1.0,1.0,1.0,1.0,shared
n1159,4,1.0,1.0,1.0,1.0,1.0,shared
n1160,4,1.0,1.0,1.0,1.0,1.0,shared
n1161,4,1.0,1.0,1.0,1.0,1.0,shared
n1162,3,0.75,1.0,1.0,1.0,0.9375,shared
n1163,2,0.5,1.0,1.0,1.0,0.875,shared
n1164,4,1.0,1.0,1.0,1.0,1.0,shared
n1165,4,1.0,1.0,1.0,1.0,1.0,shared
n1166,4,1.0,1.0,1.0,1.0,1.0,shared
n1167,4,1.0,1.0,1.0,1.0,1.0,shared
n1168,4,1.0,1.0,1.0,1.0,1.0,shared
n1169,4,1.0,1.0,1.0,1.0,1.0,shared
n1170,4,1.0,1.0,1.0,1.0,1.0,shared
n1171,4,1.0,1.0,1.0,1.0,1.0,shared
n1172,4,1.0,1.0,1.0,1.0,1.0,shared
n1173,4,1.0,1.0,1.0,1.0,1.0,shared
n1174,4,1.0,1.0,1.0,1.0,1.0,shared
n1175,4,1.0,1.0,1.0,1.0,1.0,shared
n1176,4,1.0,1.0,1.0,1.0,1.0,shared
n1177,3,0.75,1.0,1.0,1.0,0.9375,shared
n1178,4,1.0,1.0,1.0,1.0,1.0,shared
n1179,3,0.75,1.0,1.0,1.0,0.9375,shared
n1180,4,1.0,1.0,1.0,1.0,1.0,shared
n1181,4,1.0,1.0,1.0,1.0,1.0,shared
n1182,4,1.0,1.0,1.0,1.0,1.0,shared
n1183,4,1.0,1.0,1.0,1.0,1.0,shared
n1184,4,1.0,1.0,1.0,1.0,1.0,shared
n1185,4,1.0,1.0,1.0,1.0,1.0,shared
n1186,4,1.0,1.0,1.0,1.0,1.0,shared
n1187,4,1.0,1.0,1.0,1.0,1.0,shared
n1188,4,1.0,1.0,1.0,1.0,1.0,shared
n1189,4,1.0,1.0,1.0,1.0,1.0,shared
n1190,4,1.0,1.0,1.0,1.0,1.0,shared
n1191,4,1.0,1.0,1.0,1.0,1.0,shared
n1192,4,1.0,1.0,1.0,1.0,1.0,shared
n1193,4,1.0,1.0,1.0,1.0,1.0,shared
n1194,4,1.0,1.0,1.0,1.0,1.0,shared
n1195,4,1.0,1.0,1.0,1.0,1.0,shared
n1196,4,1.0,1.0,1.0,1.0,1.0,shared
n1197,4,1.0,1.0,1.0,1.0,1.0,shared
n1198,4,1.0,1.0,1.0,1.0,1.0,shared
n1199,4,1.0,1.0,1.0,1.0,1.0,shared
n1200,4,1.0,1.0,1.0,1.0,1.0,shared
n1201,4,1.0,1.0,1.0,1.0,1.0,shared
n1202,4,1.0,1.0,1.0,1.0,1.0,shared
n1203,4,1.0,1.0,1.0,1.0,1.0,shared
n1204,4,1.0,1.0,1.0,1.0,1.0,shared
n1205,4,1.0,1.0,1.0,1.0,1.0,shared
n1206,4,1.0,1.0,1.0,1.0,1.0,shared
n1207,4,1.0,1.0,1.0,1.0,1.0,shared
n1208,4,1.0,1.0,1.0,1.0,1.0,shared
n1209,4,1.0,1.0,1.0,1.0,1.0,shared
n1210,4,1.0,1.0,1.0,1.0,1.0,shared
n1211,4,1.0,1.0,1.0,1.0,1.0,shared
n1212,4,1.0,1.0,1.0,1.0,1.0,shared
n1213,4,1.0,1.0,1.0,1.0,1.0,shared
n1214,4,1.0,1.0,1.0,1.0,1.0,shared
n1215,4,1.0,1.0,1.0,1.0,1.0,shared
n1216,4,1.0,1.0,1.0,1.0,1.0,shared
n1217,4,1.0,1.0,1.0,1.0,1.0,shared
n1218,4,1.0,1.0,1.0,1.0,1.0,shared
n1219,4,1.0,1.0,1.0,1.0,1.0,shared
n1220,4,1.0,1.0,1.0,1.0,1.0,shared
n1221,3,0.75,1.0,1.0,1.0,0.9375,shared
n1222,4,1.0,1.0,1.0,1.0,1.0,shared
n1223,3,0.75,1.0,1.0,1.0,0.9375,shared
n1224,4,1.0,1.0,1.0,1.0,1.0,shared
n1225,4,1.0,1.0,1.0,1.0,1.0,shared
n1226,4,1.0,1.0,1.0,1.0,1.0,shared
n1227,4,1.0,1.0,1.0,1.0,1.0,shared
n1228,4,1.0,1.0,1.0,1.0,1.0,shared
n1229,4,1.0,1.0,1.0,1.0,1.0,shared
n1230,4,1.0,1.0,1.0,1.0,1.0,shared
n1231,4,1.0,1.0,1.0,1.0,1.0,shared
n1232,4,1.0,1.0,1.0,1.0,1.0,shared
n1233,4,1.0,0.8260869565217391,0.6521739130434783,1.0,0.8695652173913044,shared
n1234,4,1.0,1.0,0.6,1.0,0.9,shared
n1235,4,1.0,1.0,1.0,1.0,1.0,shared
n1236,3,0.75,1.0,1.0,1.0,0.9375,shared
n1237,4,1.0,1.0,1.0,1.0,1.0,shared
n1238,3,0.75,1.0,1.0,1.0,0.9375,shared
n1239,4,1.0,1.0,1.0,1.0,1.0,shared
n1240,4,1.0,1.0,1.0,1.0,1.0,shared
n1241,4,1.0,1.0,1.0,1.0,1.0,shared
n1242,4,1.0,1.0,1.0,1.0,1.0,shared
n1243,4,1.0,1.0,1.0,1.0,1.0,shared
n1244,4,1.0,1.0,1.0,1.0,1.0,shared
n1245,4,1.0,1.0,1.0,1.0,1.0,shared
n1246,3,0.75,1.0,1.0,1.0,0.9375,shared
n1247,4,1.0,1.0,1.0,1.0,1.0,shared
n1248,4,1.0,1.0,1.0,1.0,1.0,shared
n1249,4,1.0,1.0,1.0,1.0,1.0,shared
n1250,4,1.0,1.0,1.0,1.0,1.0,shared
n1251,4,1.0,1.0,1.0,1.0,1.0,shared
n1252,4,1.0,1.0,1.0,1.0,1.0,shared
n1253,4,1.0,1.0,1.0,1.0,1.0,shared
n1254,4,1.0,1.0,1.0,1.0,1.0,shared
n1255,3,0.75,1.0,1.0,1.0,0.9375,shared
n1256,3,0.75,1.0,1.0,1.0,0.9375,shared
n1257,4,1.0,1.0,1.0,1.0,1.0,shared
n1258,3,0.75,1.0,1.0,1.0,0.9375,shared
n1259,4,1.0,1.0,1.0,1.0,1.0,shared
n1260,4,1.0,1.0,1.0,1.0,1.0,shared
n1261,4,1.0,1.0,1.0,1.0,1.0,shared
n1262,4,1.0,1.0,1.0,1.0,1.0,shared
n1263,4,1.0,1.0,1.0,1.0,1.0,shared
n1264,4,1.0,1.0,1.0,1.0,1.0,shared
n1265,4,1.0,1.0,1.0,1.0,1.0,shared
n1266,3,0.75,1.0,1.0,1.0,0.9375,shared
n1267,3,0.75,1.0,1.0,1.0,0.9375,shared
n1268,4,1.0,1.0,1.0,1.0,1.0,shared
n1269,4,1.0,1.0,1.0,1.0,1.0,shared
n1270,4,1.0,1.0,1.0,1.0,1.0,shared
n1271,4,1.0,1.0,1.0,1.0,1.0,shared
n1272,4,1.0,1.0,1.0,1.0,1.0,shared
n1273,4,1.0,1.0,1.0,1.0,1.0,shared
n1274,4,1.0,1.0,1.0,1.0,1.0,shared
n1275,4,1.0,1.0,1.0,1.0,1.0,shared
n1276,3,0.75,1.0,1.0,1.0,0.9375,shared
n1277,4,1.0,1.0,1.0,1.0,1.0,shared
n1278,3,0.75,1.0,1.0,1.0,0.9375,shared
n1279,4,1.0,1.0,1.0,1.0,1.0,shared
n1280,4,1.0,1.0,1.0,1.0,1.0,shared
n1281,4,1.0,1.0,1.0,1.0,1.0,shared
n1282,3,0.75,1.0,1.0,1.0,0.9375,shared
n1283,4,1.0,1.0,1.0,1.0,1.0,shared
n1284,4,1.0,1.0,1.0,1.0,1.0,shared
n1285,4,1.0,1.0,1.0,1.0,1.0,shared
n1286,4,1.0,1.0,1.0,1.0,1.0,shared
n1287,3,0.75,1.0,1.0,1.0,0.9375,shared
n1288,4,1.0,1.0,1.0,1.0,1.0,shared
n1289,4,1.0,1.0,1.0,1.0,1.0,shared
n1290,4,1.0,1.0,1.0,1.0,1.0,shared
n1291,4,1.0,1.0,1.0,1.0,1.0,shared
n1292,3,0.75,1.0,1.0,1.0,0.9375,shared
n1293,4,1.0,1.0,1.0,1.0,1.0,shared
n1294,4,1.0,1.0,1.0,1.0,1.0,shared
n1295,3,0.75,1.0,1.0,1.0,0.9375,shared
n1296,4,1.0,1.0,1.0,1.0,1.0,shared
n1297,4,1.0,1.0,1.0,1.0,1.0,shared
n1298,4,1.0,1.0,1.0,1.0,1.0,shared
n1299,3,0.75,1.0,1.0,1.0,0.9375,shared
n1300,4,1.0,1.0,1.0,1.0,1.0,shared
n1301,4,1.0,1.0,1.0,1.0,1.0,shared
n1302,3,0.75,1.0,1.0,1.0,0.9375,shared
n1303,4,1.0,1.0,1.0,1.0,1.0,shared
n1304,4,1.0,1.0,1.0,1.0,1.0,shared
n1305,4,1.0,1.0,1.0,1.0,1.0,shared
n1306,4,1.0,1.0,1.0,1.0,1.0,shared
n1307,4,1.0,1.0,1.0,1.0,1.0,shared
n1308,4,1.0,1.0,1.0,1.0,1.0,shared
n1309,3,0.75,1.0,1.0,1.0,0.9375,shared
n1310,4,1.0,1.0,1.0,1.0,1.0,shared
n1311,3,0.75,1.0,1.0,1.0,0.9375,shared
n1312,4,1.0,1.0,1.0,1.0,1.0,shared
n1313,4,1.0,1.0,1.0,1.0,1.0,shared
n1314,4,1.0,1.0,1.0,1.0,1.0,shared
n1315,4,1.0,1.0,1.0,1.0,1.0,shared
n1316,4,1.0,1.0,1.0,1.0,1.0,shared
n1317,4,1.0,1.0,1.0,1.0,1.0,shared
n1318,4,1.0,1.0,1.0,1.0,1.0,shared
n1319,4,1.0,1.0,1.0,1.0,1.0,shared
n1320,4,1.0,1.0,1.0,1.0,1.0,shared
n1321,4,1.0,1.0,1.0,1.0,1.0,shared
n1322,3,0.75,1.0,1.0,1.0,0.9375,shared
n1323,4,1.0,1.0,1.0,1.0,1.0,shared
n1324,3,0.75,1.0,1.0,1.0,0.9375,shared
n1325,4,1.0,1.0,1.0,1.0,1.0,shared
n1326,4,1.0,1.0,1.0,1.0,1.0,shared
n1327,4,1.0,1.0,1.0,1.0,1.0,shared
n1328,4,1.0,1.0,1.0,1.0,1.0,shared
n1329,4,1.0,1.0,1.0,1.0,1.0,shared
n1330,4,1.0,1.0,1.0,1.0,1.0,shared
n1331,3,0.75,1.0,1.0,1.0,0.9375,shared
n1332,4,1.0,1.0,1.0,1.0,1.0,shared
n1333,4,1.0,1.0,1.0,1.0,1.0,shared
n1334,4,1.0,1.0,1.0,1.0,1.0,shared
n1335,4,1.0,1.0,1.0,1.0,1.0,shared
n1336,4,1.0,1.0,1.0,1.0,1.0,shared
n1337,4,1.0,1.0,1.0,1.0,1.0,shared
n1338,3,0.75,1.0,1.0,1.0,0.9375,shared
n1339,4,1.0,1.0,1.0,1.0,1.0,shared
n1340,4,1.0,1.0,1.0,1.0,1.0,shared
n1341,4,1.0,1.0,1.0,1.0,1.0,shared
n1342,4,1.0,1.0,1.0,1.0,1.0,shared
n1343,3,0.75,1.0,1.0,1.0,0.9375,shared
n1344,3,0.75,1.0,1.0,1.0,0.9375,shared
n1345,4,1.0,1.0,1.0,1.0,1.0,shared
n1346,4,1.0,1.0,1.0,1.0,1.0,shared
n1347,4,1.0,1.0,1.0,1.0,1.0,shared
n1348,4,1.0,1.0,1.0,1.0,1.0,shared
n1349,4,1.0,1.0,1.0,1.0,1.0,shared
n1350,4,1.0,1.0,1.0,1.0,1.0,shared
n1351,4,1.0,1.0,1.0,1.0,1.0,shared
n1352,4,1.0,1.0,1.0,1.0,1.0,shared
n1353,3,0.75,1.0,1.0,1.0,0.9375,shared
n1354,4,1.0,1.0,1.0,1.0,1.0,shared
n1355,4,1.0,1.0,1.0,1.0,1.0,shared
n1356,3,0.75,0.5,0.5,1.0,0.6875,shared
n1357,4,1.0,1.0,1.0,1.0,1.0,shared
n1358,3,0.75,1.0,1.0,1.0,0.9375,shared
n1359,4,1.0,1.0,1.0,1.0,1.0,shared
n1360,4,1.0,1.0,1.0,1.0,1.0,shared
n1361,4,1.0,1.0,1.0,1.0,1.0,shared
n1362,4,1.0,1.0,1.0,1.0,1.0,shared
n1363,4,1.0,1.0,1.0,1.0,1.0,shared
n1364,4,1.0,1.0,1.0,1.0,1.0,shared
n1365,4,1.0,1.0,1.0,1.0,1.0,shared
n1366,4,1.0,1.0,0.5,1.0,0.875,shared
n1367,4,1.0,1.0,1.0,1.0,1.0,shared
n1368,4,1.0,1.0,1.0,1.0,1.0,shared
n1369,4,1.0,1.0,1.0,1.0,1.0,shared
n1370,4,1.0,1.0,1.0,1.0,1.0,shared
n1371,4,1.0,1.0,1.0,1.0,1.0,shared
n1372,4,1.0,1.0,1.0,1.0,1.0,shared
n1373,4,1.0,1.0,1.0,1.0,1.0,shared
n1374,4,1.0,1.0,1.0,1.0,1.0,shared
n1375,4,1.0,1.0,1.0,1.0,1.0,shared
n1376,4,1.0,1.0,1.0,1.0,1.0,shared
n1377,4,1.0,1.0,1.0,1.0,1.0,shared
n1378,4,1.0,1.0,1.0,1.0,1.0,shared
n1379,4,1.0,1.0,1.0,1.0,1.0,shared
n1380,4,1.0,1.0,1.0,1.0,1.0,shared
n1381,3,0.75,1.0,1.0,1.0,0.9375,shared
n1382,3,0.75,1.0,1.0,1.0,0.9375,shared
n1383,4,1.0,1.0,1.0,1.0,1.0,shared
n1384,4,1.0,1.0,1.0,1.0,1.0,shared
n1385,4,1.0,1.0,1.0,1.0,1.0,shared
n1386,4,1.0,1.0,1.0,1.0,1.0,shared
n1387,4,1.0,1.0,1.0,1.0,1.0,shared
n1388,4,1.0,1.0,1.0,1.0,1.0,shared
n1389,4,1.0,1.0,1.0,1.0,1.0,shared
n1390,4,1.0,1.0,1.0,1.0,1.0,shared
n1391,4,1.0,1.0,1.0,1.0,1.0,shared
n1392,4,1.0,1.0,1.0,1.0,1.0,shared
n1393,4,1.0,1.0,1.0,1.0,1.0,shared
n1394,4,1.0,1.0,1.0,1.0,1.0,shared
n1395,4,1.0,1.0,1.0,1.0,1.0,shared
n1396,4,1.0,1.0,1.0,1.0,1.0,shared
n1397,4,1.0,1.0,1.0,1.0,1.0,shared
n1398,3,0.75,1.0,1.0,1.0,0.9375,shared
n1399,4,1.0,1.0,1.0,1.0,1.0,shared
n1400,4,1.0,1.0,1.0,1.0,1.0,shared
n1401,4,1.0,1.0,1.0,1.0,1.0,shared
n1402,4,1.0,1.0,1.0,1.0,1.0,shared
n1403,4,1.0,1.0,1.0,1.0,1.0,shared
n1404,4,1.0,1.0,1.0,1.0,1.0,shared
n1405,4,1.0,1.0,1.0,1.0,1.0,shared
n1406,4,1.0,1.0,1.0,1.0,1.0,shared
n1407,4,1.0,1.0,1.0,1.0,1.0,shared
n1408,3,0.75,1.0,1.0,1.0,0.9375,shared
n1409,4,1.0,1.0,1.0,1.0,1.0,shared
n1410,4,1.0,1.0,1.0,1.0,1.0,shared
n1411,4,1.0,1.0,0.5,1.0,0.875,shared
n1412,4,1.0,1.0,1.0,1.0,1.0,shared
n1413,4,1.0,1.0,1.0,1.0,1.0,shared
n1414,4,1.0,1.0,1.0,1.0,1.0,shared
n1415,4,1.0,1.0,1.0,1.0,1.0,shared
n1416,4,1.0,1.0,1.0,1.0,1.0,shared
n1417,4,1.0,1.0,1.0,1.0,1.0,shared
n1418,4,1.0,1.0,1.0,1.0,1.0,shared
n1419,4,1.0,1.0,1.0,1.0,1.0,shared
n1420,4,1.0,1.0,1.0,1.0,1.0,shared
n1421,4,1.0,1.0,1.0,1.0,1.0,shared
n1422,4,1.0,1.0,1.0,1.0,1.0,shared
n1423,4,1.0,1.0,1.0,1.0,1.0,shared
n1424,4,1.0,1.0,1.0,1.0,1.0,shared
n1425,4,1.0,1.0,1.0,1.0,1.0,shared
n1426,4,1.0,1.0,1.0,1.0,1.0,shared
n1427,4,1.0,1.0,1.0,1.0,1.0,shared
n1428,3,0.75,1.0,1.0,1.0,0.9375,shared
n1429,3,0.75,1.0,1.0,1.0,0.9375,shared
n1430,4,1.0,1.0,1.0,1.0,1.0,shared
n1431,4,1.0,1.0,1.0,1.0,1.0,shared
n1432,4,1.0,1.0,1.0,1.0,1.0,shared
n1433,4,1.0,1.0,1.0,1.0,1.0,shared
n1434,4,1.0,1.0,1.0,1.0,1.0,shared
n1435,4,1.0,1.0,1.0,1.0,1.0,shared
n1436,4,1.0,1.0,1.0,1.0,1.0,shared
n1437,3,0.75,1.0,1.0,1.0,0.9375,shared
n1438,4,1.0,1.0,1.0,1.0,1.0,shared
n1439,4,1.0,1.0,1.0,1.0,1.0,shared
n1440,3,0.75,1.0,1.0,1.0,0.9375,shared
n1441,4,1.0,1.0,1.0,1.0,1.0,shared
n1442,4,1.0,1.0,1.0,1.0,1.0,shared
n1443,4,1.0,1.0,1.0,1.0,1.0,shared
n1444,4,1.0,1.0,1.0,1.0,1.0,shared
n1445,3,0.75,1.0,1.0,1.0,0.9375,shared
n1446,3,0.75,1.0,1.0,1.0,0.9375,shared
n1447,4,1.0,1.0,1.0,1.0,1.0,shared
n1448,4,1.0,1.0,1.0,1.0,1.0,shared
n1449,4,1.0,0.5,0.5,1.0,0.75,shared
n1450,4,1.0,1.0,1.0,1.0,1.0,shared
n1451,4,1.0,1.0,1.0,1.0,1.0,shared
n1452,4,1.0,1.0,1.0,1.0,1.0,shared
n1453,4,1.0,1.0,1.0,1.0,1.0,shared
n1454,4,1.0,1.0,1.0,1.0,1.0,shared
n1455,4,1.0,1.0,1.0,1.0,1.0,shared
n1456,4,1.0,1.0,1.0,1.0,1.0,shared
n1457,4,1.0,1.0,1.0,1.0,1.0,shared
n1458,4,1.0,1.0,1.0,1.0,1.0,shared
n1459,4,1.0,1.0,1.0,1.0,1.0,shared
n1460,4,1.0,1.0,1.0,1.0,1.0,shared
n1461,4,1.0,1.0,1.0,1.0,1.0,shared
n1462,4,1.0,1.0,1.0,1.0,1.0,shared
n1463,4,1.0,1.0,1.0,1.0,1.0,shared
n1464,4,1.0,1.0,1.0,1.0,1.0,shared
n1465,4,1.0,1.0,1.0,1.0,1.0,shared
n1466,3,0.75,1.0,1.0,1.0,0.9375,shared
n1467,4,1.0,1.0,1.0,1.0,1.0,shared
n1468,4,1.0,1.0,1.0,1.0,1.0,shared
n1469,4,1.0,1.0,1.0,1.0,1.0,shared
n1470,4,1.0,1.0,1.0,1.0,1.0,shared
n1471,4,1.0,1.0,1.0,1.0,1.0,shared
n1472,3,0.75,1.0,1.0,1.0,0.9375,shared
n1473,4,1.0,1.0,1.0,1.0,1.0,shared
n1474,4,1.0,1.0,1.0,1.0,1.0,shared
n1475,4,1.0,1.0,1.0,1.0,1.0,shared
n1476,4,1.0,1.0,1.0,1.0,1.0,shared
n1477,4,1.0,1.0,1.0,1.0,1.0,shared
n1478,4,1.0,1.0,1.0,1.0,1.0,shared
n1479,3,0.75,1.0,1.0,1.0,0.9375,shared
n1480,4,1.0,1.0,1.0,1.0,1.0,shared
n1481,4,1.0,1.0,1.0,1.0,1.0,shared
n1482,4,1.0,1.0,1.0,1.0,1.0,shared
n1483,4,1.0,1.0,1.0,1.0,1.0,shared
n1484,4,1.0,1.0,1.0,1.0,1.0,shared
n1485,4,1.0,1.0,1.0,1.0,1.0,shared
n1486,4,1.0,1.0,1.0,1.0,1.0,shared
n1487,4,1.0,1.0,1.0,1.0,1.0,shared
n1488,3,0.75,1.0,1.0,1.0,0.9375,shared
n1489,4,1.0,1.0,1.0,1.0,1.0,shared
n1490,4,1.0,1.0,1.0,1.0,1.0,shared
n1491,4,1.0,1.0,1.0,1.0,1.0,shared
n1492,3,0.75,1.0,1.0,1.0,0.9375,shared
n1493,4,1.0,1.0,1.0,1.0,1.0,shared
n1494,4,1.0,1.0,1.0,1.0,1.0,shared
n1495,3,0.75,1.0,1.0,1.0,0.9375,shared
n1496,3,0.75,1.0,1.0,1.0,0.9375,shared
n1497,4,1.0,1.0,1.0,1.0,1.0,shared
n1498,4,1.0,1.0,1.0,1.0,1.0,shared
n1499,3,0.75,1.0,1.0,1.0,0.9375,shared
n1500,4,1.0,1.0,1.0,1.0,1.0,shared
n1501,3,0.75,1.0,1.0,1.0,0.9375,shared
n1502,4,1.0,1.0,1.0,1.0,1.0,shared
n1503,4,1.0,1.0,1.0,1.0,1.0,shared
n1504,3,0.75,1.0,1.0,1.0,0.9375,shared
n1505,3,0.75,1.0,1.0,1.0,0.9375,shared
n1506,4,1.0,1.0,1.0,1.0,1.0,shared
n1507,4,1.0,1.0,1.0,1.0,1.0,shared
n1508,4,1.0,1.0,1.0,1.0,1.0,shared
n1509,4,1.0,1.0,1.0,1.0,1.0,shared
n1510,4,1.0,1.0,1.0,1.0,1.0,shared
n1511,4,1.0,1.0,1.0,1.0,1.0,shared
n1512,4,1.0,1.0,1.0,1.0,1.0,shared
n1513,4,1.0,1.0,1.0,1.0,1.0,shared
n1514,4,1.0,1.0,1.0,1.0,1.0,shared
n1515,4,1.0,1.0,1.0,1.0,1.0,shared
n1516,4,1.0,1.0,1.0,1.0,1.0,shared
n1517,4,1.0,1.0,1.0,1.0,1.0,shared
n1518,4,1.0,1.0,1.0,1.0,1.0,shared
n1519,4,1.0,1.0,1.0,1.0,1.0,shared
n1520,4,1.0,1.0,1.0,1.0,1.0,shared
n1521,4,1.0,1.0,1.0,1.0,1.0,shared
n1522,3,0.75,1.0,1.0,1.0,0.9375,shared
n1523,3,0.75,1.0,1.0,1.0,0.9375,shared
n1524,4,1.0,1.0,1.0,1.0,1.0,shared
n1525,4,1.0,1.0,1.0,1.0,1.0,shared
n1526,4,1.0,1.0,1.0,1.0,1.0,shared
n1527,4,1.0,1.0,1.0,1.0,1.0,shared
n1528,4,1.0,1.0,1.0,1.0,1.0,shared
n1529,3,0.75,1.0,1.0,1.0,0.9375,shared
n1530,4,1.0,1.0,1.0,1.0,1.0,shared
n1531,4,1.0,1.0,1.0,1.0,1.0,shared
n1532,3,0.75,1.0,1.0,1.0,0.9375,shared
n1533,4,1.0,1.0,1.0,1.0,1.0,shared
n1534,4,1.0,1.0,1.0,1.0,1.0,shared
n1535,4,1.0,1.0,1.0,1.0,1.0,shared
n1536,3,0.75,1.0,1.0,1.0,0.9375,shared
n1537,3,0.75,1.0,1.0,1.0,0.9375,shared
n1538,4,1.0,1.0,1.0,1.0,1.0,shared
n1539,4,1.0,1.0,1.0,1.0,1.0,shared
n1540,3,0.75,1.0,1.0,1.0,0.9375,shared
n1541,4,1.0,1.0,1.0,1.0,1.0,shared
n1542,3,0.75,1.0,1.0,1.0,0.9375,shared
n1543,4,1.0,1.0,1.0,1.0,1.0,shared
n1544,3,0.75,1.0,1.0,1.0,0.9375,shared
n1545,4,1.0,1.0,1.0,1.0,1.0,shared
n1546,3,0.75,1.0,1.0,1.0,0.9375,shared
n1547,4,1.0,1.0,1.0,1.0,1.0,shared
n1548,3,0.75,1.0,1.0,1.0,0.9375,shared
n1549,4,1.0,1.0,1.0,1.0,1.0,shared
n1550,3,0.75,1.0,1.0,1.0,0.9375,shared
n1551,4,1.0,1.0,1.0,1.0,1.0,shared
n1552,3,0.75,1.0,1.0,1.0,0.9375,shared
n1553,4,1.0,1.0,1.0,1.0,1.0,shared
n1554,4,1.0,1.0,1.0,1.0,1.0,shared
n1555,4,1.0,1.0,1.0,1.0,1.0,shared
n1556,3,0.75,1.0,1.0,1.0,0.9375,shared
n1557,3,0.75,1.0,1.0,1.0,0.9375,shared
n1558,3,0.75,1.0,1.0,1.0,0.9375,shared
n1559,3,0.75,1.0,1.0,1.0,0.9375,shared
n1560,4,1.0,1.0,1.0,1.0,1.0,shared
n1561,3,0.75,1.0,1.0,1.0,0.9375,shared
n1562,3,0.75,1.0,1.0,1.0,0.9375,shared
n1563,4,1.0,1.0,1.0,1.0,1.0,shared
n1564,4,1.0,1.0,1.0,1.0,1.0,shared
n1565,4,1.0,1.0,1.0,1.0,1.0,shared
n1566,4,1.0,1.0,1.0,1.0,1.0,shared
n1567,3,0.75,1.0,1.0,1.0,0.9375,shared
n1568,4,1.0,1.0,1.0,1.0,1.0,shared
n1569,4,1.0,1.0,1.0,1.0,1.0,shared
n1570,4,1.0,1.0,1.0,1.0,1.0,shared
n1571,4,1.0,1.0,1.0,1.0,1.0,shared
n1572,3,0.75,1.0,1.0,1.0,0.9375,shared
n1573,4,1.0,1.0,1.0,1.0,1.0,shared
n1574,3,0.75,1.0,1.0,1.0,0.9375,shared
n1575,3,0.75,1.0,1.0,1.0,0.9375,shared
n1576,4,1.0,1.0,1.0,1.0,1.0,shared
n1577,4,1.0,1.0,1.0,1.0,1.0,shared
n1578,3,0.75,1.0,1.0,1.0,0.9375,shared
n1579,3,0.75,1.0,1.0,1.0,0.9375,shared
n1580,3,0.75,1.0,1.0,1.0,0.9375,shared
n1581,4,1.0,1.0,1.0,1.0,1.0,shared
n1582,3,0.75,1.0,1.0,1.0,0.9375,shared
n1583,3,0.75,1.0,1.0,1.0,0.9375,shared
n1584,3,0.75,1.0,1.0,1.0,0.9375,shared
n1585,4,1.0,1.0,1.0,1.0,1.0,shared
n1586,4,1.0,1.0,1.0,1.0,1.0,shared
n1587,4,1.0,1.0,1.0,1.0,1.0,shared
n1588,4,1.0,1.0,1.0,1.0,1.0,shared
n1589,4,1.0,1.0,0.5714285714285714,1.0,0.8928571428571428,shared
n1590,4,1.0,1.0,1.0,1.0,1.0,shared
n1591,4,1.0,1.0,1.0,1.0,1.0,shared
n1592,4,1.0,1.0,1.0,1.0,1.0,shared
n1593,4,1.0,1.0,1.0,1.0,1.0,shared
n1594,4,1.0,1.0,1.0,1.0,1.0,shared
n1595,4,1.0,1.0,1.0,1.0,1.0,shared
n1596,4,1.0,1.0,1.0,1.0,1.0,shared
n1597,4,1.0,1.0,1.0,1.0,1.0,shared
n1598,3,0.75,1.0,1.0,1.0,0.9375,shared
n1599,4,1.0,1.0,1.0,1.0,1.0,shared
n1600,4,1.0,1.0,1.0,1.0,1.0,shared
n1601,4,1.0,1.0,1.0,1.0,1.0,shared
n1602,3,0.75,1.0,1.0,1.0,0.9375,shared
n1603,4,1.0,1.0,1.0,1.0,1.0,shared
n1604,4,1.0,1.0,1.0,1.0,1.0,shared
n1605,4,1.0,1.0,1.0,1.0,1.0,shared
n1606,4,1.0,0.5714285714285714,0.5714285714285714,1.0,0.7857142857142857,shared
n1607,4,1.0,1.0,1.0,1.0,1.0,shared
n1608,3,0.75,1.0,1.0,1.0,0.9375,shared
n1609,4,1.0,1.0,1.0,1.0,1.0,shared
n1610,4,1.0,1.0,1.0,1.0,1.0,shared
n1611,3,0.75,1.0,1.0,1.0,0.9375,shared
n1612,4,1.0,1.0,1.0,1.0,1.0,shared
n1613,4,1.0,1.0,1.0,1.0,1.0,shared
n1614,4,1.0,1.0,1.0,1.0,1.0,shared
n1615,4,1.0,1.0,1.0,1.0,1.0,shared
n1616,4,1.0,1.0,1.0,1.0,1.0,shared
n1617,4,1.0,1.0,1.0,1.0,1.0,shared
n1618,3,0.75,1.0,1.0,1.0,0.9375,shared
n1619,3,0.75,1.0,1.0,1.0,0.9375,shared
n1620,4,1.0,1.0,1.0,1.0,1.0,shared
n1621,4,1.0,1.0,1.0,1.0,1.0,shared
n1622,4,1.0,1.0,1.0,1.0,1.0,shared
n1623,4,1.0,1.0,1.0,1.0,1.0,shared
n1624,3,0.75,1.0,1.0,1.0,0.9375,shared
n1625,4,1.0,1.0,1.0,1.0,1.0,shared
n1626,4,1.0,1.0,1.0,1.0,1.0,shared
n1627,4,1.0,1.0,1.0,1.0,1.0,shared
n1628,3,0.75,1.0,1.0,1.0,0.9375,shared
n1629,4,1.0,1.0,1.0,1.0,1.0,shared
n1630,4,1.0,1.0,1.0,1.0,1.0,shared
n1631,4,1.0,1.0,1.0,1.0,1.0,shared
n1632,4,1.0,1.0,1.0,1.0,1.0,shared
n1633,4,1.0,1.0,1.0,1.0,1.0,shared
n1634,4,1.0,1.0,1.0,1.0,1.0,shared
n1635,4,1.0,1.0,1.0,1.0,1.0,shared
n1636,3,0.75,1.0,1.0,1.0,0.9375,shared
n1637,4,1.0,1.0,1.0,1.0,1.0,shared
n1638,3,0.75,1.0,1.0,1.0,0.9375,shared
n1639,3,0.75,1.0,1.0,1.0,0.9375,shared
n1640,4,1.0,1.0,1.0,1.0,1.0,shared
n1641,4,1.0,1.0,1.0,1.0,1.0,shared
n1642,4,1.0,1.0,1.0,1.0,1.0,shared
n1643,3,0.75,1.0,1.0,1.0,0.9375,shared
n1644,4,1.0,1.0,1.0,1.0,1.0,shared
n1645,4,1.0,1.0,1.0,1.0,1.0,shared
n1646,4,1.0,1.0,1.0,1.0,1.0,shared
n1647,4,1.0,1.0,1.0,1.0,1.0,shared
n1648,3,0.75,1.0,1.0,1.0,0.9375,shared
n1649,4,1.0,1.0,1.0,1.0,1.0,shared
n1650,4,1.0,0.8,1.0,1.0,0.95,shared
n1651,3,0.75,1.0,1.0,1.0,0.9375,shared
n1652,3,0.75,1.0,1.0,1.0,0.9375,shared
n1653,4,1.0,1.0,1.0,1.0,1.0,shared
n1654,3,0.75,1.0,1.0,1.0,0.9375,shared
n1655,4,1.0,1.0,1.0,1.0,1.0,shared
n1656,3,0.75,1.0,1.0,1.0,0.9375,shared
n1657,4,1.0,1.0,1.0,1.0,1.0,shared
n1658,4,1.0,1.0,1.0,1.0,1.0,shared
n1659,3,0.75,1.0,1.0,1.0,0.9375,shared
n1660,4,1.0,1.0,1.0,1.0,1.0,shared
n1661,4,1.0,1.0,1.0,1.0,1.0,shared
n1662,4,1.0,1.0,1.0,1.0,1.0,shared
n1663,3,0.75,1.0,1.0,1.0,0.9375,shared
n1664,4,1.0,1.0,1.0,1.0,1.0,shared
n1665,4,1.0,1.0,1.0,1.0,1.0,shared
n1666,4,1.0,1.0,1.0,1.0,1.0,shared
n1667,3,0.75,1.0,1.0,1.0,0.9375,shared
n1668,4,1.0,1.0,1.0,1.0,1.0,shared
n1669,4,1.0,1.0,1.0,1.0,1.0,shared
n1670,4,1.0,1.0,1.0,1.0,1.0,shared
n1671,4,1.0,1.0,1.0,1.0,1.0,shared
n1672,3,0.75,1.0,1.0,1.0,0.9375,shared
n1673,3,0.75,1.0,1.0,1.0,0.9375,shared
n1674,4,1.0,0.5714285714285714,0.5714285714285714,1.0,0.7857142857142857,shared
n1675,4,1.0,1.0,0.6666666666666666,1.0,0.9166666666666666,shared
n1676,4,1.0,1.0,1.0,1.0,1.0,shared
n1677,3,0.75,1.0,1.0,1.0,0.9375,shared
n1678,4,1.0,1.0,1.0,1.0,1.0,shared
n1679,3,0.75,1.0,1.0,1.0,0.9375,shared
n1680,4,1.0,1.0,1.0,1.0,1.0,shared
n1681,4,1.0,1.0,1.0,1.0,1.0,shared
n1682,4,1.0,1.0,1.0,1.0,1.0,shared
n1683,3,0.75,1.0,1.0,1.0,0.9375,shared
n1684,3,0.75,1.0,1.0,1.0,0.9375,shared
n1685,3,0.75,1.0,1.0,1.0,0.9375,shared
n1686,3,0.75,1.0,1.0,1.0,0.9375,shared
n1687,3,0.75,1.0,1.0,1.0,0.9375,shared
n1688,3,0.75,1.0,1.0,1.0,0.9375,shared
n1689,4,1.0,1.0,1.0,1.0,1.0,shared
n1690,3,0.75,1.0,1.0,1.0,0.9375,shared
n1691,3,0.75,1.0,1.0,1.0,0.9375,shared
n1692,4,1.0,1.0,1.0,1.0,1.0,shared
n1693,4,1.0,1.0,1.0,1.0,1.0,shared
n1694,4,1.0,1.0,1.0,1.0,1.0,shared
n1695,4,1.0,1.0,1.0,1.0,1.0,shared
n1696,4,1.0,1.0,0.5,1.0,0.875,shared
n1697,4,1.0,1.0,1.0,1.0,1.0,shared
n1698,4,1.0,1.0,1.0,1.0,1.0,shared
n1699,3,0.75,1.0,1.0,1.0,0.9375,shared
n1700,3,0.75,1.0,1.0,1.0,0.9375,shared
n1701,3,0.75,1.0,1.0,1.0,0.9375,shared
n1702,4,1.0,1.0,1.0,1.0,1.0,shared
n1703,4,1.0,1.0,1.0,1.0,1.0,shared
n1704,4,1.0,1.0,1.0,1.0,1.0,shared
n1705,3,0.75,1.0,1.0,1.0,0.9375,shared
n1706,4,1.0,1.0,1.0,1.0,1.0,shared
n1707,4,1.0,1.0,1.0,1.0,1.0,shared
n1708,3,0.75,1.0,1.0,1.0,0.9375,shared
n1709,3,0.75,1.0,1.0,1.0,0.9375,shared
n1710,4,1.0,1.0,1.0,1.0,1.0,shared
n1711,4,1.0,1.0,1.0,1.0,1.0,shared
n1712,3,0.75,0.5,0.5,1.0,0.6875,shared
n1713,4,1.0,1.0,1.0,1.0,1.0,shared
n1714,4,1.0,1.0,1.0,1.0,1.0,shared
n1715,4,1.0,1.0,1.0,1.0,1.0,shared
n1716,4,1.0,1.0,1.0,1.0,1.0,shared
n1717,4,1.0,1.0,1.0,1.0,1.0,shared
n1718,4,1.0,1.0,1.0,1.0,1.0,shared
n1719,4,1.0,1.0,1.0,1.0,1.0,shared
n1720,4,1.0,1.0,1.0,1.0,1.0,shared
n1721,4,1.0,1.0,1.0,1.0,1.0,shared
n1722,4,1.0,1.0,1.0,1.0,1.0,shared
n1723,4,1.0,1.0,1.0,1.0,1.0,shared
n1724,4,1.0,1.0,1.0,1.0,1.0,shared
n1725,4,1.0,1.0,1.0,1.0,1.0,shared
n1726,4,1.0,1.0,1.0,1.0,1.0,shared
n1727,4,1.0,1.0,1.0,1.0,1.0,shared
n1728,4,1.0,1.0,1.0,1.0,1.0,shared
n1729,4,1.0,1.0,1.0,1.0,1.0,shared
n1730,4,1.0,1.0,1.0,1.0,1.0,shared
n1731,4,1.0,1.0,1.0,1.0,1.0,shared
n1732,4,1.0,1.0,1.0,1.0,1.0,shared
n1733,4,1.0,1.0,1.0,1.0,1.0,shared
n1734,4,1.0,1.0,1.0,1.0,1.0,shared
n1735,4,1.0,1.0,1.0,1.0,1.0,shared
n1736,4,1.0,1.0,1.0,1.0,1.0,shared
n1737,4,1.0,1.0,1.0,1.0,1.0,shared
n1738,4,1.0,1.0,1.0,1.0,1.0,shared
n1739,4,1.0,1.0,1.0,1.0,1.0,shared
n1740,4,1.0,1.0,1.0,1.0,1.0,shared
n1741,4,1.0,1.0,1.0,1.0,1.0,shared
n1742,4,1.0,1.0,1.0,1.0,1.0,shared
n1743,4,1.0,1.0,1.0,1.0,1.0,shared
n1744,4,1.0,1.0,1.0,1.0,1.0,shared
n1745,4,1.0,1.0,1.0,1.0,1.0,shared
n1746,4,1.0,1.0,1.0,1.0,1.0,shared
n1747,4,1.0,1.0,1.0,1.0,1.0,shared
n1748,4,1.0,1.0,1.0,1.0,1.0,shared
n1749,4,1.0,1.0,1.0,1.0,1.0,shared
n1750,3,0.75,1.0,1.0,1.0,0.9375,shared
n1751,4,1.0,1.0,1.0,1.0,1.0,shared
n1752,4,1.0,1.0,1.0,1.0,1.0,shared
n1753,4,1.0,1.0,1.0,1.0,1.0,shared
n1754,4,1.0,1.0,1.0,1.0,1.0,shared
n1755,4,1.0,1.0,1.0,1.0,1.0,shared
n1756,4,1.0,1.0,1.0,1.0,1.0,shared
n1757,4,1.0,1.0,1.0,1.0,1.0,shared
n1758,4,1.0,1.0,1.0,1.0,1.0,shared
n1759,3,0.75,1.0,1.0,1.0,0.9375,shared
n1760,3,0.75,1.0,1.0,1.0,0.9375,shared
n1761,4,1.0,1.0,1.0,1.0,1.0,shared
n1762,4,1.0,1.0,1.0,1.0,1.0,shared
n1763,3,0.75,1.0,1.0,1.0,0.9375,shared
n1764,4,1.0,1.0,1.0,1.0,1.0,shared
n1765,3,0.75,1.0,1.0,1.0,0.9375,shared
n1766,4,1.0,1.0,1.0,1.0,1.0,shared
n1767,4,1.0,1.0,1.0,1.0,1.0,shared
n1768,4,1.0,1.0,1.0,1.0,1.0,shared
n1769,4,1.0,1.0,1.0,1.0,1.0,shared
n1770,3,0.75,1.0,1.0,1.0,0.9375,shared
n1771,4,1.0,1.0,1.0,1.0,1.0,shared
n1772,3,0.75,1.0,1.0,1.0,0.9375,shared
n1773,4,1.0,1.0,1.0,1.0,1.0,shared
n1774,4,1.0,1.0,1.0,1.0,1.0,shared
n1775,3,0.75,1.0,1.0,1.0,0.9375,shared
n1776,3,0.75,1.0,1.0,1.0,0.9375,shared
n1777,4,1.0,0.4,0.6,1.0,0.75,shared
n1778,3,0.75,1.0,1.0,1.0,0.9375,shared
n1779,4,1.0,1.0,1.0,1.0,1.0,shared
n1780,4,1.0,1.0,1.0,1.0,1.0,shared
n1781,4,1.0,1.0,1.0,1.0,1.0,shared
n1782,4,1.0,1.0,1.0,1.0,1.0,shared
n1783,3,0.75,1.0,1.0,1.0,0.9375,shared
n1784,4,1.0,1.0,1.0,1.0,1.0,shared
n1785,3,0.75,1.0,1.0,1.0,0.9375,shared
n1786,4,1.0,1.0,1.0,1.0,1.0,shared
n1787,4,1.0,1.0,1.0,1.0,1.0,shared
n1788,3,0.75,1.0,1.0,1.0,0.9375,shared
n1789,4,1.0,0.5,0.5,1.0,0.75,shared
n1790,4,1.0,1.0,1.0,1.0,1.0,shared
n1791,4,1.0,1.0,1.0,1.0,1.0,shared
n1792,3,0.75,1.0,1.0,1.0,0.9375,shared
n1793,4,1.0,1.0,1.0,1.0,1.0,shared
n1794,4,1.0,1.0,1.0,1.0,1.0,shared
n1795,4,1.0,1.0,1.0,1.0,1.0,shared
n1796,4,1.0,1.0,1.0,1.0,1.0,shared
n1797,4,1.0,1.0,1.0,1.0,1.0,shared
n1798,4,1.0,1.0,1.0,1.0,1.0,shared
n1799,4,1.0,1.0,1.0,1.0,1.0,shared
n1800,4,1.0,1.0,1.0,1.0,1.0,shared
n1801,3,0.75,1.0,1.0,1.0,0.9375,shared
n1802,4,1.0,1.0,1.0,1.0,1.0,shared
n1803,4,1.0,1.0,1.0,1.0,1.0,shared
n1804,4,1.0,1.0,1.0,1.0,1.0,shared
n1805,4,1.0,1.0,1.0,1.0,1.0,shared
n1806,4,1.0,1.0,1.0,1.0,1.0,shared
n1807,4,1.0,1.0,1.0,1.0,1.0,shared
n1808,4,1.0,1.0,1.0,1.0,1.0,shared
n1809,4,1.0,1.0,1.0,1.0,1.0,shared
n1810,4,1.0,1.0,1.0,1.0,1.0,shared
n1811,4,1.0,1.0,1.0,1.0,1.0,shared
n1812,4,1.0,1.0,1.0,1.0,1.0,shared
n1813,4,1.0,1.0,1.0,1.0,1.0,shared
n1814,4,1.0,1.0,1.0,1.0,1.0,shared
n1815,4,1.0,1.0,1.0,1.0,1.0,shared
n1816,4,1.0,1.0,1.0,1.0,1.0,shared
n1817,4,1.0,1.0,1.0,1.0,1.0,shared
n1818,4,1.0,1.0,1.0,1.0,1.0,shared
n1819,4,1.0,1.0,1.0,1.0,1.0,shared
n1820,4,1.0,1.0,1.0,1.0,1.0,shared
n1821,4,1.0,1.0,1.0,1.0,1.0,shared
n1822,4,1.0,1.0,1.0,1.0,1.0,shared
n1823,4,1.0,1.0,1.0,1.0,1.0,shared
n1824,4,1.0,1.0,1.0,1.0,1.0,shared
n1825,4,1.0,1.0,1.0,1.0,1.0,shared
n1826,4,1.0,1.0,1.0,1.0,1.0,shared
n1827,3,0.75,1.0,1.0,1.0,0.9375,shared
n1828,4,1.0,1.0,1.0,1.0,1.0,shared
n1829,4,1.0,1.0,1.0,1.0,1.0,shared
n1830,4,1.0,1.0,1.0,1.0,1.0,shared
n1831,4,1.0,1.0,1.0,1.0,1.0,shared
n1832,4,1.0,1.0,1.0,1.0,1.0,shared
n1833,4,1.0,1.0,1.0,1.0,1.0,shared
n1834,4,1.0,1.0,1.0,1.0,1.0,shared
n1835,4,1.0,1.0,1.0,1.0,1.0,shared
n1836,3,0.75,1.0,1.0,1.0,0.9375,shared
n1837,4,1.0,1.0,1.0,1.0,1.0,shared
n1838,4,1.0,1.0,1.0,1.0,1.0,shared
n1839,4,1.0,1.0,1.0,1.0,1.0,shared
n1840,4,1.0,1.0,1.0,1.0,1.0,shared
n1841,3,0.75,1.0,1.0,1.0,0.9375,shared
n1842,4,1.0,1.0,1.0,1.0,1.0,shared
n1843,4,1.0,1.0,1.0,1.0,1.0,shared
n1844,4,1.0,1.0,1.0,1.0,1.0,shared
n1845,4,1.0,1.0,1.0,1.0,1.0,shared
n1846,3,0.75,1.0,1.0,1.0,0.9375,shared
n1847,3,0.75,1.0,1.0,1.0,0.9375,shared
n1848,3,0.75,1.0,1.0,1.0,0.9375,shared
n1849,3,0.75,1.0,1.0,1.0,0.9375,shared
n1850,4,1.0,1.0,1.0,1.0,1.0,shared
n1851,4,1.0,1.0,1.0,1.0,1.0,shared
n1852,3,0.75,1.0,1.0,1.0,0.9375,shared
n1853,4,1.0,1.0,1.0,1.0,1.0,shared
n1854,3,0.75,1.0,1.0,1.0,0.9375,shared
n1855,4,1.0,1.0,1.0,1.0,1.0,shared
n1856,4,1.0,1.0,1.0,1.0,1.0,shared
n1857,4,1.0,1.0,1.0,1.0,1.0,shared
n1858,4,1.0,1.0,1.0,1.0,1.0,shared
n1859,4,1.0,1.0,1.0,1.0,1.0,shared
n1860,4,1.0,1.0,1.0,1.0,1.0,shared
n1861,4,1.0,1.0,1.0,1.0,1.0,shared
n1862,4,1.0,1.0,1.0,1.0,1.0,shared
n1863,4,1.0,1.0,1.0,1.0,1.0,shared
n1864,4,1.0,1.0,1.0,1.0,1.0,shared
n1865,4,1.0,1.0,1.0,1.0,1.0,shared
n1866,4,1.0,1.0,1.0,1.0,1.0,shared
n1867,4,1.0,1.0,1.0,1.0,1.0,shared
n1868,4,1.0,1.0,1.0,1.0,1.0,shared
n1869,4,1.0,1.0,1.0,1.0,1.0,shared
n1870,4,1.0,1.0,1.0,1.0,1.0,shared
n1871,4,1.0,1.0,1.0,1.0,1.0,shared
n1872,4,1.0,1.0,1.0,1.0,1.0,shared
n1873,4,1.0,1.0,1.0,1.0,1.0,shared
n1874,3,0.75,1.0,1.0,1.0,0.9375,shared
n1875,4,1.0,1.0,1.0,1.0,1.0,shared
n1876,4,1.0,1.0,1.0,1.0,1.0,shared
n1877,4,1.0,1.0,1.0,1.0,1.0,shared
n1878,4,1.0,1.0,1.0,1.0,1.0,shared
n1879,3,0.75,1.0,1.0,1.0,0.9375,shared
n1880,4,1.0,1.0,1.0,1.0,1.0,shared
n1881,4,1.0,1.0,1.0,1.0,1.0,shared
n1882,4,1.0,1.0,1.0,1.0,1.0,shared
n1883,4,1.0,1.0,1.0,1.0,1.0,shared
n1884,4,1.0,1.0,1.0,1.0,1.0,shared
n1885,4,1.0,1.0,1.0,1.0,1.0,shared
n1886,4,1.0,1.0,1.0,1.0,1.0,shared
n1887,3,0.75,1.0,1.0,1.0,0.9375,shared
n1888,3,0.75,1.0,1.0,1.0,0.9375,shared
n1889,4,1.0,1.0,1.0,1.0,1.0,shared
n1890,4,1.0,1.0,0.6666666666666666,1.0,0.9166666666666666,shared
n1891,3,0.75,1.0,1.0,1.0,0.9375,shared
n1892,4,1.0,1.0,1.0,1.0,1.0,shared
n1893,4,1.0,1.0,1.0,1.0,1.0,shared
n1894,4,1.0,1.0,1.0,1.0,1.0,shared
n1895,4,1.0,1.0,1.0,1.0,1.0,shared
n1896,4,1.0,1.0,1.0,1.0,1.0,shared
n1897,3,0.75,1.0,1.0,1.0,0.9375,shared
n1898,3,0.75,1.0,1.0,1.0,0.9375,shared
n1899,4,1.0,1.0,1.0,1.0,1.0,shared
n1900,4,1.0,1.0,1.0,1.0,1.0,shared
n1901,4,1.0,1.0,1.0,1.0,1.0,shared
n1902,4,1.0,1.0,1.0,1.0,1.0,shared
n1903,4,1.0,1.0,1.0,1.0,1.0,shared
n1904,4,1.0,1.0,1.0,1.0,1.0,shared
n1905,4,1.0,1.0,1.0,1.0,1.0,shared
n1906,4,1.0,1.0,1.0,1.0,1.0,shared
n1907,4,1.0,1.0,1.0,1.0,1.0,shared
n1908,4,1.0,1.0,0.5,1.0,0.875,shared
n1909,4,1.0,1.0,1.0,1.0,1.0,shared
n1910,4,1.0,1.0,1.0,1.0,1.0,shared
n1911,3,0.75,1.0,1.0,1.0,0.9375,shared
n1912,4,1.0,1.0,1.0,1.0,1.0,shared
n1913,4,1.0,1.0,1.0,1.0,1.0,shared
n1914,4,1.0,1.0,1.0,1.0,1.0,shared
n1915,4,1.0,1.0,1.0,1.0,1.0,shared
n1916,4,1.0,1.0,1.0,1.0,1.0,shared
n1917,4,1.0,1.0,1.0,1.0,1.0,shared
n1918,4,1.0,1.0,1.0,1.0,1.0,shared
n1919,4,1.0,0.5,0.5,1.0,0.75,shared
n1920,3,0.75,1.0,1.0,1.0,0.9375,shared
n1921,3,0.75,1.0,1.0,1.0,0.9375,shared
n1922,3,0.75,1.0,1.0,1.0,0.9375,shared
n1923,4,1.0,0.5,0.5,1.0,0.75,shared
n1924,4,1.0,1.0,1.0,1.0,1.0,shared
n1925,3,0.75,1.0,1.0,1.0,0.9375,shared
n1926,4,1.0,1.0,1.0,1.0,1.0,shared
n1927,4,1.0,1.0,1.0,1.0,1.0,shared
n1928,4,1.0,1.0,1.0,1.0,1.0,shared
n1929,4,1.0,1.0,1.0,1.0,1.0,shared
n1930,4,1.0,1.0,1.0,1.0,1.0,shared
n1931,4,1.0,1.0,1.0,1.0,1.0,shared
n1932,3,0.75,1.0,1.0,1.0,0.9375,shared
n1933,4,1.0,1.0,1.0,1.0,1.0,shared
n1934,3,0.75,1.0,1.0,1.0,0.9375,shared
n1935,4,1.0,1.0,0.5,1.0,0.875,shared
n1936,4,1.0,1.0,1.0,1.0,1.0,shared
n1937,4,1.0,1.0,1.0,1.0,1.0,shared
n1938,4,1.0,1.0,1.0,1.0,1.0,shared
n1939,4,1.0,1.0,1.0,1.0,1.0,shared
n1940,4,1.0,1.0,1.0,1.0,1.0,shared
n1941,4,1.0,1.0,1.0,1.0,1.0,shared
n1942,4,1.0,1.0,1.0,1.0,1.0,shared
n1943,3,0.75,1.0,1.0,1.0,0.9375,shared
n1944,4,1.0,1.0,1.0,1.0,1.0,shared
n1945,3,0.75,1.0,1.0,1.0,0.9375,shared
n1946,4,1.0,1.0,1.0,1.0,1.0,shared
n1947,3,0.75,1.0,1.0,1.0,0.9375,shared
n1948,4,1.0,1.0,1.0,1.0,1.0,shared
n1949,4,1.0,1.0,1.0,1.0,1.0,shared
n1950,4,1.0,1.0,1.0,1.0,1.0,shared
n1951,4,1.0,1.0,1.0,1.0,1.0,shared
n1952,4,1.0,1.0,1.0,1.0,1.0,shared
n1953,4,1.0,1.0,1.0,1.0,1.0,shared
n1954,4,1.0,1.0,1.0,1.0,1.0,shared
n1955,4,1.0,1.0,1.0,1.0,1.0,shared
n1956,4,1.0,1.0,1.0,1.0,1.0,shared
n1957,3,0.75,1.0,1.0,1.0,0.9375,shared
n1958,3,0.75,1.0,1.0,1.0,0.9375,shared
n1959,3,0.75,1.0,1.0,1.0,0.9375,shared
n1960,3,0.75,1.0,1.0,1.0,0.9375,shared
n1961,4,1.0,1.0,1.0,1.0,1.0,shared
n1962,4,1.0,1.0,1.0,1.0,1.0,shared
n1963,4,1.0,1.0,1.0,1.0,1.0,shared
n1964,4,1.0,1.0,1.0,1.0,1.0,shared
n1965,4,1.0,1.0,1.0,1.0,1.0,shared
n1966,4,1.0,1.0,1.0,1.0,1.0,shared
n1967,4,1.0,1.0,1.0,1.0,1.0,shared
n1968,4,1.0,1.0,1.0,1.0,1.0,shared
n1969,4,1.0,1.0,1.0,1.0,1.0,shared
n1970,4,1.0,1.0,1.0,1.0,1.0,shared
n1971,4,1.0,1.0,1.0,1.0,1.0,shared
n1972,4,1.0,1.0,1.0,1.0,1.0,shared
n1973,4,1.0,1.0,1.0,1.0,1.0,shared
n1974,3,0.75,1.0,1.0,1.0,0.9375,shared
n1975,3,0.75,1.0,1.0,1.0,0.9375,shared
n1976,4,1.0,1.0,1.0,1.0,1.0,shared
n1977,4,1.0,1.0,1.0,1.0,1.0,shared
n1978,4,1.0,1.0,1.0,1.0,1.0,shared
n1979,4,1.0,1.0,1.0,1.0,1.0,shared
n1980,4,1.0,1.0,1.0,1.0,1.0,shared
n1981,4,1.0,1.0,1.0,1.0,1.0,shared
n1982,3,0.75,1.0,1.0,1.0,0.9375,shared
n1983,4,1.0,1.0,1.0,1.0,1.0,shared
n1984,3,0.75,1.0,1.0,1.0,0.9375,shared
n1985,4,1.0,1.0,1.0,1.0,1.0,shared
n1986,4,1.0,1.0,1.0,1.0,1.0,shared
n1987,4,1.0,1.0,1.0,1.0,1.0,shared
n1988,3,0.75,1.0,1.0,1.0,0.9375,shared
n1989,4,1.0,1.0,1.0,1.0,1.0,shared
n1990,4,1.0,1.0,1.0,1.0,1.0,shared
n1991,3,0.75,1.0,1.0,1.0,0.9375,shared
n1992,4,1.0,1.0,1.0,1.0,1.0,shared
n1993,4,1.0,1.0,1.0,1.0,1.0,shared
n1994,3,0.75,1.0,1.0,1.0,0.9375,shared
n1995,3,0.75,1.0,1.0,1.0,0.9375,shared
n1996,4,1.0,1.0,1.0,1.0,1.0,shared
n1997,4,1.0,1.0,1.0,1.0,1.0,shared
n1998,4,1.0,1.0,1.0,1.0,1.0,shared
n1999,4,1.0,1.0,1.0,1.0,1.0,shared
n2000,4,1.0,1.0,1.0,1.0,1.0,shared
n2001,4,1.0,1.0,1.0,1.0,1.0,shared
n2002,3,0.75,1.0,1.0,1.0,0.9375,shared
n2003,4,1.0,1.0,1.0,1.0,1.0,shared
n2004,4,1.0,1.0,1.0,1.0,1.0,shared
n2005,4,1.0,1.0,1.0,1.0,1.0,shared
n2006,4,1.0,1.0,1.0,1.0,1.0,shared
n2007,4,1.0,1.0,1.0,1.0,1.0,shared
n2008,3,0.75,1.0,1.0,1.0,0.9375,shared
n2009,4,1.0,1.0,1.0,1.0,1.0,shared
n2010,4,1.0,1.0,1.0,1.0,1.0,shared
n2011,4,1.0,1.0,1.0,1.0,1.0,shared
n2012,4,1.0,1.0,1.0,1.0,1.0,shared
n2013,4,1.0,1.0,1.0,1.0,1.0,shared
n2014,4,1.0,1.0,1.0,1.0,1.0,shared
n2015,3,0.75,1.0,1.0,1.0,0.9375,shared
n2016,4,1.0,1.0,1.0,1.0,1.0,shared
n2017,4,1.0,1.0,1.0,1.0,1.0,shared
n2018,3,0.75,1.0,1.0,1.0,0.9375,shared
n2019,4,1.0,1.0,1.0,1.0,1.0,shared
n2020,3,0.75,1.0,1.0,1.0,0.9375,shared
n2021,4,1.0,1.0,1.0,1.0,1.0,shared
n2022,4,1.0,1.0,1.0,1.0,1.0,shared
n2023,4,1.0,1.0,1.0,1.0,1.0,shared
n2024,3,0.75,1.0,1.0,1.0,0.9375,shared
n2025,3,0.75,1.0,1.0,1.0,0.9375,shared
n2026,4,1.0,1.0,1.0,1.0,1.0,shared
n2027,4,1.0,1.0,1.0,1.0,1.0,shared
n2028,4,1.0,1.0,1.0,1.0,1.0,shared
n2029,4,1.0,1.0,1.0,1.0,1.0,shared
n2030,4,1.0,1.0,1.0,1.0,1.0,shared
n2031,4,1.0,1.0,1.0,1.0,1.0,shared
n2032,3,0.75,1.0,1.0,1.0,0.9375,shared
n2033,4,1.0,0.5714285714285714,0.5714285714285714,1.0,0.7857142857142857,shared
n2034,4,1.0,1.0,1.0,1.0,1.0,shared
n2035,4,1.0,1.0,1.0,1.0,1.0,shared
n2036,4,1.0,1.0,1.0,1.0,1.0,shared
n2037,4,1.0,1.0,1.0,1.0,1.0,shared
n2038,4,1.0,0.6666666666666666,1.0,1.0,0.9166666666666666,shared
n2039,4,1.0,1.0,1.0,1.0,1.0,shared
n2040,4,1.0,1.0,1.0,1.0,1.0,shared
n2041,3,0.75,1.0,1.0,1.0,0.9375,shared
n2042,4,1.0,1.0,1.0,1.0,1.0,shared
n2043,4,1.0,1.0,1.0,1.0,1.0,shared
n2044,4,1.0,1.0,1.0,1.0,1.0,shared
n2045,4,1.0,1.0,1.0,1.0,1.0,shared
n2046,4,1.0,1.0,1.0,1.0,1.0,shared
n2047,4,1.0,1.0,1.0,1.0,1.0,shared
n2048,3,0.75,1.0,1.0,1.0,0.9375,shared
n2049,4,1.0,1.0,1.0,1.0,1.0,shared
n2050,4,1.0,1.0,1.0,1.0,1.0,shared
n2051,4,1.0,1.0,1.0,1.0,1.0,shared
n2052,4,1.0,0.5,1.0,1.0,0.875,shared
n2053,4,1.0,1.0,1.0,1.0,1.0,shared
n2054,4,1.0,1.0,1.0,1.0,1.0,shared
n2055,4,1.0,1.0,1.0,1.0,1.0,shared
n2056,3,0.75,1.0,1.0,1.0,0.9375,shared
n2057,3,0.75,1.0,1.0,1.0,0.9375,shared
n2058,4,1.0,1.0,1.0,1.0,1.0,shared
n2059,4,1.0,1.0,1.0,1.0,1.0,shared
n2060,4,1.0,0.5,0.5,1.0,0.75,shared
n2061,4,1.0,1.0,1.0,1.0,1.0,shared
n2062,4,1.0,1.0,1.0,1.0,1.0,shared
n2063,3,0.75,1.0,1.0,1.0,0.9375,shared
n2064,4,1.0,1.0,1.0,1.0,1.0,shared
n2065,4,1.0,1.0,1.0,1.0,1.0,shared
n2066,4,1.0,1.0,1.0,1.0,1.0,shared
n2067,4,1.0,0.5714285714285714,0.5714285714285714,1.0,0.7857142857142857,shared
n2068,4,1.0,1.0,1.0,1.0,1.0,shared
n2069,4,1.0,1.0,1.0,1.0,1.0,shared
n2070,4,1.0,1.0,1.0,1.0,1.0,shared
n2071,3,0.75,1.0,1.0,1.0,0.9375,shared
n2072,4,1.0,1.0,1.0,1.0,1.0,shared
n2073,4,1.0,1.0,1.0,1.0,1.0,shared
n2074,3,0.75,1.0,1.0,1.0,0.9375,shared
n2075,4,1.0,1.0,1.0,1.0,1.0,shared
n2076,4,1.0,1.0,1.0,1.0,1.0,shared
n2077,4,1.0,1.0,1.0,1.0,1.0,shared
n2078,3,0.75,1.0,1.0,1.0,0.9375,shared
n2079,4,1.0,1.0,1.0,1.0,1.0,shared
n2080,3,0.75,1.0,1.0,1.0,0.9375,shared
n2081,4,1.0,1.0,1.0,1.0,1.0,shared
n2082,4,1.0,1.0,1.0,1.0,1.0,shared
n2083,4,1.0,1.0,1.0,1.0,1.0,shared
n2084,4,1.0,1.0,1.0,1.0,1.0,shared
n2085,4,1.0,1.0,1.0,1.0,1.0,shared
n2086,4,1.0,1.0,1.0,1.0,1.0,shared
n2087,3,0.75,1.0,1.0,1.0,0.9375,shared
n2088,3,0.75,1.0,1.0,1.0,0.9375,shared
n2089,4,1.0,0.7,0.4,1.0,0.775,shared
n2090,3,0.75,1.0,1.0,1.0,0.9375,shared
n2091,3,0.75,1.0,1.0,1.0,0.9375,shared
n2092,4,1.0,1.0,1.0,1.0,1.0,shared
n2093,4,1.0,1.0,1.0,1.0,1.0,shared
n2094,4,1.0,1.0,1.0,1.0,1.0,shared
n2095,3,0.75,1.0,1.0,1.0,0.9375,shared
n2096,4,1.0,1.0,1.0,1.0,1.0,shared
n2097,4,1.0,1.0,1.0,1.0,1.0,shared
n2098,4,1.0,1.0,1.0,1.0,1.0,shared
n2099,4,1.0,1.0,1.0,1.0,1.0,shared
n2100,4,1.0,1.0,1.0,1.0,1.0,shared
n2101,3,0.75,1.0,1.0,1.0,0.9375,shared
n2102,3,0.75,1.0,1.0,1.0,0.9375,shared
n2103,4,1.0,1.0,1.0,1.0,1.0,shared
n2104,4,1.0,1.0,1.0,1.0,1.0,shared
n2105,4,1.0,1.0,1.0,1.0,1.0,shared
n2106,4,1.0,1.0,1.0,1.0,1.0,shared
n2107,4,1.0,1.0,1.0,1.0,1.0,shared
n2108,4,1.0,1.0,1.0,1.0,1.0,shared
n2109,4,1.0,1.0,1.0,1.0,1.0,shared
n2110,3,0.75,1.0,1.0,1.0,0.9375,shared
n2111,3,0.75,1.0,1.0,1.0,0.9375,shared
n2112,4,1.0,1.0,1.0,1.0,1.0,shared
n2113,4,1.0,1.0,1.0,1.0,1.0,shared
n2114,3,0.75,1.0,1.0,1.0,0.9375,shared
n2115,4,1.0,1.0,1.0,1.0,1.0,shared
n2116,4,1.0,1.0,1.0,1.0,1.0,shared
n2117,3,0.75,1.0,1.0,1.0,0.9375,shared
n2118,3,0.75,1.0,1.0,1.0,0.9375,shared
n2119,3,0.75,1.0,1.0,1.0,0.9375,shared
n2120,3,0.75,1.0,1.0,1.0,0.9375,shared
n2121,3,0.75,1.0,1.0,1.0,0.9375,shared
n2122,4,1.0,1.0,1.0,1.0,1.0,shared
n2123,4,1.0,1.0,1.0,1.0,1.0,shared
n2124,3,0.75,1.0,1.0,1.0,0.9375,shared
n2125,1,0.25,1.0,1.0,1.0,0.8125,rescued_private
n2126,4,1.0,1.0,1.0,1.0,1.0,shared
n2127,4,1.0,1.0,1.0,1.0,1.0,shared
n2128,4,1.0,1.0,1.0,1.0,1.0,shared
n2129,4,1.0,1.0,1.0,1.0,1.0,shared
n2130,4,1.0,1.0,1.0,1.0,1.0,shared
n2131,4,1.0,1.0,1.0,1.0,1.0,shared
n2132,3,0.75,1.0,1.0,1.0,0.9375,shared
n2133,3,0.75,1.0,1.0,1.0,0.9375,shared
n2134,4,1.0,1.0,1.0,1.0,1.0,shared
n2135,4,1.0,1.0,1.0,1.0,1.0,shared
n2136,4,1.0,0.5,0.5,1.0,0.75,shared
n2137,3,0.75,1.0,1.0,1.0,0.9375,shared
n2138,4,1.0,1.0,1.0,1.0,1.0,shared
n2139,4,1.0,1.0,1.0,1.0,1.0,shared
n2140,3,0.75,1.0,1.0,1.0,0.9375,shared
n2141,3,0.75,1.0,1.0,1.0,0.9375,shared
n2142,3,0.75,1.0,1.0,1.0,0.9375,shared
n2143,4,1.0,1.0,1.0,1.0,1.0,shared
n2144,3,0.75,1.0,1.0,1.0,0.9375,shared
n2145,4,1.0,1.0,1.0,1.0,1.0,shared
n2146,4,1.0,1.0,1.0,1.0,1.0,shared
n2147,4,1.0,1.0,1.0,1.0,1.0,shared
n2148,4,1.0,1.0,1.0,1.0,1.0,shared
n2149,4,1.0,1.0,1.0,1.0,1.0,shared
n2150,4,1.0,1.0,1.0,1.0,1.0,shared
n2151,4,1.0,1.0,1.0,1.0,1.0,shared
n2152,3,0.75,1.0,1.0,1.0,0.9375,shared
n2153,4,1.0,1.0,1.0,1.0,1.0,shared
n2154,4,1.0,1.0,1.0,1.0,1.0,shared
n2155,4,1.0,1.0,1.0,1.0,1.0,shared
n2156,4,1.0,1.0,1.0,1.0,1.0,shared
n2157,4,1.0,0.5,1.0,1.0,0.875,shared
n2158,4,1.0,1.0,1.0,1.0,1.0,shared
n2159,4,1.0,1.0,1.0,1.0,1.0,shared
n2160,4,1.0,1.0,1.0,1.0,1.0,shared
n2161,4,1.0,1.0,1.0,1.0,1.0,shared
n2162,3,0.75,1.0,1.0,1.0,0.9375,shared
n2163,4,1.0,1.0,1.0,1.0,1.0,shared
n2164,4,1.0,1.0,1.0,1.0,1.0,shared
n2165,4,1.0,1.0,1.0,1.0,1.0,shared
n2166,4,1.0,1.0,1.0,1.0,1.0,shared
n2167,4,1.0,1.0,1.0,1.0,1.0,shared
n2168,4,1.0,1.0,1.0,1.0,1.0,shared
n2169,4,1.0,1.0,1.0,1.0,1.0,shared
n2170,4,1.0,1.0,1.0,1.0,1.0,shared
n2171,4,1.0,1.0,1.0,1.0,1.0,shared
n2172,4,1.0,1.0,1.0,1.0,1.0,shared
n2173,4,1.0,1.0,1.0,1.0,1.0,shared
n2174,4,1.0,1.0,1.0,1.0,1.0,shared
n2175,3,0.75,1.0,1.0,1.0,0.9375,shared
n2176,4,1.0,1.0,1.0,1.0,1.0,shared
n2177,4,1.0,1.0,1.0,1.0,1.0,shared
n2178,4,1.0,1.0,1.0,1.0,1.0,shared
n2179,4,1.0,1.0,1.0,1.0,1.0,shared
n2180,4,1.0,1.0,1.0,1.0,1.0,shared
n2181,4,1.0,1.0,1.0,1.0,1.0,shared
n2182,4,1.0,1.0,1.0,1.0,1.0,shared
n2183,4,1.0,1.0,1.0,1.0,1.0,shared
n2184,4,1.0,1.0,1.0,1.0,1.0,shared
n2185,4,1.0,1.0,1.0,1.0,1.0,shared
n2186,4,1.0,1.0,1.0,1.0,1.0,shared
n2187,4,1.0,1.0,1.0,1.0,1.0,shared
n2188,3,0.75,1.0,1.0,1.0,0.9375,shared
n2189,4,1.0,1.0,1.0,1.0,1.0,shared
n2190,4,1.0,1.0,1.0,1.0,1.0,shared
n2191,3,0.75,1.0,1.0,1.0,0.9375,shared
n2192,4,1.0,1.0,1.0,1.0,1.0,shared
n2193,4,1.0,1.0,1.0,1.0,1.0,shared
n2194,3,0.75,1.0,1.0,1.0,0.9375,shared
n2195,3,0.75,1.0,1.0,1.0,0.9375,shared
n2196,3,0.75,1.0,1.0,1.0,0.9375,shared
n2197,4,1.0,1.0,1.0,1.0,1.0,shared
n2198,4,1.0,1.0,1.0,1.0,1.0,shared
n2199,4,1.0,1.0,1.0,1.0,1.0,shared
n2200,4,1.0,1.0,1.0,1.0,1.0,shared
n2201,4,1.0,1.0,1.0,1.0,1.0,shared
n2202,4,1.0,1.0,1.0,1.0,1.0,shared
n2203,4,1.0,1.0,1.0,1.0,1.0,shared
n2204,4,1.0,1.0,1.0,1.0,1.0,shared
n2205,4,1.0,1.0,1.0,1.0,1.0,shared
n2206,4,1.0,1.0,1.0,1.0,1.0,shared
n2207,4,1.0,1.0,1.0,1.0,1.0,shared
n2208,4,1.0,1.0,0.5,1.0,0.875,shared
n2209,4,1.0,1.0,1.0,1.0,1.0,shared
n2210,3,0.75,1.0,1.0,1.0,0.9375,shared
n2211,3,0.75,1.0,1.0,1.0,0.9375,shared
n2212,4,1.0,1.0,1.0,1.0,1.0,shared
n2213,4,1.0,1.0,1.0,1.0,1.0,shared
n2214,4,1.0,1.0,1.0,1.0,1.0,shared
n2215,4,1.0,1.0,1.0,1.0,1.0,shared
n2216,4,1.0,1.0,1.0,1.0,1.0,shared
n2217,4,1.0,1.0,1.0,1.0,1.0,shared
n2218,4,1.0,1.0,1.0,1.0,1.0,shared
n2219,4,1.0,1.0,1.0,1.0,1.0,shared
n2220,4,1.0,1.0,1.0,1.0,1.0,shared
n2221,3,0.75,1.0,1.0,1.0,0.9375,shared
n2222,4,1.0,1.0,1.0,1.0,1.0,shared
n2223,3,0.75,1.0,1.0,1.0,0.9375,shared
n2224,4,1.0,1.0,1.0,1.0,1.0,shared
n2225,4,1.0,0.34782608695652173,0.5217391304347826,1.0,0.717391304347826,shared
n2226,4,1.0,1.0,1.0,1.0,1.0,shared
n2227,4,1.0,0.5,0.5,1.0,0.75,shared
n2228,4,1.0,0.5714285714285714,1.0,1.0,0.8928571428571428,shared
n2229,4,1.0,1.0,1.0,1.0,1.0,shared
n2230,4,1.0,1.0,1.0,1.0,1.0,shared
n2231,4,1.0,1.0,1.0,1.0,1.0,shared
n2232,3,0.75,1.0,1.0,1.0,0.9375,shared
n2233,4,1.0,1.0,1.0,1.0,1.0,shared
n2234,4,1.0,1.0,1.0,1.0,1.0,shared
n2235,4,1.0,1.0,1.0,1.0,1.0,shared
n2236,4,1.0,1.0,1.0,1.0,1.0,shared
n2237,3,0.75,1.0,1.0,1.0,0.9375,shared
n2238,4,1.0,1.0,1.0,1.0,1.0,shared
n2239,4,1.0,1.0,1.0,1.0,1.0,shared
n2240,4,1.0,1.0,1.0,1.0,1.0,shared
n2241,3,0.75,1.0,1.0,1.0,0.9375,shared
n2242,4,1.0,1.0,1.0,1.0,1.0,shared
n2243,4,1.0,1.0,1.0,1.0,1.0,shared
n2244,4,1.0,1.0,1.0,1.0,1.0,shared
n2245,3,0.75,1.0,1.0,1.0,0.9375,shared
n2246,4,1.0,1.0,1.0,1.0,1.0,shared
n2247,4,1.0,1.0,1.0,1.0,1.0,shared
n2248,4,1.0,1.0,1.0,1.0,1.0,shared
n2249,3,0.75,1.0,1.0,1.0,0.9375,shared
n2250,4,1.0,1.0,1.0,1.0,1.0,shared
n2251,3,0.75,1.0,1.0,1.0,0.9375,shared
n2252,4,1.0,1.0,1.0,1.0,1.0,shared
n2253,4,1.0,1.0,1.0,1.0,1.0,shared
n2254,4,1.0,1.0,1.0,1.0,1.0,shared
n2255,4,1.0,1.0,1.0,1.0,1.0,shared
n2256,4,1.0,1.0,1.0,1.0,1.0,shared
n2257,4,1.0,1.0,1.0,1.0,1.0,shared
n2258,4,1.0,1.0,1.0,1.0,1.0,shared
n2259,4,1.0,1.0,1.0,1.0,1.0,shared
n2260,4,1.0,1.0,1.0,1.0,1.0,shared
n2261,4,1.0,1.0,1.0,1.0,1.0,shared
n2262,4,1.0,1.0,1.0,1.0,1.0,shared
n2263,4,1.0,0.5,0.5,1.0,0.75,shared
n2264,4,1.0,1.0,1.0,1.0,1.0,shared
n2265,4,1.0,1.0,1.0,1.0,1.0,shared
n2266,4,1.0,1.0,1.0,1.0,1.0,shared
n2267,4,1.0,1.0,1.0,1.0,1.0,shared
n2268,4,1.0,1.0,1.0,1.0,1.0,shared
n2269,4,1.0,1.0,1.0,1.0,1.0,shared
n2270,4,1.0,1.0,1.0,1.0,1.0,shared
n2271,3,0.75,1.0,1.0,1.0,0.9375,shared
n2272,4,1.0,1.0,1.0,1.0,1.0,shared
n2273,3,0.75,1.0,1.0,1.0,0.9375,shared
n2274,4,1.0,1.0,1.0,1.0,1.0,shared
n2275,4,1.0,1.0,1.0,1.0,1.0,shared
n2276,4,1.0,1.0,1.0,1.0,1.0,shared
n2277,3,0.75,1.0,1.0,1.0,0.9375,shared
n2278,4,1.0,1.0,1.0,1.0,1.0,shared
n2279,4,1.0,1.0,1.0,1.0,1.0,shared
n2280,3,0.75,1.0,1.0,1.0,0.9375,shared
n2281,4,1.0,1.0,1.0,1.0,1.0,shared
n2282,4,1.0,1.0,1.0,1.0,1.0,shared
n2283,4,1.0,1.0,1.0,1.0,1.0,shared
n2284,3,0.75,1.0,1.0,1.0,0.9375,shared
n2285,4,1.0,1.0,1.0,1.0,1.0,shared
n2286,4,1.0,1.0,1.0,1.0,1.0,shared
n2287,4,1.0,1.0,1.0,1.0,1.0,shared
n2288,3,0.75,1.0,1.0,1.0,0.9375,shared
n2289,4,1.0,0.5,1.0,1.0,0.875,shared
n2290,4,1.0,1.0,1.0,1.0,1.0,shared
n2291,4,1.0,1.0,1.0,1.0,1.0,shared
n2292,4,1.0,1.0,1.0,1.0,1.0,shared
n2293,4,1.0,1.0,1.0,1.0,1.0,shared
n2294,4,1.0,1.0,1.0,1.0,1.0,shared
n2295,4,1.0,1.0,1.0,1.0,1.0,shared
n2296,3,0.75,1.0,1.0,1.0,0.9375,shared
n2297,4,1.0,1.0,1.0,1.0,1.0,shared
n2298,3,0.75,1.0,1.0,1.0,0.9375,shared
n2299,4,1.0,1.0,1.0,1.0,1.0,shared
n2300,4,1.0,1.0,1.0,1.0,1.0,shared
n2301,4,1.0,1.0,1.0,1.0,1.0,shared
n2302,3,0.75,1.0,1.0,1.0,0.9375,shared
n2303,3,0.75,1.0,1.0,1.0,0.9375,shared
n2304,4,1.0,1.0,1.0,1.0,1.0,shared
n2305,4,1.0,1.0,1.0,1.0,1.0,shared
n2306,3,0.75,1.0,1.0,1.0,0.9375,shared
n2307,4,1.0,1.0,1.0,1.0,1.0,shared
n2308,3,0.75,1.0,1.0,1.0,0.9375,shared
n2309,4,1.0,1.0,1.0,1.0,1.0,shared
n2310,4,1.0,1.0,1.0,1.0,1.0,shared
n2311,4,1.0,1.0,1.0,1.0,1.0,shared
n2312,4,1.0,1.0,1.0,1.0,1.0,shared
n2313,3,0.75,1.0,1.0,1.0,0.9375,shared
n2314,4,1.0,1.0,1.0,1.0,1.0,shared
n2315,3,0.75,1.0,1.0,1.0,0.9375,shared
n2316,3,0.75,1.0,1.0,1.0,0.9375,shared
n2317,4,1.0,1.0,1.0,1.0,1.0,shared
n2318,4,1.0,1.0,1.0,1.0,1.0,shared
n2319,4,1.0,1.0,1.0,1.0,1.0,shared
n2320,4,1.0,1.0,1.0,1.0,1.0,shared
n2321,4,1.0,1.0,1.0,1.0,1.0,shared
n2322,4,1.0,1.0,1.0,1.0,1.0,shared
n2323,3,0.75,1.0,1.0,1.0,0.9375,shared
n2324,4,1.0,1.0,1.0,1.0,1.0,shared
n2325,3,0.75,1.0,1.0,1.0,0.9375,shared
n2326,4,1.0,1.0,1.0,1.0,1.0,shared
n2327,3,0.75,1.0,1.0,1.0,0.9375,shared
n2328,4,1.0,1.0,1.0,1.0,1.0,shared
n2329,4,1.0,1.0,1.0,1.0,1.0,shared
n2330,3,0.75,1.0,1.0,1.0,0.9375,shared
n2331,4,1.0,1.0,1.0,1.0,1.0,shared
n2332,4,1.0,1.0,1.0,1.0,1.0,shared
n2333,4,1.0,1.0,1.0,1.0,1.0,shared
n2334,3,0.75,1.0,1.0,1.0,0.9375,shared
n2335,3,0.75,1.0,1.0,1.0,0.9375,shared
n2336,4,1.0,1.0,1.0,1.0,1.0,shared
n2337,3,0.75,1.0,1.0,1.0,0.9375,shared
n2338,4,1.0,1.0,1.0,1.0,1.0,shared
n2339,4,1.0,1.0,1.0,1.0,1.0,shared
n2340,4,1.0,1.0,1.0,1.0,1.0,shared
n2341,3,0.75,1.0,1.0,1.0,0.9375,shared
n2342,4,1.0,1.0,1.0,1.0,1.0,shared
n2343,4,1.0,1.0,1.0,1.0,1.0,shared
n2344,3,0.75,1.0,1.0,1.0,0.9375,shared
n2345,4,1.0,1.0,1.0,1.0,1.0,shared
n2346,4,1.0,1.0,1.0,1.0,1.0,shared
n2347,4,1.0,1.0,1.0,1.0,1.0,shared
n2348,4,1.0,1.0,1.0,1.0,1.0,shared
n2349,3,0.75,1.0,1.0,1.0,0.9375,shared
n2350,3,0.75,1.0,1.0,1.0,0.9375,shared
n2351,4,1.0,1.0,1.0,1.0,1.0,shared
n2352,3,0.75,1.0,1.0,1.0,0.9375,shared
n2353,4,1.0,1.0,1.0,1.0,1.0,shared
n2354,4,1.0,1.0,1.0,1.0,1.0,shared
n2355,3,0.75,1.0,1.0,1.0,0.9375,shared
n2356,4,1.0,1.0,1.0,1.0,1.0,shared
n2357,4,1.0,1.0,1.0,1.0,1.0,shared
n2358,4,1.0,1.0,1.0,1.0,1.0,shared
n2359,4,1.0,1.0,1.0,1.0,1.0,shared
n2360,4,1.0,1.0,1.0,1.0,1.0,shared
n2361,3,0.75,1.0,1.0,1.0,0.9375,shared
n2362,3,0.75,1.0,1.0,1.0,0.9375,shared
n2363,4,1.0,1.0,1.0,1.0,1.0,shared
n2364,3,0.75,1.0,1.0,1.0,0.9375,shared
n2365,4,1.0,1.0,1.0,1.0,1.0,shared
n2366,4,1.0,1.0,1.0,1.0,1.0,shared
n2367,4,1.0,1.0,1.0,1.0,1.0,shared
n2368,4,1.0,1.0,1.0,1.0,1.0,shared
n2369,3,0.75,1.0,1.0,1.0,0.9375,shared
n2370,4,1.0,1.0,1.0,1.0,1.0,shared
n2371,4,1.0,1.0,1.0,1.0,1.0,shared
n2372,4,1.0,1.0,1.0,1.0,1.0,shared
n2373,4,1.0,1.0,1.0,1.0,1.0,shared
n2374,4,1.0,1.0,1.0,1.0,1.0,shared
n2375,3,0.75,1.0,1.0,1.0,0.9375,shared
n2376,4,1.0,1.0,1.0,1.0,1.0,shared
n2377,3,0.75,1.0,1.0,1.0,0.9375,shared
n2378,4,1.0,1.0,1.0,1.0,1.0,shared
n2379,3,0.75,1.0,1.0,1.0,0.9375,shared
n2380,3,0.75,1.0,1.0,1.0,0.9375,shared
n2381,4,1.0,1.0,1.0,1.0,1.0,shared
n2382,4,1.0,1.0,1.0,1.0,1.0,shared
n2383,4,1.0,1.0,1.0,1.0,1.0,shared
n2384,4,1.0,1.0,1.0,1.0,1.0,shared
n2385,4,1.0,1.0,1.0,1.0,1.0,shared
n2386,4,1.0,1.0,1.0,1.0,1.0,shared
n2387,4,1.0,1.0,1.0,1.0,1.0,shared
n2388,4,1.0,1.0,1.0,1.0,1.0,shared
n2389,4,1.0,1.0,1.0,1.0,1.0,shared
n2390,4,1.0,1.0,1.0,1.0,1.0,shared
n2391,4,1.0,1.0,1.0,1.0,1.0,shared
n2392,4,1.0,1.0,1.0,1.0,1.0,shared
n2393,4,1.0,1.0,1.0,1.0,1.0,shared
n2394,4,1.0,1.0,1.0,1.0,1.0,shared
n2395,4,1.0,1.0,1.0,1.0,1.0,shared
n2396,3,0.75,1.0,1.0,1.0,0.9375,shared
n2397,3,0.75,1.0,1.0,1.0,0.9375,shared
n2398,4,1.0,1.0,1.0,1.0,1.0,shared
n2399,4,1.0,1.0,1.0,1.0,1.0,shared
n2400,4,1.0,1.0,1.0,1.0,1.0,shared
n2401,4,1.0,1.0,1.0,1.0,1.0,shared
n2402,4,1.0,1.0,1.0,1.0,1.0,shared
n2403,4,1.0,1.0,1.0,1.0,1.0,shared
n2404,3,0.75,1.0,1.0,1.0,0.9375,shared
n2405,3,0.75,1.0,1.0,1.0,0.9375,shared
n2406,3,0.75,1.0,1.0,1.0,0.9375,shared
n2407,4,1.0,1.0,1.0,1.0,1.0,shared
n2408,3,0.75,1.0,1.0,1.0,0.9375,shared
n2409,3,0.75,1.0,1.0,1.0,0.9375,shared
n2410,3,0.75,1.0,1.0,1.0,0.9375,shared
n2411,4,1.0,1.0,1.0,1.0,1.0,shared
n2412,4,1.0,1.0,1.0,1.0,1.0,shared
n2413,4,1.0,1.0,1.0,1.0,1.0,shared
n2414,4,1.0,1.0,1.0,1.0,1.0,shared
n2415,3,0.75,1.0,1.0,1.0,0.9375,shared
n2416,4,1.0,1.0,1.0,1.0,1.0,shared
n2417,4,1.0,1.0,1.0,1.0,1.0,shared
n2418,4,1.0,1.0,1.0,1.0,1.0,shared
n2419,4,1.0,1.0,1.0,1.0,1.0,shared
n2420,3,0.75,1.0,1.0,1.0,0.9375,shared
n2421,3,0.75,1.0,1.0,1.0,0.9375,shared
n2422,4,1.0,1.0,1.0,1.0,1.0,shared
n2423,4,1.0,1.0,1.0,1.0,1.0,shared
n2424,4,1.0,1.0,1.0,1.0,1.0,shared
n2425,3,0.75,1.0,1.0,1.0,0.9375,shared
n2426,4,1.0,0.5,0.5,1.0,0.75,shared
n2427,4,1.0,1.0,1.0,1.0,1.0,shared
n2428,3,0.75,1.0,1.0,1.0,0.9375,shared
n2429,4,1.0,1.0,1.0,1.0,1.0,shared
n2430,4,1.0,1.0,1.0,1.0,1.0,shared
n2431,4,1.0,1.0,1.0,1.0,1.0,shared
n2432,4,1.0,1.0,1.0,1.0,1.0,shared
n2433,4,1.0,1.0,1.0,1.0,1.0,shared
n2434,4,1.0,0.3333333333333333,0.6666666666666666,1.0,0.75,shared
n2435,3,0.75,1.0,1.0,1.0,0.9375,shared
n2436,4,1.0,1.0,1.0,1.0,1.0,shared
n2437,4,1.0,1.0,1.0,1.0,1.0,shared
n2438,4,1.0,1.0,1.0,1.0,1.0,shared
n2439,4,1.0,1.0,1.0,1.0,1.0,shared
n2440,3,0.75,1.0,1.0,1.0,0.9375,shared
n2441,4,1.0,1.0,1.0,1.0,1.0,shared
n2442,4,1.0,1.0,1.0,1.0,1.0,shared
n2443,4,1.0,1.0,1.0,1.0,1.0,shared
n2444,3,0.75,1.0,1.0,1.0,0.9375,shared
n2445,4,1.0,1.0,1.0,1.0,1.0,shared
n2446,4,1.0,1.0,1.0,1.0,1.0,shared
n2447,4,1.0,1.0,1.0,1.0,1.0,shared
n2448,4,1.0,1.0,1.0,1.0,1.0,shared
n2449,4,1.0,1.0,1.0,1.0,1.0,shared
n2450,4,1.0,1.0,1.0,1.0,1.0,shared
n2451,4,1.0,1.0,1.0,1.0,1.0,shared
n2452,4,1.0,1.0,1.0,1.0,1.0,shared
n2453,4,1.0,1.0,1.0,1.0,1.0,shared
n2454,4,1.0,1.0,1.0,1.0,1.0,shared
n2455,4,1.0,1.0,1.0,1.0,1.0,shared
n2456,4,1.0,1.0,1.0,1.0,1.0,shared
n2457,3,0.75,1.0,1.0,1.0,0.9375,shared
n2458,4,1.0,1.0,1.0,1.0,1.0,shared
n2459,4,1.0,1.0,1.0,1.0,1.0,shared
n2460,4,1.0,1.0,1.0,1.0,1.0,shared
n2461,4,1.0,1.0,1.0,1.0,1.0,shared
n2462,4,1.0,1.0,1.0,1.0,1.0,shared
n2463,4,1.0,1.0,1.0,1.0,1.0,shared
n2464,4,1.0,1.0,1.0,1.0,1.0,shared
n2465,4,1.0,1.0,1.0,1.0,1.0,shared
n2466,4,1.0,1.0,1.0,1.0,1.0,shared
n2467,4,1.0,1.0,1.0,1.0,1.0,shared
n2468,4,1.0,1.0,1.0,1.0,1.0,shared
n2469,4,1.0,1.0,1.0,1.0,1.0,shared
n2470,4,1.0,1.0,1.0,1.0,1.0,shared
n2471,4,1.0,1.0,1.0,1.0,1.0,shared
n2472,4,1.0,1.0,1.0,1.0,1.0,shared
n2473,4,1.0,1.0,1.0,1.0,1.0,shared
n2474,4,1.0,1.0,1.0,1.0,1.0,shared
n2475,3,0.75,1.0,1.0,1.0,0.9375,shared
n2476,4,1.0,1.0,1.0,1.0,1.0,shared
n2477,4,1.0,1.0,1.0,1.0,1.0,shared
n2478,3,0.75,1.0,1.0,1.0,0.9375,shared
n2479,4,1.0,1.0,1.0,1.0,1.0,shared
n2480,3,0.75,1.0,1.0,1.0,0.9375,shared
n2481,4,1.0,1.0,1.0,1.0,1.0,shared
n2482,4,1.0,1.0,1.0,1.0,1.0,shared
n2483,4,1.0,1.0,1.0,1.0,1.0,shared
n2484,4,1.0,1.0,1.0,1.0,1.0,shared
n2485,4,1.0,1.0,1.0,1.0,1.0,shared
n2486,3,0.75,1.0,1.0,1.0,0.9375,shared
n2487,4,1.0,1.0,1.0,1.0,1.0,shared
n2488,4,1.0,1.0,1.0,1.0,1.0,shared
n2489,4,1.0,1.0,1.0,1.0,1.0,shared
n2490,4,1.0,1.0,1.0,1.0,1.0,shared
n2491,4,1.0,1.0,1.0,1.0,1.0,shared
n2492,4,1.0,1.0,1.0,1.0,1.0,shared
n2493,4,1.0,0.5,0.5,1.0,0.75,shared
n2494,4,1.0,1.0,1.0,1.0,1.0,shared
n2495,3,0.75,1.0,1.0,1.0,0.9375,shared
n2496,3,0.75,1.0,1.0,1.0,0.9375,shared
n2497,4,1.0,1.0,1.0,1.0,1.0,shared
n2498,4,1.0,1.0,1.0,1.0,1.0,shared
n2499,4,1.0,1.0,1.0,1.0,1.0,shared
n2500,4,1.0,1.0,1.0,1.0,1.0,shared
n2501,4,1.0,1.0,1.0,1.0,1.0,shared
n2502,4,1.0,1.0,1.0,1.0,1.0,shared
n2503,3,0.75,1.0,1.0,1.0,0.9375,shared
n2504,4,1.0,1.0,1.0,1.0,1.0,shared
n2505,4,1.0,1.0,1.0,1.0,1.0,shared
n2506,4,1.0,1.0,1.0,1.0,1.0,shared
n2507,4,1.0,1.0,1.0,1.0,1.0,shared
n2508,3,0.75,1.0,1.0,1.0,0.9375,shared
n2509,4,1.0,1.0,1.0,1.0,1.0,shared
n2510,4,1.0,1.0,1.0,1.0,1.0,shared
n2511,4,1.0,1.0,1.0,1.0,1.0,shared
n2512,4,1.0,1.0,1.0,1.0,1.0,shared
n2513,4,1.0,1.0,1.0,1.0,1.0,shared
n2514,4,1.0,1.0,1.0,1.0,1.0,shared
n2515,4,1.0,1.0,1.0,1.0,1.0,shared
n2516,4,1.0,1.0,1.0,1.0,1.0,shared
n2517,4,1.0,1.0,1.0,1.0,1.0,shared
n2518,4,1.0,1.0,1.0,1.0,1.0,shared
n2519,3,0.75,1.0,1.0,1.0,0.9375,shared
n2520,4,1.0,1.0,1.0,1.0,1.0,shared
n2521,4,1.0,1.0,1.0,1.0,1.0,shared
n2522,4,1.0,1.0,1.0,1.0,1.0,shared
n2523,4,1.0,1.0,1.0,1.0,1.0,shared
n2524,4,1.0,1.0,1.0,1.0,1.0,shared
n2525,4,1.0,1.0,1.0,1.0,1.0,shared
n2526,4,1.0,1.0,1.0,1.0,1.0,shared
n2527,4,1.0,1.0,1.0,1.0,1.0,shared
n2528,4,1.0,1.0,1.0,1.0,1.0,shared
n2529,4,1.0,1.0,1.0,1.0,1.0,shared
n2530,4,1.0,0.5,1.0,1.0,0.875,shared
n2531,3,0.75,1.0,1.0,1.0,0.9375,shared
n2532,4,1.0,1.0,1.0,1.0,1.0,shared
n2533,4,1.0,1.0,1.0,1.0,1.0,shared
n2534,4,1.0,1.0,1.0,1.0,1.0,shared
n2535,4,1.0,1.0,1.0,1.0,1.0,shared
n2536,4,1.0,1.0,1.0,1.0,1.0,shared
n2537,4,1.0,1.0,1.0,1.0,1.0,shared
n2538,3,0.75,1.0,1.0,1.0,0.9375,shared
n2539,3,0.75,1.0,1.0,1.0,0.9375,shared
n2540,4,1.0,1.0,1.0,1.0,1.0,shared
n2541,4,1.0,1.0,1.0,1.0,1.0,shared
n2542,4,1.0,1.0,1.0,1.0,1.0,shared
n2543,4,1.0,1.0,1.0,1.0,1.0,shared
n2544,4,1.0,1.0,1.0,1.0,1.0,shared
n2545,4,1.0,1.0,1.0,1.0,1.0,shared
n2546,4,1.0,1.0,1.0,1.0,1.0,shared
n2547,4,1.0,1.0,1.0,1.0,1.0,shared
n2548,3,0.75,1.0,1.0,1.0,0.9375,shared
n2549,4,1.0,1.0,1.0,1.0,1.0,shared
n2550,4,1.0,1.0,1.0,1.0,1.0,shared
n2551,3,0.75,1.0,1.0,1.0,0.9375,shared
n2552,4,1.0,1.0,1.0,1.0,1.0,shared
n2553,4,1.0,1.0,1.0,1.0,1.0,shared
n2554,4,1.0,1.0,1.0,1.0,1.0,shared
n2555,4,1.0,1.0,1.0,1.0,1.0,shared
n2556,4,1.0,1.0,1.0,1.0,1.0,shared
n2557,4,1.0,1.0,1.0,1.0,1.0,shared
n2558,4,1.0,1.0,1.0,1.0,1.0,shared
n2559,4,1.0,1.0,1.0,1.0,1.0,shared
n2560,4,1.0,0.5714285714285714,0.5714285714285714,1.0,0.7857142857142857,shared
n2561,4,1.0,1.0,1.0,1.0,1.0,shared
n2562,4,1.0,1.0,1.0,1.0,1.0,shared
n2563,4,1.0,1.0,1.0,1.0,1.0,shared
n2564,3,0.75,1.0,1.0,1.0,0.9375,shared
n2565,4,1.0,1.0,1.0,1.0,1.0,shared
n2566,3,0.75,1.0,1.0,1.0,0.9375,shared
n2567,4,1.0,1.0,1.0,1.0,1.0,shared
n2568,4,1.0,1.0,1.0,1.0,1.0,shared
n2569,4,1.0,1.0,1.0,1.0,1.0,shared
n2570,4,1.0,1.0,1.0,1.0,1.0,shared
n2571,4,1.0,1.0,1.0,1.0,1.0,shared
n2572,4,1.0,1.0,1.0,1.0,1.0,shared
n2573,3,0.75,1.0,1.0,1.0,0.9375,shared
n2574,3,0.75,1.0,1.0,1.0,0.9375,shared
n2575,4,1.0,1.0,1.0,1.0,1.0,shared
n2576,4,1.0,1.0,1.0,1.0,1.0,shared
n2577,3,0.75,1.0,1.0,1.0,0.9375,shared
n2578,4,1.0,1.0,1.0,1.0,1.0,shared
n2579,3,0.75,1.0,1.0,1.0,0.9375,shared
n2580,3,0.75,1.0,1.0,1.0,0.9375,shared
n2581,4,1.0,1.0,1.0,1.0,1.0,shared
n2582,4,1.0,1.0,1.0,1.0,1.0,shared
n2583,4,1.0,1.0,1.0,1.0,1.0,shared
n2584,4,1.0,1.0,1.0,1.0,1.0,shared
n2585,4,1.0,1.0,1.0,1.0,1.0,shared
n2586,4,1.0,1.0,1.0,1.0,1.0,shared
n2587,4,1.0,1.0,1.0,1.0,1.0,shared
n2588,3,0.75,1.0,1.0,1.0,0.9375,shared
n2589,3,0.75,1.0,1.0,1.0,0.9375,shared
n2590,4,1.0,1.0,1.0,1.0,1.0,shared
n2591,4,1.0,1.0,1.0,1.0,1.0,shared
n2592,3,0.75,1.0,1.0,1.0,0.9375,shared
n2593,3,0.75,1.0,1.0,1.0,0.9375,shared
n2594,4,1.0,1.0,1.0,1.0,1.0,shared
n2595,4,1.0,1.0,1.0,1.0,1.0,shared
n2596,4,1.0,1.0,1.0,1.0,1.0,shared
n2597,4,1.0,1.0,1.0,1.0,1.0,shared
n2598,4,1.0,1.0,1.0,1.0,1.0,shared
n2599,3,0.75,1.0,1.0,1.0,0.9375,shared
n2600,4,1.0,0.5,0.5,1.0,0.75,shared
n2601,3,0.75,1.0,1.0,1.0,0.9375,shared
n2602,4,1.0,1.0,1.0,1.0,1.0,shared
n2603,4,1.0,1.0,1.0,1.0,1.0,shared
n2604,4,1.0,1.0,1.0,1.0,1.0,shared
n2605,3,0.75,1.0,1.0,1.0,0.9375,shared
n2606,4,1.0,1.0,1.0,1.0,1.0,shared
n2607,4,1.0,1.0,1.0,1.0,1.0,shared
n2608,3,0.75,1.0,1.0,1.0,0.9375,shared
n2609,4,1.0,1.0,1.0,1.0,1.0,shared
n2610,4,1.0,1.0,1.0,1.0,1.0,shared
n2611,4,1.0,1.0,1.0,1.0,1.0,shared
n2612,4,1.0,1.0,1.0,1.0,1.0,shared
n2613,4,1.0,1.0,1.0,1.0,1.0,shared
n2614,4,1.0,1.0,1.0,1.0,1.0,shared
n2615,4,1.0,1.0,1.0,1.0,1.0,shared
n2616,4,1.0,1.0,1.0,1.0,1.0,shared
n2617,4,1.0,1.0,1.0,1.0,1.0,shared
n2618,3,0.75,1.0,1.0,1.0,0.9375,shared
n2619,4,1.0,1.0,1.0,1.0,1.0,shared
n2620,4,1.0,1.0,1.0,1.0,1.0,shared
n2621,4,1.0,1.0,1.0,1.0,1.0,shared
n2622,4,1.0,1.0,1.0,1.0,1.0,shared
n2623,4,1.0,1.0,1.0,1.0,1.0,shared
n2624,3,0.75,1.0,1.0,1.0,0.9375,shared
n2625,4,1.0,1.0,1.0,1.0,1.0,shared
n2626,4,1.0,1.0,1.0,1.0,1.0,shared
n2627,4,1.0,1.0,1.0,1.0,1.0,shared
n2628,4,1.0,1.0,1.0,1.0,1.0,shared
n2629,4,1.0,1.0,1.0,1.0,1.0,shared
n2630,3,0.75,1.0,1.0,1.0,0.9375,shared
n2631,3,0.75,1.0,1.0,1.0,0.9375,shared
n2632,4,1.0,1.0,1.0,1.0,1.0,shared
n2633,3,0.75,1.0,1.0,1.0,0.9375,shared
n2634,4,1.0,1.0,1.0,1.0,1.0,shared
n2635,4,1.0,1.0,1.0,1.0,1.0,shared
n2636,4,1.0,1.0,1.0,1.0,1.0,shared
n2637,4,1.0,1.0,1.0,1.0,1.0,shared
n2638,4,1.0,1.0,1.0,1.0,1.0,shared
n2639,4,1.0,1.0,1.0,1.0,1.0,shared
n2640,4,1.0,1.0,1.0,1.0,1.0,shared
n2641,4,1.0,1.0,1.0,1.0,1.0,shared
n2642,4,1.0,1.0,1.0,1.0,1.0,shared
n2643,4,1.0,1.0,1.0,1.0,1.0,shared
n2644,4,1.0,1.0,1.0,1.0,1.0,shared
n2645,4,1.0,1.0,1.0,1.0,1.0,shared
n2646,4,1.0,1.0,1.0,1.0,1.0,shared
n2647,4,1.0,1.0,1.0,1.0,1.0,shared
n2648,4,1.0,1.0,1.0,1.0,1.0,shared
n2649,4,1.0,1.0,1.0,1.0,1.0,shared
n2650,4,1.0,1.0,1.0,1.0,1.0,shared
n2651,4,1.0,1.0,1.0,1.0,1.0,shared
n2652,3,0.75,1.0,1.0,1.0,0.9375,shared
n2653,4,1.0,1.0,1.0,1.0,1.0,shared
n2654,4,1.0,1.0,1.0,1.0,1.0,shared
n2655,4,1.0,0.5925925925925926,0.4444444444444444,1.0,0.7592592592592593,shared
n2656,4,1.0,1.0,1.0,1.0,1.0,shared
n2657,3,0.75,1.0,1.0,1.0,0.9375,shared
n2658,3,0.75,1.0,1.0,1.0,0.9375,shared
n2659,3,0.75,1.0,1.0,1.0,0.9375,shared
n2660,4,1.0,1.0,1.0,1.0,1.0,shared
n2661,4,1.0,1.0,1.0,1.0,1.0,shared
n2662,4,1.0,1.0,1.0,1.0,1.0,shared
n2663,3,0.75,1.0,1.0,1.0,0.9375,shared
n2664,4,1.0,1.0,1.0,1.0,1.0,shared
n2665,3,0.75,1.0,1.0,1.0,0.9375,shared
n2666,4,1.0,1.0,1.0,1.0,1.0,shared
n2667,4,1.0,1.0,1.0,1.0,1.0,shared
n2668,4,1.0,1.0,1.0,1.0,1.0,shared
n2669,4,1.0,1.0,1.0,1.0,1.0,shared
n2670,4,1.0,1.0,1.0,1.0,1.0,shared
n2671,4,1.0,1.0,1.0,1.0,1.0,shared
n2672,4,1.0,1.0,1.0,1.0,1.0,shared
n2673,4,1.0,1.0,0.3333333333333333,1.0,0.8333333333333334,shared
n2674,4,1.0,1.0,1.0,1.0,1.0,shared
n2675,4,1.0,1.0,1.0,1.0,1.0,shared
n2676,4,1.0,1.0,1.0,1.0,1.0,shared
n2677,4,1.0,1.0,1.0,1.0,1.0,shared
n2678,3,0.75,1.0,1.0,1.0,0.9375,shared
n2679,4,1.0,1.0,1.0,1.0,1.0,shared
n2680,4,1.0,1.0,1.0,1.0,1.0,shared
n2681,4,1.0,1.0,1.0,1.0,1.0,shared
n2682,4,1.0,1.0,1.0,1.0,1.0,shared
n2683,3,0.75,1.0,1.0,1.0,0.9375,shared
n2684,3,0.75,1.0,1.0,1.0,0.9375,shared
n2685,3,0.75,1.0,1.0,1.0,0.9375,shared
n2686,4,1.0,1.0,1.0,1.0,1.0,shared
n2687,4,1.0,1.0,1.0,1.0,1.0,shared
n2688,4,1.0,1.0,1.0,1.0,1.0,shared
n2689,3,0.75,1.0,1.0,1.0,0.9375,shared
n2690,4,1.0,1.0,1.0,1.0,1.0,shared
n2691,4,1.0,1.0,1.0,1.0,1.0,shared
n2692,4,1.0,1.0,1.0,1.0,1.0,shared
n2693,4,1.0,1.0,1.0,1.0,1.0,shared
n2694,4,1.0,1.0,1.0,1.0,1.0,shared
n2695,4,1.0,1.0,1.0,1.0,1.0,shared
n2696,4,1.0,1.0,1.0,1.0,1.0,shared
n2697,3,0.75,1.0,1.0,1.0,0.9375,shared
n2698,4,1.0,1.0,1.0,1.0,1.0,shared
n2699,4,1.0,1.0,1.0,1.0,1.0,shared
n2700,4,1.0,1.0,1.0,1.0,1.0,shared
n2701,3,0.75,1.0,1.0,1.0,0.9375,shared
n2702,4,1.0,1.0,1.0,1.0,1.0,shared
n2703,4,1.0,1.0,1.0,1.0,1.0,shared
n2704,4,1.0,1.0,1.0,1.0,1.0,shared
n2705,3,0.75,1.0,1.0,1.0,0.9375,shared
n2706,3,0.75,1.0,1.0,1.0,0.9375,shared
n2707,4,1.0,1.0,1.0,1.0,1.0,shared
n2708,4,1.0,1.0,1.0,1.0,1.0,shared
n2709,4,1.0,1.0,1.0,1.0,1.0,shared
n2710,4,1.0,1.0,1.0,1.0,1.0,shared
n2711,3,0.75,1.0,1.0,1.0,0.9375,shared
n2712,4,1.0,1.0,1.0,1.0,1.0,shared
n2713,4,1.0,1.0,1.0,1.0,1.0,shared
n2714,4,1.0,1.0,1.0,1.0,1.0,shared
n2715,3,0.75,1.0,1.0,1.0,0.9375,shared
n2716,4,1.0,1.0,1.0,1.0,1.0,shared
n2717,4,1.0,1.0,1.0,1.0,1.0,shared
n2718,4,1.0,1.0,1.0,1.0,1.0,shared
n2719,4,1.0,1.0,1.0,1.0,1.0,shared
n2720,4,1.0,1.0,1.0,1.0,1.0,shared
n2721,3,0.75,1.0,1.0,1.0,0.9375,shared
n2722,4,1.0,1.0,1.0,1.0,1.0,shared
n2723,4,1.0,1.0,1.0,1.0,1.0,shared
n2724,4,1.0,1.0,0.5,1.0,0.875,shared
n2725,4,1.0,1.0,1.0,1.0,1.0,shared
n2726,4,1.0,1.0,1.0,1.0,1.0,shared
n2727,4,1.0,1.0,1.0,1.0,1.0,shared
n2728,3,0.75,1.0,1.0,1.0,0.9375,shared
n2729,4,1.0,1.0,1.0,1.0,1.0,shared
n2730,4,1.0,1.0,1.0,1.0,1.0,shared
n2731,4,1.0,1.0,1.0,1.0,1.0,shared
n2732,4,1.0,1.0,1.0,1.0,1.0,shared
n2733,4,1.0,1.0,1.0,1.0,1.0,shared
n2734,4,1.0,1.0,1.0,1.0,1.0,shared
n2735,4,1.0,1.0,1.0,1.0,1.0,shared
n2736,3,0.75,1.0,1.0,1.0,0.9375,shared
n2737,4,1.0,1.0,1.0,1.0,1.0,shared
n2738,4,1.0,1.0,1.0,1.0,1.0,shared
n2739,4,1.0,1.0,1.0,1.0,1.0,shared
n2740,4,1.0,1.0,1.0,1.0,1.0,shared
n2741,3,0.75,1.0,1.0,1.0,0.9375,shared
n2742,3,0.75,1.0,1.0,1.0,0.9375,shared
n2743,4,1.0,1.0,1.0,1.0,1.0,shared
n2744,4,1.0,1.0,1.0,1.0,1.0,shared
n2745,4,1.0,1.0,1.0,1.0,1.0,shared
n2746,3,0.75,1.0,1.0,1.0,0.9375,shared
n2747,4,1.0,1.0,1.0,1.0,1.0,shared
n2748,3,0.75,1.0,1.0,1.0,0.9375,shared
n2749,4,1.0,1.0,1.0,1.0,1.0,shared
n2750,4,1.0,1.0,1.0,1.0,1.0,shared
n2751,4,1.0,1.0,1.0,1.0,1.0,shared
n2752,4,1.0,1.0,1.0,1.0,1.0,shared
n2753,4,1.0,1.0,1.0,1.0,1.0,shared
n2754,4,1.0,1.0,1.0,1.0,1.0,shared
n2755,4,1.0,1.0,1.0,1.0,1.0,shared
n2756,3,0.75,1.0,1.0,1.0,0.9375,shared
n2757,3,0.75,1.0,1.0,1.0,0.9375,shared
n2758,4,1.0,1.0,1.0,1.0,1.0,shared
n2759,4,1.0,1.0,1.0,1.0,1.0,shared
n2760,4,1.0,1.0,1.0,1.0,1.0,shared
n2761,3,0.75,1.0,1.0,1.0,0.9375,shared
n2762,4,1.0,1.0,1.0,1.0,1.0,shared
n2763,3,0.75,1.0,1.0,1.0,0.9375,shared
n2764,4,1.0,1.0,1.0,1.0,1.0,shared
n2765,4,1.0,1.0,1.0,1.0,1.0,shared
n2766,4,1.0,1.0,1.0,1.0,1.0,shared
n2767,4,1.0,1.0,1.0,1.0,1.0,shared
n2768,4,1.0,1.0,1.0,1.0,1.0,shared
n2769,4,1.0,1.0,1.0,1.0,1.0,shared
n2770,4,1.0,1.0,1.0,1.0,1.0,shared
n2771,4,1.0,1.0,1.0,1.0,1.0,shared
n2772,4,1.0,1.0,1.0,1.0,1.0,shared
n2773,4,1.0,1.0,1.0,1.0,1.0,shared
n2774,4,1.0,1.0,1.0,1.0,1.0,shared
n2775,3,0.75,1.0,1.0,1.0,0.9375,shared
n2776,4,1.0,1.0,1.0,1.0,1.0,shared
n2777,3,0.75,1.0,1.0,1.0,0.9375,shared
n2778,3,0.75,1.0,1.0,1.0,0.9375,shared
n2779,3,0.75,1.0,1.0,1.0,0.9375,shared
n2780,4,1.0,1.0,1.0,1.0,1.0,shared
n2781,4,1.0,1.0,1.0,1.0,1.0,shared
n2782,3,0.75,1.0,1.0,1.0,0.9375,shared
n2783,4,1.0,1.0,1.0,1.0,1.0,shared
n2784,4,1.0,1.0,1.0,1.0,1.0,shared
n2785,3,0.75,1.0,1.0,1.0,0.9375,shared
n2786,4,1.0,1.0,1.0,1.0,1.0,shared
n2787,3,0.75,1.0,1.0,1.0,0.9375,shared
n2788,4,1.0,1.0,1.0,1.0,1.0,shared
n2789,4,1.0,1.0,1.0,1.0,1.0,shared
n2790,4,1.0,1.0,1.0,1.0,1.0,shared
n2791,4,1.0,1.0,1.0,1.0,1.0,shared
n2792,3,0.75,1.0,1.0,1.0,0.9375,shared
n2793,4,1.0,1.0,1.0,1.0,1.0,shared
n2794,3,0.75,1.0,1.0,1.0,0.9375,shared
n2795,3,0.75,1.0,1.0,1.0,0.9375,shared
n2796,4,1.0,1.0,1.0,1.0,1.0,shared
n2797,3,0.75,1.0,1.0,1.0,0.9375,shared
n2798,3,0.75,1.0,1.0,1.0,0.9375,shared
n2799,4,1.0,1.0,1.0,1.0,1.0,shared
n2800,4,1.0,1.0,1.0,1.0,1.0,shared
n2801,4,1.0,1.0,1.0,1.0,1.0,shared
n2802,4,1.0,1.0,1.0,1.0,1.0,shared
n2803,3,0.75,1.0,1.0,1.0,0.9375,shared
n2804,4,1.0,1.0,1.0,1.0,1.0,shared
n2805,4,1.0,1.0,1.0,1.0,1.0,shared
n2806,3,0.75,1.0,1.0,1.0,0.9375,shared
n2807,4,1.0,1.0,1.0,1.0,1.0,shared
n2808,4,1.0,1.0,1.0,1.0,1.0,shared
n2809,4,1.0,1.0,1.0,1.0,1.0,shared
n2810,4,1.0,1.0,1.0,1.0,1.0,shared
n2811,4,1.0,1.0,1.0,1.0,1.0,shared
n2812,4,1.0,1.0,1.0,1.0,1.0,shared
n2813,4,1.0,1.0,1.0,1.0,1.0,shared
n2814,4,1.0,1.0,1.0,1.0,1.0,shared
n2815,4,1.0,1.0,1.0,1.0,1.0,shared
n2816,4,1.0,1.0,1.0,1.0,1.0,shared
n2817,3,0.75,1.0,1.0,1.0,0.9375,shared
n2818,4,1.0,1.0,1.0,1.0,1.0,shared
n2819,4,1.0,1.0,1.0,1.0,1.0,shared
n2820,4,1.0,1.0,1.0,1.0,1.0,shared
n2821,3,0.75,1.0,1.0,1.0,0.9375,shared
n2822,4,1.0,1.0,1.0,1.0,1.0,shared
n2823,4,1.0,1.0,1.0,1.0,1.0,shared
n2824,4,1.0,1.0,1.0,1.0,1.0,shared
n2825,4,1.0,1.0,1.0,1.0,1.0,shared
n2826,4,1.0,1.0,1.0,1.0,1.0,shared
n2827,3,0.75,1.0,1.0,1.0,0.9375,shared
n2828,4,1.0,1.0,1.0,1.0,1.0,shared
n2829,3,0.75,1.0,1.0,1.0,0.9375,shared
n2830,3,0.75,1.0,1.0,1.0,0.9375,shared
n2831,4,1.0,1.0,1.0,1.0,1.0,shared
n2832,4,1.0,1.0,1.0,1.0,1.0,shared
n2833,4,1.0,1.0,1.0,1.0,1.0,shared
n2834,4,1.0,1.0,1.0,1.0,1.0,shared
n2835,4,1.0,1.0,1.0,1.0,1.0,shared
n2836,4,1.0,1.0,1.0,1.0,1.0,shared
n2837,3,0.75,1.0,1.0,1.0,0.9375,shared
n2838,4,1.0,1.0,1.0,1.0,1.0,shared
n2839,4,1.0,1.0,1.0,1.0,1.0,shared
n2840,4,1.0,1.0,1.0,1.0,1.0,shared
n2841,4,1.0,1.0,1.0,1.0,1.0,shared
n2842,4,1.0,1.0,1.0,1.0,1.0,shared
n2843,4,1.0,1.0,1.0,1.0,1.0,shared
n2844,3,0.75,1.0,1.0,1.0,0.9375,shared
n2845,4,1.0,1.0,1.0,1.0,1.0,shared
n2846,4,1.0,1.0,1.0,1.0,1.0,shared
n2847,4,1.0,1.0,1.0,1.0,1.0,shared
n2848,3,0.75,1.0,1.0,1.0,0.9375,shared
n2849,4,1.0,1.0,1.0,1.0,1.0,shared
n2850,3,0.75,1.0,1.0,1.0,0.9375,shared
n2851,3,0.75,1.0,1.0,1.0,0.9375,shared
n2852,4,1.0,1.0,1.0,1.0,1.0,shared
n2853,4,1.0,1.0,1.0,1.0,1.0,shared
n2854,4,1.0,1.0,1.0,1.0,1.0,shared
n2855,4,1.0,1.0,1.0,1.0,1.0,shared
n2856,4,1.0,1.0,1.0,1.0,1.0,shared
n2857,4,1.0,1.0,1.0,1.0,1.0,shared
n2858,4,1.0,1.0,1.0,1.0,1.0,shared
n2859,4,1.0,1.0,1.0,1.0,1.0,shared
n2860,4,1.0,1.0,1.0,1.0,1.0,shared
n2861,4,1.0,1.0,1.0,1.0,1.0,shared
n2862,3,0.75,1.0,1.0,1.0,0.9375,shared
n2863,3,0.75,1.0,1.0,1.0,0.9375,shared
n2864,4,1.0,1.0,1.0,1.0,1.0,shared
n2865,4,1.0,1.0,1.0,1.0,1.0,shared
n2866,4,1.0,1.0,1.0,1.0,1.0,shared
n2867,4,1.0,1.0,1.0,1.0,1.0,shared
n2868,4,1.0,1.0,1.0,1.0,1.0,shared
n2869,4,1.0,1.0,1.0,1.0,1.0,shared
n2870,4,1.0,1.0,1.0,1.0,1.0,shared
n2871,4,1.0,1.0,1.0,1.0,1.0,shared
n2872,4,1.0,1.0,1.0,1.0,1.0,shared
n2873,3,0.75,1.0,1.0,1.0,0.9375,shared
n2874,4,1.0,1.0,1.0,1.0,1.0,shared
n2875,4,1.0,1.0,1.0,1.0,1.0,shared
n2876,4,1.0,1.0,1.0,1.0,1.0,shared
n2877,4,1.0,1.0,1.0,1.0,1.0,shared
n2878,4,1.0,1.0,1.0,1.0,1.0,shared
n2879,4,1.0,1.0,1.0,1.0,1.0,shared
n2880,4,1.0,1.0,1.0,1.0,1.0,shared
n2881,3,0.75,1.0,1.0,1.0,0.9375,shared
n2882,3,0.75,1.0,1.0,1.0,0.9375,shared
n2883,4,1.0,1.0,1.0,1.0,1.0,shared
n2884,4,1.0,1.0,1.0,1.0,1.0,shared
n2885,3,0.75,1.0,1.0,1.0,0.9375,shared
n2886,4,1.0,1.0,1.0,1.0,1.0,shared
n2887,4,1.0,1.0,1.0,1.0,1.0,shared
n2888,3,0.75,1.0,1.0,1.0,0.9375,shared
n2889,4,1.0,0.5714285714285714,0.5714285714285714,1.0,0.7857142857142857,shared
n2890,4,1.0,1.0,0.5,1.0,0.875,shared
n2891,4,1.0,1.0,1.0,1.0,1.0,shared
n2892,4,1.0,1.0,1.0,1.0,1.0,shared
n2893,4,1.0,1.0,1.0,1.0,1.0,shared
n2894,4,1.0,1.0,1.0,1.0,1.0,shared
n2895,4,1.0,1.0,1.0,1.0,1.0,shared
n2896,4,1.0,1.0,1.0,1.0,1.0,shared
n2897,4,1.0,1.0,1.0,1.0,1.0,shared
n2898,4,1.0,1.0,1.0,1.0,1.0,shared
n2899,3,0.75,1.0,1.0,1.0,0.9375,shared
n2900,3,0.75,1.0,1.0,1.0,0.9375,shared
n2901,4,1.0,1.0,1.0,1.0,1.0,shared
n2902,4,1.0,1.0,1.0,1.0,1.0,shared
n2903,4,1.0,1.0,1.0,1.0,1.0,shared
n2904,4,1.0,1.0,1.0,1.0,1.0,shared
n2905,4,1.0,1.0,1.0,1.0,1.0,shared
n2906,4,1.0,1.0,1.0,1.0,1.0,shared
n2907,3,0.75,1.0,1.0,1.0,0.9375,shared
n2908,4,1.0,1.0,1.0,1.0,1.0,shared
n2909,4,1.0,1.0,1.0,1.0,1.0,shared
n2910,4,1.0,1.0,1.0,1.0,1.0,shared
n2911,4,1.0,1.0,1.0,1.0,1.0,shared
n2912,4,1.0,1.0,1.0,1.0,1.0,shared
n2913,4,1.0,1.0,1.0,1.0,1.0,shared
n2914,4,1.0,1.0,1.0,1.0,1.0,shared
n2915,4,1.0,1.0,1.0,1.0,1.0,shared
n2916,4,1.0,1.0,1.0,1.0,1.0,shared
n2917,4,1.0,1.0,1.0,1.0,1.0,shared
n2918,4,1.0,1.0,1.0,1.0,1.0,shared
n2919,4,1.0,1.0,1.0,1.0,1.0,shared
n2920,4,1.0,1.0,1.0,1.0,1.0,shared
n2921,3,0.75,1.0,1.0,1.0,0.9375,shared
n2922,3,0.75,1.0,1.0,1.0,0.9375,shared
n2923,3,0.75,1.0,1.0,1.0,0.9375,shared
n2924,4,1.0,1.0,1.0,1.0,1.0,shared
n2925,4,1.0,1.0,1.0,1.0,1.0,shared
n2926,4,1.0,1.0,1.0,1.0,1.0,shared
n2927,4,1.0,1.0,1.0,1.0,1.0,shared
n2928,4,1.0,1.0,1.0,1.0,1.0,shared
n2929,4,1.0,1.0,1.0,1.0,1.0,shared
n2930,3,0.75,1.0,1.0,1.0,0.9375,shared
n2931,4,1.0,1.0,1.0,1.0,1.0,shared
n2932,4,1.0,1.0,1.0,1.0,1.0,shared
n2933,4,1.0,1.0,1.0,1.0,1.0,shared
n2934,4,1.0,1.0,1.0,1.0,1.0,shared
n2935,4,1.0,1.0,1.0,1.0,1.0,shared
n2936,4,1.0,1.0,1.0,1.0,1.0,shared
n2937,4,1.0,1.0,1.0,1.0,1.0,shared
n2938,4,1.0,1.0,1.0,1.0,1.0,shared
n2939,3,0.75,1.0,1.0,1.0,0.9375,shared
n2940,4,1.0,1.0,1.0,1.0,1.0,shared
n2941,4,1.0,1.0,1.0,1.0,1.0,shared
n2942,4,1.0,1.0,1.0,1.0,1.0,shared
n2943,4,1.0,1.0,1.0,1.0,1.0,shared
n2944,4,1.0,1.0,1.0,1.0,1.0,shared
n2945,3,0.75,1.0,1.0,1.0,0.9375,shared
n2946,3,0.75,1.0,1.0,1.0,0.9375,shared
n2947,3,0.75,1.0,1.0,1.0,0.9375,shared
n2948,4,1.0,1.0,1.0,1.0,1.0,shared
n2949,4,1.0,1.0,1.0,1.0,1.0,shared
n2950,4,1.0,1.0,1.0,1.0,1.0,shared
n2951,4,1.0,1.0,1.0,1.0,1.0,shared
n2952,4,1.0,1.0,1.0,1.0,1.0,shared
n2953,4,1.0,1.0,1.0,1.0,1.0,shared
n2954,4,1.0,1.0,1.0,1.0,1.0,shared
n2955,4,1.0,1.0,1.0,1.0,1.0,shared
n2956,4,1.0,1.0,1.0,1.0,1.0,shared
n2957,4,1.0,1.0,1.0,1.0,1.0,shared
n2958,4,1.0,1.0,1.0,1.0,1.0,shared
n2959,3,0.75,1.0,1.0,1.0,0.9375,shared
n2960,4,1.0,1.0,1.0,1.0,1.0,shared
n2961,4,1.0,1.0,1.0,1.0,1.0,shared
n2962,4,1.0,1.0,1.0,1.0,1.0,shared
n2963,4,1.0,1.0,1.0,1.0,1.0,shared
n2964,4,1.0,1.0,1.0,1.0,1.0,shared
n2965,3,0.75,1.0,1.0,1.0,0.9375,shared
n2966,4,1.0,1.0,1.0,1.0,1.0,shared
n2967,4,1.0,1.0,1.0,1.0,1.0,shared
n2968,4,1.0,1.0,1.0,1.0,1.0,shared
n2969,4,1.0,1.0,1.0,1.0,1.0,shared
n2970,3,0.75,1.0,1.0,1.0,0.9375,shared
n2971,4,1.0,1.0,1.0,1.0,1.0,shared
n2972,4,1.0,1.0,1.0,1.0,1.0,shared
n2973,4,1.0,1.0,1.0,1.0,1.0,shared
n2974,4,1.0,1.0,1.0,1.0,1.0,shared
n2975,4,1.0,1.0,1.0,1.0,1.0,shared
n2976,4,1.0,1.0,1.0,1.0,1.0,shared
n2977,4,1.0,1.0,1.0,1.0,1.0,shared
n2978,4,1.0,1.0,1.0,1.0,1.0,shared
n2979,4,1.0,1.0,1.0,1.0,1.0,shared
n2980,4,1.0,1.0,1.0,1.0,1.0,shared
n2981,3,0.75,1.0,1.0,1.0,0.9375,shared
n2982,4,1.0,1.0,1.0,1.0,1.0,shared
n2983,4,1.0,1.0,1.0,1.0,1.0,shared
n2984,4,1.0,1.0,1.0,1.0,1.0,shared
n2985,4,1.0,1.0,1.0,1.0,1.0,shared
n2986,4,1.0,1.0,1.0,1.0,1.0,shared
n2987,4,1.0,1.0,1.0,1.0,1.0,shared
n2988,3,0.75,1.0,1.0,1.0,0.9375,shared
n2989,4,1.0,1.0,1.0,1.0,1.0,shared
n2990,4,1.0,1.0,1.0,1.0,1.0,shared
n2991,3,0.75,1.0,1.0,1.0,0.9375,shared
n2992,3,0.75,1.0,1.0,1.0,0.9375,shared
n2993,4,1.0,1.0,1.0,1.0,1.0,shared
n2994,3,0.75,1.0,1.0,1.0,0.9375,shared
n2995,3,0.75,1.0,1.0,1.0,0.9375,shared
n2996,4,1.0,1.0,1.0,1.0,1.0,shared
n2997,4,1.0,1.0,1.0,1.0,1.0,shared
n2998,3,0.75,1.0,1.0,1.0,0.9375,shared
n2999,3,0.75,1.0,1.0,1.0,0.9375,shared
n3000,3,0.75,1.0,1.0,1.0,0.9375,shared
n3001,4,1.0,1.0,1.0,1.0,1.0,shared
n3002,4,1.0,1.0,1.0,1.0,1.0,shared
n3003,4,1.0,1.0,1.0,1.0,1.0,shared
n3004,4,1.0,1.0,1.0,1.0,1.0,shared
n3005,4,1.0,1.0,1.0,1.0,1.0,shared
n3006,3,0.75,1.0,1.0,1.0,0.9375,shared
n3007,3,0.75,1.0,1.0,1.0,0.9375,shared
n3008,4,1.0,1.0,1.0,1.0,1.0,shared
n3009,3,0.75,1.0,1.0,1.0,0.9375,shared
n3010,3,0.75,1.0,1.0,1.0,0.9375,shared
n3011,4,1.0,1.0,1.0,1.0,1.0,shared
n3012,4,1.0,1.0,1.0,1.0,1.0,shared
n3013,3,0.75,1.0,1.0,1.0,0.9375,shared
n3014,4,1.0,1.0,1.0,1.0,1.0,shared
n3015,4,1.0,1.0,1.0,1.0,1.0,shared
n3016,4,1.0,1.0,1.0,1.0,1.0,shared
n3017,4,1.0,1.0,1.0,1.0,1.0,shared
n3018,4,1.0,1.0,1.0,1.0,1.0,shared
n3019,4,1.0,1.0,1.0,1.0,1.0,shared
n3020,4,1.0,1.0,1.0,1.0,1.0,shared
n3021,3,0.75,1.0,1.0,1.0,0.9375,shared
n3022,3,0.75,1.0,1.0,1.0,0.9375,shared
n3023,4,1.0,1.0,1.0,1.0,1.0,shared
n3024,4,1.0,1.0,1.0,1.0,1.0,shared
n3025,3,0.75,1.0,1.0,1.0,0.9375,shared
n3026,4,1.0,1.0,1.0,1.0,1.0,shared
n3027,3,0.75,1.0,1.0,1.0,0.9375,shared
n3028,4,1.0,1.0,1.0,1.0,1.0,shared
n3029,3,0.75,1.0,1.0,1.0,0.9375,shared
n3030,4,1.0,1.0,1.0,1.0,1.0,shared
n3031,4,1.0,1.0,1.0,1.0,1.0,shared
n3032,4,1.0,1.0,1.0,1.0,1.0,shared
n3033,4,1.0,1.0,1.0,1.0,1.0,shared
n3034,4,1.0,1.0,1.0,1.0,1.0,shared
n3035,4,1.0,1.0,1.0,1.0,1.0,shared
n3036,4,1.0,1.0,1.0,1.0,1.0,shared
n3037,4,1.0,1.0,1.0,1.0,1.0,shared
n3038,4,1.0,1.0,1.0,1.0,1.0,shared
n3039,4,1.0,1.0,1.0,1.0,1.0,shared
n3040,3,0.75,1.0,1.0,1.0,0.9375,shared
n3041,4,1.0,1.0,1.0,1.0,1.0,shared
n3042,4,1.0,1.0,1.0,1.0,1.0,shared
n3043,3,0.75,1.0,1.0,1.0,0.9375,shared
n3044,4,1.0,1.0,1.0,1.0,1.0,shared
n3045,4,1.0,1.0,1.0,1.0,1.0,shared
n3046,4,1.0,1.0,1.0,1.0,1.0,shared
n3047,3,0.75,1.0,1.0,1.0,0.9375,shared
n3048,3,0.75,1.0,1.0,1.0,0.9375,shared
n3049,4,1.0,1.0,1.0,1.0,1.0,shared
n3050,3,0.75,1.0,1.0,1.0,0.9375,shared
n3051,4,1.0,1.0,1.0,1.0,1.0,shared
n3052,4,1.0,1.0,1.0,1.0,1.0,shared
n3053,4,1.0,1.0,1.0,1.0,1.0,shared
n3054,3,0.75,1.0,1.0,1.0,0.9375,shared
n3055,4,1.0,1.0,1.0,1.0,1.0,shared
n3056,4,1.0,0.3333333333333333,0.3333333333333333,1.0,0.6666666666666666,shared
n3057,4,1.0,1.0,1.0,1.0,1.0,shared
n3058,4,1.0,1.0,1.0,1.0,1.0,shared
n3059,4,1.0,1.0,1.0,1.0,1.0,shared
n3060,3,0.75,1.0,1.0,1.0,0.9375,shared
n3061,4,1.0,1.0,1.0,1.0,1.0,shared
n3062,3,0.75,1.0,1.0,1.0,0.9375,shared
n3063,3,0.75,1.0,1.0,1.0,0.9375,shared
n3064,4,1.0,1.0,1.0,1.0,1.0,shared
n3065,4,1.0,1.0,1.0,1.0,1.0,shared
n3066,4,1.0,1.0,1.0,1.0,1.0,shared
n3067,4,1.0,1.0,1.0,1.0,1.0,shared
n3068,3,0.75,1.0,1.0,1.0,0.9375,shared
n3069,4,1.0,1.0,1.0,1.0,1.0,shared
n3070,4,1.0,1.0,1.0,1.0,1.0,shared
n3071,4,1.0,1.0,1.0,1.0,1.0,shared
n3072,4,1.0,1.0,1.0,1.0,1.0,shared
n3073,4,1.0,1.0,1.0,1.0,1.0,shared
n3074,4,1.0,1.0,1.0,1.0,1.0,shared
n3075,3,0.75,1.0,1.0,1.0,0.9375,shared
n3076,4,1.0,1.0,1.0,1.0,1.0,shared
n3077,4,1.0,1.0,1.0,1.0,1.0,shared
n3078,4,1.0,1.0,1.0,1.0,1.0,shared
n3079,4,1.0,1.0,1.0,1.0,1.0,shared
n3080,4,1.0,1.0,1.0,1.0,1.0,shared
n3081,4,1.0,1.0,1.0,1.0,1.0,shared
n3082,3,0.75,1.0,1.0,1.0,0.9375,shared
n3083,4,1.0,1.0,1.0,1.0,1.0,shared
n3084,4,1.0,0.8,0.4666666666666667,1.0,0.8166666666666667,shared
n3085,4,1.0,1.0,1.0,1.0,1.0,shared
n3086,3,0.75,1.0,1.0,1.0,0.9375,shared
n3087,3,0.75,1.0,1.0,1.0,0.9375,shared
n3088,4,1.0,1.0,1.0,1.0,1.0,shared
n3089,4,1.0,1.0,1.0,1.0,1.0,shared
n3090,3,0.75,1.0,1.0,1.0,0.9375,shared
n3091,4,1.0,1.0,1.0,1.0,1.0,shared
n3092,3,0.75,1.0,1.0,1.0,0.9375,shared
n3093,4,1.0,1.0,1.0,1.0,1.0,shared
n3094,4,1.0,1.0,1.0,1.0,1.0,shared
n3095,4,1.0,1.0,1.0,1.0,1.0,shared
n3096,3,0.75,1.0,1.0,1.0,0.9375,shared
n3097,3,0.75,1.0,1.0,1.0,0.9375,shared
n3098,4,1.0,1.0,1.0,1.0,1.0,shared
n3099,3,0.75,1.0,1.0,1.0,0.9375,shared
n3100,3,0.75,1.0,1.0,1.0,0.9375,shared
n3101,4,1.0,1.0,1.0,1.0,1.0,shared
n3102,4,1.0,1.0,1.0,1.0,1.0,shared
n3103,4,1.0,1.0,1.0,1.0,1.0,shared
n3104,4,1.0,1.0,1.0,1.0,1.0,shared
n3105,4,1.0,1.0,1.0,1.0,1.0,shared
n3106,4,1.0,1.0,1.0,1.0,1.0,shared
n3107,4,1.0,1.0,1.0,1.0,1.0,shared
n3108,3,0.75,1.0,1.0,1.0,0.9375,shared
n3109,4,1.0,1.0,1.0,1.0,1.0,shared
n3110,4,1.0,1.0,1.0,1.0,1.0,shared
n3111,4,1.0,1.0,1.0,1.0,1.0,shared
n3112,4,1.0,1.0,1.0,1.0,1.0,shared
n3113,4,1.0,1.0,1.0,1.0,1.0,shared
n3114,3,0.75,1.0,1.0,1.0,0.9375,shared
n3115,4,1.0,1.0,1.0,1.0,1.0,shared
n3116,4,1.0,1.0,1.0,1.0,1.0,shared
n3117,3,0.75,1.0,1.0,1.0,0.9375,shared
n3118,3,0.75,1.0,1.0,1.0,0.9375,shared
n3119,4,1.0,1.0,1.0,1.0,1.0,shared
n3120,4,1.0,1.0,1.0,1.0,1.0,shared
n3121,4,1.0,1.0,1.0,1.0,1.0,shared
n3122,4,1.0,1.0,1.0,1.0,1.0,shared
n3123,4,1.0,1.0,1.0,1.0,1.0,shared
n3124,4,1.0,1.0,1.0,1.0,1.0,shared
n3125,4,1.0,1.0,1.0,1.0,1.0,shared
n3126,3,0.75,1.0,1.0,1.0,0.9375,shared
n3127,4,1.0,1.0,0.8,1.0,0.95,shared
n3128,4,1.0,1.0,1.0,1.0,1.0,shared
n3129,4,1.0,1.0,1.0,1.0,1.0,shared
n3130,4,1.0,1.0,1.0,1.0,1.0,shared
n3131,4,1.0,1.0,1.0,1.0,1.0,shared
n3132,4,1.0,1.0,1.0,1.0,1.0,shared
n3133,4,1.0,1.0,1.0,1.0,1.0,shared
n3134,4,1.0,1.0,1.0,1.0,1.0,shared
n3135,4,1.0,1.0,1.0,1.0,1.0,shared
n3136,4,1.0,1.0,1.0,1.0,1.0,shared
n3137,3,0.75,1.0,1.0,1.0,0.9375,shared
n3138,3,0.75,1.0,1.0,1.0,0.9375,shared
n3139,3,0.75,1.0,1.0,1.0,0.9375,shared
n3140,3,0.75,1.0,1.0,1.0,0.9375,shared
n3141,4,1.0,1.0,1.0,1.0,1.0,shared
n3142,4,1.0,1.0,1.0,1.0,1.0,shared
n3143,3,0.75,1.0,1.0,1.0,0.9375,shared
n3144,4,1.0,1.0,1.0,1.0,1.0,shared
n3145,3,0.75,1.0,1.0,1.0,0.9375,shared
n3146,4,1.0,1.0,1.0,1.0,1.0,shared
n3147,4,1.0,1.0,1.0,1.0,1.0,shared
n3148,4,1.0,1.0,1.0,1.0,1.0,shared
n3149,4,1.0,1.0,1.0,1.0,1.0,shared
n3150,3,0.75,1.0,1.0,1.0,0.9375,shared
n3151,3,0.75,1.0,1.0,1.0,0.9375,shared
n3152,3,0.75,1.0,1.0,1.0,0.9375,shared
n3153,4,1.0,1.0,1.0,1.0,1.0,shared
n3154,4,1.0,1.0,1.0,1.0,1.0,shared
n3155,4,1.0,1.0,1.0,1.0,1.0,shared
n3156,3,0.75,1.0,1.0,1.0,0.9375,shared
n3157,4,1.0,1.0,1.0,1.0,1.0,shared
n3158,4,1.0,1.0,1.0,1.0,1.0,shared
n3159,4,1.0,1.0,1.0,1.0,1.0,shared
n3160,4,1.0,1.0,1.0,1.0,1.0,shared
n3161,3,0.75,1.0,1.0,1.0,0.9375,shared
n3162,3,0.75,1.0,1.0,1.0,0.9375,shared
n3163,4,1.0,1.0,1.0,1.0,1.0,shared
n3164,4,1.0,1.0,1.0,1.0,1.0,shared
n3165,4,1.0,1.0,1.0,1.0,1.0,shared
n3166,3,0.75,1.0,1.0,1.0,0.9375,shared
n3167,3,0.75,1.0,1.0,1.0,0.9375,shared
n3168,3,0.75,1.0,1.0,1.0,0.9375,shared
n3169,3,0.75,1.0,1.0,1.0,0.9375,shared
n3170,4,1.0,1.0,1.0,1.0,1.0,shared
n3171,4,1.0,1.0,1.0,1.0,1.0,shared
n3172,3,0.75,1.0,1.0,1.0,0.9375,shared
n3173,4,1.0,1.0,1.0,1.0,1.0,shared
n3174,4,1.0,1.0,1.0,1.0,1.0,shared
n3175,4,1.0,1.0,1.0,1.0,1.0,shared
n3176,4,1.0,1.0,1.0,1.0,1.0,shared
n3177,3,0.75,1.0,1.0,1.0,0.9375,shared
n3178,4,1.0,1.0,1.0,1.0,1.0,shared
n3179,3,0.75,1.0,1.0,1.0,0.9375,shared
n3180,4,1.0,1.0,1.0,1.0,1.0,shared
n3181,4,1.0,1.0,1.0,1.0,1.0,shared
n3182,3,0.75,1.0,1.0,1.0,0.9375,shared
n3183,3,0.75,1.0,1.0,1.0,0.9375,shared
n3184,4,1.0,1.0,1.0,1.0,1.0,shared
n3185,3,0.75,1.0,1.0,1.0,0.9375,shared
n3186,4,1.0,1.0,1.0,1.0,1.0,shared
n3187,3,0.75,1.0,1.0,1.0,0.9375,shared
n3188,4,1.0,1.0,1.0,1.0,1.0,shared
n3189,4,1.0,1.0,1.0,1.0,1.0,shared
n3190,4,1.0,1.0,1.0,1.0,1.0,shared
n3191,4,1.0,1.0,1.0,1.0,1.0,shared
n3192,4,1.0,1.0,1.0,1.0,1.0,shared
n3193,4,1.0,1.0,1.0,1.0,1.0,shared
n3194,3,0.75,1.0,1.0,1.0,0.9375,shared
n3195,4,1.0,1.0,1.0,1.0,1.0,shared
n3196,4,1.0,1.0,1.0,1.0,1.0,shared
n3197,3,0.75,1.0,1.0,1.0,0.9375,shared
n3198,3,0.75,1.0,1.0,1.0,0.9375,shared
n3199,4,1.0,1.0,1.0,1.0,1.0,shared
n3200,4,1.0,1.0,1.0,1.0,1.0,shared
n3201,4,1.0,1.0,1.0,1.0,1.0,shared
n3202,4,1.0,1.0,1.0,1.0,1.0,shared
n3203,4,1.0,1.0,1.0,1.0,1.0,shared
n3204,4,1.0,1.0,1.0,1.0,1.0,shared
n3205,3,0.75,1.0,1.0,1.0,0.9375,shared
n3206,4,1.0,1.0,1.0,1.0,1.0,shared
n3207,4,1.0,1.0,1.0,1.0,1.0,shared
n3208,3,0.75,1.0,1.0,1.0,0.9375,shared
n3209,4,1.0,1.0,1.0,1.0,1.0,shared
n3210,4,1.0,1.0,1.0,1.0,1.0,shared
n3211,3,0.75,1.0,1.0,1.0,0.9375,shared
n3212,4,1.0,1.0,1.0,1.0,1.0,shared
n3213,4,1.0,1.0,1.0,1.0,1.0,shared
n3214,4,1.0,1.0,1.0,1.0,1.0,shared
n3215,4,1.0,1.0,1.0,1.0,1.0,shared
n3216,4,1.0,1.0,1.0,1.0,1.0,shared
n3217,3,0.75,1.0,1.0,1.0,0.9375,shared
n3218,4,1.0,1.0,1.0,1.0,1.0,shared
n3219,4,1.0,1.0,1.0,1.0,1.0,shared
n3220,4,1.0,1.0,1.0,1.0,1.0,shared
n3221,3,0.75,1.0,1.0,1.0,0.9375,shared
n3222,4,1.0,1.0,1.0,1.0,1.0,shared
n3223,4,1.0,1.0,1.0,1.0,1.0,shared
n3224,3,0.75,1.0,1.0,1.0,0.9375,shared
n3225,4,1.0,1.0,1.0,1.0,1.0,shared
n3226,4,1.0,1.0,1.0,1.0,1.0,shared
n3227,3,0.75,1.0,1.0,1.0,0.9375,shared
n3228,4,1.0,1.0,1.0,1.0,1.0,shared
n3229,4,1.0,1.0,1.0,1.0,1.0,shared
n3230,4,1.0,1.0,1.0,1.0,1.0,shared
n3231,4,1.0,1.0,1.0,1.0,1.0,shared
n3232,4,1.0,1.0,1.0,1.0,1.0,shared
n3233,4,1.0,1.0,1.0,1.0,1.0,shared
n3234,4,1.0,1.0,1.0,1.0,1.0,shared
n3235,4,1.0,1.0,1.0,1.0,1.0,shared
n3236,3,0.75,1.0,1.0,1.0,0.9375,shared
n3237,3,0.75,1.0,1.0,1.0,0.9375,shared
n3238,4,1.0,1.0,1.0,1.0,1.0,shared
n3239,4,1.0,1.0,1.0,1.0,1.0,shared
n3240,4,1.0,1.0,1.0,1.0,1.0,shared
n3241,3,0.75,1.0,1.0,1.0,0.9375,shared
n3242,3,0.75,1.0,1.0,1.0,0.9375,shared
n3243,4,1.0,1.0,1.0,1.0,1.0,shared
n3244,4,1.0,1.0,1.0,1.0,1.0,shared
n3245,4,1.0,1.0,1.0,1.0,1.0,shared
n3246,1,0.25,1.0,1.0,1.0,0.8125,rescued_private
n3247,4,1.0,1.0,1.0,1.0,1.0,shared
n3248,4,1.0,1.0,1.0,1.0,1.0,shared
n3249,4,1.0,1.0,1.0,1.0,1.0,shared
n3250,4,1.0,1.0,1.0,1.0,1.0,shared
n3251,4,1.0,1.0,1.0,1.0,1.0,shared
n3252,4,1.0,1.0,1.0,1.0,1.0,shared
n3253,4,1.0,1.0,1.0,1.0,1.0,shared
n3254,3,0.75,1.0,1.0,1.0,0.9375,shared
n3255,3,0.75,1.0,1.0,1.0,0.9375,shared
n3256,4,1.0,1.0,1.0,1.0,1.0,shared
n3257,4,1.0,1.0,1.0,1.0,1.0,shared
n3258,3,0.75,1.0,1.0,1.0,0.9375,shared
n3259,3,0.75,1.0,1.0,1.0,0.9375,shared
n3260,4,1.0,1.0,1.0,1.0,1.0,shared
n3261,4,1.0,1.0,1.0,1.0,1.0,shared
n3262,4,1.0,1.0,1.0,1.0,1.0,shared
n3263,4,1.0,1.0,1.0,1.0,1.0,shared
n3264,4,1.0,1.0,1.0,1.0,1.0,shared
n3265,4,1.0,0.8260869565217391,1.0,1.0,0.9565217391304348,shared
n3266,3,0.75,0.5,0.5,1.0,0.6875,shared
n3267,3,0.75,1.0,1.0,1.0,0.9375,shared
n3268,4,1.0,1.0,1.0,1.0,1.0,shared
n3269,4,1.0,1.0,1.0,1.0,1.0,shared
n3270,4,1.0,1.0,1.0,1.0,1.0,shared
n3271,3,0.75,1.0,1.0,1.0,0.9375,shared
n3272,3,0.75,1.0,1.0,1.0,0.9375,shared
n3273,4,1.0,1.0,1.0,1.0,1.0,shared
n3274,4,1.0,1.0,1.0,1.0,1.0,shared
n3275,4,1.0,1.0,1.0,1.0,1.0,shared
n3276,4,1.0,1.0,1.0,1.0,1.0,shared
n3277,3,0.75,1.0,1.0,1.0,0.9375,shared
n3278,4,1.0,1.0,1.0,1.0,1.0,shared
n3279,4,1.0,1.0,1.0,1.0,1.0,shared
n3280,4,1.0,1.0,1.0,1.0,1.0,shared
n3281,4,1.0,1.0,1.0,1.0,1.0,shared
n3282,4,1.0,1.0,1.0,1.0,1.0,shared
n3283,4,1.0,1.0,1.0,1.0,1.0,shared
n3284,4,1.0,1.0,1.0,1.0,1.0,shared
n3285,3,0.75,1.0,1.0,1.0,0.9375,shared
n3286,4,1.0,1.0,1.0,1.0,1.0,shared
n3287,3,0.75,1.0,1.0,1.0,0.9375,shared
n3288,4,1.0,1.0,1.0,1.0,1.0,shared
n3289,4,1.0,1.0,1.0,1.0,1.0,shared
n3290,3,0.75,1.0,1.0,1.0,0.9375,shared
n3291,4,1.0,1.0,1.0,1.0,1.0,shared
n3292,3,0.75,1.0,1.0,1.0,0.9375,shared
n3293,4,1.0,1.0,1.0,1.0,1.0,shared
n3294,4,1.0,1.0,1.0,1.0,1.0,shared
n3295,4,1.0,1.0,1.0,1.0,1.0,shared
n3296,4,1.0,1.0,1.0,1.0,1.0,shared
n3297,4,1.0,1.0,1.0,1.0,1.0,shared
n3298,3,0.75,1.0,1.0,1.0,0.9375,shared
n3299,3,0.75,1.0,1.0,1.0,0.9375,shared
n3300,4,1.0,1.0,1.0,1.0,1.0,shared
n3301,4,1.0,1.0,1.0,1.0,1.0,shared
n3302,3,0.75,1.0,1.0,1.0,0.9375,shared
n3303,4,1.0,1.0,1.0,1.0,1.0,shared
n3304,4,1.0,1.0,1.0,1.0,1.0,shared
n3305,3,0.75,1.0,1.0,1.0,0.9375,shared
n3306,4,1.0,1.0,1.0,1.0,1.0,shared
n3307,4,1.0,1.0,1.0,1.0,1.0,shared
n3308,4,1.0,1.0,1.0,1.0,1.0,shared
n3309,4,1.0,1.0,1.0,1.0,1.0,shared
n3310,4,1.0,1.0,1.0,1.0,1.0,shared
n3311,4,1.0,1.0,1.0,1.0,1.0,shared
n3312,4,1.0,1.0,1.0,1.0,1.0,shared
n3313,4,1.0,1.0,1.0,1.0,1.0,shared
n3314,4,1.0,1.0,1.0,1.0,1.0,shared
n3315,3,0.75,1.0,1.0,1.0,0.9375,shared
n3316,4,1.0,1.0,1.0,1.0,1.0,shared
n3317,4,1.0,1.0,1.0,1.0,1.0,shared
n3318,4,1.0,1.0,1.0,1.0,1.0,shared
n3319,4,1.0,1.0,1.0,1.0,1.0,shared
n3320,4,1.0,1.0,1.0,1.0,1.0,shared
n3321,4,1.0,1.0,1.0,1.0,1.0,shared
n3322,4,1.0,1.0,1.0,1.0,1.0,shared
n3323,4,1.0,1.0,1.0,1.0,1.0,shared
n3324,4,1.0,1.0,1.0,1.0,1.0,shared
n3325,4,1.0,1.0,1.0,1.0,1.0,shared
n3326,4,1.0,1.0,1.0,1.0,1.0,shared
n3327,4,1.0,1.0,1.0,1.0,1.0,shared
n3328,3,0.75,1.0,1.0,1.0,0.9375,shared
n3329,4,1.0,1.0,1.0,1.0,1.0,shared
n3330,4,1.0,1.0,1.0,1.0,1.0,shared
n3331,4,1.0,1.0,1.0,1.0,1.0,shared
n3332,4,1.0,1.0,1.0,1.0,1.0,shared
n3333,4,1.0,1.0,1.0,1.0,1.0,shared
n3334,4,1.0,1.0,1.0,1.0,1.0,shared
n3335,4,1.0,1.0,1.0,1.0,1.0,shared
n3336,4,1.0,1.0,1.0,1.0,1.0,shared
n3337,4,1.0,1.0,1.0,1.0,1.0,shared
n3338,4,1.0,1.0,1.0,1.0,1.0,shared
n3339,4,1.0,1.0,1.0,1.0,1.0,shared
n3340,4,1.0,1.0,1.0,1.0,1.0,shared
n3341,3,0.75,1.0,1.0,1.0,0.9375,shared
n3342,3,0.75,1.0,1.0,1.0,0.9375,shared
n3343,4,1.0,1.0,1.0,1.0,1.0,shared
n3344,4,1.0,1.0,1.0,1.0,1.0,shared
n3345,4,1.0,1.0,1.0,1.0,1.0,shared
n3346,3,0.75,1.0,1.0,1.0,0.9375,shared
n3347,4,1.0,0.5,0.5,1.0,0.75,shared
n3348,3,0.75,1.0,1.0,1.0,0.9375,shared
n3349,4,1.0,1.0,1.0,1.0,1.0,shared
n3350,4,1.0,1.0,1.0,1.0,1.0,shared
n3351,4,1.0,1.0,1.0,1.0,1.0,shared
n3352,4,1.0,1.0,1.0,1.0,1.0,shared
n3353,4,1.0,1.0,1.0,1.0,1.0,shared
n3354,4,1.0,1.0,1.0,1.0,1.0,shared
n3355,3,0.75,1.0,1.0,1.0,0.9375,shared
n3356,3,0.75,1.0,1.0,1.0,0.9375,shared
n3357,4,1.0,1.0,1.0,1.0,1.0,shared
n3358,4,1.0,1.0,1.0,1.0,1.0,shared
n3359,4,1.0,1.0,1.0,1.0,1.0,shared
n3360,4,1.0,1.0,1.0,1.0,1.0,shared
n3361,3,0.75,1.0,1.0,1.0,0.9375,shared
n3362,3,0.75,1.0,1.0,1.0,0.9375,shared
n3363,3,0.75,1.0,1.0,1.0,0.9375,shared
n3364,4,1.0,1.0,1.0,1.0,1.0,shared
n3365,3,0.75,1.0,1.0,1.0,0.9375,shared
n3366,4,1.0,1.0,1.0,1.0,1.0,shared
n3367,4,1.0,1.0,1.0,1.0,1.0,shared
n3368,3,0.75,1.0,1.0,1.0,0.9375,shared
n3369,4,1.0,1.0,1.0,1.0,1.0,shared
n3370,3,0.75,1.0,1.0,1.0,0.9375,shared
n3371,3,0.75,1.0,1.0,1.0,0.9375,shared
n3372,3,0.75,1.0,1.0,1.0,0.9375,shared
n3373,3,0.75,1.0,1.0,1.0,0.9375,shared
n3374,4,1.0,1.0,1.0,1.0,1.0,shared
n3375,4,1.0,1.0,1.0,1.0,1.0,shared
n3376,4,1.0,1.0,1.0,1.0,1.0,shared
n3377,4,1.0,1.0,1.0,1.0,1.0,shared
n3378,4,1.0,1.0,1.0,1.0,1.0,shared
n3379,3,0.75,1.0,1.0,1.0,0.9375,shared
n3380,4,1.0,1.0,1.0,1.0,1.0,shared
n3381,4,1.0,1.0,1.0,1.0,1.0,shared
n3382,4,1.0,1.0,1.0,1.0,1.0,shared
n3383,4,1.0,0.5,0.5,1.0,0.75,shared
n3384,3,0.75,1.0,1.0,1.0,0.9375,shared
n3385,4,1.0,1.0,1.0,1.0,1.0,shared
n3386,4,1.0,1.0,1.0,1.0,1.0,shared
n3387,4,1.0,1.0,1.0,1.0,1.0,shared
n3388,3,0.75,1.0,1.0,1.0,0.9375,shared
n3389,4,1.0,1.0,1.0,1.0,1.0,shared
n3390,4,1.0,1.0,1.0,1.0,1.0,shared
n3391,4,1.0,1.0,1.0,1.0,1.0,shared
n3392,4,1.0,1.0,1.0,1.0,1.0,shared
n3393,4,1.0,1.0,1.0,1.0,1.0,shared
n3394,3,0.75,1.0,1.0,1.0,0.9375,shared
n3395,4,1.0,1.0,1.0,1.0,1.0,shared
n3396,3,0.75,1.0,1.0,1.0,0.9375,shared
n3397,4,1.0,1.0,1.0,1.0,1.0,shared
n3398,3,0.75,1.0,1.0,1.0,0.9375,shared
n3399,3,0.75,1.0,1.0,1.0,0.9375,shared
n3400,4,1.0,1.0,1.0,1.0,1.0,shared
n3401,4,1.0,1.0,1.0,1.0,1.0,shared
n3402,4,1.0,1.0,1.0,1.0,1.0,shared
n3403,3,0.75,1.0,1.0,1.0,0.9375,shared
n3404,3,0.75,1.0,1.0,1.0,0.9375,shared
n3405,4,1.0,1.0,1.0,1.0,1.0,shared
n3406,4,1.0,1.0,1.0,1.0,1.0,shared
n3407,3,0.75,1.0,1.0,1.0,0.9375,shared
n3408,4,1.0,1.0,1.0,1.0,1.0,shared
n3409,4,1.0,1.0,1.0,1.0,1.0,shared
n3410,4,1.0,1.0,1.0,1.0,1.0,shared
n3411,4,1.0,0.6666666666666666,0.3333333333333333,1.0,0.75,shared
n3412,3,0.75,1.0,1.0,1.0,0.9375,shared
n3413,4,1.0,1.0,1.0,1.0,1.0,shared
n3414,3,0.75,1.0,1.0,1.0,0.9375,shared
n3415,4,1.0,1.0,1.0,1.0,1.0,shared
n3416,4,1.0,1.0,1.0,1.0,1.0,shared
n3417,3,0.75,1.0,1.0,1.0,0.9375,shared
n3418,3,0.75,1.0,1.0,1.0,0.9375,shared
n3419,4,1.0,1.0,1.0,1.0,1.0,shared
n3420,3,0.75,1.0,1.0,1.0,0.9375,shared
n3421,4,1.0,1.0,1.0,1.0,1.0,shared
n3422,4,1.0,1.0,1.0,1.0,1.0,shared
n3423,3,0.75,1.0,1.0,1.0,0.9375,shared
n3424,4,1.0,1.0,0.5714285714285714,1.0,0.8928571428571428,shared
n3425,4,1.0,0.75,1.0,1.0,0.9375,shared
n3426,4,1.0,1.0,1.0,1.0,1.0,shared
n3427,3,0.75,1.0,1.0,1.0,0.9375,shared
n3428,4,1.0,1.0,1.0,1.0,1.0,shared
n3429,3,0.75,1.0,1.0,1.0,0.9375,shared
n3430,4,1.0,1.0,1.0,1.0,1.0,shared
n3431,3,0.75,1.0,1.0,1.0,0.9375,shared
n3432,3,0.75,1.0,1.0,1.0,0.9375,shared
n3433,4,1.0,1.0,1.0,1.0,1.0,shared
n3434,4,1.0,0.5714285714285714,1.0,1.0,0.8928571428571428,shared
n3435,4,1.0,1.0,1.0,1.0,1.0,shared
n3436,4,1.0,1.0,1.0,1.0,1.0,shared
n3437,4,1.0,1.0,1.0,1.0,1.0,shared
n3438,3,0.75,1.0,1.0,1.0,0.9375,shared
n3439,3,0.75,1.0,1.0,1.0,0.9375,shared
n3440,3,0.75,1.0,1.0,1.0,0.9375,shared
n3441,4,1.0,1.0,1.0,1.0,1.0,shared
n3442,4,1.0,1.0,1.0,1.0,1.0,shared
n3443,4,1.0,1.0,1.0,1.0,1.0,shared
n3444,4,1.0,1.0,1.0,1.0,1.0,shared
n3445,3,0.75,1.0,1.0,1.0,0.9375,shared
n3446,3,0.75,1.0,1.0,1.0,0.9375,shared
n3447,4,1.0,1.0,1.0,1.0,1.0,shared
n3448,4,1.0,1.0,1.0,1.0,1.0,shared
n3449,3,0.75,1.0,1.0,1.0,0.9375,shared
n3450,4,1.0,1.0,1.0,1.0,1.0,shared
n3451,4,1.0,1.0,1.0,1.0,1.0,shared
n3452,4,1.0,1.0,1.0,1.0,1.0,shared
n3453,4,1.0,1.0,1.0,1.0,1.0,shared
n3454,4,1.0,1.0,1.0,1.0,1.0,shared
n3455,4,1.0,1.0,1.0,1.0,1.0,shared
n3456,4,1.0,1.0,1.0,1.0,1.0,shared
n3457,3,0.75,1.0,1.0,1.0,0.9375,shared
n3458,4,1.0,1.0,1.0,1.0,1.0,shared
n3459,4,1.0,1.0,1.0,1.0,1.0,shared
n3460,4,1.0,1.0,1.0,1.0,1.0,shared
n3461,3,0.75,1.0,1.0,1.0,0.9375,shared
n3462,4,1.0,1.0,1.0,1.0,1.0,shared
n3463,3,0.75,1.0,1.0,1.0,0.9375,shared
n3464,3,0.75,1.0,1.0,1.0,0.9375,shared
n3465,4,1.0,1.0,1.0,1.0,1.0,shared
n3466,4,1.0,1.0,1.0,1.0,1.0,shared
n3467,4,1.0,1.0,1.0,1.0,1.0,shared
n3468,4,1.0,1.0,1.0,1.0,1.0,shared
n3469,4,1.0,1.0,1.0,1.0,1.0,shared
n3470,4,1.0,1.0,1.0,1.0,1.0,shared
n3471,4,1.0,1.0,1.0,1.0,1.0,shared
n3472,4,1.0,1.0,1.0,1.0,1.0,shared
n3473,3,0.75,1.0,1.0,1.0,0.9375,shared
n3474,3,0.75,1.0,1.0,1.0,0.9375,shared
n3475,4,1.0,1.0,1.0,1.0,1.0,shared
n3476,3,0.75,1.0,1.0,1.0,0.9375,shared
n3477,3,0.75,1.0,1.0,1.0,0.9375,shared
n3478,3,0.75,1.0,1.0,1.0,0.9375,shared
n3479,3,0.75,1.0,1.0,1.0,0.9375,shared
n3480,4,1.0,1.0,1.0,1.0,1.0,shared
n3481,4,1.0,1.0,0.6666666666666666,1.0,0.9166666666666666,shared
n3482,4,1.0,1.0,1.0,1.0,1.0,shared
n3483,4,1.0,1.0,1.0,1.0,1.0,shared
n3484,4,1.0,1.0,1.0,1.0,1.0,shared
n3485,3,0.75,1.0,1.0,1.0,0.9375,shared
n3486,4,1.0,1.0,1.0,1.0,1.0,shared
n3487,4,1.0,1.0,1.0,1.0,1.0,shared
n3488,3,0.75,1.0,1.0,1.0,0.9375,shared
n3489,4,1.0,1.0,1.0,1.0,1.0,shared
n3490,4,1.0,1.0,1.0,1.0,1.0,shared
n3491,3,0.75,1.0,1.0,1.0,0.9375,shared
n3492,3,0.75,1.0,1.0,1.0,0.9375,shared
n3493,4,1.0,1.0,1.0,1.0,1.0,shared
n3494,3,0.75,1.0,1.0,1.0,0.9375,shared
n3495,3,0.75,1.0,1.0,1.0,0.9375,shared
n3496,3,0.75,1.0,1.0,1.0,0.9375,shared
n3497,4,1.0,1.0,1.0,1.0,1.0,shared
n3498,4,1.0,0.5714285714285714,1.0,1.0,0.8928571428571428,shared
n3499,4,1.0,1.0,1.0,1.0,1.0,shared
n3500,4,1.0,1.0,1.0,1.0,1.0,shared
n3501,3,0.75,1.0,1.0,1.0,0.9375,shared
n3502,4,1.0,1.0,1.0,1.0,1.0,shared
n3503,4,1.0,1.0,1.0,1.0,1.0,shared
n3504,4,1.0,0.5,0.5,1.0,0.75,shared
n3505,4,1.0,1.0,1.0,1.0,1.0,shared
n3506,3,0.75,1.0,1.0,1.0,0.9375,shared
n3507,3,0.75,1.0,1.0,1.0,0.9375,shared
n3508,4,1.0,1.0,1.0,1.0,1.0,shared
n3509,4,1.0,1.0,1.0,1.0,1.0,shared
n3510,4,1.0,1.0,1.0,1.0,1.0,shared
n3511,4,1.0,1.0,1.0,1.0,1.0,shared
n3512,4,1.0,1.0,1.0,1.0,1.0,shared
n3513,4,1.0,1.0,1.0,1.0,1.0,shared
n3514,3,0.75,1.0,1.0,1.0,0.9375,shared
n3515,3,0.75,1.0,1.0,1.0,0.9375,shared
n3516,4,1.0,1.0,1.0,1.0,1.0,shared
n3517,4,1.0,1.0,1.0,1.0,1.0,shared
n3518,3,0.75,1.0,1.0,1.0,0.9375,shared
n3519,4,1.0,1.0,1.0,1.0,1.0,shared
n3520,4,1.0,1.0,1.0,1.0,1.0,shared
n3521,4,1.0,1.0,1.0,1.0,1.0,shared
n3522,4,1.0,1.0,1.0,1.0,1.0,shared
n3523,3,0.75,1.0,1.0,1.0,0.9375,shared
n3524,3,0.75,1.0,1.0,1.0,0.9375,shared
n3525,3,0.75,1.0,1.0,1.0,0.9375,shared
n3526,3,0.75,1.0,1.0,1.0,0.9375,shared
n3527,4,1.0,1.0,1.0,1.0,1.0,shared
n3528,4,1.0,1.0,1.0,1.0,1.0,shared
n3529,3,0.75,1.0,1.0,1.0,0.9375,shared
n3530,4,1.0,1.0,1.0,1.0,1.0,shared
n3531,4,1.0,1.0,1.0,1.0,1.0,shared
n3532,4,1.0,1.0,1.0,1.0,1.0,shared
n3533,3,0.75,1.0,1.0,1.0,0.9375,shared
n3534,4,1.0,1.0,1.0,1.0,1.0,shared
n3535,4,1.0,1.0,1.0,1.0,1.0,shared
n3536,3,0.75,1.0,1.0,1.0,0.9375,shared
n3537,4,1.0,1.0,1.0,1.0,1.0,shared
n3538,4,1.0,1.0,1.0,1.0,1.0,shared
n3539,3,0.75,1.0,1.0,1.0,0.9375,shared
n3540,4,1.0,1.0,1.0,1.0,1.0,shared
n3541,3,0.75,1.0,1.0,1.0,0.9375,shared
n3542,4,1.0,1.0,1.0,1.0,1.0,shared
n3543,4,1.0,1.0,1.0,1.0,1.0,shared
n3544,3,0.75,1.0,1.0,1.0,0.9375,shared
n3545,3,0.75,1.0,1.0,1.0,0.9375,shared
n3546,3,0.75,1.0,1.0,1.0,0.9375,shared
n3547,4,1.0,1.0,1.0,1.0,1.0,shared
n3548,4,1.0,1.0,1.0,1.0,1.0,shared
n3549,4,1.0,1.0,1.0,1.0,1.0,shared
n3550,4,1.0,1.0,1.0,1.0,1.0,shared
n3551,4,1.0,1.0,1.0,1.0,1.0,shared
n3552,4,1.0,1.0,1.0,1.0,1.0,shared
n3553,4,1.0,1.0,0.5,1.0,0.875,shared
n3554,4,1.0,0.5,1.0,1.0,0.875,shared
n3555,4,1.0,1.0,1.0,1.0,1.0,shared
n3556,3,0.75,1.0,1.0,1.0,0.9375,shared
n3557,4,1.0,1.0,1.0,1.0,1.0,shared
n3558,3,0.75,1.0,1.0,1.0,0.9375,shared
n3559,4,1.0,1.0,1.0,1.0,1.0,shared
n3560,4,1.0,1.0,1.0,1.0,1.0,shared
n3561,4,1.0,1.0,0.5454545454545454,1.0,0.8863636363636364,shared
n3562,4,1.0,1.0,1.0,1.0,1.0,shared
n3563,4,1.0,1.0,1.0,1.0,1.0,shared
n3564,4,1.0,0.5,1.0,1.0,0.875,shared
n3565,3,0.75,1.0,1.0,1.0,0.9375,shared
n3566,4,1.0,1.0,1.0,1.0,1.0,shared
n3567,4,1.0,1.0,1.0,1.0,1.0,shared
n3568,4,1.0,1.0,1.0,1.0,1.0,shared
n3569,4,1.0,1.0,1.0,1.0,1.0,shared
n3570,4,1.0,1.0,1.0,1.0,1.0,shared
n3571,4,1.0,1.0,1.0,1.0,1.0,shared
n3572,3,0.75,1.0,1.0,1.0,0.9375,shared
n3573,4,1.0,1.0,1.0,1.0,1.0,shared
n3574,4,1.0,1.0,1.0,1.0,1.0,shared
n3575,3,0.75,1.0,1.0,1.0,0.9375,shared
n3576,4,1.0,1.0,1.0,1.0,1.0,shared
n3577,4,1.0,1.0,1.0,1.0,1.0,shared
n3578,4,1.0,1.0,1.0,1.0,1.0,shared
n3579,4,1.0,1.0,1.0,1.0,1.0,shared
n3580,4,1.0,1.0,1.0,1.0,1.0,shared
n3581,4,1.0,1.0,1.0,1.0,1.0,shared
n3582,3,0.75,1.0,1.0,1.0,0.9375,shared
n3583,4,1.0,1.0,1.0,1.0,1.0,shared
n3584,4,1.0,1.0,1.0,1.0,1.0,shared
n3585,4,1.0,1.0,1.0,1.0,1.0,shared
n3586,3,0.75,1.0,1.0,1.0,0.9375,shared
n3587,4,1.0,1.0,1.0,1.0,1.0,shared
n3588,3,0.75,1.0,1.0,1.0,0.9375,shared
n3589,4,1.0,1.0,1.0,1.0,1.0,shared
n3590,4,1.0,1.0,1.0,1.0,1.0,shared
n3591,4,1.0,1.0,1.0,1.0,1.0,shared
n3592,4,1.0,1.0,1.0,1.0,1.0,shared
n3593,4,1.0,1.0,1.0,1.0,1.0,shared
n3594,4,1.0,1.0,1.0,1.0,1.0,shared
n3595,4,1.0,1.0,1.0,1.0,1.0,shared
n3596,4,1.0,1.0,1.0,1.0,1.0,shared
n3597,4,1.0,1.0,1.0,1.0,1.0,shared
n3598,3,0.75,1.0,1.0,1.0,0.9375,shared
n3599,4,1.0,1.0,1.0,1.0,1.0,shared
n3600,4,1.0,1.0,1.0,1.0,1.0,shared
n3601,3,0.75,1.0,1.0,1.0,0.9375,shared
n3602,3,0.75,1.0,1.0,1.0,0.9375,shared
n3603,4,1.0,1.0,1.0,1.0,1.0,shared
n3604,4,1.0,1.0,1.0,1.0,1.0,shared
n3605,3,0.75,1.0,1.0,1.0,0.9375,shared
n3606,4,1.0,1.0,1.0,1.0,1.0,shared
n3607,4,1.0,1.0,1.0,1.0,1.0,shared
n3608,4,1.0,1.0,1.0,1.0,1.0,shared
n3609,4,1.0,1.0,1.0,1.0,1.0,shared
n3610,4,1.0,1.0,1.0,1.0,1.0,shared
n3611,3,0.75,1.0,1.0,1.0,0.9375,shared
n3612,3,0.75,1.0,1.0,1.0,0.9375,shared
n3613,3,0.75,1.0,1.0,1.0,0.9375,shared
n3614,4,1.0,1.0,1.0,1.0,1.0,shared
n3615,3,0.75,1.0,1.0,1.0,0.9375,shared
n3616,4,1.0,1.0,1.0,1.0,1.0,shared
n3617,4,1.0,1.0,1.0,1.0,1.0,shared
n3618,4,1.0,1.0,1.0,1.0,1.0,shared
n3619,4,1.0,1.0,1.0,1.0,1.0,shared
n3620,4,1.0,1.0,1.0,1.0,1.0,shared
n3621,3,0.75,1.0,1.0,1.0,0.9375,shared
n3622,3,0.75,1.0,1.0,1.0,0.9375,shared
n3623,4,1.0,1.0,1.0,1.0,1.0,shared
n3624,4,1.0,1.0,1.0,1.0,1.0,shared
n3625,4,1.0,1.0,1.0,1.0,1.0,shared
n3626,4,1.0,1.0,1.0,1.0,1.0,shared
n3627,4,1.0,1.0,1.0,1.0,1.0,shared
n3628,4,1.0,1.0,1.0,1.0,1.0,shared
n3629,4,1.0,1.0,1.0,1.0,1.0,shared
n3630,4,1.0,1.0,1.0,1.0,1.0,shared
n3631,4,1.0,0.5714285714285714,0.5714285714285714,1.0,0.7857142857142857,shared
n3632,3,0.75,1.0,1.0,1.0,0.9375,shared
n3633,4,1.0,1.0,1.0,1.0,1.0,shared
n3634,3,0.75,1.0,1.0,1.0,0.9375,shared
n3635,3,0.75,1.0,1.0,1.0,0.9375,shared
n3636,4,1.0,1.0,1.0,1.0,1.0,shared
n3637,4,1.0,1.0,1.0,1.0,1.0,shared
n3638,4,1.0,1.0,1.0,1.0,1.0,shared
n3639,4,1.0,1.0,1.0,1.0,1.0,shared
n3640,3,0.75,1.0,1.0,1.0,0.9375,shared
n3641,4,1.0,1.0,1.0,1.0,1.0,shared
n3642,3,0.75,1.0,1.0,1.0,0.9375,shared
n3643,4,1.0,1.0,1.0,1.0,1.0,shared
n3644,3,0.75,1.0,1.0,1.0,0.9375,shared
n3645,3,0.75,1.0,1.0,1.0,0.9375,shared
n3646,4,1.0,1.0,1.0,1.0,1.0,shared
n3647,3,0.75,1.0,1.0,1.0,0.9375,shared
n3648,4,1.0,1.0,1.0,1.0,1.0,shared
n3649,3,0.75,1.0,1.0,1.0,0.9375,shared
n3650,3,0.75,1.0,1.0,1.0,0.9375,shared
n3651,3,0.75,1.0,1.0,1.0,0.9375,shared
n3652,4,1.0,1.0,1.0,1.0,1.0,shared
n3653,4,1.0,1.0,1.0,1.0,1.0,shared
n3654,4,1.0,1.0,1.0,1.0,1.0,shared
n3655,3,0.75,1.0,1.0,1.0,0.9375,shared
n3656,4,1.0,1.0,1.0,1.0,1.0,shared
n3657,4,1.0,1.0,1.0,1.0,1.0,shared
n3658,3,0.75,1.0,1.0,1.0,0.9375,shared
n3659,3,0.75,1.0,1.0,1.0,0.9375,shared
n3660,4,1.0,1.0,1.0,1.0,1.0,shared
n3661,3,0.75,1.0,1.0,1.0,0.9375,shared
n3662,3,0.75,1.0,1.0,1.0,0.9375,shared
n3663,3,0.75,1.0,1.0,1.0,0.9375,shared
n3664,4,1.0,1.0,1.0,1.0,1.0,shared
n3665,3,0.75,1.0,1.0,1.0,0.9375,shared
n3666,4,1.0,1.0,1.0,1.0,1.0,shared
n3667,4,1.0,1.0,1.0,1.0,1.0,shared
n3668,3,0.75,1.0,1.0,1.0,0.9375,shared
n3669,4,1.0,1.0,1.0,1.0,1.0,shared
n3670,3,0.75,1.0,1.0,1.0,0.9375,shared
n3671,4,1.0,1.0,1.0,1.0,1.0,shared
n3672,3,0.75,1.0,1.0,1.0,0.9375,shared
n3673,4,1.0,1.0,1.0,1.0,1.0,shared
n3674,4,1.0,1.0,1.0,1.0,1.0,shared
n3675,4,1.0,1.0,1.0,1.0,1.0,shared
n3676,4,1.0,1.0,1.0,1.0,1.0,shared
n3677,4,1.0,1.0,1.0,1.0,1.0,shared
n3678,4,1.0,1.0,1.0,1.0,1.0,shared
n3679,4,1.0,1.0,1.0,1.0,1.0,shared
n3680,4,1.0,1.0,1.0,1.0,1.0,shared
n3681,4,1.0,1.0,1.0,1.0,1.0,shared
n3682,4,1.0,1.0,1.0,1.0,1.0,shared
n3683,4,1.0,1.0,1.0,1.0,1.0,shared
n3684,4,1.0,1.0,1.0,1.0,1.0,shared
n3685,4,1.0,1.0,1.0,1.0,1.0,shared
n3686,4,1.0,1.0,1.0,1.0,1.0,shared
n3687,4,1.0,1.0,1.0,1.0,1.0,shared
n3688,3,0.75,1.0,1.0,1.0,0.9375,shared
n3689,4,1.0,1.0,1.0,1.0,1.0,shared
n3690,3,0.75,1.0,1.0,1.0,0.9375,shared
n3691,4,1.0,1.0,1.0,1.0,1.0,shared
n3692,4,1.0,1.0,1.0,1.0,1.0,shared
n3693,4,1.0,1.0,1.0,1.0,1.0,shared
n3694,4,1.0,1.0,1.0,1.0,1.0,shared
n3695,4,1.0,1.0,1.0,1.0,1.0,shared
n3696,4,1.0,1.0,1.0,1.0,1.0,shared
n3697,4,1.0,1.0,1.0,1.0,1.0,shared
n3698,4,1.0,1.0,1.0,1.0,1.0,shared
n3699,4,1.0,1.0,1.0,1.0,1.0,shared
n3700,4,1.0,1.0,1.0,1.0,1.0,shared
n3701,4,1.0,1.0,1.0,1.0,1.0,shared
n3702,4,1.0,1.0,1.0,1.0,1.0,shared
n3703,4,1.0,1.0,1.0,1.0,1.0,shared
n3704,4,1.0,1.0,1.0,1.0,1.0,shared
n3705,3,0.75,1.0,1.0,1.0,0.9375,shared
n3706,4,1.0,1.0,1.0,1.0,1.0,shared
n3707,4,1.0,1.0,1.0,1.0,1.0,shared
n3708,4,1.0,1.0,1.0,1.0,1.0,shared
n3709,4,1.0,0.5,0.5,1.0,0.75,shared
n3710,4,1.0,1.0,1.0,1.0,1.0,shared
n3711,4,1.0,1.0,1.0,1.0,1.0,shared
n3712,4,1.0,1.0,1.0,1.0,1.0,shared
n3713,4,1.0,1.0,1.0,1.0,1.0,shared
n3714,4,1.0,1.0,1.0,1.0,1.0,shared
n3715,4,1.0,0.5714285714285714,0.5714285714285714,1.0,0.7857142857142857,shared
n3716,4,1.0,1.0,1.0,1.0,1.0,shared
n3717,4,1.0,1.0,1.0,1.0,1.0,shared
n3718,4,1.0,1.0,1.0,1.0,1.0,shared
n3719,4,1.0,1.0,1.0,1.0,1.0,shared
n3720,3,0.75,1.0,1.0,1.0,0.9375,shared
n3721,4,1.0,1.0,1.0,1.0,1.0,shared
n3722,3,0.75,1.0,1.0,1.0,0.9375,shared
n3723,4,1.0,1.0,1.0,1.0,1.0,shared
n3724,4,1.0,1.0,1.0,1.0,1.0,shared
n3725,4,1.0,1.0,1.0,1.0,1.0,shared
n3726,4,1.0,1.0,1.0,1.0,1.0,shared
n3727,3,0.75,1.0,1.0,1.0,0.9375,shared
n3728,3,0.75,1.0,1.0,1.0,0.9375,shared
n3729,4,1.0,1.0,1.0,1.0,1.0,shared
n3730,4,1.0,1.0,1.0,1.0,1.0,shared
n3731,4,1.0,1.0,1.0,1.0,1.0,shared
n3732,3,0.75,1.0,1.0,1.0,0.9375,shared
n3733,4,1.0,1.0,1.0,1.0,1.0,shared
n3734,3,0.75,1.0,1.0,1.0,0.9375,shared
n3735,4,1.0,1.0,1.0,1.0,1.0,shared
n3736,4,1.0,1.0,1.0,1.0,1.0,shared
n3737,4,1.0,1.0,1.0,1.0,1.0,shared
n3738,3,0.75,1.0,1.0,1.0,0.9375,shared
n3739,3,0.75,1.0,1.0,1.0,0.9375,shared
n3740,4,1.0,1.0,1.0,1.0,1.0,shared
n3741,4,1.0,1.0,1.0,1.0,1.0,shared
n3742,4,1.0,1.0,1.0,1.0,1.0,shared
n3743,4,1.0,1.0,1.0,1.0,1.0,shared
n3744,3,0.75,1.0,1.0,1.0,0.9375,shared
n3745,3,0.75,1.0,1.0,1.0,0.9375,shared
n3746,4,1.0,1.0,1.0,1.0,1.0,shared
n3747,4,1.0,1.0,1.0,1.0,1.0,shared
n3748,3,0.75,1.0,1.0,1.0,0.9375,shared
n3749,4,1.0,1.0,1.0,1.0,1.0,shared
n3750,4,1.0,1.0,1.0,1.0,1.0,shared
n3751,4,1.0,1.0,1.0,1.0,1.0,shared
n3752,4,1.0,1.0,1.0,1.0,1.0,shared
n3753,4,1.0,0.5,0.5,1.0,0.75,shared
n3754,4,1.0,1.0,1.0,1.0,1.0,shared
n3755,4,1.0,1.0,1.0,1.0,1.0,shared
n3756,3,0.75,1.0,1.0,1.0,0.9375,shared
n3757,3,0.75,1.0,1.0,1.0,0.9375,shared
n3758,4,1.0,1.0,1.0,1.0,1.0,shared
n3759,3,0.75,1.0,1.0,1.0,0.9375,shared
n3760,4,1.0,1.0,1.0,1.0,1.0,shared
n3761,3,0.75,1.0,1.0,1.0,0.9375,shared
n3762,4,1.0,1.0,1.0,1.0,1.0,shared
n3763,3,0.75,1.0,1.0,1.0,0.9375,shared
n3764,4,1.0,1.0,1.0,1.0,1.0,shared
n3765,4,1.0,1.0,1.0,1.0,1.0,shared
n3766,4,1.0,1.0,1.0,1.0,1.0,shared
n3767,4,1.0,1.0,1.0,1.0,1.0,shared
n3768,4,1.0,1.0,1.0,1.0,1.0,shared
n3769,4,1.0,1.0,1.0,1.0,1.0,shared
n3770,4,1.0,1.0,1.0,1.0,1.0,shared
n3771,4,1.0,1.0,1.0,1.0,1.0,shared
n3772,4,1.0,1.0,1.0,1.0,1.0,shared
n3773,4,1.0,1.0,1.0,1.0,1.0,shared
n3774,4,1.0,1.0,1.0,1.0,1.0,shared
n3775,3,0.75,1.0,1.0,1.0,0.9375,shared
n3776,3,0.75,1.0,1.0,1.0,0.9375,shared
n3777,4,1.0,1.0,1.0,1.0,1.0,shared
n3778,4,1.0,1.0,1.0,1.0,1.0,shared
n3779,4,1.0,1.0,1.0,1.0,1.0,shared
n3780,4,1.0,1.0,1.0,1.0,1.0,shared
n3781,4,1.0,1.0,1.0,1.0,1.0,shared
n3782,4,1.0,1.0,1.0,1.0,1.0,shared
n3783,4,1.0,1.0,1.0,1.0,1.0,shared
n3784,3,0.75,1.0,1.0,1.0,0.9375,shared
n3785,4,1.0,1.0,1.0,1.0,1.0,shared
n3786,4,1.0,1.0,1.0,1.0,1.0,shared
n3787,3,0.75,1.0,1.0,1.0,0.9375,shared
n3788,4,1.0,1.0,1.0,1.0,1.0,shared
n3789,4,1.0,0.6,0.8,1.0,0.8500000000000001,shared
n3790,3,0.75,1.0,1.0,1.0,0.9375,shared
n3791,4,1.0,1.0,1.0,1.0,1.0,shared
n3792,4,1.0,1.0,1.0,1.0,1.0,shared
n3793,3,0.75,1.0,1.0,1.0,0.9375,shared
n3794,4,1.0,1.0,1.0,1.0,1.0,shared
n3795,4,1.0,1.0,1.0,1.0,1.0,shared
n3796,3,0.75,1.0,1.0,1.0,0.9375,shared
n3797,4,1.0,1.0,1.0,1.0,1.0,shared
n3798,3,0.75,1.0,1.0,1.0,0.9375,shared
n3799,4,1.0,1.0,1.0,1.0,1.0,shared
n3800,4,1.0,1.0,1.0,1.0,1.0,shared
n3801,4,1.0,1.0,1.0,1.0,1.0,shared
n3802,4,1.0,1.0,1.0,1.0,1.0,shared
n3803,3,0.75,1.0,1.0,1.0,0.9375,shared
n3804,3,0.75,1.0,1.0,1.0,0.9375,shared
n3805,4,1.0,1.0,1.0,1.0,1.0,shared
n3806,4,1.0,1.0,1.0,1.0,1.0,shared
n3807,4,1.0,1.0,1.0,1.0,1.0,shared
n3808,3,0.75,1.0,1.0,1.0,0.9375,shared
n3809,3,0.75,1.0,1.0,1.0,0.9375,shared
n3810,4,1.0,1.0,1.0,1.0,1.0,shared
n3811,4,1.0,1.0,1.0,1.0,1.0,shared
n3812,4,1.0,0.5714285714285714,0.5714285714285714,1.0,0.7857142857142857,shared
n3813,4,1.0,1.0,1.0,1.0,1.0,shared
n3814,4,1.0,1.0,1.0,1.0,1.0,shared
n3815,4,1.0,1.0,1.0,1.0,1.0,shared
n3816,4,1.0,1.0,1.0,1.0,1.0,shared
n3817,4,1.0,1.0,1.0,1.0,1.0,shared
n3818,4,1.0,1.0,1.0,1.0,1.0,shared
n3819,4,1.0,1.0,1.0,1.0,1.0,shared
n3820,4,1.0,1.0,1.0,1.0,1.0,shared
n3821,3,0.75,1.0,1.0,1.0,0.9375,shared
n3822,4,1.0,1.0,1.0,1.0,1.0,shared
n3823,4,1.0,1.0,1.0,1.0,1.0,shared
n3824,3,0.75,1.0,1.0,1.0,0.9375,shared
n3825,4,1.0,1.0,1.0,1.0,1.0,shared
n3826,4,1.0,1.0,1.0,1.0,1.0,shared
n3827,3,0.75,1.0,1.0,1.0,0.9375,shared
n3828,4,1.0,1.0,1.0,1.0,1.0,shared
n3829,4,1.0,1.0,1.0,1.0,1.0,shared
n3830,4,1.0,1.0,1.0,1.0,1.0,shared
n3831,3,0.75,1.0,1.0,1.0,0.9375,shared
n3832,4,1.0,1.0,1.0,1.0,1.0,shared
n3833,4,1.0,1.0,1.0,1.0,1.0,shared
n3834,4,1.0,1.0,1.0,1.0,1.0,shared
n3835,4,1.0,1.0,1.0,1.0,1.0,shared
n3836,3,0.75,1.0,1.0,1.0,0.9375,shared
n3837,3,0.75,1.0,1.0,1.0,0.9375,shared
n3838,4,1.0,1.0,1.0,1.0,1.0,shared
n3839,4,1.0,1.0,1.0,1.0,1.0,shared
n3840,3,0.75,1.0,1.0,1.0,0.9375,shared
n3841,4,1.0,1.0,1.0,1.0,1.0,shared
n3842,3,0.75,1.0,1.0,1.0,0.9375,shared
n3843,4,1.0,1.0,1.0,1.0,1.0,shared
n3844,4,1.0,1.0,1.0,1.0,1.0,shared
n3845,4,1.0,1.0,1.0,1.0,1.0,shared
n3846,3,0.75,1.0,1.0,1.0,0.9375,shared
n3847,4,1.0,0.5789473684210527,0.7894736842105263,1.0,0.8421052631578947,shared
n3848,4,1.0,1.0,1.0,1.0,1.0,shared
n3849,4,1.0,1.0,1.0,1.0,1.0,shared
n3850,4,1.0,1.0,1.0,1.0,1.0,shared
n3851,3,0.75,1.0,1.0,1.0,0.9375,shared
n3852,4,1.0,1.0,1.0,1.0,1.0,shared
n3853,3,0.75,1.0,1.0,1.0,0.9375,shared
n3854,3,0.75,1.0,1.0,1.0,0.9375,shared
n3855,4,1.0,1.0,1.0,1.0,1.0,shared
n3856,4,1.0,1.0,1.0,1.0,1.0,shared
n3857,4,1.0,1.0,1.0,1.0,1.0,shared
n3858,4,1.0,1.0,1.0,1.0,1.0,shared
n3859,4,1.0,1.0,1.0,1.0,1.0,shared
n3860,3,0.75,1.0,1.0,1.0,0.9375,shared
n3861,4,1.0,1.0,1.0,1.0,1.0,shared
n3862,3,0.75,1.0,1.0,1.0,0.9375,shared
n3863,3,0.75,1.0,1.0,1.0,0.9375,shared
n3864,4,1.0,1.0,1.0,1.0,1.0,shared
n3865,4,1.0,1.0,1.0,1.0,1.0,shared
n3866,4,1.0,1.0,1.0,1.0,1.0,shared
n3867,4,1.0,1.0,1.0,1.0,1.0,shared
n3868,4,1.0,1.0,1.0,1.0,1.0,shared
n3869,3,0.75,1.0,1.0,1.0,0.9375,shared
n3870,4,1.0,1.0,1.0,1.0,1.0,shared
n3871,4,1.0,1.0,1.0,1.0,1.0,shared
n3872,4,1.0,1.0,1.0,1.0,1.0,shared
n3873,4,1.0,1.0,1.0,1.0,1.0,shared
n3874,3,0.75,1.0,1.0,1.0,0.9375,shared
n3875,3,0.75,1.0,1.0,1.0,0.9375,shared
n3876,3,0.75,1.0,1.0,1.0,0.9375,shared
n3877,4,1.0,1.0,1.0,1.0,1.0,shared
n3878,4,1.0,1.0,1.0,1.0,1.0,shared
n3879,4,1.0,1.0,1.0,1.0,1.0,shared
n3880,4,1.0,1.0,1.0,1.0,1.0,shared
n3881,4,1.0,1.0,1.0,1.0,1.0,shared
n3882,4,1.0,1.0,1.0,1.0,1.0,shared
n3883,4,1.0,1.0,1.0,1.0,1.0,shared
n3884,3,0.75,1.0,1.0,1.0,0.9375,shared
n3885,4,1.0,1.0,1.0,1.0,1.0,shared
n3886,3,0.75,1.0,1.0,1.0,0.9375,shared
n3887,4,1.0,1.0,1.0,1.0,1.0,shared
n3888,3,0.75,1.0,1.0,1.0,0.9375,shared
n3889,4,1.0,1.0,1.0,1.0,1.0,shared
n3890,4,1.0,1.0,1.0,1.0,1.0,shared
n3891,4,1.0,1.0,1.0,1.0,1.0,shared
n3892,4,1.0,1.0,1.0,1.0,1.0,shared
n3893,4,1.0,1.0,1.0,1.0,1.0,shared
n3894,3,0.75,1.0,1.0,1.0,0.9375,shared
n3895,3,0.75,1.0,1.0,1.0,0.9375,shared
n3896,3,0.75,1.0,1.0,1.0,0.9375,shared
n3897,4,1.0,1.0,1.0,1.0,1.0,shared
n3898,4,1.0,1.0,1.0,1.0,1.0,shared
n3899,4,1.0,1.0,1.0,1.0,1.0,shared
n3900,4,1.0,1.0,1.0,1.0,1.0,shared
n3901,3,0.75,1.0,1.0,1.0,0.9375,shared
n3902,4,1.0,1.0,1.0,1.0,1.0,shared
n3903,4,1.0,1.0,1.0,1.0,1.0,shared
n3904,3,0.75,1.0,1.0,1.0,0.9375,shared
n3905,4,1.0,1.0,1.0,1.0,1.0,shared
n3906,4,1.0,1.0,1.0,1.0,1.0,shared
n3907,4,1.0,1.0,1.0,1.0,1.0,shared
n3908,3,0.75,1.0,1.0,1.0,0.9375,shared
n3909,4,1.0,1.0,1.0,1.0,1.0,shared
n3910,4,1.0,1.0,1.0,1.0,1.0,shared
n3911,4,1.0,1.0,1.0,1.0,1.0,shared
n3912,4,1.0,1.0,1.0,1.0,1.0,shared
n3913,4,1.0,1.0,1.0,1.0,1.0,shared
n3914,4,1.0,1.0,1.0,1.0,1.0,shared
n3915,4,1.0,1.0,1.0,1.0,1.0,shared
n3916,4,1.0,1.0,1.0,1.0,1.0,shared
n3917,4,1.0,1.0,1.0,1.0,1.0,shared
n3918,3,0.75,1.0,1.0,1.0,0.9375,shared
n3919,4,1.0,1.0,1.0,1.0,1.0,shared
n3920,3,0.75,1.0,1.0,1.0,0.9375,shared
n3921,4,1.0,1.0,1.0,1.0,1.0,shared
n3922,4,1.0,1.0,1.0,1.0,1.0,shared
n3923,4,1.0,1.0,1.0,1.0,1.0,shared
n3924,4,1.0,1.0,1.0,1.0,1.0,shared
n3925,4,1.0,1.0,1.0,1.0,1.0,shared
n3926,4,1.0,1.0,1.0,1.0,1.0,shared
n3927,3,0.75,1.0,1.0,1.0,0.9375,shared
n3928,4,1.0,1.0,1.0,1.0,1.0,shared
n3929,4,1.0,1.0,1.0,1.0,1.0,shared
n3930,4,1.0,1.0,1.0,1.0,1.0,shared
n3931,3,0.75,1.0,1.0,1.0,0.9375,shared
n3932,4,1.0,1.0,1.0,1.0,1.0,shared
n3933,4,1.0,1.0,1.0,1.0,1.0,shared
n3934,4,1.0,1.0,1.0,1.0,1.0,shared
n3935,4,1.0,1.0,1.0,1.0,1.0,shared
n3936,4,1.0,1.0,1.0,1.0,1.0,shared
n3937,4,1.0,1.0,1.0,1.0,1.0,shared
n3938,4,1.0,1.0,1.0,1.0,1.0,shared
n3939,4,1.0,1.0,1.0,1.0,1.0,shared
n3940,4,1.0,1.0,1.0,1.0,1.0,shared
n3941,4,1.0,1.0,1.0,1.0,1.0,shared
n3942,3,0.75,1.0,1.0,1.0,0.9375,shared
n3943,4,1.0,1.0,1.0,1.0,1.0,shared
n3944,4,1.0,1.0,1.0,1.0,1.0,shared
n3945,3,0.75,1.0,1.0,1.0,0.9375,shared
n3946,3,0.75,1.0,1.0,1.0,0.9375,shared
n3947,1,0.25,1.0,1.0,1.0,0.8125,rescued_private
n3948,4,1.0,1.0,1.0,1.0,1.0,shared
n3949,4,1.0,1.0,1.0,1.0,1.0,shared
n3950,3,0.75,1.0,1.0,1.0,0.9375,shared
n3951,4,1.0,1.0,1.0,1.0,1.0,shared
n3952,4,1.0,1.0,1.0,1.0,1.0,shared
n3953,4,1.0,1.0,1.0,1.0,1.0,shared
n3954,3,0.75,1.0,1.0,1.0,0.9375,shared
n3955,4,1.0,1.0,1.0,1.0,1.0,shared
n3956,4,1.0,1.0,1.0,1.0,1.0,shared
n3957,3,0.75,1.0,1.0,1.0,0.9375,shared
n3958,4,1.0,1.0,1.0,1.0,1.0,shared
n3959,4,1.0,1.0,1.0,1.0,1.0,shared
n3960,3,0.75,1.0,1.0,1.0,0.9375,shared
n3961,4,1.0,1.0,1.0,1.0,1.0,shared
n3962,4,1.0,0.5714285714285714,0.5714285714285714,1.0,0.7857142857142857,shared
n3963,3,0.75,1.0,1.0,1.0,0.9375,shared
n3964,4,1.0,1.0,1.0,1.0,1.0,shared
n3965,4,1.0,1.0,1.0,1.0,1.0,shared
n3966,4,1.0,1.0,1.0,1.0,1.0,shared
n3967,4,1.0,1.0,1.0,1.0,1.0,shared
n3968,4,1.0,1.0,1.0,1.0,1.0,shared
n3969,4,1.0,1.0,1.0,1.0,1.0,shared
n3970,3,0.75,1.0,1.0,1.0,0.9375,shared
n3971,4,1.0,1.0,1.0,1.0,1.0,shared
n3972,4,1.0,1.0,1.0,1.0,1.0,shared
n3973,4,1.0,1.0,1.0,1.0,1.0,shared
n3974,3,0.75,1.0,1.0,1.0,0.9375,shared
n3975,3,0.75,1.0,1.0,1.0,0.9375,shared
n3976,4,1.0,1.0,1.0,1.0,1.0,shared
n3977,4,1.0,1.0,1.0,1.0,1.0,shared
n3978,4,1.0,1.0,1.0,1.0,1.0,shared
n3979,4,1.0,1.0,1.0,1.0,1.0,shared
n3980,4,1.0,1.0,1.0,1.0,1.0,shared
n3981,4,1.0,1.0,1.0,1.0,1.0,shared
n3982,4,1.0,1.0,1.0,1.0,1.0,shared
n3983,4,1.0,1.0,1.0,1.0,1.0,shared
n3984,4,1.0,1.0,1.0,1.0,1.0,shared
n3985,4,1.0,1.0,1.0,1.0,1.0,shared
n3986,3,0.75,1.0,1.0,1.0,0.9375,shared
n3987,3,0.75,1.0,1.0,1.0,0.9375,shared
n3988,4,1.0,1.0,1.0,1.0,1.0,shared
n3989,4,1.0,1.0,1.0,1.0,1.0,shared
n3990,4,1.0,1.0,1.0,1.0,1.0,shared
n3991,4,1.0,1.0,1.0,1.0,1.0,shared
n3992,4,1.0,1.0,1.0,1.0,1.0,shared
n3993,3,0.75,1.0,1.0,1.0,0.9375,shared
n3994,4,1.0,1.0,1.0,1.0,1.0,shared
n3995,3,0.75,1.0,1.0,1.0,0.9375,shared
n3996,4,1.0,1.0,1.0,1.0,1.0,shared
n3997,4,1.0,1.0,1.0,1.0,1.0,shared
n3998,4,1.0,0.6,1.0,1.0,0.9,shared
n3999,4,1.0,1.0,1.0,1.0,1.0,shared
n4000,4,1.0,1.0,1.0,1.0,1.0,shared
n4001,4,1.0,1.0,1.0,1.0,1.0,shared
n4002,4,1.0,1.0,1.0,1.0,1.0,shared
n4003,4,1.0,1.0,1.0,1.0,1.0,shared
n4004,4,1.0,1.0,1.0,1.0,1.0,shared
n4005,4,1.0,1.0,1.0,1.0,1.0,shared
n4006,4,1.0,1.0,1.0,1.0,1.0,shared
n4007,4,1.0,1.0,1.0,1.0,1.0,shared
n4008,4,1.0,0.5,0.5,1.0,0.75,shared
n4009,4,1.0,1.0,1.0,1.0,1.0,shared
n4010,4,1.0,1.0,1.0,1.0,1.0,shared
n4011,4,1.0,1.0,1.0,1.0,1.0,shared
n4012,4,1.0,1.0,1.0,1.0,1.0,shared
n4013,4,1.0,1.0,1.0,1.0,1.0,shared
n4014,4,1.0,1.0,1.0,1.0,1.0,shared
n4015,4,1.0,1.0,1.0,1.0,1.0,shared
n4016,3,0.75,1.0,1.0,1.0,0.9375,shared
n4017,4,1.0,1.0,1.0,1.0,1.0,shared
n4018,4,1.0,1.0,1.0,1.0,1.0,shared
n4019,4,1.0,0.5,0.5,1.0,0.75,shared
n4020,4,1.0,1.0,1.0,1.0,1.0,shared
n4021,3,0.75,1.0,1.0,1.0,0.9375,shared
n4022,4,1.0,1.0,1.0,1.0,1.0,shared
n4023,4,1.0,1.0,1.0,1.0,1.0,shared
n4024,4,1.0,1.0,1.0,1.0,1.0,shared
n4025,4,1.0,1.0,1.0,1.0,1.0,shared
n4026,4,1.0,1.0,1.0,1.0,1.0,shared
n4027,4,1.0,1.0,1.0,1.0,1.0,shared
n4028,4,1.0,1.0,1.0,1.0,1.0,shared
n4029,4,1.0,1.0,0.7272727272727273,1.0,0.9318181818181819,shared
n4030,4,1.0,1.0,1.0,1.0,1.0,shared
n4031,4,1.0,1.0,1.0,1.0,1.0,shared
n4032,4,1.0,1.0,1.0,1.0,1.0,shared
n4033,4,1.0,1.0,1.0,1.0,1.0,shared
n4034,4,1.0,1.0,1.0,1.0,1.0,shared
n4035,4,1.0,1.0,1.0,1.0,1.0,shared
n4036,4,1.0,1.0,1.0,1.0,1.0,shared
n4037,3,0.75,1.0,1.0,1.0,0.9375,shared
n4038,4,1.0,1.0,1.0,1.0,1.0,shared
n4039,4,1.0,1.0,1.0,1.0,1.0,shared
n4040,4,1.0,1.0,1.0,1.0,1.0,shared
n4041,4,1.0,1.0,1.0,1.0,1.0,shared
n4042,3,0.75,1.0,1.0,1.0,0.9375,shared
n4043,4,1.0,1.0,1.0,1.0,1.0,shared
n4044,4,1.0,1.0,1.0,1.0,1.0,shared
n4045,3,0.75,1.0,1.0,1.0,0.9375,shared
n4046,4,1.0,1.0,1.0,1.0,1.0,shared
n4047,3,0.75,1.0,1.0,1.0,0.9375,shared
n4048,4,1.0,1.0,1.0,1.0,1.0,shared
n4049,4,1.0,1.0,1.0,1.0,1.0,shared
n4050,3,0.75,1.0,1.0,1.0,0.9375,shared
n4051,4,1.0,1.0,1.0,1.0,1.0,shared
n4052,4,1.0,1.0,1.0,1.0,1.0,shared
n4053,4,1.0,1.0,1.0,1.0,1.0,shared
n4054,3,0.75,1.0,1.0,1.0,0.9375,shared
n4055,4,1.0,1.0,1.0,1.0,1.0,shared
n4056,4,1.0,1.0,1.0,1.0,1.0,shared
n4057,4,1.0,1.0,1.0,1.0,1.0,shared
n4058,4,1.0,1.0,1.0,1.0,1.0,shared
n4059,3,0.75,1.0,1.0,1.0,0.9375,shared
n4060,4,1.0,1.0,1.0,1.0,1.0,shared
n4061,4,1.0,1.0,1.0,1.0,1.0,shared
n4062,4,1.0,1.0,1.0,1.0,1.0,shared
n4063,4,1.0,1.0,1.0,1.0,1.0,shared
n4064,3,0.75,1.0,1.0,1.0,0.9375,shared
n4065,4,1.0,1.0,1.0,1.0,1.0,shared
n4066,3,0.75,1.0,1.0,1.0,0.9375,shared
n4067,4,1.0,1.0,1.0,1.0,1.0,shared
n4068,4,1.0,1.0,1.0,1.0,1.0,shared
n4069,4,1.0,1.0,1.0,1.0,1.0,shared
n4070,4,1.0,1.0,1.0,1.0,1.0,shared
n4071,4,1.0,1.0,1.0,1.0,1.0,shared
n4072,3,0.75,1.0,1.0,1.0,0.9375,shared
n4073,4,1.0,1.0,1.0,1.0,1.0,shared
n4074,4,1.0,1.0,1.0,1.0,1.0,shared
n4075,3,0.75,1.0,1.0,1.0,0.9375,shared
n4076,3,0.75,1.0,1.0,1.0,0.9375,shared
n4077,4,1.0,1.0,1.0,1.0,1.0,shared
n4078,4,1.0,1.0,1.0,1.0,1.0,shared
n4079,4,1.0,1.0,1.0,1.0,1.0,shared
n4080,4,1.0,1.0,1.0,1.0,1.0,shared
n4081,4,1.0,1.0,1.0,1.0,1.0,shared
n4082,4,1.0,1.0,1.0,1.0,1.0,shared
n4083,4,1.0,1.0,1.0,1.0,1.0,shared
n4084,4,1.0,1.0,1.0,1.0,1.0,shared
n4085,4,1.0,1.0,1.0,1.0,1.0,shared
n4086,4,1.0,1.0,1.0,1.0,1.0,shared
n4087,4,1.0,1.0,1.0,1.0,1.0,shared
n4088,3,0.75,1.0,1.0,1.0,0.9375,shared
n4089,4,1.0,1.0,1.0,1.0,1.0,shared
n4090,4,1.0,1.0,1.0,1.0,1.0,shared
n4091,3,0.75,1.0,1.0,1.0,0.9375,shared
n4092,4,1.0,1.0,1.0,1.0,1.0,shared
n4093,4,1.0,1.0,1.0,1.0,1.0,shared
n4094,4,1.0,1.0,1.0,1.0,1.0,shared
n4095,4,1.0,1.0,1.0,1.0,1.0,shared
n4096,4,1.0,1.0,1.0,1.0,1.0,shared
n4097,4,1.0,1.0,1.0,1.0,1.0,shared
n4098,3,0.75,1.0,1.0,1.0,0.9375,shared
n4099,3,0.75,1.0,1.0,1.0,0.9375,shared
n4100,4,1.0,1.0,1.0,1.0,1.0,shared
n4101,4,1.0,1.0,1.0,1.0,1.0,shared
n4102,3,0.75,1.0,1.0,1.0,0.9375,shared
n4103,3,0.75,1.0,1.0,1.0,0.9375,shared
n4104,4,1.0,1.0,1.0,1.0,1.0,shared
n4105,4,1.0,1.0,1.0,1.0,1.0,shared
n4106,4,1.0,1.0,1.0,1.0,1.0,shared
n4107,4,1.0,1.0,1.0,1.0,1.0,shared
n4108,4,1.0,1.0,1.0,1.0,1.0,shared
n4109,3,0.75,1.0,1.0,1.0,0.9375,shared
n4110,4,1.0,1.0,1.0,1.0,1.0,shared
n4111,3,0.75,1.0,1.0,1.0,0.9375,shared
n4112,4,1.0,1.0,1.0,1.0,1.0,shared
n4113,4,1.0,1.0,1.0,1.0,1.0,shared
n4114,4,1.0,1.0,1.0,1.0,1.0,shared
n4115,4,1.0,1.0,1.0,1.0,1.0,shared
n4116,4,1.0,1.0,1.0,1.0,1.0,shared
n4117,4,1.0,1.0,1.0,1.0,1.0,shared
n4118,4,1.0,1.0,1.0,1.0,1.0,shared
n4119,4,1.0,1.0,1.0,1.0,1.0,shared
n4120,4,1.0,1.0,1.0,1.0,1.0,shared
n4121,3,0.75,1.0,1.0,1.0,0.9375,shared
n4122,4,1.0,1.0,1.0,1.0,1.0,shared
n4123,4,1.0,1.0,1.0,1.0,1.0,shared
n4124,4,1.0,1.0,1.0,1.0,1.0,shared
n4125,4,1.0,1.0,1.0,1.0,1.0,shared
n4126,4,1.0,1.0,1.0,1.0,1.0,shared
n4127,4,1.0,1.0,1.0,1.0,1.0,shared
n4128,4,1.0,1.0,1.0,1.0,1.0,shared
n4129,4,1.0,1.0,1.0,1.0,1.0,shared
n4130,4,1.0,1.0,1.0,1.0,1.0,shared
n4131,3,0.75,1.0,1.0,1.0,0.9375,shared
n4132,4,1.0,1.0,1.0,1.0,1.0,shared
n4133,4,1.0,1.0,1.0,1.0,1.0,shared
n4134,3,0.75,1.0,1.0,1.0,0.9375,shared
n4135,4,1.0,1.0,1.0,1.0,1.0,shared
n4136,4,1.0,1.0,1.0,1.0,1.0,shared
n4137,4,1.0,1.0,1.0,1.0,1.0,shared
n4138,4,1.0,1.0,1.0,1.0,1.0,shared
n4139,4,1.0,1.0,1.0,1.0,1.0,shared
n4140,4,1.0,1.0,1.0,1.0,1.0,shared
n4141,4,1.0,1.0,1.0,1.0,1.0,shared
n4142,4,1.0,1.0,1.0,1.0,1.0,shared
n4143,4,1.0,1.0,1.0,1.0,1.0,shared
n4144,4,1.0,1.0,1.0,1.0,1.0,shared
n4145,3,0.75,1.0,1.0,1.0,0.9375,shared
n4146,4,1.0,1.0,1.0,1.0,1.0,shared
n4147,4,1.0,1.0,1.0,1.0,1.0,shared
n4148,4,1.0,1.0,1.0,1.0,1.0,shared
n4149,3,0.75,1.0,1.0,1.0,0.9375,shared
n4150,4,1.0,0.5,0.5,1.0,0.75,shared
n4151,4,1.0,1.0,1.0,1.0,1.0,shared
n4152,4,1.0,1.0,1.0,1.0,1.0,shared
n4153,4,1.0,0.5,0.5,1.0,0.75,shared
n4154,4,1.0,1.0,1.0,1.0,1.0,shared
n4155,4,1.0,1.0,1.0,1.0,1.0,shared
n4156,4,1.0,1.0,1.0,1.0,1.0,shared
n4157,4,1.0,1.0,1.0,1.0,1.0,shared
n4158,4,1.0,1.0,1.0,1.0,1.0,shared
n4159,4,1.0,1.0,1.0,1.0,1.0,shared
n4160,4,1.0,1.0,1.0,1.0,1.0,shared
n4161,4,1.0,1.0,1.0,1.0,1.0,shared
n4162,4,1.0,1.0,1.0,1.0,1.0,shared
n4163,4,1.0,1.0,1.0,1.0,1.0,shared
n4164,4,1.0,1.0,1.0,1.0,1.0,shared
n4165,4,1.0,1.0,1.0,1.0,1.0,shared
n4166,3,0.75,1.0,1.0,1.0,0.9375,shared
n4167,4,1.0,1.0,1.0,1.0,1.0,shared
n4168,4,1.0,1.0,1.0,1.0,1.0,shared
n4169,4,1.0,1.0,1.0,1.0,1.0,shared
n4170,4,1.0,1.0,1.0,1.0,1.0,shared
n4171,4,1.0,1.0,1.0,1.0,1.0,shared
n4172,4,1.0,1.0,1.0,1.0,1.0,shared
n4173,4,1.0,1.0,1.0,1.0,1.0,shared
n4174,4,1.0,1.0,1.0,1.0,1.0,shared
n4175,4,1.0,1.0,1.0,1.0,1.0,shared
n4176,4,1.0,1.0,1.0,1.0,1.0,shared
n4177,4,1.0,1.0,1.0,1.0,1.0,shared
n4178,4,1.0,1.0,1.0,1.0,1.0,shared
n4179,4,1.0,1.0,1.0,1.0,1.0,shared
n4180,4,1.0,1.0,1.0,1.0,1.0,shared
n4181,3,0.75,1.0,1.0,1.0,0.9375,shared
n4182,4,1.0,1.0,1.0,1.0,1.0,shared
n4183,4,1.0,1.0,1.0,1.0,1.0,shared
n4184,4,1.0,1.0,1.0,1.0,1.0,shared
n4185,4,1.0,1.0,1.0,1.0,1.0,shared
n4186,4,1.0,1.0,1.0,1.0,1.0,shared
n4187,4,1.0,1.0,1.0,1.0,1.0,shared
n4188,4,1.0,1.0,1.0,1.0,1.0,shared
n4189,4,1.0,1.0,1.0,1.0,1.0,shared
n4190,4,1.0,1.0,1.0,1.0,1.0,shared
n4191,3,0.75,1.0,1.0,1.0,0.9375,shared
n4192,3,0.75,1.0,1.0,1.0,0.9375,shared
n4193,4,1.0,1.0,1.0,1.0,1.0,shared
n4194,4,1.0,1.0,1.0,1.0,1.0,shared
n4195,4,1.0,1.0,1.0,1.0,1.0,shared
n4196,4,1.0,1.0,1.0,1.0,1.0,shared
n4197,4,1.0,1.0,1.0,1.0,1.0,shared
n4198,4,1.0,1.0,1.0,1.0,1.0,shared
n4199,4,1.0,1.0,1.0,1.0,1.0,shared
n4200,4,1.0,0.5,0.5,1.0,0.75,shared
n4201,3,0.75,1.0,1.0,1.0,0.9375,shared
n4202,4,1.0,1.0,1.0,1.0,1.0,shared
n4203,4,1.0,1.0,1.0,1.0,1.0,shared
n4204,4,1.0,1.0,1.0,1.0,1.0,shared
n4205,3,0.75,1.0,1.0,1.0,0.9375,shared
n4206,4,1.0,1.0,1.0,1.0,1.0,shared
n4207,4,1.0,1.0,1.0,1.0,1.0,shared
n4208,3,0.75,1.0,1.0,1.0,0.9375,shared
n4209,4,1.0,1.0,1.0,1.0,1.0,shared
n4210,4,1.0,1.0,1.0,1.0,1.0,shared
n4211,4,1.0,1.0,1.0,1.0,1.0,shared
n4212,4,1.0,1.0,1.0,1.0,1.0,shared
n4213,3,0.75,1.0,1.0,1.0,0.9375,shared
n4214,4,1.0,1.0,1.0,1.0,1.0,shared
n4215,4,1.0,0.5,0.5,1.0,0.75,shared
n4216,4,1.0,1.0,1.0,1.0,1.0,shared
n4217,4,1.0,1.0,1.0,1.0,1.0,shared
n4218,4,1.0,1.0,1.0,1.0,1.0,shared
n4219,4,1.0,1.0,1.0,1.0,1.0,shared
n4220,4,1.0,1.0,1.0,1.0,1.0,shared
n4221,4,1.0,1.0,1.0,1.0,1.0,shared
n4222,4,1.0,1.0,1.0,1.0,1.0,shared
n4223,4,1.0,1.0,1.0,1.0,1.0,shared
n4224,4,1.0,1.0,1.0,1.0,1.0,shared
n4225,4,1.0,1.0,1.0,1.0,1.0,shared
n4226,4,1.0,1.0,1.0,1.0,1.0,shared
n4227,3,0.75,1.0,1.0,1.0,0.9375,shared
n4228,3,0.75,1.0,1.0,1.0,0.9375,shared
n4229,4,1.0,1.0,1.0,1.0,1.0,shared
n4230,4,1.0,1.0,1.0,1.0,1.0,shared
n4231,4,1.0,1.0,1.0,1.0,1.0,shared
n4232,4,1.0,1.0,1.0,1.0,1.0,shared
n4233,4,1.0,1.0,1.0,1.0,1.0,shared
n4234,4,1.0,1.0,1.0,1.0,1.0,shared
n4235,4,1.0,1.0,1.0,1.0,1.0,shared
n4236,4,1.0,1.0,1.0,1.0,1.0,shared
n4237,4,1.0,1.0,1.0,1.0,1.0,shared
n4238,4,1.0,1.0,1.0,1.0,1.0,shared
n4239,3,0.75,1.0,1.0,1.0,0.9375,shared
n4240,3,0.75,1.0,1.0,1.0,0.9375,shared
n4241,4,1.0,1.0,1.0,1.0,1.0,shared
n4242,4,1.0,1.0,1.0,1.0,1.0,shared
n4243,4,1.0,1.0,1.0,1.0,1.0,shared
n4244,3,0.75,1.0,1.0,1.0,0.9375,shared
n4245,4,1.0,1.0,1.0,1.0,1.0,shared
n4246,4,1.0,1.0,1.0,1.0,1.0,shared
n4247,4,1.0,1.0,1.0,1.0,1.0,shared
n4248,4,1.0,1.0,1.0,1.0,1.0,shared
n4249,3,0.75,1.0,1.0,1.0,0.9375,shared
n4250,3,0.75,1.0,1.0,1.0,0.9375,shared
n4251,4,1.0,1.0,1.0,1.0,1.0,shared
n4252,4,1.0,1.0,1.0,1.0,1.0,shared
n4253,4,1.0,1.0,1.0,1.0,1.0,shared
n4254,4,1.0,1.0,1.0,1.0,1.0,shared
n4255,4,1.0,1.0,1.0,1.0,1.0,shared
n4256,4,1.0,1.0,1.0,1.0,1.0,shared
n4257,3,0.75,1.0,1.0,1.0,0.9375,shared
n4258,4,1.0,1.0,1.0,1.0,1.0,shared
n4259,4,1.0,1.0,1.0,1.0,1.0,shared
n4260,4,1.0,1.0,1.0,1.0,1.0,shared
n4261,4,1.0,1.0,1.0,1.0,1.0,shared
n4262,2,0.5,1.0,1.0,1.0,0.875,shared
n4263,1,0.25,1.0,1.0,1.0,0.8125,rescued_private
n4264,4,1.0,1.0,1.0,1.0,1.0,shared
n4265,4,1.0,1.0,1.0,1.0,1.0,shared
n4266,3,0.75,1.0,1.0,1.0,0.9375,shared
n4267,4,1.0,1.0,1.0,1.0,1.0,shared
n4268,4,1.0,1.0,1.0,1.0,1.0,shared
n4269,3,0.75,1.0,1.0,1.0,0.9375,shared
n4270,3,0.75,1.0,1.0,1.0,0.9375,shared
n4271,4,1.0,1.0,1.0,1.0,1.0,shared
n4272,4,1.0,1.0,1.0,1.0,1.0,shared
n4273,4,1.0,1.0,1.0,1.0,1.0,shared
n4274,4,1.0,1.0,1.0,1.0,1.0,shared
n4275,4,1.0,1.0,1.0,1.0,1.0,shared
n4276,4,1.0,1.0,1.0,1.0,1.0,shared
n4277,4,1.0,1.0,1.0,1.0,1.0,shared
n4278,4,1.0,0.5,0.5,1.0,0.75,shared
n4279,4,1.0,1.0,1.0,1.0,1.0,shared
n4280,3,0.75,1.0,1.0,1.0,0.9375,shared
n4281,4,1.0,1.0,1.0,1.0,1.0,shared
n4282,3,0.75,1.0,1.0,1.0,0.9375,shared
n4283,3,0.75,1.0,1.0,1.0,0.9375,shared
n4284,4,1.0,1.0,1.0,1.0,1.0,shared
n4285,4,1.0,1.0,1.0,1.0,1.0,shared
n4286,4,1.0,1.0,1.0,1.0,1.0,shared
n4287,4,1.0,1.0,1.0,1.0,1.0,shared
n4288,4,1.0,1.0,1.0,1.0,1.0,shared
n4289,4,1.0,1.0,1.0,1.0,1.0,shared
n4290,4,1.0,1.0,1.0,1.0,1.0,shared
n4291,4,1.0,1.0,1.0,1.0,1.0,shared
n4292,3,0.75,1.0,1.0,1.0,0.9375,shared
n4293,4,1.0,1.0,1.0,1.0,1.0,shared
n4294,4,1.0,1.0,1.0,1.0,1.0,shared
n4295,4,1.0,1.0,1.0,1.0,1.0,shared
n4296,3,0.75,1.0,1.0,1.0,0.9375,shared
n4297,4,1.0,1.0,1.0,1.0,1.0,shared
n4298,4,1.0,1.0,1.0,1.0,1.0,shared
n4299,4,1.0,1.0,1.0,1.0,1.0,shared
n4300,3,0.75,1.0,1.0,1.0,0.9375,shared
n4301,3,0.75,1.0,1.0,1.0,0.9375,shared
n4302,4,1.0,1.0,1.0,1.0,1.0,shared
n4303,4,1.0,1.0,1.0,1.0,1.0,shared
n4304,4,1.0,1.0,1.0,1.0,1.0,shared
n4305,4,1.0,1.0,1.0,1.0,1.0,shared
n4306,4,1.0,1.0,1.0,1.0,1.0,shared
n4307,4,1.0,1.0,1.0,1.0,1.0,shared
n4308,4,1.0,1.0,1.0,1.0,1.0,shared
n4309,4,1.0,1.0,1.0,1.0,1.0,shared
n4310,4,1.0,1.0,1.0,1.0,1.0,shared
n4311,4,1.0,1.0,1.0,1.0,1.0,shared
n4312,4,1.0,1.0,1.0,1.0,1.0,shared
n4313,4,1.0,1.0,1.0,1.0,1.0,shared
n4314,4,1.0,1.0,1.0,1.0,1.0,shared
n4315,4,1.0,1.0,1.0,1.0,1.0,shared
n4316,4,1.0,1.0,1.0,1.0,1.0,shared
n4317,4,1.0,1.0,1.0,1.0,1.0,shared
n4318,4,1.0,1.0,1.0,1.0,1.0,shared
n4319,4,1.0,1.0,1.0,1.0,1.0,shared
n4320,4,1.0,1.0,1.0,1.0,1.0,shared
n4321,4,1.0,1.0,1.0,1.0,1.0,shared
n4322,4,1.0,1.0,1.0,1.0,1.0,shared
n4323,3,0.75,1.0,1.0,1.0,0.9375,shared
n4324,4,1.0,1.0,1.0,1.0,1.0,shared
n4325,4,1.0,1.0,1.0,1.0,1.0,shared
n4326,4,1.0,1.0,1.0,1.0,1.0,shared
n4327,4,1.0,1.0,1.0,1.0,1.0,shared
n4328,4,1.0,1.0,1.0,1.0,1.0,shared
n4329,4,1.0,1.0,1.0,1.0,1.0,shared
n4330,4,1.0,1.0,1.0,1.0,1.0,shared
n4331,4,1.0,1.0,1.0,1.0,1.0,shared
n4332,4,1.0,1.0,1.0,1.0,1.0,shared
n4333,4,1.0,1.0,1.0,1.0,1.0,shared
n4334,4,1.0,1.0,1.0,1.0,1.0,shared
n4335,4,1.0,1.0,1.0,1.0,1.0,shared
n4336,4,1.0,1.0,1.0,1.0,1.0,shared
n4337,4,1.0,1.0,1.0,1.0,1.0,shared
n4338,4,1.0,1.0,1.0,1.0,1.0,shared
n4339,4,1.0,1.0,1.0,1.0,1.0,shared
n4340,4,1.0,1.0,1.0,1.0,1.0,shared
n4341,4,1.0,1.0,1.0,1.0,1.0,shared
n4342,4,1.0,1.0,1.0,1.0,1.0,shared
n4343,4,1.0,1.0,1.0,1.0,1.0,shared
n4344,4,1.0,1.0,1.0,1.0,1.0,shared
n4345,4,1.0,1.0,1.0,1.0,1.0,shared
n4346,3,0.75,1.0,1.0,1.0,0.9375,shared
n4347,4,1.0,1.0,1.0,1.0,1.0,shared
n4348,4,1.0,1.0,1.0,1.0,1.0,shared
n4349,3,0.75,1.0,1.0,1.0,0.9375,shared
n4350,4,1.0,1.0,1.0,1.0,1.0,shared
n4351,4,1.0,1.0,1.0,1.0,1.0,shared
n4352,4,1.0,1.0,1.0,1.0,1.0,shared
n4353,3,0.75,1.0,1.0,1.0,0.9375,shared
n4354,4,1.0,1.0,1.0,1.0,1.0,shared
n4355,4,1.0,1.0,1.0,1.0,1.0,shared
n4356,4,1.0,1.0,1.0,1.0,1.0,shared
n4357,4,1.0,1.0,1.0,1.0,1.0,shared
n4358,4,1.0,1.0,1.0,1.0,1.0,shared
n4359,4,1.0,1.0,1.0,1.0,1.0,shared
n4360,4,1.0,1.0,1.0,1.0,1.0,shared
n4361,4,1.0,1.0,1.0,1.0,1.0,shared
n4362,3,0.75,1.0,1.0,1.0,0.9375,shared
n4363,4,1.0,1.0,1.0,1.0,1.0,shared
n4364,4,1.0,1.0,1.0,1.0,1.0,shared
n4365,4,1.0,1.0,1.0,1.0,1.0,shared
n4366,4,1.0,1.0,1.0,1.0,1.0,shared
n4367,4,1.0,1.0,1.0,1.0,1.0,shared
n4368,4,1.0,1.0,1.0,1.0,1.0,shared
n4369,3,0.75,1.0,1.0,1.0,0.9375,shared
n4370,4,1.0,1.0,1.0,1.0,1.0,shared
n4371,4,1.0,1.0,1.0,1.0,1.0,shared
n4372,4,1.0,1.0,1.0,1.0,1.0,shared
n4373,4,1.0,1.0,1.0,1.0,1.0,shared
n4374,4,1.0,1.0,1.0,1.0,1.0,shared
n4375,4,1.0,1.0,1.0,1.0,1.0,shared
n4376,4,1.0,1.0,1.0,1.0,1.0,shared
n4377,4,1.0,1.0,1.0,1.0,1.0,shared
n4378,4,1.0,1.0,1.0,1.0,1.0,shared
n4379,4,1.0,1.0,1.0,1.0,1.0,shared
n4380,4,1.0,1.0,1.0,1.0,1.0,shared
n4381,4,1.0,1.0,1.0,1.0,1.0,shared
n4382,4,1.0,1.0,1.0,1.0,1.0,shared
n4383,4,1.0,1.0,1.0,1.0,1.0,shared
n4384,4,1.0,1.0,1.0,1.0,1.0,shared
n4385,4,1.0,1.0,1.0,1.0,1.0,shared
n4386,3,0.75,1.0,1.0,1.0,0.9375,shared
n4387,4,1.0,1.0,1.0,1.0,1.0,shared
n4388,4,1.0,1.0,1.0,1.0,1.0,shared
n4389,4,1.0,1.0,1.0,1.0,1.0,shared
n4390,4,1.0,1.0,1.0,1.0,1.0,shared
n4391,4,1.0,1.0,1.0,1.0,1.0,shared
n4392,3,0.75,1.0,1.0,1.0,0.9375,shared
n4393,4,1.0,1.0,1.0,1.0,1.0,shared
n4394,4,1.0,1.0,1.0,1.0,1.0,shared
n4395,3,0.75,1.0,1.0,1.0,0.9375,shared
n4396,4,1.0,1.0,1.0,1.0,1.0,shared
n4397,4,1.0,1.0,1.0,1.0,1.0,shared
n4398,4,1.0,0.5,1.0,1.0,0.875,shared
n4399,4,1.0,1.0,1.0,1.0,1.0,shared
n4400,4,1.0,1.0,1.0,1.0,1.0,shared
n4401,4,1.0,1.0,1.0,1.0,1.0,shared
n4402,4,1.0,1.0,1.0,1.0,1.0,shared
n4403,4,1.0,1.0,1.0,1.0,1.0,shared
n4404,4,1.0,1.0,1.0,1.0,1.0,shared
n4405,4,1.0,1.0,1.0,1.0,1.0,shared
n4406,4,1.0,1.0,1.0,1.0,1.0,shared
n4407,3,0.75,1.0,1.0,1.0,0.9375,shared
n4408,3,0.75,1.0,1.0,1.0,0.9375,shared
n4409,4,1.0,1.0,1.0,1.0,1.0,shared
n4410,4,1.0,1.0,1.0,1.0,1.0,shared
n4411,4,1.0,1.0,1.0,1.0,1.0,shared
n4412,4,1.0,1.0,1.0,1.0,1.0,shared
n4413,4,1.0,1.0,1.0,1.0,1.0,shared
n4414,3,0.75,1.0,1.0,1.0,0.9375,shared
n4415,4,1.0,1.0,1.0,1.0,1.0,shared
n4416,4,1.0,1.0,1.0,1.0,1.0,shared
n4417,3,0.75,1.0,1.0,1.0,0.9375,shared
n4418,4,1.0,1.0,1.0,1.0,1.0,shared
n4419,4,1.0,1.0,1.0,1.0,1.0,shared
n4420,4,1.0,1.0,1.0,1.0,1.0,shared
n4421,3,0.75,1.0,1.0,1.0,0.9375,shared
n4422,4,1.0,1.0,1.0,1.0,1.0,shared
n4423,3,0.75,1.0,1.0,1.0,0.9375,shared
n4424,4,1.0,0.5,0.5,1.0,0.75,shared
n4425,4,1.0,1.0,1.0,1.0,1.0,shared
n4426,4,1.0,1.0,1.0,1.0,1.0,shared
n4427,4,1.0,1.0,1.0,1.0,1.0,shared
n4428,4,1.0,1.0,1.0,1.0,1.0,shared
n4429,4,1.0,1.0,1.0,1.0,1.0,shared
n4430,4,1.0,1.0,1.0,1.0,1.0,shared
n4431,4,1.0,1.0,1.0,1.0,1.0,shared
n4432,4,1.0,1.0,1.0,1.0,1.0,shared
n4433,4,1.0,1.0,1.0,1.0,1.0,shared
n4434,4,1.0,1.0,1.0,1.0,1.0,shared
n4435,3,0.75,1.0,1.0,1.0,0.9375,shared
n4436,3,0.75,1.0,1.0,1.0,0.9375,shared
n4437,4,1.0,1.0,1.0,1.0,1.0,shared
n4438,4,1.0,1.0,1.0,1.0,1.0,shared
n4439,4,1.0,1.0,1.0,1.0,1.0,shared
n4440,3,0.75,1.0,1.0,1.0,0.9375,shared
n4441,3,0.75,1.0,1.0,1.0,0.9375,shared
n4442,3,0.75,1.0,1.0,1.0,0.9375,shared
n4443,4,1.0,1.0,1.0,1.0,1.0,shared
n4444,4,1.0,1.0,1.0,1.0,1.0,shared
n4445,3,0.75,1.0,1.0,1.0,0.9375,shared
n4446,4,1.0,1.0,1.0,1.0,1.0,shared
n4447,3,0.75,1.0,1.0,1.0,0.9375,shared
n4448,4,1.0,1.0,1.0,1.0,1.0,shared
n4449,4,1.0,1.0,1.0,1.0,1.0,shared
n4450,4,1.0,1.0,1.0,1.0,1.0,shared
n4451,4,1.0,1.0,1.0,1.0,1.0,shared
n4452,4,1.0,1.0,1.0,1.0,1.0,shared
n4453,4,1.0,1.0,1.0,1.0,1.0,shared
n4454,3,0.75,1.0,1.0,1.0,0.9375,shared
n4455,4,1.0,1.0,1.0,1.0,1.0,shared
n4456,4,1.0,1.0,1.0,1.0,1.0,shared
n4457,4,1.0,1.0,1.0,1.0,1.0,shared
n4458,4,1.0,1.0,1.0,1.0,1.0,shared
n4459,4,1.0,1.0,1.0,1.0,1.0,shared
n4460,4,1.0,1.0,1.0,1.0,1.0,shared
n4461,4,1.0,1.0,1.0,1.0,1.0,shared
n4462,3,0.75,1.0,0.5,1.0,0.8125,shared
n4463,4,1.0,1.0,1.0,1.0,1.0,shared
n4464,4,1.0,1.0,1.0,1.0,1.0,shared
n4465,4,1.0,1.0,1.0,1.0,1.0,shared
n4466,3,0.75,1.0,1.0,1.0,0.9375,shared
n4467,4,1.0,1.0,1.0,1.0,1.0,shared
n4468,4,1.0,1.0,1.0,1.0,1.0,shared
n4469,3,0.75,1.0,1.0,1.0,0.9375,shared
n4470,4,1.0,1.0,1.0,1.0,1.0,shared
n4471,3,0.75,1.0,1.0,1.0,0.9375,shared
n4472,4,1.0,1.0,1.0,1.0,1.0,shared
n4473,3,0.75,1.0,1.0,1.0,0.9375,shared
n4474,4,1.0,1.0,1.0,1.0,1.0,shared
n4475,4,1.0,1.0,1.0,1.0,1.0,shared
n4476,4,1.0,1.0,1.0,1.0,1.0,shared
n4477,4,1.0,1.0,1.0,1.0,1.0,shared
n4478,4,1.0,1.0,1.0,1.0,1.0,shared
n4479,4,1.0,1.0,1.0,1.0,1.0,shared
n4480,4,1.0,1.0,1.0,1.0,1.0,shared
n4481,4,1.0,1.0,1.0,1.0,1.0,shared
n4482,4,1.0,1.0,1.0,1.0,1.0,shared
n4483,4,1.0,1.0,1.0,1.0,1.0,shared
n4484,4,1.0,1.0,1.0,1.0,1.0,shared
n4485,4,1.0,1.0,1.0,1.0,1.0,shared
n4486,4,1.0,1.0,1.0,1.0,1.0,shared
n4487,4,1.0,1.0,1.0,1.0,1.0,shared
n4488,4,1.0,1.0,1.0,1.0,1.0,shared
n4489,4,1.0,1.0,1.0,1.0,1.0,shared
n4490,4,1.0,1.0,1.0,1.0,1.0,shared
n4491,3,0.75,1.0,1.0,1.0,0.9375,shared
n4492,4,1.0,1.0,1.0,1.0,1.0,shared
n4493,4,1.0,1.0,1.0,1.0,1.0,shared
n4494,4,1.0,1.0,1.0,1.0,1.0,shared
n4495,4,1.0,0.5,1.0,1.0,0.875,shared
n4496,4,1.0,1.0,1.0,1.0,1.0,shared
n4497,4,1.0,1.0,1.0,1.0,1.0,shared
n4498,4,1.0,1.0,1.0,1.0,1.0,shared
n4499,4,1.0,1.0,1.0,1.0,1.0,shared
n4500,3,0.75,1.0,1.0,1.0,0.9375,shared
n4501,4,1.0,1.0,1.0,1.0,1.0,shared
n4502,4,1.0,1.0,1.0,1.0,1.0,shared
n4503,4,1.0,1.0,1.0,1.0,1.0,shared
n4504,4,1.0,1.0,1.0,1.0,1.0,shared
n4505,4,1.0,1.0,1.0,1.0,1.0,shared
n4506,4,1.0,1.0,1.0,1.0,1.0,shared
n4507,4,1.0,1.0,1.0,1.0,1.0,shared
n4508,3,0.75,1.0,1.0,1.0,0.9375,shared
n4509,3,0.75,1.0,1.0,1.0,0.9375,shared
n4510,4,1.0,1.0,1.0,1.0,1.0,shared
n4511,3,0.75,1.0,1.0,1.0,0.9375,shared
n4512,4,1.0,1.0,1.0,1.0,1.0,shared
n4513,4,1.0,1.0,1.0,1.0,1.0,shared
n4514,4,1.0,1.0,1.0,1.0,1.0,shared
n4515,3,0.75,1.0,1.0,1.0,0.9375,shared
n4516,4,1.0,1.0,1.0,1.0,1.0,shared
n4517,4,1.0,1.0,1.0,1.0,1.0,shared
n4518,3,0.75,1.0,1.0,1.0,0.9375,shared
n4519,3,0.75,1.0,1.0,1.0,0.9375,shared
n4520,3,0.75,1.0,1.0,1.0,0.9375,shared
n4521,4,1.0,1.0,1.0,1.0,1.0,shared
n4522,4,1.0,1.0,1.0,1.0,1.0,shared
n4523,3,0.75,1.0,1.0,1.0,0.9375,shared
n4524,4,1.0,1.0,1.0,1.0,1.0,shared
n4525,4,1.0,1.0,1.0,1.0,1.0,shared
n4526,4,1.0,1.0,1.0,1.0,1.0,shared
n4527,4,1.0,1.0,1.0,1.0,1.0,shared
n4528,3,0.75,1.0,1.0,1.0,0.9375,shared
n4529,4,1.0,1.0,1.0,1.0,1.0,shared
n4530,4,1.0,1.0,1.0,1.0,1.0,shared
n4531,4,1.0,1.0,1.0,1.0,1.0,shared
n4532,4,1.0,1.0,1.0,1.0,1.0,shared
n4533,4,1.0,1.0,1.0,1.0,1.0,shared
n4534,4,1.0,1.0,1.0,1.0,1.0,shared
n4535,3,0.75,1.0,1.0,1.0,0.9375,shared
n4536,4,1.0,1.0,1.0,1.0,1.0,shared
n4537,4,1.0,1.0,1.0,1.0,1.0,shared
n4538,3,0.75,1.0,1.0,1.0,0.9375,shared
n4539,4,1.0,1.0,1.0,1.0,1.0,shared
n4540,3,0.75,1.0,1.0,1.0,0.9375,shared
n4541,4,1.0,1.0,1.0,1.0,1.0,shared
n4542,4,1.0,1.0,1.0,1.0,1.0,shared
n4543,3,0.75,1.0,1.0,1.0,0.9375,shared
n4544,4,1.0,1.0,1.0,1.0,1.0,shared
n4545,4,1.0,1.0,1.0,1.0,1.0,shared
n4546,4,1.0,1.0,1.0,1.0,1.0,shared
n4547,4,1.0,1.0,1.0,1.0,1.0,shared
n4548,4,1.0,1.0,1.0,1.0,1.0,shared
n4549,4,1.0,1.0,1.0,1.0,1.0,shared
n4550,4,1.0,1.0,1.0,1.0,1.0,shared
n4551,4,1.0,1.0,1.0,1.0,1.0,shared
n4552,4,1.0,1.0,1.0,1.0,1.0,shared
n4553,4,1.0,1.0,1.0,1.0,1.0,shared
n4554,4,1.0,1.0,1.0,1.0,1.0,shared
n4555,4,1.0,1.0,1.0,1.0,1.0,shared
n4556,4,1.0,1.0,1.0,1.0,1.0,shared
n4557,3,0.75,1.0,1.0,1.0,0.9375,shared
n4558,4,1.0,1.0,1.0,1.0,1.0,shared
n4559,4,1.0,1.0,1.0,1.0,1.0,shared
n4560,3,0.75,1.0,1.0,1.0,0.9375,shared
n4561,3,0.75,1.0,1.0,1.0,0.9375,shared
n4562,4,1.0,1.0,1.0,1.0,1.0,shared
n4563,3,0.75,1.0,1.0,1.0,0.9375,shared
n4564,4,1.0,1.0,1.0,1.0,1.0,shared
n4565,4,1.0,1.0,1.0,1.0,1.0,shared
n4566,4,1.0,1.0,1.0,1.0,1.0,shared
n4567,3,0.75,1.0,1.0,1.0,0.9375,shared
n4568,4,1.0,1.0,1.0,1.0,1.0,shared
n4569,4,1.0,1.0,1.0,1.0,1.0,shared
n4570,4,1.0,1.0,1.0,1.0,1.0,shared
n4571,3,0.75,1.0,1.0,1.0,0.9375,shared
n4572,4,1.0,1.0,1.0,1.0,1.0,shared
n4573,3,0.75,1.0,1.0,1.0,0.9375,shared
n4574,4,1.0,1.0,1.0,1.0,1.0,shared
n4575,4,1.0,1.0,1.0,1.0,1.0,shared
n4576,4,1.0,1.0,1.0,1.0,1.0,shared
n4577,4,1.0,1.0,1.0,1.0,1.0,shared
n4578,4,1.0,1.0,1.0,1.0,1.0,shared
n4579,4,1.0,1.0,1.0,1.0,1.0,shared
n4580,3,0.75,1.0,1.0,1.0,0.9375,shared
n4581,3,0.75,1.0,1.0,1.0,0.9375,shared
n4582,4,1.0,1.0,1.0,1.0,1.0,shared
n4583,4,1.0,1.0,1.0,1.0,1.0,shared
n4584,4,1.0,1.0,1.0,1.0,1.0,shared
n4585,4,1.0,1.0,1.0,1.0,1.0,shared
n4586,4,1.0,1.0,1.0,1.0,1.0,shared
n4587,4,1.0,1.0,1.0,1.0,1.0,shared
n4588,3,0.75,1.0,1.0,1.0,0.9375,shared
n4589,4,1.0,1.0,1.0,1.0,1.0,shared
n4590,4,1.0,1.0,1.0,1.0,1.0,shared
n4591,4,1.0,1.0,1.0,1.0,1.0,shared
n4592,4,1.0,1.0,1.0,1.0,1.0,shared
n4593,4,1.0,1.0,1.0,1.0,1.0,shared
n4594,4,1.0,1.0,1.0,1.0,1.0,shared
n4595,3,0.75,1.0,1.0,1.0,0.9375,shared
n4596,4,1.0,1.0,1.0,1.0,1.0,shared
n4597,4,1.0,1.0,1.0,1.0,1.0,shared
n4598,4,1.0,1.0,1.0,1.0,1.0,shared
n4599,4,1.0,1.0,1.0,1.0,1.0,shared
n4600,4,1.0,1.0,1.0,1.0,1.0,shared
n4601,4,1.0,1.0,1.0,1.0,1.0,shared
n4602,4,1.0,1.0,1.0,1.0,1.0,shared
n4603,4,1.0,1.0,1.0,1.0,1.0,shared
n4604,4,1.0,1.0,1.0,1.0,1.0,shared
n4605,4,1.0,1.0,1.0,1.0,1.0,shared
n4606,4,1.0,1.0,1.0,1.0,1.0,shared
n4607,4,1.0,1.0,1.0,1.0,1.0,shared
n4608,3,0.75,1.0,1.0,1.0,0.9375,shared
n4609,4,1.0,1.0,1.0,1.0,1.0,shared
n4610,4,1.0,0.5,0.5,1.0,0.75,shared
n4611,3,0.75,1.0,1.0,1.0,0.9375,shared
n4612,4,1.0,1.0,1.0,1.0,1.0,shared
n4613,4,1.0,1.0,1.0,1.0,1.0,shared
n4614,4,1.0,1.0,1.0,1.0,1.0,shared
n4615,4,1.0,1.0,1.0,1.0,1.0,shared
n4616,4,1.0,1.0,1.0,1.0,1.0,shared
n4617,4,1.0,1.0,1.0,1.0,1.0,shared
n4618,4,1.0,1.0,1.0,1.0,1.0,shared
n4619,4,1.0,1.0,1.0,1.0,1.0,shared
n4620,4,1.0,1.0,1.0,1.0,1.0,shared
n4621,3,0.75,1.0,1.0,1.0,0.9375,shared
n4622,4,1.0,1.0,1.0,1.0,1.0,shared
n4623,4,1.0,1.0,1.0,1.0,1.0,shared
n4624,4,1.0,1.0,1.0,1.0,1.0,shared
n4625,4,1.0,1.0,1.0,1.0,1.0,shared
n4626,3,0.75,1.0,1.0,1.0,0.9375,shared
n4627,3,0.75,1.0,1.0,1.0,0.9375,shared
n4628,3,0.75,1.0,1.0,1.0,0.9375,shared
n4629,4,1.0,1.0,1.0,1.0,1.0,shared
n4630,4,1.0,1.0,1.0,1.0,1.0,shared
n4631,4,1.0,1.0,1.0,1.0,1.0,shared
n4632,4,1.0,1.0,1.0,1.0,1.0,shared
n4633,4,1.0,1.0,1.0,1.0,1.0,shared
n4634,3,0.75,1.0,1.0,1.0,0.9375,shared
n4635,3,0.75,1.0,1.0,1.0,0.9375,shared
n4636,4,1.0,1.0,1.0,1.0,1.0,shared
n4637,4,1.0,1.0,1.0,1.0,1.0,shared
n4638,4,1.0,1.0,1.0,1.0,1.0,shared
n4639,4,1.0,1.0,1.0,1.0,1.0,shared
n4640,4,1.0,1.0,1.0,1.0,1.0,shared
n4641,4,1.0,1.0,1.0,1.0,1.0,shared
n4642,4,1.0,1.0,1.0,1.0,1.0,shared
n4643,4,1.0,1.0,1.0,1.0,1.0,shared
n4644,4,1.0,1.0,1.0,1.0,1.0,shared
n4645,4,1.0,0.5,1.0,1.0,0.875,shared
n4646,4,1.0,1.0,1.0,1.0,1.0,shared
n4647,4,1.0,1.0,1.0,1.0,1.0,shared
n4648,3,0.75,1.0,1.0,1.0,0.9375,shared
n4649,4,1.0,1.0,1.0,1.0,1.0,shared
n4650,4,1.0,1.0,1.0,1.0,1.0,shared
n4651,4,1.0,1.0,1.0,1.0,1.0,shared
n4652,4,1.0,1.0,1.0,1.0,1.0,shared
n4653,3,0.75,1.0,1.0,1.0,0.9375,shared
n4654,4,1.0,1.0,1.0,1.0,1.0,shared
n4655,4,1.0,1.0,1.0,1.0,1.0,shared
n4656,4,1.0,1.0,1.0,1.0,1.0,shared
n4657,4,1.0,1.0,1.0,1.0,1.0,shared
n4658,4,1.0,1.0,1.0,1.0,1.0,shared
n4659,4,1.0,1.0,1.0,1.0,1.0,shared
n4660,4,1.0,1.0,1.0,1.0,1.0,shared
n4661,4,1.0,1.0,1.0,1.0,1.0,shared
n4662,4,1.0,1.0,1.0,1.0,1.0,shared
n4663,4,1.0,0.5,0.5,1.0,0.75,shared
n4664,4,1.0,1.0,1.0,1.0,1.0,shared
n4665,4,1.0,1.0,1.0,1.0,1.0,shared
n4666,4,1.0,1.0,1.0,1.0,1.0,shared
n4667,3,0.75,1.0,1.0,1.0,0.9375,shared
n4668,4,1.0,1.0,1.0,1.0,1.0,shared
n4669,4,1.0,1.0,1.0,1.0,1.0,shared
n4670,4,1.0,1.0,1.0,1.0,1.0,shared
n4671,4,1.0,1.0,1.0,1.0,1.0,shared
n4672,4,1.0,1.0,1.0,1.0,1.0,shared
n4673,4,1.0,1.0,1.0,1.0,1.0,shared
n4674,4,1.0,1.0,1.0,1.0,1.0,shared
n4675,4,1.0,1.0,1.0,1.0,1.0,shared
n4676,4,1.0,1.0,1.0,1.0,1.0,shared
n4677,4,1.0,1.0,1.0,1.0,1.0,shared
n4678,3,0.75,1.0,1.0,1.0,0.9375,shared
n4679,4,1.0,1.0,1.0,1.0,1.0,shared
n4680,4,1.0,1.0,1.0,1.0,1.0,shared
n4681,4,1.0,1.0,1.0,1.0,1.0,shared
n4682,4,1.0,1.0,1.0,1.0,1.0,shared
n4683,4,1.0,1.0,1.0,1.0,1.0,shared
n4684,4,1.0,1.0,1.0,1.0,1.0,shared
n4685,4,1.0,1.0,1.0,1.0,1.0,shared
n4686,4,1.0,1.0,1.0,1.0,1.0,shared
n4687,4,1.0,1.0,1.0,1.0,1.0,shared
n4688,4,1.0,1.0,1.0,1.0,1.0,shared
n4689,4,1.0,1.0,1.0,1.0,1.0,shared
n4690,4,1.0,1.0,1.0,1.0,1.0,shared
n4691,4,1.0,1.0,1.0,1.0,1.0,shared
n4692,4,1.0,1.0,1.0,1.0,1.0,shared
n4693,4,1.0,1.0,1.0,1.0,1.0,shared
n4694,4,1.0,1.0,1.0,1.0,1.0,shared
n4695,4,1.0,1.0,1.0,1.0,1.0,shared
n4696,4,1.0,1.0,1.0,1.0,1.0,shared
n4697,3,0.75,1.0,1.0,1.0,0.9375,shared
n4698,4,1.0,1.0,1.0,1.0,1.0,shared
n4699,4,1.0,1.0,1.0,1.0,1.0,shared
n4700,4,1.0,1.0,1.0,1.0,1.0,shared
n4701,4,1.0,1.0,1.0,1.0,1.0,shared
n4702,3,0.75,1.0,1.0,1.0,0.9375,shared
n4703,4,1.0,1.0,1.0,1.0,1.0,shared
n4704,4,1.0,1.0,1.0,1.0,1.0,shared
n4705,3,0.75,1.0,1.0,1.0,0.9375,shared
n4706,4,1.0,1.0,1.0,1.0,1.0,shared
n4707,4,1.0,1.0,1.0,1.0,1.0,shared
n4708,3,0.75,0.5,0.5,1.0,0.6875,shared
n4709,3,0.75,1.0,1.0,1.0,0.9375,shared
n4710,4,1.0,1.0,1.0,1.0,1.0,shared
n4711,4,1.0,1.0,1.0,1.0,1.0,shared
n4712,4,1.0,1.0,1.0,1.0,1.0,shared
n4713,4,1.0,1.0,1.0,1.0,1.0,shared
n4714,3,0.75,1.0,1.0,1.0,0.9375,shared
n4715,4,1.0,1.0,1.0,1.0,1.0,shared
n4716,4,1.0,1.0,1.0,1.0,1.0,shared
n4717,4,1.0,1.0,1.0,1.0,1.0,shared
n4718,3,0.75,1.0,1.0,1.0,0.9375,shared
n4719,4,1.0,1.0,1.0,1.0,1.0,shared
n4720,4,1.0,1.0,1.0,1.0,1.0,shared
n4721,4,1.0,1.0,1.0,1.0,1.0,shared
n4722,3,0.75,1.0,1.0,1.0,0.9375,shared
n4723,3,0.75,1.0,1.0,1.0,0.9375,shared
n4724,4,1.0,1.0,1.0,1.0,1.0,shared
n4725,4,1.0,1.0,1.0,1.0,1.0,shared
n4726,4,1.0,1.0,1.0,1.0,1.0,shared
n4727,4,1.0,1.0,1.0,1.0,1.0,shared
n4728,4,1.0,1.0,1.0,1.0,1.0,shared
n4729,3,0.75,1.0,1.0,1.0,0.9375,shared
n4730,4,1.0,1.0,1.0,1.0,1.0,shared
n4731,4,1.0,1.0,1.0,1.0,1.0,shared
n4732,3,0.75,1.0,1.0,1.0,0.9375,shared
n4733,4,1.0,1.0,1.0,1.0,1.0,shared
n4734,4,1.0,1.0,1.0,1.0,1.0,shared
n4735,4,1.0,1.0,1.0,1.0,1.0,shared
n4736,3,0.75,1.0,1.0,1.0,0.9375,shared
n4737,4,1.0,1.0,1.0,1.0,1.0,shared
n4738,4,1.0,1.0,1.0,1.0,1.0,shared
n4739,3,0.75,1.0,1.0,1.0,0.9375,shared
n4740,4,1.0,1.0,1.0,1.0,1.0,shared
n4741,4,1.0,1.0,1.0,1.0,1.0,shared
n4742,4,1.0,1.0,1.0,1.0,1.0,shared
n4743,4,1.0,1.0,1.0,1.0,1.0,shared
n4744,4,1.0,1.0,1.0,1.0,1.0,shared
n4745,3,0.75,1.0,1.0,1.0,0.9375,shared
n4746,4,1.0,1.0,1.0,1.0,1.0,shared
n4747,4,1.0,1.0,1.0,1.0,1.0,shared
n4748,4,1.0,1.0,1.0,1.0,1.0,shared
n4749,3,0.75,1.0,1.0,1.0,0.9375,shared
n4750,3,0.75,1.0,1.0,1.0,0.9375,shared
n4751,4,1.0,1.0,1.0,1.0,1.0,shared
n4752,4,1.0,1.0,1.0,1.0,1.0,shared
n4753,4,1.0,1.0,1.0,1.0,1.0,shared
n4754,4,1.0,1.0,1.0,1.0,1.0,shared
n4755,4,1.0,1.0,1.0,1.0,1.0,shared
n4756,4,1.0,1.0,1.0,1.0,1.0,shared
n4757,4,1.0,1.0,1.0,1.0,1.0,shared
n4758,4,1.0,1.0,1.0,1.0,1.0,shared
n4759,3,0.75,1.0,1.0,1.0,0.9375,shared
n4760,3,0.75,1.0,1.0,1.0,0.9375,shared
n4761,4,1.0,1.0,1.0,1.0,1.0,shared
n4762,3,0.75,1.0,1.0,1.0,0.9375,shared
n4763,4,1.0,1.0,1.0,1.0,1.0,shared
n4764,4,1.0,1.0,1.0,1.0,1.0,shared
n4765,4,1.0,1.0,1.0,1.0,1.0,shared
n4766,4,1.0,1.0,0.5,1.0,0.875,shared
n4767,3,0.75,1.0,1.0,1.0,0.9375,shared
n4768,4,1.0,1.0,1.0,1.0,1.0,shared
n4769,4,1.0,1.0,1.0,1.0,1.0,shared
n4770,4,1.0,1.0,1.0,1.0,1.0,shared
n4771,4,1.0,1.0,1.0,1.0,1.0,shared
n4772,4,1.0,1.0,1.0,1.0,1.0,shared
n4773,3,0.75,1.0,1.0,1.0,0.9375,shared
n4774,4,1.0,1.0,1.0,1.0,1.0,shared
n4775,4,1.0,1.0,1.0,1.0,1.0,shared
n4776,4,1.0,1.0,1.0,1.0,1.0,shared
n4777,4,1.0,1.0,1.0,1.0,1.0,shared
n4778,3,0.75,1.0,1.0,1.0,0.9375,shared
n4779,3,0.75,1.0,1.0,1.0,0.9375,shared
n4780,3,0.75,1.0,1.0,1.0,0.9375,shared
n4781,4,1.0,1.0,1.0,1.0,1.0,shared
n4782,4,1.0,1.0,1.0,1.0,1.0,shared
n4783,4,1.0,1.0,1.0,1.0,1.0,shared
n4784,3,0.75,1.0,1.0,1.0,0.9375,shared
n4785,3,0.75,1.0,1.0,1.0,0.9375,shared
n4786,4,1.0,1.0,1.0,1.0,1.0,shared
n4787,4,1.0,1.0,1.0,1.0,1.0,shared
n4788,4,1.0,1.0,1.0,1.0,1.0,shared
n4789,4,1.0,1.0,1.0,1.0,1.0,shared
n4790,3,0.75,1.0,1.0,1.0,0.9375,shared
n4791,4,1.0,1.0,1.0,1.0,1.0,shared
n4792,4,1.0,1.0,1.0,1.0,1.0,shared
n4793,4,1.0,1.0,1.0,1.0,1.0,shared
n4794,4,1.0,1.0,1.0,1.0,1.0,shared
n4795,4,1.0,1.0,1.0,1.0,1.0,shared
n4796,4,1.0,1.0,1.0,1.0,1.0,shared
n4797,4,1.0,1.0,1.0,1.0,1.0,shared
n4798,3,0.75,1.0,1.0,1.0,0.9375,shared
n4799,4,1.0,1.0,1.0,1.0,1.0,shared
n4800,4,1.0,1.0,1.0,1.0,1.0,shared
n4801,4,1.0,1.0,1.0,1.0,1.0,shared
n4802,3,0.75,1.0,1.0,1.0,0.9375,shared
n4803,3,0.75,1.0,1.0,1.0,0.9375,shared
n4804,3,0.75,1.0,1.0,1.0,0.9375,shared
n4805,4,1.0,1.0,1.0,1.0,1.0,shared
n4806,4,1.0,1.0,1.0,1.0,1.0,shared
n4807,4,1.0,1.0,1.0,1.0,1.0,shared
n4808,3,0.75,1.0,1.0,1.0,0.9375,shared
n4809,4,1.0,1.0,1.0,1.0,1.0,shared
n4810,4,1.0,1.0,1.0,1.0,1.0,shared
n4811,4,1.0,1.0,1.0,1.0,1.0,shared
n4812,3,0.75,1.0,1.0,1.0,0.9375,shared
n4813,3,0.75,1.0,1.0,1.0,0.9375,shared
n4814,3,0.75,1.0,1.0,1.0,0.9375,shared
n4815,4,1.0,1.0,1.0,1.0,1.0,shared
n4816,4,1.0,1.0,1.0,1.0,1.0,shared
n4817,4,1.0,1.0,1.0,1.0,1.0,shared
n4818,4,1.0,1.0,1.0,1.0,1.0,shared
n4819,4,1.0,1.0,1.0,1.0,1.0,shared
n4820,4,1.0,1.0,1.0,1.0,1.0,shared
n4821,4,1.0,1.0,1.0,1.0,1.0,shared
n4822,3,0.75,1.0,1.0,1.0,0.9375,shared
n4823,4,1.0,1.0,1.0,1.0,1.0,shared
n4824,4,1.0,1.0,1.0,1.0,1.0,shared
n4825,3,0.75,1.0,1.0,1.0,0.9375,shared
n4826,4,1.0,1.0,1.0,1.0,1.0,shared
n4827,4,1.0,1.0,1.0,1.0,1.0,shared
n4828,3,0.75,1.0,1.0,1.0,0.9375,shared
n4829,4,1.0,1.0,1.0,1.0,1.0,shared
n4830,4,1.0,1.0,1.0,1.0,1.0,shared
n4831,4,1.0,1.0,1.0,1.0,1.0,shared
n4832,4,1.0,1.0,1.0,1.0,1.0,shared
n4833,4,1.0,1.0,1.0,1.0,1.0,shared
n4834,3,0.75,1.0,1.0,1.0,0.9375,shared
n4835,4,1.0,1.0,1.0,1.0,1.0,shared
n4836,4,1.0,1.0,1.0,1.0,1.0,shared
n4837,4,1.0,1.0,1.0,1.0,1.0,shared
n4838,3,0.75,1.0,1.0,1.0,0.9375,shared
n4839,3,0.75,1.0,1.0,1.0,0.9375,shared
n4840,3,0.75,1.0,1.0,1.0,0.9375,shared
n4841,4,1.0,1.0,1.0,1.0,1.0,shared
n4842,4,1.0,1.0,1.0,1.0,1.0,shared
n4843,3,0.75,1.0,1.0,1.0,0.9375,shared
n4844,4,1.0,1.0,1.0,1.0,1.0,shared
n4845,4,1.0,1.0,1.0,1.0,1.0,shared
n4846,4,1.0,1.0,1.0,1.0,1.0,shared
n4847,4,1.0,1.0,1.0,1.0,1.0,shared
n4848,3,0.75,1.0,1.0,1.0,0.9375,shared
n4849,4,1.0,1.0,1.0,1.0,1.0,shared
n4850,4,1.0,1.0,1.0,1.0,1.0,shared
n4851,4,1.0,1.0,1.0,1.0,1.0,shared
n4852,4,1.0,1.0,1.0,1.0,1.0,shared
n4853,4,1.0,1.0,1.0,1.0,1.0,shared
n4854,4,1.0,1.0,1.0,1.0,1.0,shared
n4855,3,0.75,1.0,1.0,1.0,0.9375,shared
n4856,4,1.0,1.0,1.0,1.0,1.0,shared
n4857,4,1.0,1.0,1.0,1.0,1.0,shared
n4858,4,1.0,1.0,1.0,1.0,1.0,shared
n4859,4,1.0,1.0,1.0,1.0,1.0,shared
n4860,4,1.0,1.0,1.0,1.0,1.0,shared
n4861,3,0.75,1.0,1.0,1.0,0.9375,shared
n4862,3,0.75,1.0,1.0,1.0,0.9375,shared
n4863,4,1.0,1.0,1.0,1.0,1.0,shared
n4864,4,1.0,1.0,1.0,1.0,1.0,shared
n4865,4,1.0,1.0,1.0,1.0,1.0,shared
n4866,3,0.75,1.0,1.0,1.0,0.9375,shared
n4867,3,0.75,1.0,1.0,1.0,0.9375,shared
n4868,4,1.0,1.0,1.0,1.0,1.0,shared
n4869,4,1.0,1.0,1.0,1.0,1.0,shared
n4870,3,0.75,1.0,1.0,1.0,0.9375,shared
n4871,4,1.0,1.0,1.0,1.0,1.0,shared
n4872,3,0.75,1.0,1.0,1.0,0.9375,shared
n4873,4,1.0,1.0,1.0,1.0,1.0,shared
n4874,4,1.0,1.0,1.0,1.0,1.0,shared
n4875,4,1.0,1.0,1.0,1.0,1.0,shared
n4876,4,1.0,1.0,1.0,1.0,1.0,shared
n4877,4,1.0,1.0,1.0,1.0,1.0,shared
n4878,4,1.0,1.0,1.0,1.0,1.0,shared
n4879,4,1.0,1.0,1.0,1.0,1.0,shared
n4880,4,1.0,1.0,1.0,1.0,1.0,shared
n4881,3,0.75,1.0,1.0,1.0,0.9375,shared
n4882,4,1.0,1.0,1.0,1.0,1.0,shared
n4883,3,0.75,1.0,1.0,1.0,0.9375,shared
n4884,3,0.75,1.0,1.0,1.0,0.9375,shared
n4885,3,0.75,1.0,1.0,1.0,0.9375,shared
n4886,4,1.0,1.0,1.0,1.0,1.0,shared
n4887,4,1.0,1.0,1.0,1.0,1.0,shared
n4888,4,1.0,1.0,1.0,1.0,1.0,shared
n4889,4,1.0,1.0,1.0,1.0,1.0,shared
n4890,3,0.75,1.0,1.0,1.0,0.9375,shared
n4891,4,1.0,1.0,1.0,1.0,1.0,shared
n4892,4,1.0,1.0,1.0,1.0,1.0,shared
n4893,4,1.0,1.0,1.0,1.0,1.0,shared
n4894,4,1.0,1.0,1.0,1.0,1.0,shared
n4895,4,1.0,1.0,1.0,1.0,1.0,shared
n4896,3,0.75,1.0,1.0,1.0,0.9375,shared
n4897,4,1.0,1.0,1.0,1.0,1.0,shared
n4898,4,1.0,1.0,0.7894736842105263,1.0,0.9473684210526316,shared
n4899,4,1.0,1.0,1.0,1.0,1.0,shared
n4900,3,0.75,1.0,1.0,1.0,0.9375,shared
n4901,4,1.0,1.0,1.0,1.0,1.0,shared
n4902,4,1.0,1.0,1.0,1.0,1.0,shared
n4903,4,1.0,1.0,1.0,1.0,1.0,shared
n4904,4,1.0,1.0,1.0,1.0,1.0,shared
n4905,4,1.0,1.0,1.0,1.0,1.0,shared
n4906,3,0.75,1.0,1.0,1.0,0.9375,shared
n4907,4,1.0,1.0,1.0,1.0,1.0,shared
n4908,4,1.0,1.0,1.0,1.0,1.0,shared
n4909,3,0.75,1.0,1.0,1.0,0.9375,shared
n4910,3,0.75,1.0,1.0,1.0,0.9375,shared
n4911,4,1.0,1.0,1.0,1.0,1.0,shared
n4912,4,1.0,1.0,1.0,1.0,1.0,shared
n4913,4,1.0,1.0,1.0,1.0,1.0,shared
n4914,3,0.75,1.0,1.0,1.0,0.9375,shared
n4915,4,1.0,1.0,1.0,1.0,1.0,shared
n4916,4,1.0,1.0,1.0,1.0,1.0,shared
n4917,3,0.75,1.0,1.0,1.0,0.9375,shared
n4918,4,1.0,1.0,1.0,1.0,1.0,shared
n4919,3,0.75,1.0,1.0,1.0,0.9375,shared
n4920,4,1.0,1.0,1.0,1.0,1.0,shared
n4921,3,0.75,1.0,1.0,1.0,0.9375,shared
n4922,4,1.0,1.0,1.0,1.0,1.0,shared
n4923,4,1.0,1.0,1.0,1.0,1.0,shared
n4924,3,0.75,1.0,1.0,1.0,0.9375,shared
n4925,4,1.0,1.0,1.0,1.0,1.0,shared
n4926,3,0.75,1.0,1.0,1.0,0.9375,shared
n4927,4,1.0,1.0,1.0,1.0,1.0,shared
n4928,4,1.0,1.0,1.0,1.0,1.0,shared
n4929,4,1.0,1.0,1.0,1.0,1.0,shared
n4930,4,1.0,1.0,1.0,1.0,1.0,shared
n4931,4,1.0,1.0,1.0,1.0,1.0,shared
n4932,4,1.0,1.0,1.0,1.0,1.0,shared
n4933,4,1.0,1.0,1.0,1.0,1.0,shared
n4934,4,1.0,1.0,1.0,1.0,1.0,shared
n4935,4,1.0,1.0,1.0,1.0,1.0,shared
n4936,4,1.0,1.0,1.0,1.0,1.0,shared
n4937,4,1.0,1.0,1.0,1.0,1.0,shared
n4938,4,1.0,1.0,1.0,1.0,1.0,shared
n4939,4,1.0,1.0,1.0,1.0,1.0,shared
n4940,4,1.0,1.0,1.0,1.0,1.0,shared
n4941,4,1.0,1.0,1.0,1.0,1.0,shared
n4942,4,1.0,1.0,1.0,1.0,1.0,shared
n4943,4,1.0,1.0,1.0,1.0,1.0,shared
n4944,4,1.0,1.0,1.0,1.0,1.0,shared
n4945,4,1.0,1.0,1.0,1.0,1.0,shared
n4946,3,0.75,1.0,1.0,1.0,0.9375,shared
n4947,4,1.0,1.0,1.0,1.0,1.0,shared
n4948,4,1.0,1.0,1.0,1.0,1.0,shared
n4949,3,0.75,1.0,1.0,1.0,0.9375,shared
n4950,4,1.0,1.0,1.0,1.0,1.0,shared
n4951,4,1.0,1.0,1.0,1.0,1.0,shared
n4952,4,1.0,1.0,1.0,1.0,1.0,shared
n4953,3,0.75,1.0,1.0,1.0,0.9375,shared
n4954,4,1.0,1.0,1.0,1.0,1.0,shared
n4955,4,1.0,1.0,1.0,1.0,1.0,shared
n4956,4,1.0,1.0,1.0,1.0,1.0,shared
n4957,4,1.0,1.0,1.0,1.0,1.0,shared
n4958,4,1.0,1.0,1.0,1.0,1.0,shared
n4959,4,1.0,1.0,1.0,1.0,1.0,shared
n4960,4,1.0,1.0,1.0,1.0,1.0,shared
n4961,4,1.0,1.0,1.0,1.0,1.0,shared
n4962,4,1.0,1.0,1.0,1.0,1.0,shared
n4963,3,0.75,1.0,1.0,1.0,0.9375,shared
n4964,3,0.75,1.0,1.0,1.0,0.9375,shared
n4965,3,0.75,1.0,1.0,1.0,0.9375,shared
n4966,4,1.0,1.0,1.0,1.0,1.0,shared
n4967,3,0.75,1.0,1.0,1.0,0.9375,shared
n4968,4,1.0,1.0,1.0,1.0,1.0,shared
n4969,4,1.0,1.0,1.0,1.0,1.0,shared
n4970,4,1.0,1.0,1.0,1.0,1.0,shared
n4971,4,1.0,1.0,1.0,1.0,1.0,shared
n4972,4,1.0,1.0,1.0,1.0,1.0,shared
n4973,4,1.0,1.0,1.0,1.0,1.0,shared
n4974,4,1.0,1.0,1.0,1.0,1.0,shared
n4975,3,0.75,1.0,1.0,1.0,0.9375,shared
n4976,4,1.0,1.0,1.0,1.0,1.0,shared
n4977,4,1.0,1.0,1.0,1.0,1.0,shared
n4978,4,1.0,1.0,1.0,1.0,1.0,shared
n4979,4,1.0,1.0,1.0,1.0,1.0,shared
n4980,4,1.0,1.0,1.0,1.0,1.0,shared
n4981,4,1.0,1.0,1.0,1.0,1.0,shared
n4982,4,1.0,1.0,1.0,1.0,1.0,shared
n4983,4,1.0,1.0,1.0,1.0,1.0,shared
n4984,4,1.0,1.0,1.0,1.0,1.0,shared
n4985,4,1.0,1.0,1.0,1.0,1.0,shared
n4986,4,1.0,1.0,1.0,1.0,1.0,shared
n4987,4,1.0,1.0,1.0,1.0,1.0,shared
n4988,4,1.0,1.0,1.0,1.0,1.0,shared
n4989,4,1.0,1.0,1.0,1.0,1.0,shared
n4990,4,1.0,1.0,1.0,1.0,1.0,shared
n4991,3,0.75,1.0,1.0,1.0,0.9375,shared
n4992,4,1.0,1.0,1.0,1.0,1.0,shared
n4993,4,1.0,1.0,1.0,1.0,1.0,shared
n4994,3,0.75,1.0,1.0,1.0,0.9375,shared
n4995,4,1.0,1.0,1.0,1.0,1.0,shared
n4996,4,1.0,1.0,1.0,1.0,1.0,shared
n4997,4,1.0,1.0,1.0,1.0,1.0,shared
n4998,4,1.0,1.0,1.0,1.0,1.0,shared
n4999,4,1.0,1.0,1.0,1.0,1.0,shared
n5000,4,1.0,1.0,1.0,1.0,1.0,shared
n5001,4,1.0,1.0,1.0,1.0,1.0,shared
n5002,4,1.0,1.0,1.0,1.0,1.0,shared
n5003,3,0.75,1.0,1.0,1.0,0.9375,shared
n5004,4,1.0,1.0,1.0,1.0,1.0,shared
n5005,3,0.75,1.0,1.0,1.0,0.9375,shared
n5006,3,0.75,1.0,1.0,1.0,0.9375,shared
n5007,4,1.0,1.0,1.0,1.0,1.0,shared
n5008,4,1.0,1.0,1.0,1.0,1.0,shared
n5009,4,1.0,1.0,1.0,1.0,1.0,shared
n5010,4,1.0,1.0,1.0,1.0,1.0,shared
n5011,4,1.0,1.0,1.0,1.0,1.0,shared
n5012,4,1.0,1.0,1.0,1.0,1.0,shared
n5013,4,1.0,1.0,1.0,1.0,1.0,shared
n5014,4,1.0,1.0,1.0,1.0,1.0,shared
n5015,4,1.0,1.0,1.0,1.0,1.0,shared
n5016,4,1.0,1.0,1.0,1.0,1.0,shared
n5017,4,1.0,1.0,1.0,1.0,1.0,shared
n5018,3,0.75,1.0,1.0,1.0,0.9375,shared
n5019,4,1.0,1.0,1.0,1.0,1.0,shared
n5020,3,0.75,1.0,1.0,1.0,0.9375,shared
n5021,4,1.0,1.0,1.0,1.0,1.0,shared
n5022,3,0.75,1.0,1.0,1.0,0.9375,shared
n5023,4,1.0,1.0,1.0,1.0,1.0,shared
n5024,4,1.0,1.0,1.0,1.0,1.0,shared
n5025,4,1.0,1.0,1.0,1.0,1.0,shared
n5026,4,1.0,1.0,1.0,1.0,1.0,shared
n5027,4,1.0,1.0,1.0,1.0,1.0,shared
n5028,3,0.75,1.0,1.0,1.0,0.9375,shared
n5029,4,1.0,1.0,1.0,1.0,1.0,shared
n5030,4,1.0,1.0,1.0,1.0,1.0,shared
n5031,4,1.0,1.0,1.0,1.0,1.0,shared
n5032,4,1.0,1.0,1.0,1.0,1.0,shared
n5033,3,0.75,1.0,1.0,1.0,0.9375,shared
n5034,3,0.75,1.0,1.0,1.0,0.9375,shared
n5035,4,1.0,1.0,1.0,1.0,1.0,shared
n5036,4,1.0,1.0,1.0,1.0,1.0,shared
n5037,4,1.0,1.0,1.0,1.0,1.0,shared
n5038,4,1.0,1.0,1.0,1.0,1.0,shared
n5039,4,1.0,1.0,1.0,1.0,1.0,shared
n5040,4,1.0,1.0,1.0,1.0,1.0,shared
n5041,4,1.0,1.0,1.0,1.0,1.0,shared
n5042,4,1.0,1.0,1.0,1.0,1.0,shared
n5043,4,1.0,1.0,1.0,1.0,1.0,shared
n5044,4,1.0,1.0,1.0,1.0,1.0,shared
n5045,4,1.0,1.0,1.0,1.0,1.0,shared
n5046,4,1.0,1.0,1.0,1.0,1.0,shared
n5047,4,1.0,1.0,1.0,1.0,1.0,shared
n5048,4,1.0,1.0,1.0,1.0,1.0,shared
n5049,4,1.0,1.0,1.0,1.0,1.0,shared
n5050,4,1.0,1.0,1.0,1.0,1.0,shared
n5051,4,1.0,1.0,1.0,1.0,1.0,shared
n5052,3,0.75,1.0,1.0,1.0,0.9375,shared
n5053,3,0.75,1.0,1.0,1.0,0.9375,shared
n5054,3,0.75,1.0,1.0,1.0,0.9375,shared
n5055,4,1.0,1.0,1.0,1.0,1.0,shared
n5056,4,1.0,1.0,1.0,1.0,1.0,shared
n5057,4,1.0,1.0,1.0,1.0,1.0,shared
n5058,4,1.0,1.0,1.0,1.0,1.0,shared
n5059,4,1.0,1.0,1.0,1.0,1.0,shared
n5060,4,1.0,1.0,1.0,1.0,1.0,shared
n5061,4,1.0,1.0,1.0,1.0,1.0,shared
n5062,4,1.0,1.0,1.0,1.0,1.0,shared
n5063,4,1.0,1.0,1.0,1.0,1.0,shared
n5064,4,1.0,1.0,1.0,1.0,1.0,shared
n5065,4,1.0,1.0,1.0,1.0,1.0,shared
n5066,4,1.0,1.0,1.0,1.0,1.0,shared
n5067,3,0.75,1.0,1.0,1.0,0.9375,shared
n5068,4,1.0,1.0,1.0,1.0,1.0,shared
n5069,3,0.75,1.0,1.0,1.0,0.9375,shared
n5070,4,1.0,1.0,1.0,1.0,1.0,shared
n5071,4,1.0,1.0,1.0,1.0,1.0,shared
n5072,4,1.0,1.0,1.0,1.0,1.0,shared
n5073,4,1.0,1.0,1.0,1.0,1.0,shared
n5074,4,1.0,1.0,1.0,1.0,1.0,shared
n5075,4,1.0,1.0,1.0,1.0,1.0,shared
n5076,4,1.0,1.0,1.0,1.0,1.0,shared
n5077,4,1.0,1.0,1.0,1.0,1.0,shared
n5078,4,1.0,1.0,1.0,1.0,1.0,shared
n5079,3,0.75,1.0,1.0,1.0,0.9375,shared
n5080,3,0.75,1.0,1.0,1.0,0.9375,shared
n5081,4,1.0,1.0,1.0,1.0,1.0,shared
n5082,4,1.0,1.0,1.0,1.0,1.0,shared
n5083,4,1.0,1.0,1.0,1.0,1.0,shared
n5084,4,1.0,1.0,1.0,1.0,1.0,shared
n5085,4,1.0,1.0,1.0,1.0,1.0,shared
n5086,4,1.0,1.0,1.0,1.0,1.0,shared
n5087,3,0.75,1.0,1.0,1.0,0.9375,shared
n5088,4,1.0,1.0,1.0,1.0,1.0,shared
n5089,4,1.0,1.0,1.0,1.0,1.0,shared
n5090,4,1.0,1.0,1.0,1.0,1.0,shared
n5091,4,1.0,1.0,1.0,1.0,1.0,shared
n5092,4,1.0,1.0,1.0,1.0,1.0,shared
n5093,4,1.0,1.0,1.0,1.0,1.0,shared
n5094,4,1.0,1.0,1.0,1.0,1.0,shared
n5095,4,1.0,1.0,1.0,1.0,1.0,shared
n5096,4,1.0,1.0,1.0,1.0,1.0,shared
n5097,4,1.0,1.0,1.0,1.0,1.0,shared
n5098,4,1.0,1.0,1.0,1.0,1.0,shared
n5099,4,1.0,1.0,1.0,1.0,1.0,shared
n5100,4,1.0,1.0,1.0,1.0,1.0,shared
n5101,4,1.0,1.0,1.0,1.0,1.0,shared
n5102,3,0.75,1.0,1.0,1.0,0.9375,shared
n5103,4,1.0,1.0,1.0,1.0,1.0,shared
n5104,4,1.0,1.0,1.0,1.0,1.0,shared
n5105,3,0.75,1.0,1.0,1.0,0.9375,shared
n5106,4,1.0,1.0,1.0,1.0,1.0,shared
n5107,4,1.0,1.0,1.0,1.0,1.0,shared
n5108,4,1.0,1.0,1.0,1.0,1.0,shared
n5109,3,0.75,1.0,1.0,1.0,0.9375,shared
n5110,4,1.0,1.0,1.0,1.0,1.0,shared
n5111,3,0.75,1.0,1.0,1.0,0.9375,shared
n5112,4,1.0,1.0,1.0,1.0,1.0,shared
n5113,3,0.75,1.0,1.0,1.0,0.9375,shared
n5114,4,1.0,1.0,1.0,1.0,1.0,shared
n5115,4,1.0,1.0,1.0,1.0,1.0,shared
n5116,3,0.75,1.0,1.0,1.0,0.9375,shared
n5117,4,1.0,1.0,1.0,1.0,1.0,shared
n5118,4,1.0,1.0,1.0,1.0,1.0,shared
n5119,4,1.0,1.0,1.0,1.0,1.0,shared
n5120,4,1.0,1.0,1.0,1.0,1.0,shared
n5121,4,1.0,1.0,1.0,1.0,1.0,shared
n5122,4,1.0,1.0,1.0,1.0,1.0,shared
n5123,4,1.0,1.0,1.0,1.0,1.0,shared
n5124,4,1.0,1.0,1.0,1.0,1.0,shared
n5125,4,1.0,1.0,1.0,1.0,1.0,shared
n5126,4,1.0,1.0,1.0,1.0,1.0,shared
n5127,4,1.0,1.0,1.0,1.0,1.0,shared
n5128,4,1.0,1.0,1.0,1.0,1.0,shared
n5129,4,1.0,1.0,1.0,1.0,1.0,shared
n5130,4,1.0,1.0,1.0,1.0,1.0,shared
n5131,3,0.75,1.0,1.0,1.0,0.9375,shared
n5132,3,0.75,1.0,1.0,1.0,0.9375,shared
n5133,4,1.0,1.0,1.0,1.0,1.0,shared
n5134,4,1.0,1.0,1.0,1.0,1.0,shared
n5135,4,1.0,1.0,1.0,1.0,1.0,shared
n5136,4,1.0,1.0,1.0,1.0,1.0,shared
n5137,3,0.75,1.0,1.0,1.0,0.9375,shared
n5138,4,1.0,1.0,1.0,1.0,1.0,shared
n5139,4,1.0,1.0,1.0,1.0,1.0,shared
n5140,3,0.75,1.0,1.0,1.0,0.9375,shared
n5141,4,1.0,1.0,1.0,1.0,1.0,shared
n5142,4,1.0,1.0,1.0,1.0,1.0,shared
n5143,4,1.0,1.0,1.0,1.0,1.0,shared
n5144,3,0.75,1.0,1.0,1.0,0.9375,shared
n5145,4,1.0,1.0,1.0,1.0,1.0,shared
n5146,4,1.0,1.0,1.0,1.0,1.0,shared
n5147,4,1.0,1.0,1.0,1.0,1.0,shared
n5148,4,1.0,1.0,1.0,1.0,1.0,shared
n5149,4,1.0,1.0,1.0,1.0,1.0,shared
n5150,3,0.75,1.0,1.0,1.0,0.9375,shared
n5151,4,1.0,1.0,1.0,1.0,1.0,shared
n5152,4,1.0,0.5,0.5,1.0,0.75,shared
n5153,4,1.0,1.0,1.0,1.0,1.0,shared
n5154,4,1.0,1.0,1.0,1.0,1.0,shared
n5155,4,1.0,1.0,1.0,1.0,1.0,shared
n5156,4,1.0,1.0,1.0,1.0,1.0,shared
n5157,4,1.0,1.0,1.0,1.0,1.0,shared
n5158,4,1.0,1.0,1.0,1.0,1.0,shared
n5159,4,1.0,1.0,1.0,1.0,1.0,shared
n5160,4,1.0,1.0,1.0,1.0,1.0,shared
n5161,4,1.0,1.0,1.0,1.0,1.0,shared
n5162,4,1.0,1.0,1.0,1.0,1.0,shared
n5163,4,1.0,1.0,1.0,1.0,1.0,shared
n5164,3,0.75,1.0,1.0,1.0,0.9375,shared
n5165,4,1.0,1.0,1.0,1.0,1.0,shared
n5166,3,0.75,1.0,1.0,1.0,0.9375,shared
n5167,4,1.0,1.0,1.0,1.0,1.0,shared
n5168,4,1.0,1.0,1.0,1.0,1.0,shared
n5169,4,1.0,1.0,1.0,1.0,1.0,shared
n5170,4,1.0,1.0,1.0,1.0,1.0,shared
n5171,4,1.0,1.0,1.0,1.0,1.0,shared
n5172,4,1.0,1.0,1.0,1.0,1.0,shared
n5173,4,1.0,1.0,1.0,1.0,1.0,shared
n5174,4,1.0,1.0,1.0,1.0,1.0,shared
n5175,4,1.0,1.0,1.0,1.0,1.0,shared
n5176,4,1.0,1.0,1.0,1.0,1.0,shared
n5177,4,1.0,1.0,1.0,1.0,1.0,shared
n5178,4,1.0,1.0,1.0,1.0,1.0,shared
n5179,4,1.0,1.0,1.0,1.0,1.0,shared
n5180,4,1.0,1.0,1.0,1.0,1.0,shared
n5181,4,1.0,1.0,1.0,1.0,1.0,shared
n5182,4,1.0,1.0,1.0,1.0,1.0,shared
n5183,4,1.0,1.0,1.0,1.0,1.0,shared
n5184,4,1.0,1.0,1.0,1.0,1.0,shared
n5185,4,1.0,1.0,1.0,1.0,1.0,shared
n5186,3,0.75,1.0,1.0,1.0,0.9375,shared
n5187,4,1.0,1.0,1.0,1.0,1.0,shared
n5188,4,1.0,1.0,1.0,1.0,1.0,shared
n5189,4,1.0,1.0,1.0,1.0,1.0,shared
n5190,4,1.0,1.0,1.0,1.0,1.0,shared
n5191,3,0.75,1.0,1.0,1.0,0.9375,shared
n5192,3,0.75,1.0,1.0,1.0,0.9375,shared
n5193,4,1.0,1.0,1.0,1.0,1.0,shared
n5194,4,1.0,1.0,1.0,1.0,1.0,shared
n5195,4,1.0,1.0,1.0,1.0,1.0,shared
n5196,4,1.0,0.5,1.0,1.0,0.875,shared
n5197,3,0.75,1.0,1.0,1.0,0.9375,shared
n5198,3,0.75,1.0,1.0,1.0,0.9375,shared
n5199,3,0.75,1.0,1.0,1.0,0.9375,shared
n5200,4,1.0,1.0,1.0,1.0,1.0,shared
n5201,4,1.0,1.0,1.0,1.0,1.0,shared
n5202,4,1.0,1.0,1.0,1.0,1.0,shared
n5203,4,1.0,1.0,1.0,1.0,1.0,shared
n5204,4,1.0,1.0,1.0,1.0,1.0,shared
n5205,4,1.0,0.3333333333333333,0.6666666666666666,1.0,0.75,shared
n5206,3,0.75,1.0,1.0,1.0,0.9375,shared
n5207,4,1.0,1.0,1.0,1.0,1.0,shared
n5208,4,1.0,1.0,1.0,1.0,1.0,shared
n5209,3,0.75,1.0,1.0,1.0,0.9375,shared
n5210,4,1.0,1.0,1.0,1.0,1.0,shared
n5211,4,1.0,1.0,1.0,1.0,1.0,shared
n5212,4,1.0,1.0,1.0,1.0,1.0,shared
n5213,4,1.0,1.0,1.0,1.0,1.0,shared
n5214,4,1.0,1.0,1.0,1.0,1.0,shared
n5215,4,1.0,1.0,1.0,1.0,1.0,shared
n5216,4,1.0,1.0,1.0,1.0,1.0,shared
n5217,4,1.0,1.0,1.0,1.0,1.0,shared
n5218,3,0.75,1.0,1.0,1.0,0.9375,shared
n5219,4,1.0,1.0,1.0,1.0,1.0,shared
n5220,3,0.75,1.0,1.0,1.0,0.9375,shared
n5221,4,1.0,1.0,1.0,1.0,1.0,shared
n5222,4,1.0,1.0,1.0,1.0,1.0,shared
n5223,4,1.0,1.0,1.0,1.0,1.0,shared
n5224,3,0.75,1.0,1.0,1.0,0.9375,shared
n5225,4,1.0,1.0,1.0,1.0,1.0,shared
n5226,4,1.0,1.0,1.0,1.0,1.0,shared
n5227,4,1.0,1.0,1.0,1.0,1.0,shared
n5228,3,0.75,1.0,1.0,1.0,0.9375,shared
n5229,4,1.0,1.0,1.0,1.0,1.0,shared
n5230,4,1.0,1.0,1.0,1.0,1.0,shared
n5231,4,1.0,1.0,1.0,1.0,1.0,shared
n5232,4,1.0,1.0,1.0,1.0,1.0,shared
n5233,4,1.0,1.0,1.0,1.0,1.0,shared
n5234,3,0.75,1.0,1.0,1.0,0.9375,shared
n5235,4,1.0,1.0,1.0,1.0,1.0,shared
n5236,4,1.0,1.0,1.0,1.0,1.0,shared
n5237,3,0.75,1.0,1.0,1.0,0.9375,shared
n5238,3,0.75,1.0,1.0,1.0,0.9375,shared
n5239,4,1.0,1.0,1.0,1.0,1.0,shared
n5240,4,1.0,1.0,1.0,1.0,1.0,shared
n5241,3,0.75,1.0,1.0,1.0,0.9375,shared
n5242,4,1.0,1.0,1.0,1.0,1.0,shared
n5243,3,0.75,1.0,1.0,1.0,0.9375,shared
n5244,4,1.0,1.0,1.0,1.0,1.0,shared
n5245,4,1.0,1.0,1.0,1.0,1.0,shared
n5246,4,1.0,1.0,1.0,1.0,1.0,shared
n5247,4,1.0,1.0,1.0,1.0,1.0,shared
n5248,4,1.0,1.0,1.0,1.0,1.0,shared
n5249,4,1.0,1.0,1.0,1.0,1.0,shared
n5250,4,1.0,1.0,1.0,1.0,1.0,shared
n5251,4,1.0,1.0,1.0,1.0,1.0,shared
n5252,4,1.0,1.0,1.0,1.0,1.0,shared
n5253,4,1.0,1.0,1.0,1.0,1.0,shared
n5254,4,1.0,1.0,1.0,1.0,1.0,shared
n5255,4,1.0,1.0,1.0,1.0,1.0,shared
n5256,4,1.0,1.0,1.0,1.0,1.0,shared
n5257,4,1.0,1.0,1.0,1.0,1.0,shared
n5258,4,1.0,1.0,1.0,1.0,1.0,shared
n5259,4,1.0,1.0,1.0,1.0,1.0,shared
n5260,4,1.0,1.0,1.0,1.0,1.0,shared
n5261,4,1.0,1.0,1.0,1.0,1.0,shared
n5262,4,1.0,1.0,1.0,1.0,1.0,shared
n5263,4,1.0,1.0,1.0,1.0,1.0,shared
n5264,4,1.0,1.0,1.0,1.0,1.0,shared
n5265,4,1.0,1.0,1.0,1.0,1.0,shared
n5266,4,1.0,1.0,1.0,1.0,1.0,shared
n5267,4,1.0,1.0,1.0,1.0,1.0,shared
n5268,4,1.0,1.0,1.0,1.0,1.0,shared
n5269,3,0.75,1.0,1.0,1.0,0.9375,shared
n5270,4,1.0,1.0,1.0,1.0,1.0,shared
n5271,4,1.0,1.0,1.0,1.0,1.0,shared
n5272,4,1.0,1.0,1.0,1.0,1.0,shared
n5273,4,1.0,1.0,1.0,1.0,1.0,shared
n5274,4,1.0,1.0,1.0,1.0,1.0,shared
n5275,4,1.0,1.0,1.0,1.0,1.0,shared
n5276,4,1.0,1.0,1.0,1.0,1.0,shared
n5277,4,1.0,1.0,1.0,1.0,1.0,shared
n5278,4,1.0,1.0,1.0,1.0,1.0,shared
n5279,4,1.0,1.0,1.0,1.0,1.0,shared
n5280,4,1.0,1.0,1.0,1.0,1.0,shared
n5281,4,1.0,1.0,1.0,1.0,1.0,shared
n5282,4,1.0,1.0,1.0,1.0,1.0,shared
n5283,4,1.0,1.0,1.0,1.0,1.0,shared
n5284,3,0.75,1.0,1.0,1.0,0.9375,shared
n5285,3,0.75,1.0,1.0,1.0,0.9375,shared
n5286,4,1.0,1.0,1.0,1.0,1.0,shared
n5287,4,1.0,0.5,0.5,1.0,0.75,shared
n5288,3,0.75,1.0,1.0,1.0,0.9375,shared
n5289,4,1.0,1.0,1.0,1.0,1.0,shared
n5290,4,1.0,1.0,1.0,1.0,1.0,shared
n5291,4,1.0,1.0,1.0,1.0,1.0,shared
n5292,4,1.0,1.0,1.0,1.0,1.0,shared
n5293,4,1.0,1.0,1.0,1.0,1.0,shared
n5294,4,1.0,1.0,1.0,1.0,1.0,shared
n5295,4,1.0,1.0,1.0,1.0,1.0,shared
n5296,4,1.0,1.0,1.0,1.0,1.0,shared
n5297,4,1.0,1.0,1.0,1.0,1.0,shared
n5298,4,1.0,1.0,1.0,1.0,1.0,shared
n5299,4,1.0,0.5,0.5,1.0,0.75,shared
n5300,4,1.0,1.0,1.0,1.0,1.0,shared
n5301,4,1.0,1.0,1.0,1.0,1.0,shared
n5302,4,1.0,1.0,1.0,1.0,1.0,shared
n5303,4,1.0,1.0,1.0,1.0,1.0,shared
n5304,4,1.0,1.0,1.0,1.0,1.0,shared
n5305,4,1.0,1.0,1.0,1.0,1.0,shared
n5306,3,0.75,1.0,1.0,1.0,0.9375,shared
n5307,4,1.0,1.0,1.0,1.0,1.0,shared
n5308,4,1.0,1.0,1.0,1.0,1.0,shared
n5309,4,1.0,1.0,1.0,1.0,1.0,shared
n5310,4,1.0,1.0,1.0,1.0,1.0,shared
n5311,3,0.75,1.0,1.0,1.0,0.9375,shared
n5312,4,1.0,1.0,1.0,1.0,1.0,shared
n5313,3,0.75,1.0,1.0,1.0,0.9375,shared
n5314,4,1.0,1.0,1.0,1.0,1.0,shared
n5315,3,0.75,1.0,1.0,1.0,0.9375,shared
n5316,3,0.75,1.0,1.0,1.0,0.9375,shared
n5317,3,0.75,1.0,1.0,1.0,0.9375,shared
n5318,3,0.75,1.0,1.0,1.0,0.9375,shared
n5319,4,1.0,1.0,1.0,1.0,1.0,shared
n5320,4,1.0,1.0,1.0,1.0,1.0,shared
n5321,3,0.75,1.0,1.0,1.0,0.9375,shared
n5322,4,1.0,1.0,1.0,1.0,1.0,shared
n5323,4,1.0,1.0,1.0,1.0,1.0,shared
n5324,4,1.0,1.0,1.0,1.0,1.0,shared
n5325,4,1.0,1.0,1.0,1.0,1.0,shared
n5326,4,1.0,0.5,0.5,1.0,0.75,shared
n5327,3,0.75,1.0,1.0,1.0,0.9375,shared
n5328,4,1.0,1.0,1.0,1.0,1.0,shared
n5329,4,1.0,1.0,1.0,1.0,1.0,shared
n5330,4,1.0,1.0,1.0,1.0,1.0,shared
n5331,4,1.0,1.0,1.0,1.0,1.0,shared
n5332,4,1.0,1.0,1.0,1.0,1.0,shared
n5333,4,1.0,1.0,1.0,1.0,1.0,shared
n5334,4,1.0,1.0,1.0,1.0,1.0,shared
n5335,4,1.0,1.0,1.0,1.0,1.0,shared
n5336,4,1.0,1.0,1.0,1.0,1.0,shared
n5337,3,0.75,1.0,1.0,1.0,0.9375,shared
n5338,3,0.75,1.0,1.0,1.0,0.9375,shared
n5339,4,1.0,1.0,1.0,1.0,1.0,shared
n5340,4,1.0,1.0,1.0,1.0,1.0,shared
n5341,4,1.0,1.0,1.0,1.0,1.0,shared
n5342,4,1.0,1.0,1.0,1.0,1.0,shared
n5343,4,1.0,1.0,1.0,1.0,1.0,shared
n5344,4,1.0,1.0,1.0,1.0,1.0,shared
n5345,4,1.0,1.0,1.0,1.0,1.0,shared
n5346,4,1.0,1.0,1.0,1.0,1.0,shared
n5347,3,0.75,1.0,1.0,1.0,0.9375,shared
n5348,3,0.75,1.0,1.0,1.0,0.9375,shared
n5349,3,0.75,1.0,1.0,1.0,0.9375,shared
n5350,4,1.0,1.0,1.0,1.0,1.0,shared
n5351,4,1.0,1.0,1.0,1.0,1.0,shared
n5352,4,1.0,1.0,1.0,1.0,1.0,shared
n5353,4,1.0,1.0,1.0,1.0,1.0,shared
n5354,4,1.0,1.0,1.0,1.0,1.0,shared
n5355,4,1.0,1.0,1.0,1.0,1.0,shared
n5356,4,1.0,1.0,1.0,1.0,1.0,shared
n5357,4,1.0,1.0,1.0,1.0,1.0,shared
n5358,4,1.0,1.0,1.0,1.0,1.0,shared
n5359,4,1.0,1.0,1.0,1.0,1.0,shared
n5360,4,1.0,1.0,1.0,1.0,1.0,shared
n5361,4,1.0,1.0,1.0,1.0,1.0,shared
n5362,4,1.0,1.0,1.0,1.0,1.0,shared
n5363,4,1.0,1.0,1.0,1.0,1.0,shared
n5364,4,1.0,1.0,1.0,1.0,1.0,shared
n5365,3,0.75,1.0,1.0,1.0,0.9375,shared
n5366,4,1.0,1.0,1.0,1.0,1.0,shared
n5367,4,1.0,1.0,1.0,1.0,1.0,shared
n5368,4,1.0,1.0,1.0,1.0,1.0,shared
n5369,4,1.0,1.0,1.0,1.0,1.0,shared
n5370,4,1.0,1.0,1.0,1.0,1.0,shared
n5371,3,0.75,1.0,1.0,1.0,0.9375,shared
n5372,4,1.0,1.0,1.0,1.0,1.0,shared
n5373,4,1.0,1.0,1.0,1.0,1.0,shared
n5374,4,1.0,1.0,1.0,1.0,1.0,shared
n5375,4,1.0,1.0,1.0,1.0,1.0,shared
n5376,4,1.0,1.0,1.0,1.0,1.0,shared
n5377,3,0.75,1.0,1.0,1.0,0.9375,shared
n5378,4,1.0,1.0,1.0,1.0,1.0,shared
n5379,4,1.0,1.0,1.0,1.0,1.0,shared
n5380,4,1.0,1.0,1.0,1.0,1.0,shared
n5381,4,1.0,1.0,1.0,1.0,1.0,shared
n5382,4,1.0,1.0,1.0,1.0,1.0,shared
n5383,3,0.75,1.0,1.0,1.0,0.9375,shared
n5384,4,1.0,1.0,1.0,1.0,1.0,shared
n5385,4,1.0,1.0,1.0,1.0,1.0,shared
n5386,4,1.0,1.0,1.0,1.0,1.0,shared
n5387,4,1.0,1.0,1.0,1.0,1.0,shared
n5388,4,1.0,1.0,1.0,1.0,1.0,shared
n5389,3,0.75,1.0,1.0,1.0,0.9375,shared
n5390,4,1.0,1.0,1.0,1.0,1.0,shared
n5391,3,0.75,1.0,1.0,1.0,0.9375,shared
n5392,3,0.75,1.0,1.0,1.0,0.9375,shared
n5393,4,1.0,1.0,1.0,1.0,1.0,shared
n5394,4,1.0,1.0,1.0,1.0,1.0,shared
n5395,4,1.0,1.0,1.0,1.0,1.0,shared
n5396,4,1.0,1.0,1.0,1.0,1.0,shared
n5397,4,1.0,1.0,1.0,1.0,1.0,shared
n5398,4,1.0,1.0,1.0,1.0,1.0,shared
n5399,4,1.0,1.0,1.0,1.0,1.0,shared
n5400,4,1.0,1.0,1.0,1.0,1.0,shared
n5401,4,1.0,1.0,1.0,1.0,1.0,shared
n5402,4,1.0,1.0,1.0,1.0,1.0,shared
n5403,3,0.75,1.0,1.0,1.0,0.9375,shared
n5404,4,1.0,0.5,0.5,1.0,0.75,shared
n5405,4,1.0,0.5,0.5,1.0,0.75,shared
n5406,4,1.0,1.0,1.0,1.0,1.0,shared
n5407,4,1.0,1.0,1.0,1.0,1.0,shared
n5408,4,1.0,0.5,0.5,1.0,0.75,shared
n5409,4,1.0,1.0,1.0,1.0,1.0,shared
n5410,3,0.75,1.0,1.0,1.0,0.9375,shared
n5411,3,0.75,1.0,1.0,1.0,0.9375,shared
n5412,4,1.0,1.0,1.0,1.0,1.0,shared
n5413,4,1.0,1.0,1.0,1.0,1.0,shared
n5414,4,1.0,1.0,1.0,1.0,1.0,shared
n5415,4,1.0,1.0,1.0,1.0,1.0,shared
n5416,4,1.0,1.0,1.0,1.0,1.0,shared
n5417,4,1.0,1.0,1.0,1.0,1.0,shared
n5418,4,1.0,0.8,0.4,1.0,0.8,shared
n5419,4,1.0,1.0,1.0,1.0,1.0,shared
n5420,4,1.0,1.0,1.0,1.0,1.0,shared
n5421,4,1.0,1.0,1.0,1.0,1.0,shared
n5422,4,1.0,1.0,1.0,1.0,1.0,shared
n5423,4,1.0,1.0,1.0,1.0,1.0,shared
n5424,4,1.0,1.0,1.0,1.0,1.0,shared
n5425,4,1.0,1.0,1.0,1.0,1.0,shared
n5426,4,1.0,1.0,1.0,1.0,1.0,shared
n5427,4,1.0,1.0,1.0,1.0,1.0,shared
n5428,4,1.0,1.0,1.0,1.0,1.0,shared
n5429,4,1.0,1.0,1.0,1.0,1.0,shared
n5430,4,1.0,1.0,1.0,1.0,1.0,shared
n5431,4,1.0,1.0,1.0,1.0,1.0,shared
n5432,4,1.0,1.0,1.0,1.0,1.0,shared
n5433,4,1.0,1.0,1.0,1.0,1.0,shared
n5434,4,1.0,1.0,1.0,1.0,1.0,shared
n5435,4,1.0,1.0,1.0,1.0,1.0,shared
n5436,4,1.0,1.0,1.0,1.0,1.0,shared
n5437,4,1.0,1.0,1.0,1.0,1.0,shared
n5438,4,1.0,1.0,1.0,1.0,1.0,shared
n5439,3,0.75,1.0,1.0,1.0,0.9375,shared
n5440,4,1.0,1.0,1.0,1.0,1.0,shared
n5441,3,0.75,1.0,1.0,1.0,0.9375,shared
n5442,4,1.0,0.5714285714285714,1.0,1.0,0.8928571428571428,shared
n5443,4,1.0,1.0,1.0,1.0,1.0,shared
n5444,4,1.0,1.0,1.0,1.0,1.0,shared
n5445,4,1.0,1.0,1.0,1.0,1.0,shared
n5446,4,1.0,1.0,1.0,1.0,1.0,shared
n5447,4,1.0,1.0,1.0,1.0,1.0,shared
n5448,3,0.75,1.0,1.0,1.0,0.9375,shared
n5449,4,1.0,1.0,1.0,1.0,1.0,shared
n5450,4,1.0,1.0,1.0,1.0,1.0,shared
n5451,4,1.0,1.0,1.0,1.0,1.0,shared
n5452,4,1.0,1.0,1.0,1.0,1.0,shared
n5453,4,1.0,1.0,1.0,1.0,1.0,shared
n5454,4,1.0,1.0,1.0,1.0,1.0,shared
n5455,4,1.0,1.0,1.0,1.0,1.0,shared
n5456,4,1.0,1.0,1.0,1.0,1.0,shared
n5457,4,1.0,1.0,1.0,1.0,1.0,shared
n5458,4,1.0,1.0,1.0,1.0,1.0,shared
n5459,4,1.0,1.0,1.0,1.0,1.0,shared
n5460,4,1.0,1.0,1.0,1.0,1.0,shared
n5461,4,1.0,1.0,1.0,1.0,1.0,shared
n5462,4,1.0,1.0,1.0,1.0,1.0,shared
n5463,4,1.0,1.0,1.0,1.0,1.0,shared
n5464,3,0.75,1.0,1.0,1.0,0.9375,shared
n5465,3,0.75,1.0,1.0,1.0,0.9375,shared
n5466,4,1.0,1.0,1.0,1.0,1.0,shared
n5467,4,1.0,1.0,1.0,1.0,1.0,shared
n5468,4,1.0,1.0,1.0,1.0,1.0,shared
n5469,3,0.75,1.0,1.0,1.0,0.9375,shared
n5470,4,1.0,1.0,1.0,1.0,1.0,shared
n5471,4,1.0,1.0,1.0,1.0,1.0,shared
n5472,4,1.0,1.0,1.0,1.0,1.0,shared
n5473,4,1.0,1.0,1.0,1.0,1.0,shared
n5474,4,1.0,1.0,1.0,1.0,1.0,shared
n5475,4,1.0,1.0,1.0,1.0,1.0,shared
n5476,4,1.0,1.0,1.0,1.0,1.0,shared
n5477,4,1.0,1.0,1.0,1.0,1.0,shared
n5478,4,1.0,1.0,1.0,1.0,1.0,shared
n5479,4,1.0,1.0,1.0,1.0,1.0,shared
n5480,4,1.0,1.0,1.0,1.0,1.0,shared
n5481,3,0.75,1.0,1.0,1.0,0.9375,shared
n5482,4,1.0,1.0,1.0,1.0,1.0,shared
n5483,4,1.0,1.0,1.0,1.0,1.0,shared
n5484,4,1.0,1.0,1.0,1.0,1.0,shared
n5485,4,1.0,1.0,1.0,1.0,1.0,shared
n5486,4,1.0,1.0,1.0,1.0,1.0,shared
n5487,4,1.0,1.0,1.0,1.0,1.0,shared
n5488,3,0.75,1.0,0.6666666666666666,1.0,0.8541666666666666,shared
n5489,4,1.0,1.0,1.0,1.0,1.0,shared
n5490,4,1.0,1.0,1.0,1.0,1.0,shared
n5491,4,1.0,1.0,1.0,1.0,1.0,shared
n5492,4,1.0,1.0,1.0,1.0,1.0,shared
n5493,4,1.0,1.0,1.0,1.0,1.0,shared
n5494,3,0.75,1.0,1.0,1.0,0.9375,shared
n5495,4,1.0,1.0,1.0,1.0,1.0,shared
n5496,4,1.0,1.0,1.0,1.0,1.0,shared
n5497,4,1.0,1.0,1.0,1.0,1.0,shared
n5498,4,1.0,1.0,1.0,1.0,1.0,shared
n5499,4,1.0,1.0,1.0,1.0,1.0,shared
n5500,4,1.0,1.0,1.0,1.0,1.0,shared
n5501,3,0.75,1.0,1.0,1.0,0.9375,shared
n5502,4,1.0,1.0,1.0,1.0,1.0,shared
n5503,3,0.75,1.0,1.0,1.0,0.9375,shared
n5504,4,1.0,1.0,1.0,1.0,1.0,shared
n5505,4,1.0,1.0,1.0,1.0,1.0,shared
n5506,3,0.75,1.0,1.0,1.0,0.9375,shared
n5507,3,0.75,1.0,1.0,1.0,0.9375,shared
n5508,3,0.75,1.0,1.0,1.0,0.9375,shared
n5509,4,1.0,1.0,1.0,1.0,1.0,shared
n5510,4,1.0,1.0,1.0,1.0,1.0,shared
n5511,3,0.75,1.0,1.0,1.0,0.9375,shared
n5512,4,1.0,1.0,1.0,1.0,1.0,shared
n5513,4,1.0,1.0,1.0,1.0,1.0,shared
n5514,4,1.0,1.0,1.0,1.0,1.0,shared
n5515,4,1.0,1.0,1.0,1.0,1.0,shared
n5516,4,1.0,1.0,1.0,1.0,1.0,shared
n5517,4,1.0,1.0,1.0,1.0,1.0,shared
n5518,4,1.0,1.0,1.0,1.0,1.0,shared
n5519,4,1.0,1.0,1.0,1.0,1.0,shared
n5520,4,1.0,1.0,1.0,1.0,1.0,shared
n5521,4,1.0,1.0,1.0,1.0,1.0,shared
n5522,4,1.0,1.0,1.0,1.0,1.0,shared
n5523,4,1.0,1.0,1.0,1.0,1.0,shared
n5524,4,1.0,1.0,1.0,1.0,1.0,shared
n5525,4,1.0,1.0,1.0,1.0,1.0,shared
n5526,4,1.0,1.0,1.0,1.0,1.0,shared
n5527,4,1.0,1.0,1.0,1.0,1.0,shared
n5528,4,1.0,1.0,1.0,1.0,1.0,shared
n5529,4,1.0,1.0,1.0,1.0,1.0,shared
n5530,4,1.0,1.0,1.0,1.0,1.0,shared
n5531,4,1.0,1.0,1.0,1.0,1.0,shared
n5532,3,0.75,1.0,1.0,1.0,0.9375,shared
n5533,3,0.75,1.0,1.0,1.0,0.9375,shared
n5534,4,1.0,1.0,1.0,1.0,1.0,shared
n5535,3,0.75,1.0,1.0,1.0,0.9375,shared
n5536,4,1.0,1.0,1.0,1.0,1.0,shared
n5537,4,1.0,1.0,1.0,1.0,1.0,shared
n5538,3,0.75,1.0,1.0,1.0,0.9375,shared
n5539,4,1.0,1.0,1.0,1.0,1.0,shared
n5540,3,0.75,1.0,1.0,1.0,0.9375,shared
n5541,4,1.0,1.0,1.0,1.0,1.0,shared
n5542,3,0.75,1.0,1.0,1.0,0.9375,shared
n5543,4,1.0,1.0,1.0,1.0,1.0,shared
n5544,4,1.0,1.0,1.0,1.0,1.0,shared
n5545,4,1.0,1.0,1.0,1.0,1.0,shared
n5546,4,1.0,1.0,1.0,1.0,1.0,shared
n5547,4,1.0,1.0,1.0,1.0,1.0,shared
n5548,3,0.75,1.0,1.0,1.0,0.9375,shared
n5549,4,1.0,1.0,1.0,1.0,1.0,shared
n5550,3,0.75,1.0,1.0,1.0,0.9375,shared
n5551,4,1.0,1.0,1.0,1.0,1.0,shared
n5552,4,1.0,1.0,1.0,1.0,1.0,shared
n5553,4,1.0,1.0,1.0,1.0,1.0,shared
n5554,4,1.0,1.0,1.0,1.0,1.0,shared
n5555,4,1.0,1.0,1.0,1.0,1.0,shared
n5556,4,1.0,1.0,1.0,1.0,1.0,shared
n5557,4,1.0,1.0,1.0,1.0,1.0,shared
n5558,4,1.0,1.0,1.0,1.0,1.0,shared
n5559,3,0.75,1.0,1.0,1.0,0.9375,shared
n5560,4,1.0,1.0,1.0,1.0,1.0,shared
n5561,4,1.0,1.0,1.0,1.0,1.0,shared
n5562,4,1.0,1.0,1.0,1.0,1.0,shared
n5563,3,0.75,1.0,1.0,1.0,0.9375,shared
n5564,4,1.0,1.0,1.0,1.0,1.0,shared
n5565,4,1.0,0.5714285714285714,0.5714285714285714,1.0,0.7857142857142857,shared
n5566,4,1.0,1.0,1.0,1.0,1.0,shared
n5567,3,0.75,1.0,1.0,1.0,0.9375,shared
n5568,4,1.0,1.0,1.0,1.0,1.0,shared
n5569,4,1.0,1.0,1.0,1.0,1.0,shared
n5570,4,1.0,1.0,1.0,1.0,1.0,shared
n5571,4,1.0,1.0,1.0,1.0,1.0,shared
n5572,4,1.0,1.0,0.5,1.0,0.875,shared
n5573,4,1.0,1.0,1.0,1.0,1.0,shared
n5574,4,1.0,1.0,1.0,1.0,1.0,shared
n5575,4,1.0,1.0,1.0,1.0,1.0,shared
n5576,4,1.0,1.0,1.0,1.0,1.0,shared
n5577,4,1.0,1.0,1.0,1.0,1.0,shared
n5578,3,0.75,1.0,1.0,1.0,0.9375,shared
n5579,4,1.0,1.0,1.0,1.0,1.0,shared
n5580,4,1.0,1.0,1.0,1.0,1.0,shared
n5581,4,1.0,1.0,1.0,1.0,1.0,shared
n5582,4,1.0,1.0,1.0,1.0,1.0,shared
n5583,4,1.0,1.0,1.0,1.0,1.0,shared
n5584,4,1.0,1.0,1.0,1.0,1.0,shared
n5585,4,1.0,1.0,1.0,1.0,1.0,shared
n5586,4,1.0,1.0,1.0,1.0,1.0,shared
n5587,3,0.75,1.0,1.0,1.0,0.9375,shared
n5588,3,0.75,1.0,1.0,1.0,0.9375,shared
n5589,4,1.0,1.0,1.0,1.0,1.0,shared
n5590,4,1.0,1.0,1.0,1.0,1.0,shared
n5591,4,1.0,1.0,1.0,1.0,1.0,shared
n5592,4,1.0,1.0,1.0,1.0,1.0,shared
n5593,4,1.0,1.0,1.0,1.0,1.0,shared
n5594,4,1.0,1.0,1.0,1.0,1.0,shared
n5595,4,1.0,1.0,1.0,1.0,1.0,shared
n5596,4,1.0,1.0,1.0,1.0,1.0,shared
n5597,3,0.75,1.0,1.0,1.0,0.9375,shared
n5598,4,1.0,1.0,1.0,1.0,1.0,shared
n5599,4,1.0,1.0,1.0,1.0,1.0,shared
n5600,4,1.0,1.0,1.0,1.0,1.0,shared
n5601,4,1.0,1.0,1.0,1.0,1.0,shared
n5602,4,1.0,1.0,1.0,1.0,1.0,shared
n5603,4,1.0,1.0,1.0,1.0,1.0,shared
n5604,4,1.0,1.0,1.0,1.0,1.0,shared
n5605,3,0.75,1.0,1.0,1.0,0.9375,shared
n5606,3,0.75,1.0,1.0,1.0,0.9375,shared
n5607,4,1.0,1.0,1.0,1.0,1.0,shared
n5608,4,1.0,1.0,1.0,1.0,1.0,shared
n5609,4,1.0,1.0,1.0,1.0,1.0,shared
n5610,4,1.0,1.0,1.0,1.0,1.0,shared
n5611,4,1.0,1.0,1.0,1.0,1.0,shared
n5612,4,1.0,1.0,1.0,1.0,1.0,shared
n5613,4,1.0,1.0,1.0,1.0,1.0,shared
n5614,4,1.0,1.0,1.0,1.0,1.0,shared
n5615,4,1.0,0.5,1.0,1.0,0.875,shared
n5616,4,1.0,1.0,1.0,1.0,1.0,shared
n5617,3,0.75,1.0,1.0,1.0,0.9375,shared
n5618,3,0.75,1.0,1.0,1.0,0.9375,shared
n5619,4,1.0,1.0,1.0,1.0,1.0,shared
n5620,3,0.75,1.0,1.0,1.0,0.9375,shared
n5621,4,1.0,1.0,1.0,1.0,1.0,shared
n5622,4,1.0,1.0,1.0,1.0,1.0,shared
n5623,4,1.0,1.0,1.0,1.0,1.0,shared
n5624,3,0.75,1.0,1.0,1.0,0.9375,shared
n5625,4,1.0,1.0,1.0,1.0,1.0,shared
n5626,4,1.0,1.0,1.0,1.0,1.0,shared
n5627,4,1.0,1.0,1.0,1.0,1.0,shared
n5628,4,1.0,1.0,0.6363636363636364,1.0,0.9090909090909091,shared
n5629,3,0.75,1.0,1.0,1.0,0.9375,shared
n5630,4,1.0,1.0,1.0,1.0,1.0,shared
n5631,4,1.0,1.0,1.0,1.0,1.0,shared
n5632,4,1.0,1.0,1.0,1.0,1.0,shared
n5633,4,1.0,1.0,1.0,1.0,1.0,shared
n5634,4,1.0,1.0,1.0,1.0,1.0,shared
n5635,4,1.0,1.0,1.0,1.0,1.0,shared
n5636,4,1.0,1.0,1.0,1.0,1.0,shared
n5637,4,1.0,1.0,1.0,1.0,1.0,shared
n5638,4,1.0,1.0,1.0,1.0,1.0,shared
n5639,4,1.0,1.0,1.0,1.0,1.0,shared
n5640,4,1.0,1.0,1.0,1.0,1.0,shared
n5641,3,0.75,1.0,1.0,1.0,0.9375,shared
n5642,4,1.0,1.0,1.0,1.0,1.0,shared
n5643,4,1.0,1.0,1.0,1.0,1.0,shared
n5644,4,1.0,1.0,1.0,1.0,1.0,shared
n5645,4,1.0,1.0,1.0,1.0,1.0,shared
n5646,4,1.0,1.0,1.0,1.0,1.0,shared
n5647,4,1.0,1.0,1.0,1.0,1.0,shared
n5648,4,1.0,1.0,1.0,1.0,1.0,shared
n5649,4,1.0,1.0,1.0,1.0,1.0,shared
n5650,4,1.0,1.0,1.0,1.0,1.0,shared
n5651,4,1.0,1.0,1.0,1.0,1.0,shared
n5652,4,1.0,1.0,1.0,1.0,1.0,shared
n5653,4,1.0,1.0,1.0,1.0,1.0,shared
n5654,4,1.0,1.0,1.0,1.0,1.0,shared
n5655,4,1.0,1.0,1.0,1.0,1.0,shared
n5656,4,1.0,1.0,1.0,1.0,1.0,shared
n5657,4,1.0,1.0,1.0,1.0,1.0,shared
n5658,4,1.0,1.0,1.0,1.0,1.0,shared
n5659,4,1.0,1.0,1.0,1.0,1.0,shared
n5660,4,1.0,1.0,1.0,1.0,1.0,shared
n5661,4,1.0,1.0,1.0,1.0,1.0,shared
n5662,4,1.0,1.0,1.0,1.0,1.0,shared
n5663,4,1.0,1.0,1.0,1.0,1.0,shared
n5664,4,1.0,1.0,1.0,1.0,1.0,shared
n5665,4,1.0,1.0,1.0,1.0,1.0,shared
n5666,4,1.0,1.0,1.0,1.0,1.0,shared
n5667,4,1.0,1.0,1.0,1.0,1.0,shared
n5668,4,1.0,1.0,1.0,1.0,1.0,shared
n5669,4,1.0,1.0,1.0,1.0,1.0,shared
n5670,4,1.0,1.0,1.0,1.0,1.0,shared
n5671,4,1.0,1.0,1.0,1.0,1.0,shared
n5672,4,1.0,1.0,1.0,1.0,1.0,shared
n5673,4,1.0,1.0,1.0,1.0,1.0,shared
n5674,4,1.0,1.0,1.0,1.0,1.0,shared
n5675,4,1.0,1.0,1.0,1.0,1.0,shared
n5676,3,0.75,1.0,1.0,1.0,0.9375,shared
n5677,4,1.0,1.0,1.0,1.0,1.0,shared
n5678,4,1.0,1.0,1.0,1.0,1.0,shared
n5679,4,1.0,1.0,1.0,1.0,1.0,shared
n5680,4,1.0,1.0,1.0,1.0,1.0,shared
n5681,4,1.0,1.0,1.0,1.0,1.0,shared
n5682,4,1.0,1.0,1.0,1.0,1.0,shared
n5683,4,1.0,1.0,1.0,1.0,1.0,shared
n5684,4,1.0,1.0,1.0,1.0,1.0,shared
n5685,4,1.0,1.0,1.0,1.0,1.0,shared
n5686,4,1.0,1.0,1.0,1.0,1.0,shared
n5687,4,1.0,1.0,1.0,1.0,1.0,shared
n5688,4,1.0,1.0,1.0,1.0,1.0,shared
n5689,3,0.75,1.0,1.0,1.0,0.9375,shared
n5690,4,1.0,1.0,1.0,1.0,1.0,shared
n5691,4,1.0,1.0,1.0,1.0,1.0,shared
n5692,4,1.0,1.0,1.0,1.0,1.0,shared
n5693,4,1.0,1.0,1.0,1.0,1.0,shared
n5694,4,1.0,1.0,1.0,1.0,1.0,shared
n5695,4,1.0,1.0,1.0,1.0,1.0,shared
n5696,4,1.0,1.0,1.0,1.0,1.0,shared
n5697,3,0.75,1.0,1.0,1.0,0.9375,shared
n5698,3,0.75,1.0,1.0,1.0,0.9375,shared
n5699,4,1.0,1.0,1.0,1.0,1.0,shared
n5700,4,1.0,1.0,1.0,1.0,1.0,shared
n5701,4,1.0,1.0,1.0,1.0,1.0,shared
n5702,4,1.0,1.0,1.0,1.0,1.0,shared
n5703,4,1.0,1.0,1.0,1.0,1.0,shared
n5704,4,1.0,1.0,1.0,1.0,1.0,shared
n5705,4,1.0,1.0,1.0,1.0,1.0,shared
n5706,4,1.0,1.0,1.0,1.0,1.0,shared
n5707,4,1.0,1.0,1.0,1.0,1.0,shared
n5708,3,0.75,1.0,1.0,1.0,0.9375,shared
n5709,4,1.0,1.0,1.0,1.0,1.0,shared
n5710,4,1.0,1.0,1.0,1.0,1.0,shared
n5711,4,1.0,1.0,1.0,1.0,1.0,shared
n5712,4,1.0,1.0,1.0,1.0,1.0,shared
n5713,4,1.0,1.0,1.0,1.0,1.0,shared
n5714,4,1.0,1.0,1.0,1.0,1.0,shared
n5715,4,1.0,1.0,1.0,1.0,1.0,shared
n5716,4,1.0,1.0,1.0,1.0,1.0,shared
n5717,4,1.0,1.0,1.0,1.0,1.0,shared
n5718,3,0.75,1.0,1.0,1.0,0.9375,shared
n5719,4,1.0,1.0,1.0,1.0,1.0,shared
n5720,4,1.0,1.0,1.0,1.0,1.0,shared
n5721,4,1.0,1.0,1.0,1.0,1.0,shared
n5722,4,1.0,1.0,1.0,1.0,1.0,shared
n5723,4,1.0,1.0,1.0,1.0,1.0,shared
n5724,4,1.0,1.0,1.0,1.0,1.0,shared
n5725,4,1.0,1.0,1.0,1.0,1.0,shared
n5726,3,0.75,1.0,1.0,1.0,0.9375,shared
n5727,3,0.75,1.0,1.0,1.0,0.9375,shared
n5728,4,1.0,1.0,1.0,1.0,1.0,shared
n5729,4,1.0,1.0,1.0,1.0,1.0,shared
n5730,3,0.75,1.0,1.0,1.0,0.9375,shared
n5731,4,1.0,1.0,1.0,1.0,1.0,shared
n5732,3,0.75,1.0,1.0,1.0,0.9375,shared
n5733,3,0.75,1.0,1.0,1.0,0.9375,shared
n5734,4,1.0,1.0,1.0,1.0,1.0,shared
n5735,4,1.0,1.0,1.0,1.0,1.0,shared
n5736,4,1.0,1.0,1.0,1.0,1.0,shared
n5737,4,1.0,1.0,1.0,1.0,1.0,shared
n5738,4,1.0,1.0,1.0,1.0,1.0,shared
n5739,4,1.0,1.0,1.0,1.0,1.0,shared
n5740,3,0.75,1.0,1.0,1.0,0.9375,shared
n5741,3,0.75,1.0,1.0,1.0,0.9375,shared
n5742,3,0.75,1.0,1.0,1.0,0.9375,shared
n5743,4,1.0,1.0,1.0,1.0,1.0,shared
n5744,4,1.0,1.0,1.0,1.0,1.0,shared
n5745,3,0.75,1.0,1.0,1.0,0.9375,shared
n5746,4,1.0,1.0,1.0,1.0,1.0,shared
n5747,3,0.75,1.0,1.0,1.0,0.9375,shared
n5748,3,0.75,1.0,1.0,1.0,0.9375,shared
n5749,3,0.75,1.0,1.0,1.0,0.9375,shared
n5750,4,1.0,1.0,1.0,1.0,1.0,shared
n5751,3,0.75,1.0,1.0,1.0,0.9375,shared
n5752,3,0.75,1.0,1.0,1.0,0.9375,shared
n5753,4,1.0,1.0,1.0,1.0,1.0,shared
n5754,4,1.0,1.0,1.0,1.0,1.0,shared
n5755,4,1.0,1.0,1.0,1.0,1.0,shared
n5756,4,1.0,1.0,1.0,1.0,1.0,shared
n5757,4,1.0,1.0,1.0,1.0,1.0,shared
n5758,3,0.75,1.0,1.0,1.0,0.9375,shared
n5759,3,0.75,1.0,1.0,1.0,0.9375,shared
n5760,3,0.75,1.0,1.0,1.0,0.9375,shared
n5761,4,1.0,0.5714285714285714,0.5714285714285714,1.0,0.7857142857142857,shared
n5762,3,0.75,1.0,1.0,1.0,0.9375,shared
n5763,3,0.75,1.0,1.0,1.0,0.9375,shared
n5764,3,0.75,1.0,1.0,1.0,0.9375,shared
n5765,3,0.75,1.0,1.0,1.0,0.9375,shared
n5766,4,1.0,1.0,1.0,1.0,1.0,shared
n5767,4,1.0,1.0,1.0,1.0,1.0,shared
n5768,4,1.0,1.0,1.0,1.0,1.0,shared
n5769,4,1.0,1.0,1.0,1.0,1.0,shared
n5770,4,1.0,1.0,1.0,1.0,1.0,shared
n5771,3,0.75,1.0,1.0,1.0,0.9375,shared
n5772,4,1.0,1.0,1.0,1.0,1.0,shared
n5773,3,0.75,1.0,1.0,1.0,0.9375,shared
n5774,4,1.0,1.0,1.0,1.0,1.0,shared
n5775,4,1.0,1.0,1.0,1.0,1.0,shared
n5776,4,1.0,1.0,1.0,1.0,1.0,shared
n5777,4,1.0,1.0,1.0,1.0,1.0,shared
n5778,4,1.0,1.0,1.0,1.0,1.0,shared
n5779,3,0.75,1.0,1.0,1.0,0.9375,shared
n5780,4,1.0,1.0,1.0,1.0,1.0,shared
n5781,4,1.0,1.0,1.0,1.0,1.0,shared
n5782,4,1.0,1.0,1.0,1.0,1.0,shared
n5783,3,0.75,1.0,1.0,1.0,0.9375,shared
n5784,4,1.0,1.0,1.0,1.0,1.0,shared
n5785,4,1.0,1.0,1.0,1.0,1.0,shared
n5786,3,0.75,1.0,1.0,1.0,0.9375,shared
n5787,4,1.0,1.0,0.6666666666666666,1.0,0.9166666666666666,shared
n5788,3,0.75,1.0,1.0,1.0,0.9375,shared
n5789,4,1.0,1.0,1.0,1.0,1.0,shared
n5790,4,1.0,1.0,1.0,1.0,1.0,shared
n5791,4,1.0,1.0,1.0,1.0,1.0,shared
n5792,4,1.0,1.0,1.0,1.0,1.0,shared
n5793,4,1.0,1.0,1.0,1.0,1.0,shared
n5794,4,1.0,1.0,1.0,1.0,1.0,shared
n5795,4,1.0,1.0,1.0,1.0,1.0,shared
n5796,3,0.75,1.0,1.0,1.0,0.9375,shared
n5797,4,1.0,1.0,1.0,1.0,1.0,shared
n5798,4,1.0,1.0,1.0,1.0,1.0,shared
n5799,4,1.0,1.0,1.0,1.0,1.0,shared
n5800,4,1.0,1.0,1.0,1.0,1.0,shared
n5801,4,1.0,1.0,1.0,1.0,1.0,shared
n5802,4,1.0,1.0,1.0,1.0,1.0,shared
n5803,4,1.0,0.5,0.5,1.0,0.75,shared
n5804,4,1.0,1.0,1.0,1.0,1.0,shared
n5805,4,1.0,1.0,1.0,1.0,1.0,shared
n5806,4,1.0,1.0,1.0,1.0,1.0,shared
n5807,4,1.0,1.0,1.0,1.0,1.0,shared
n5808,4,1.0,1.0,1.0,1.0,1.0,shared
n5809,3,0.75,1.0,1.0,1.0,0.9375,shared
n5810,3,0.75,1.0,1.0,1.0,0.9375,shared
n5811,4,1.0,1.0,1.0,1.0,1.0,shared
n5812,3,0.75,1.0,1.0,1.0,0.9375,shared
n5813,4,1.0,1.0,1.0,1.0,1.0,shared
n5814,4,1.0,1.0,1.0,1.0,1.0,shared
n5815,3,0.75,1.0,1.0,1.0,0.9375,shared
n5816,4,1.0,1.0,1.0,1.0,1.0,shared
n5817,4,1.0,1.0,1.0,1.0,1.0,shared
n5818,4,1.0,1.0,1.0,1.0,1.0,shared
n5819,4,1.0,1.0,1.0,1.0,1.0,shared
n5820,4,1.0,1.0,1.0,1.0,1.0,shared
n5821,4,1.0,1.0,1.0,1.0,1.0,shared
n5822,3,0.75,1.0,1.0,1.0,0.9375,shared
n5823,4,1.0,1.0,1.0,1.0,1.0,shared
n5824,3,0.75,1.0,1.0,1.0,0.9375,shared
n5825,4,1.0,1.0,1.0,1.0,1.0,shared
n5826,4,1.0,0.5,0.5,1.0,0.75,shared
n5827,4,1.0,1.0,1.0,1.0,1.0,shared
n5828,4,1.0,1.0,1.0,1.0,1.0,shared
n5829,4,1.0,1.0,1.0,1.0,1.0,shared
n5830,4,1.0,1.0,1.0,1.0,1.0,shared
n5831,3,0.75,1.0,1.0,1.0,0.9375,shared
n5832,4,1.0,1.0,1.0,1.0,1.0,shared
n5833,4,1.0,1.0,1.0,1.0,1.0,shared
n5834,4,1.0,1.0,1.0,1.0,1.0,shared
n5835,3,0.75,1.0,1.0,1.0,0.9375,shared
n5836,3,0.75,1.0,1.0,1.0,0.9375,shared
n5837,4,1.0,1.0,1.0,1.0,1.0,shared
n5838,3,0.75,1.0,1.0,1.0,0.9375,shared
n5839,4,1.0,1.0,1.0,1.0,1.0,shared
n5840,3,0.75,1.0,1.0,1.0,0.9375,shared
n5841,4,1.0,1.0,1.0,1.0,1.0,shared
n5842,4,1.0,1.0,1.0,1.0,1.0,shared
n5843,4,1.0,1.0,1.0,1.0,1.0,shared
n5844,3,0.75,1.0,1.0,1.0,0.9375,shared
n5845,4,1.0,1.0,1.0,1.0,1.0,shared
n5846,3,0.75,1.0,1.0,1.0,0.9375,shared
n5847,4,1.0,1.0,1.0,1.0,1.0,shared
n5848,4,1.0,1.0,1.0,1.0,1.0,shared
n5849,3,0.75,1.0,1.0,1.0,0.9375,shared
n5850,3,0.75,1.0,1.0,1.0,0.9375,shared
n5851,4,1.0,1.0,1.0,1.0,1.0,shared
n5852,4,1.0,1.0,1.0,1.0,1.0,shared
n5853,4,1.0,1.0,1.0,1.0,1.0,shared
n5854,4,1.0,1.0,1.0,1.0,1.0,shared
n5855,4,1.0,1.0,1.0,1.0,1.0,shared
n5856,4,1.0,1.0,1.0,1.0,1.0,shared
n5857,4,1.0,1.0,1.0,1.0,1.0,shared
n5858,3,0.75,1.0,1.0,1.0,0.9375,shared
n5859,3,0.75,1.0,1.0,1.0,0.9375,shared
n5860,4,1.0,1.0,1.0,1.0,1.0,shared
n5861,4,1.0,1.0,1.0,1.0,1.0,shared
n5862,4,1.0,1.0,1.0,1.0,1.0,shared
n5863,4,1.0,1.0,1.0,1.0,1.0,shared
n5864,3,0.75,1.0,1.0,1.0,0.9375,shared
n5865,4,1.0,1.0,1.0,1.0,1.0,shared
n5866,4,1.0,1.0,1.0,1.0,1.0,shared
n5867,4,1.0,1.0,1.0,1.0,1.0,shared
n5868,4,1.0,1.0,1.0,1.0,1.0,shared
n5869,4,1.0,1.0,1.0,1.0,1.0,shared
n5870,4,1.0,1.0,1.0,1.0,1.0,shared
n5871,4,1.0,1.0,1.0,1.0,1.0,shared
n5872,4,1.0,1.0,1.0,1.0,1.0,shared
n5873,4,1.0,1.0,0.5,1.0,0.875,shared
n5874,3,0.75,1.0,1.0,1.0,0.9375,shared
n5875,4,1.0,1.0,1.0,1.0,1.0,shared
n5876,4,1.0,1.0,1.0,1.0,1.0,shared
n5877,4,1.0,1.0,1.0,1.0,1.0,shared
n5878,4,1.0,1.0,1.0,1.0,1.0,shared
n5879,4,1.0,1.0,1.0,1.0,1.0,shared
n5880,4,1.0,1.0,1.0,1.0,1.0,shared
n5881,4,1.0,1.0,1.0,1.0,1.0,shared
n5882,4,1.0,0.4,1.0,1.0,0.85,shared
n5883,4,1.0,1.0,1.0,1.0,1.0,shared
n5884,4,1.0,1.0,1.0,1.0,1.0,shared
n5885,4,1.0,1.0,1.0,1.0,1.0,shared
n5886,4,1.0,1.0,1.0,1.0,1.0,shared
n5887,4,1.0,1.0,1.0,1.0,1.0,shared
n5888,4,1.0,1.0,1.0,1.0,1.0,shared
n5889,4,1.0,1.0,1.0,1.0,1.0,shared
n5890,4,1.0,1.0,1.0,1.0,1.0,shared
n5891,4,1.0,0.7142857142857143,1.0,1.0,0.9285714285714286,shared
n5892,4,1.0,1.0,1.0,1.0,1.0,shared
n5893,3,0.75,1.0,1.0,1.0,0.9375,shared
n5894,3,0.75,1.0,1.0,1.0,0.9375,shared
n5895,3,0.75,1.0,1.0,1.0,0.9375,shared
n5896,4,1.0,1.0,1.0,1.0,1.0,shared
n5897,4,1.0,1.0,1.0,1.0,1.0,shared
n5898,4,1.0,1.0,1.0,1.0,1.0,shared
n5899,4,1.0,1.0,1.0,1.0,1.0,shared
n5900,4,1.0,1.0,1.0,1.0,1.0,shared
n5901,3,0.75,1.0,1.0,1.0,0.9375,shared
n5902,4,1.0,1.0,1.0,1.0,1.0,shared
n5903,4,1.0,1.0,1.0,1.0,1.0,shared
n5904,4,1.0,1.0,1.0,1.0,1.0,shared
n5905,3,0.75,1.0,1.0,1.0,0.9375,shared
n5906,4,1.0,1.0,1.0,1.0,1.0,shared
n5907,3,0.75,1.0,1.0,1.0,0.9375,shared
n5908,3,0.75,1.0,1.0,1.0,0.9375,shared
n5909,3,0.75,1.0,1.0,1.0,0.9375,shared
n5910,3,0.75,1.0,1.0,1.0,0.9375,shared
n5911,3,0.75,1.0,1.0,1.0,0.9375,shared
n5912,4,1.0,1.0,1.0,1.0,1.0,shared
n5913,4,1.0,1.0,1.0,1.0,1.0,shared
n5914,3,0.75,1.0,1.0,1.0,0.9375,shared
n5915,3,0.75,1.0,1.0,1.0,0.9375,shared
n5916,3,0.75,1.0,1.0,1.0,0.9375,shared
n5917,3,0.75,1.0,1.0,1.0,0.9375,shared
n5918,3,0.75,1.0,1.0,1.0,0.9375,shared
n5919,4,1.0,1.0,1.0,1.0,1.0,shared
n5920,4,1.0,1.0,1.0,1.0,1.0,shared
n5921,4,1.0,1.0,1.0,1.0,1.0,shared
n5922,3,0.75,1.0,1.0,1.0,0.9375,shared
n5923,4,1.0,1.0,1.0,1.0,1.0,shared
n5924,4,1.0,1.0,1.0,1.0,1.0,shared
n5925,4,1.0,1.0,1.0,1.0,1.0,shared
n5926,3,0.75,1.0,1.0,1.0,0.9375,shared
n5927,4,1.0,1.0,1.0,1.0,1.0,shared
n5928,4,1.0,1.0,1.0,1.0,1.0,shared
n5929,4,1.0,1.0,1.0,1.0,1.0,shared
n5930,4,1.0,1.0,1.0,1.0,1.0,shared
n5931,3,0.75,1.0,1.0,1.0,0.9375,shared
n5932,4,1.0,1.0,1.0,1.0,1.0,shared
n5933,4,1.0,1.0,1.0,1.0,1.0,shared
n5934,4,1.0,1.0,1.0,1.0,1.0,shared
n5935,3,0.75,1.0,1.0,1.0,0.9375,shared
n5936,4,1.0,1.0,1.0,1.0,1.0,shared
n5937,4,1.0,1.0,1.0,1.0,1.0,shared
n5938,4,1.0,1.0,1.0,1.0,1.0,shared
n5939,4,1.0,1.0,1.0,1.0,1.0,shared
n5940,3,0.75,1.0,1.0,1.0,0.9375,shared
n5941,4,1.0,1.0,1.0,1.0,1.0,shared
n5942,4,1.0,1.0,1.0,1.0,1.0,shared
n5943,4,1.0,1.0,1.0,1.0,1.0,shared
n5944,3,0.75,1.0,1.0,1.0,0.9375,shared
n5945,4,1.0,0.4,0.4,1.0,0.7,shared
n5946,4,1.0,1.0,1.0,1.0,1.0,shared
n5947,4,1.0,1.0,1.0,1.0,1.0,shared
n5948,4,1.0,1.0,1.0,1.0,1.0,shared
n5949,4,1.0,1.0,1.0,1.0,1.0,shared
n5950,4,1.0,1.0,1.0,1.0,1.0,shared
n5951,4,1.0,1.0,1.0,1.0,1.0,shared
n5952,4,1.0,1.0,1.0,1.0,1.0,shared
n5953,4,1.0,1.0,1.0,1.0,1.0,shared
n5954,4,1.0,1.0,1.0,1.0,1.0,shared
n5955,4,1.0,1.0,1.0,1.0,1.0,shared
n5956,4,1.0,1.0,1.0,1.0,1.0,shared
n5957,3,0.75,1.0,1.0,1.0,0.9375,shared
n5958,4,1.0,1.0,1.0,1.0,1.0,shared
n5959,4,1.0,1.0,1.0,1.0,1.0,shared
n5960,3,0.75,1.0,1.0,1.0,0.9375,shared
n5961,4,1.0,1.0,1.0,1.0,1.0,shared
n5962,4,1.0,1.0,1.0,1.0,1.0,shared
n5963,4,1.0,1.0,1.0,1.0,1.0,shared
n5964,3,0.75,1.0,1.0,1.0,0.9375,shared
n5965,4,1.0,1.0,1.0,1.0,1.0,shared
n5966,4,1.0,1.0,1.0,1.0,1.0,shared
n5967,3,0.75,1.0,1.0,1.0,0.9375,shared
n5968,4,1.0,0.5,0.5,1.0,0.75,shared
n5969,4,1.0,0.4,0.4,1.0,0.7,shared
n5970,4,1.0,1.0,1.0,1.0,1.0,shared
n5971,4,1.0,1.0,1.0,1.0,1.0,shared
n5972,4,1.0,1.0,1.0,1.0,1.0,shared
n5973,4,1.0,1.0,1.0,1.0,1.0,shared
n5974,3,0.75,1.0,1.0,1.0,0.9375,shared
n5975,3,0.75,1.0,1.0,1.0,0.9375,shared
n5976,3,0.75,1.0,1.0,1.0,0.9375,shared
n5977,4,1.0,1.0,1.0,1.0,1.0,shared
n5978,4,1.0,1.0,1.0,1.0,1.0,shared
n5979,3,0.75,1.0,1.0,1.0,0.9375,shared
n5980,4,1.0,1.0,1.0,1.0,1.0,shared
n5981,3,0.75,1.0,1.0,1.0,0.9375,shared
n5982,4,1.0,1.0,1.0,1.0,1.0,shared
n5983,3,0.75,1.0,1.0,1.0,0.9375,shared
n5984,3,0.75,1.0,1.0,1.0,0.9375,shared
n5985,3,0.75,1.0,1.0,1.0,0.9375,shared
n5986,4,1.0,1.0,1.0,1.0,1.0,shared
n5987,4,1.0,1.0,1.0,1.0,1.0,shared
n5988,4,1.0,1.0,1.0,1.0,1.0,shared
n5989,3,0.75,1.0,1.0,1.0,0.9375,shared
n5990,4,1.0,1.0,1.0,1.0,1.0,shared
n5991,4,1.0,1.0,1.0,1.0,1.0,shared
n5992,3,0.75,1.0,1.0,1.0,0.9375,shared
n5993,4,1.0,1.0,1.0,1.0,1.0,shared
n5994,3,0.75,1.0,1.0,1.0,0.9375,shared
n5995,4,1.0,1.0,1.0,1.0,1.0,shared
n5996,4,1.0,1.0,1.0,1.0,1.0,shared
n5997,3,0.75,1.0,1.0,1.0,0.9375,shared
n5998,4,1.0,1.0,1.0,1.0,1.0,shared
n5999,4,1.0,1.0,1.0,1.0,1.0,shared
n6000,3,0.75,1.0,1.0,1.0,0.9375,shared
n6001,3,0.75,1.0,1.0,1.0,0.9375,shared
n6002,4,1.0,1.0,1.0,1.0,1.0,shared
n6003,4,1.0,1.0,1.0,1.0,1.0,shared
n6004,4,1.0,1.0,1.0,1.0,1.0,shared
n6005,4,1.0,1.0,1.0,1.0,1.0,shared
n6006,3,0.75,1.0,1.0,1.0,0.9375,shared
n6007,4,1.0,1.0,1.0,1.0,1.0,shared
n6008,4,1.0,1.0,1.0,1.0,1.0,shared
n6009,4,1.0,1.0,1.0,1.0,1.0,shared
n6010,4,1.0,1.0,1.0,1.0,1.0,shared
n6011,4,1.0,1.0,1.0,1.0,1.0,shared
n6012,4,1.0,1.0,1.0,1.0,1.0,shared
n6013,4,1.0,1.0,1.0,1.0,1.0,shared
n6014,4,1.0,1.0,1.0,1.0,1.0,shared
n6015,4,1.0,1.0,1.0,1.0,1.0,shared
n6016,4,1.0,0.5,0.5,1.0,0.75,shared
n6017,4,1.0,1.0,1.0,1.0,1.0,shared
n6018,3,0.75,1.0,1.0,1.0,0.9375,shared
n6019,4,1.0,1.0,1.0,1.0,1.0,shared
n6020,4,1.0,1.0,1.0,1.0,1.0,shared
n6021,4,1.0,1.0,1.0,1.0,1.0,shared
n6022,4,1.0,1.0,1.0,1.0,1.0,shared
n6023,4,1.0,1.0,1.0,1.0,1.0,shared
n6024,3,0.75,1.0,1.0,1.0,0.9375,shared
n6025,4,1.0,1.0,1.0,1.0,1.0,shared
n6026,4,1.0,1.0,1.0,1.0,1.0,shared
n6027,4,1.0,1.0,1.0,1.0,1.0,shared
n6028,3,0.75,1.0,1.0,1.0,0.9375,shared
n6029,4,1.0,1.0,1.0,1.0,1.0,shared
n6030,4,1.0,1.0,1.0,1.0,1.0,shared
n6031,4,1.0,1.0,1.0,1.0,1.0,shared
n6032,4,1.0,1.0,0.36363636363636365,1.0,0.8409090909090909,shared
n6033,3,0.75,1.0,1.0,1.0,0.9375,shared
n6034,4,1.0,1.0,1.0,1.0,1.0,shared
n6035,4,1.0,1.0,1.0,1.0,1.0,shared
n6036,4,1.0,1.0,1.0,1.0,1.0,shared
n6037,4,1.0,1.0,1.0,1.0,1.0,shared
n6038,4,1.0,1.0,1.0,1.0,1.0,shared
n6039,4,1.0,1.0,1.0,1.0,1.0,shared
n6040,4,1.0,1.0,1.0,1.0,1.0,shared
n6041,4,1.0,1.0,1.0,1.0,1.0,shared
n6042,4,1.0,1.0,1.0,1.0,1.0,shared
n6043,4,1.0,1.0,1.0,1.0,1.0,shared
n6044,4,1.0,1.0,1.0,1.0,1.0,shared
n6045,4,1.0,1.0,1.0,1.0,1.0,shared
n6046,4,1.0,1.0,1.0,1.0,1.0,shared
n6047,4,1.0,1.0,1.0,1.0,1.0,shared
n6048,4,1.0,1.0,1.0,1.0,1.0,shared
n6049,4,1.0,1.0,1.0,1.0,1.0,shared
n6050,4,1.0,1.0,1.0,1.0,1.0,shared
n6051,4,1.0,1.0,1.0,1.0,1.0,shared
n6052,3,0.75,1.0,1.0,1.0,0.9375,shared
n6053,3,0.75,1.0,1.0,1.0,0.9375,shared
n6054,4,1.0,1.0,1.0,1.0,1.0,shared
n6055,4,1.0,1.0,1.0,1.0,1.0,shared
n6056,3,0.75,1.0,1.0,1.0,0.9375,shared
n6057,4,1.0,1.0,1.0,1.0,1.0,shared
n6058,4,1.0,1.0,1.0,1.0,1.0,shared
n6059,3,0.75,1.0,1.0,1.0,0.9375,shared
n6060,4,1.0,1.0,1.0,1.0,1.0,shared
n6061,4,1.0,1.0,1.0,1.0,1.0,shared
n6062,3,0.75,1.0,1.0,1.0,0.9375,shared
n6063,4,1.0,1.0,1.0,1.0,1.0,shared
n6064,4,1.0,1.0,1.0,1.0,1.0,shared
n6065,4,1.0,1.0,1.0,1.0,1.0,shared
n6066,4,1.0,1.0,1.0,1.0,1.0,shared
n6067,3,0.75,1.0,1.0,1.0,0.9375,shared
n6068,4,1.0,1.0,1.0,1.0,1.0,shared
n6069,3,0.75,1.0,1.0,1.0,0.9375,shared
n6070,3,0.75,1.0,1.0,1.0,0.9375,shared
n6071,4,1.0,1.0,1.0,1.0,1.0,shared
n6072,4,1.0,1.0,1.0,1.0,1.0,shared
n6073,4,1.0,1.0,1.0,1.0,1.0,shared
n6074,4,1.0,1.0,1.0,1.0,1.0,shared
n6075,4,1.0,1.0,1.0,1.0,1.0,shared
n6076,4,1.0,1.0,1.0,1.0,1.0,shared
n6077,4,1.0,1.0,1.0,1.0,1.0,shared
n6078,4,1.0,1.0,1.0,1.0,1.0,shared
n6079,4,1.0,1.0,1.0,1.0,1.0,shared
n6080,3,0.75,1.0,1.0,1.0,0.9375,shared
n6081,4,1.0,1.0,1.0,1.0,1.0,shared
n6082,4,1.0,1.0,1.0,1.0,1.0,shared
n6083,4,1.0,1.0,1.0,1.0,1.0,shared
n6084,3,0.75,1.0,1.0,1.0,0.9375,shared
n6085,4,1.0,1.0,1.0,1.0,1.0,shared
n6086,4,1.0,1.0,1.0,1.0,1.0,shared
n6087,3,0.75,1.0,1.0,1.0,0.9375,shared
n6088,3,0.75,1.0,1.0,1.0,0.9375,shared
n6089,4,1.0,1.0,1.0,1.0,1.0,shared
n6090,4,1.0,1.0,1.0,1.0,1.0,shared
n6091,3,0.75,1.0,1.0,1.0,0.9375,shared
n6092,4,1.0,1.0,1.0,1.0,1.0,shared
n6093,4,1.0,1.0,1.0,1.0,1.0,shared
n6094,3,0.75,1.0,1.0,1.0,0.9375,shared
n6095,3,0.75,1.0,1.0,1.0,0.9375,shared
n6096,4,1.0,1.0,1.0,1.0,1.0,shared
n6097,4,1.0,1.0,1.0,1.0,1.0,shared
n6098,4,1.0,1.0,1.0,1.0,1.0,shared
n6099,4,1.0,1.0,1.0,1.0,1.0,shared
n6100,4,1.0,1.0,1.0,1.0,1.0,shared
n6101,4,1.0,1.0,1.0,1.0,1.0,shared
n6102,4,1.0,1.0,1.0,1.0,1.0,shared
n6103,4,1.0,1.0,1.0,1.0,1.0,shared
n6104,3,0.75,1.0,1.0,1.0,0.9375,shared
n6105,4,1.0,1.0,1.0,1.0,1.0,shared
n6106,4,1.0,1.0,1.0,1.0,1.0,shared
n6107,4,1.0,1.0,1.0,1.0,1.0,shared
n6108,4,1.0,1.0,1.0,1.0,1.0,shared
n6109,4,1.0,1.0,1.0,1.0,1.0,shared
n6110,3,0.75,1.0,1.0,1.0,0.9375,shared
n6111,3,0.75,1.0,1.0,1.0,0.9375,shared
n6112,3,0.75,1.0,1.0,1.0,0.9375,shared
n6113,4,1.0,1.0,1.0,1.0,1.0,shared
n6114,3,0.75,1.0,1.0,1.0,0.9375,shared
n6115,4,1.0,1.0,1.0,1.0,1.0,shared
n6116,4,1.0,1.0,1.0,1.0,1.0,shared
n6117,4,1.0,1.0,1.0,1.0,1.0,shared
n6118,4,1.0,1.0,1.0,1.0,1.0,shared
n6119,3,0.75,1.0,1.0,1.0,0.9375,shared
n6120,3,0.75,1.0,1.0,1.0,0.9375,shared
n6121,3,0.75,1.0,1.0,1.0,0.9375,shared
n6122,3,0.75,1.0,1.0,1.0,0.9375,shared
n6123,4,1.0,1.0,1.0,1.0,1.0,shared
n6124,4,1.0,1.0,1.0,1.0,1.0,shared
n6125,3,0.75,1.0,1.0,1.0,0.9375,shared
n6126,4,1.0,1.0,1.0,1.0,1.0,shared
n6127,3,0.75,1.0,1.0,1.0,0.9375,shared
n6128,3,0.75,1.0,1.0,1.0,0.9375,shared
n6129,4,1.0,1.0,1.0,1.0,1.0,shared
n6130,4,1.0,1.0,0.6666666666666666,1.0,0.9166666666666666,shared
n6131,4,1.0,1.0,1.0,1.0,1.0,shared
n6132,4,1.0,1.0,1.0,1.0,1.0,shared
n6133,4,1.0,1.0,1.0,1.0,1.0,shared
n6134,4,1.0,1.0,1.0,1.0,1.0,shared
n6135,3,0.75,1.0,1.0,1.0,0.9375,shared
n6136,4,1.0,1.0,1.0,1.0,1.0,shared
n6137,3,0.75,1.0,1.0,1.0,0.9375,shared
n6138,4,1.0,1.0,1.0,1.0,1.0,shared
n6139,4,1.0,1.0,1.0,1.0,1.0,shared
n6140,4,1.0,1.0,1.0,1.0,1.0,shared
n6141,4,1.0,1.0,1.0,1.0,1.0,shared
n6142,3,0.75,1.0,1.0,1.0,0.9375,shared
n6143,4,1.0,1.0,1.0,1.0,1.0,shared
n6144,4,1.0,1.0,1.0,1.0,1.0,shared
n6145,4,1.0,1.0,1.0,1.0,1.0,shared
n6146,4,1.0,1.0,1.0,1.0,1.0,shared
n6147,4,1.0,1.0,1.0,1.0,1.0,shared
n6148,4,1.0,1.0,1.0,1.0,1.0,shared
n6149,4,1.0,1.0,1.0,1.0,1.0,shared
n6150,4,1.0,1.0,1.0,1.0,1.0,shared
n6151,4,1.0,1.0,1.0,1.0,1.0,shared
n6152,3,0.75,1.0,1.0,1.0,0.9375,shared
n6153,4,1.0,1.0,1.0,1.0,1.0,shared
n6154,4,1.0,1.0,1.0,1.0,1.0,shared
n6155,4,1.0,1.0,1.0,1.0,1.0,shared
n6156,4,1.0,1.0,1.0,1.0,1.0,shared
n6157,4,1.0,1.0,1.0,1.0,1.0,shared
n6158,4,1.0,1.0,1.0,1.0,1.0,shared
n6159,4,1.0,1.0,1.0,1.0,1.0,shared
n6160,4,1.0,1.0,1.0,1.0,1.0,shared
n6161,4,1.0,1.0,1.0,1.0,1.0,shared
n6162,3,0.75,1.0,1.0,1.0,0.9375,shared
n6163,4,1.0,1.0,1.0,1.0,1.0,shared
n6164,4,1.0,1.0,1.0,1.0,1.0,shared
n6165,4,1.0,1.0,1.0,1.0,1.0,shared
n6166,4,1.0,1.0,1.0,1.0,1.0,shared
n6167,4,1.0,1.0,1.0,1.0,1.0,shared
n6168,4,1.0,1.0,1.0,1.0,1.0,shared
n6169,4,1.0,1.0,1.0,1.0,1.0,shared
n6170,3,0.75,1.0,1.0,1.0,0.9375,shared
n6171,3,0.75,1.0,1.0,1.0,0.9375,shared
n6172,3,0.75,1.0,1.0,1.0,0.9375,shared
n6173,4,1.0,1.0,1.0,1.0,1.0,shared
n6174,4,1.0,1.0,1.0,1.0,1.0,shared
n6175,4,1.0,1.0,1.0,1.0,1.0,shared
n6176,4,1.0,1.0,1.0,1.0,1.0,shared
n6177,4,1.0,1.0,1.0,1.0,1.0,shared
n6178,3,0.75,1.0,1.0,1.0,0.9375,shared
n6179,4,1.0,1.0,1.0,1.0,1.0,shared
n6180,4,1.0,1.0,1.0,1.0,1.0,shared
n6181,3,0.75,1.0,1.0,1.0,0.9375,shared
n6182,4,1.0,1.0,1.0,1.0,1.0,shared
n6183,4,1.0,1.0,1.0,1.0,1.0,shared
n6184,4,1.0,1.0,1.0,1.0,1.0,shared
n6185,3,0.75,1.0,1.0,1.0,0.9375,shared
n6186,4,1.0,1.0,1.0,1.0,1.0,shared
n6187,4,1.0,1.0,1.0,1.0,1.0,shared
n6188,3,0.75,1.0,1.0,1.0,0.9375,shared
n6189,4,1.0,1.0,1.0,1.0,1.0,shared
n6190,3,0.75,1.0,1.0,1.0,0.9375,shared
n6191,4,1.0,1.0,1.0,1.0,1.0,shared
n6192,4,1.0,1.0,1.0,1.0,1.0,shared
n6193,3,0.75,1.0,1.0,1.0,0.9375,shared
n6194,4,1.0,1.0,1.0,1.0,1.0,shared
n6195,4,1.0,1.0,1.0,1.0,1.0,shared
n6196,4,1.0,1.0,1.0,1.0,1.0,shared
n6197,3,0.75,1.0,1.0,1.0,0.9375,shared
n6198,4,1.0,1.0,1.0,1.0,1.0,shared
n6199,4,1.0,1.0,1.0,1.0,1.0,shared
n6200,3,0.75,1.0,1.0,1.0,0.9375,shared
n6201,4,1.0,1.0,1.0,1.0,1.0,shared
n6202,4,1.0,1.0,1.0,1.0,1.0,shared
n6203,3,0.75,1.0,1.0,1.0,0.9375,shared
n6204,4,1.0,1.0,1.0,1.0,1.0,shared
n6205,3,0.75,1.0,1.0,1.0,0.9375,shared
n6206,4,1.0,1.0,1.0,1.0,1.0,shared
n6207,3,0.75,1.0,1.0,1.0,0.9375,shared
n6208,3,0.75,1.0,1.0,1.0,0.9375,shared
n6209,4,1.0,1.0,1.0,1.0,1.0,shared
n6210,4,1.0,1.0,1.0,1.0,1.0,shared
n6211,4,1.0,1.0,1.0,1.0,1.0,shared
n6212,4,1.0,1.0,1.0,1.0,1.0,shared
n6213,4,1.0,1.0,1.0,1.0,1.0,shared
n6214,4,1.0,1.0,1.0,1.0,1.0,shared
n6215,3,0.75,1.0,1.0,1.0,0.9375,shared
n6216,4,1.0,1.0,1.0,1.0,1.0,shared
n6217,3,0.75,1.0,1.0,1.0,0.9375,shared
n6218,4,1.0,1.0,1.0,1.0,1.0,shared
n6219,4,1.0,1.0,1.0,1.0,1.0,shared
n6220,4,1.0,0.5714285714285714,0.5714285714285714,1.0,0.7857142857142857,shared
n6221,4,1.0,1.0,1.0,1.0,1.0,shared
n6222,3,0.75,1.0,1.0,1.0,0.9375,shared
n6223,4,1.0,1.0,1.0,1.0,1.0,shared
n6224,4,1.0,1.0,1.0,1.0,1.0,shared
n6225,4,1.0,1.0,1.0,1.0,1.0,shared
n6226,3,0.75,1.0,1.0,1.0,0.9375,shared
n6227,3,0.75,1.0,1.0,1.0,0.9375,shared
n6228,4,1.0,1.0,1.0,1.0,1.0,shared
n6229,4,1.0,1.0,1.0,1.0,1.0,shared
n6230,3,0.75,1.0,1.0,1.0,0.9375,shared
n6231,3,0.75,1.0,1.0,1.0,0.9375,shared
n6232,4,1.0,1.0,1.0,1.0,1.0,shared
n6233,4,1.0,1.0,1.0,1.0,1.0,shared
n6234,3,0.75,1.0,1.0,1.0,0.9375,shared
n6235,4,1.0,1.0,1.0,1.0,1.0,shared
n6236,3,0.75,1.0,1.0,1.0,0.9375,shared
n6237,3,0.75,1.0,1.0,1.0,0.9375,shared
n6238,4,1.0,1.0,1.0,1.0,1.0,shared
n6239,3,0.75,1.0,1.0,1.0,0.9375,shared
n6240,3,0.75,1.0,1.0,1.0,0.9375,shared
n6241,4,1.0,1.0,1.0,1.0,1.0,shared
n6242,4,1.0,1.0,1.0,1.0,1.0,shared
n6243,3,0.75,1.0,1.0,1.0,0.9375,shared
n6244,4,1.0,1.0,1.0,1.0,1.0,shared
n6245,4,1.0,1.0,1.0,1.0,1.0,shared
n6246,3,0.75,1.0,1.0,1.0,0.9375,shared
n6247,4,1.0,1.0,1.0,1.0,1.0,shared
n6248,4,1.0,1.0,1.0,1.0,1.0,shared
n6249,4,1.0,1.0,1.0,1.0,1.0,shared
n6250,4,1.0,1.0,1.0,1.0,1.0,shared
n6251,4,1.0,0.5714285714285714,0.5714285714285714,1.0,0.7857142857142857,shared
n6252,4,1.0,1.0,1.0,1.0,1.0,shared
n6253,4,1.0,1.0,1.0,1.0,1.0,shared
n6254,3,0.75,1.0,1.0,1.0,0.9375,shared
n6255,4,1.0,1.0,1.0,1.0,1.0,shared
n6256,4,1.0,1.0,1.0,1.0,1.0,shared
n6257,4,1.0,0.5,1.0,1.0,0.875,shared
n6258,4,1.0,1.0,1.0,1.0,1.0,shared
n6259,3,0.75,1.0,1.0,1.0,0.9375,shared
n6260,4,1.0,1.0,1.0,1.0,1.0,shared
n6261,4,1.0,1.0,1.0,1.0,1.0,shared
n6262,3,0.75,1.0,1.0,1.0,0.9375,shared
n6263,4,1.0,1.0,1.0,1.0,1.0,shared
n6264,3,0.75,1.0,1.0,1.0,0.9375,shared
n6265,3,0.75,1.0,1.0,1.0,0.9375,shared
n6266,4,1.0,1.0,1.0,1.0,1.0,shared
n6267,3,0.75,1.0,1.0,1.0,0.9375,shared
n6268,4,1.0,1.0,1.0,1.0,1.0,shared
n6269,3,0.75,1.0,1.0,1.0,0.9375,shared
n6270,4,1.0,1.0,1.0,1.0,1.0,shared
n6271,3,0.75,1.0,1.0,1.0,0.9375,shared
n6272,4,1.0,0.75,1.0,1.0,0.9375,shared
n6273,4,1.0,1.0,1.0,1.0,1.0,shared
n6274,4,1.0,1.0,1.0,1.0,1.0,shared
n6275,4,1.0,1.0,1.0,1.0,1.0,shared
n6276,3,0.75,1.0,1.0,1.0,0.9375,shared
n6277,3,0.75,1.0,1.0,1.0,0.9375,shared
n6278,3,0.75,1.0,1.0,1.0,0.9375,shared
n6279,3,0.75,1.0,1.0,1.0,0.9375,shared
n6280,4,1.0,1.0,1.0,1.0,1.0,shared
n6281,4,1.0,1.0,1.0,1.0,1.0,shared
n6282,4,1.0,1.0,1.0,1.0,1.0,shared
n6283,4,1.0,1.0,1.0,1.0,1.0,shared
n6284,4,1.0,1.0,1.0,1.0,1.0,shared
n6285,4,1.0,1.0,1.0,1.0,1.0,shared
n6286,4,1.0,1.0,1.0,1.0,1.0,shared
n6287,1,0.25,1.0,1.0,1.0,0.8125,rescued_private
n6288,4,1.0,1.0,1.0,1.0,1.0,shared
n6289,4,1.0,1.0,1.0,1.0,1.0,shared
n6290,4,1.0,1.0,1.0,1.0,1.0,shared
n6291,4,1.0,1.0,1.0,1.0,1.0,shared
n6292,4,1.0,1.0,1.0,1.0,1.0,shared
n6293,4,1.0,1.0,1.0,1.0,1.0,shared
n6294,3,0.75,1.0,1.0,1.0,0.9375,shared
n6295,4,1.0,1.0,1.0,1.0,1.0,shared
n6296,4,1.0,1.0,1.0,1.0,1.0,shared
n6297,4,1.0,1.0,1.0,1.0,1.0,shared
n6298,4,1.0,1.0,1.0,1.0,1.0,shared
n6299,3,0.75,1.0,1.0,1.0,0.9375,shared
n6300,4,1.0,1.0,1.0,1.0,1.0,shared
n6301,4,1.0,1.0,1.0,1.0,1.0,shared
n6302,3,0.75,1.0,1.0,1.0,0.9375,shared
n6303,4,1.0,1.0,1.0,1.0,1.0,shared
n6304,3,0.75,1.0,1.0,1.0,0.9375,shared
n6305,4,1.0,1.0,1.0,1.0,1.0,shared
n6306,4,1.0,1.0,1.0,1.0,1.0,shared
n6307,4,1.0,1.0,1.0,1.0,1.0,shared
n6308,4,1.0,1.0,1.0,1.0,1.0,shared
n6309,4,1.0,0.5714285714285714,0.5714285714285714,1.0,0.7857142857142857,shared
n6310,4,1.0,1.0,1.0,1.0,1.0,shared
n6311,4,1.0,1.0,1.0,1.0,1.0,shared
n6312,4,1.0,1.0,1.0,1.0,1.0,shared
n6313,4,1.0,1.0,1.0,1.0,1.0,shared
n6314,3,0.75,1.0,1.0,1.0,0.9375,shared
n6315,4,1.0,1.0,1.0,1.0,1.0,shared
n6316,4,1.0,1.0,1.0,1.0,1.0,shared
n6317,4,1.0,1.0,1.0,1.0,1.0,shared
n6318,3,0.75,1.0,1.0,1.0,0.9375,shared
n6319,4,1.0,1.0,1.0,1.0,1.0,shared
n6320,4,1.0,1.0,1.0,1.0,1.0,shared
n6321,3,0.75,1.0,1.0,1.0,0.9375,shared
n6322,4,1.0,1.0,1.0,1.0,1.0,shared
n6323,4,1.0,1.0,1.0,1.0,1.0,shared
n6324,3,0.75,1.0,1.0,1.0,0.9375,shared
n6325,4,1.0,1.0,1.0,1.0,1.0,shared
n6326,3,0.75,1.0,1.0,1.0,0.9375,shared
n6327,4,1.0,1.0,1.0,1.0,1.0,shared
n6328,4,1.0,1.0,1.0,1.0,1.0,shared
n6329,4,1.0,1.0,1.0,1.0,1.0,shared
n6330,3,0.75,1.0,1.0,1.0,0.9375,shared
n6331,4,1.0,1.0,1.0,1.0,1.0,shared
n6332,4,1.0,1.0,1.0,1.0,1.0,shared
n6333,4,1.0,1.0,1.0,1.0,1.0,shared
n6334,4,1.0,1.0,1.0,1.0,1.0,shared
n6335,4,1.0,1.0,1.0,1.0,1.0,shared
n6336,4,1.0,1.0,1.0,1.0,1.0,shared
n6337,4,1.0,1.0,1.0,1.0,1.0,shared
n6338,3,0.75,1.0,1.0,1.0,0.9375,shared
n6339,3,0.75,1.0,1.0,1.0,0.9375,shared
n6340,3,0.75,1.0,1.0,1.0,0.9375,shared
n6341,4,1.0,1.0,1.0,1.0,1.0,shared
n6342,3,0.75,1.0,1.0,1.0,0.9375,shared
n6343,4,1.0,1.0,1.0,1.0,1.0,shared
n6344,3,0.75,1.0,1.0,1.0,0.9375,shared
n6345,4,1.0,1.0,1.0,1.0,1.0,shared
n6346,4,1.0,1.0,1.0,1.0,1.0,shared
n6347,4,1.0,0.5714285714285714,1.0,1.0,0.8928571428571428,shared
n6348,4,1.0,1.0,1.0,1.0,1.0,shared
n6349,4,1.0,1.0,1.0,1.0,1.0,shared
n6350,4,1.0,1.0,1.0,1.0,1.0,shared
n6351,4,1.0,0.4666666666666667,1.0,1.0,0.8666666666666667,shared
n6352,4,1.0,1.0,1.0,1.0,1.0,shared
n6353,4,1.0,1.0,1.0,1.0,1.0,shared
n6354,3,0.75,1.0,1.0,1.0,0.9375,shared
n6355,4,1.0,1.0,1.0,1.0,1.0,shared
n6356,3,0.75,1.0,1.0,1.0,0.9375,shared
n6357,4,1.0,1.0,1.0,1.0,1.0,shared
n6358,4,1.0,1.0,1.0,1.0,1.0,shared
n6359,4,1.0,1.0,1.0,1.0,1.0,shared
n6360,4,1.0,1.0,1.0,1.0,1.0,shared
n6361,4,1.0,1.0,1.0,1.0,1.0,shared
n6362,4,1.0,1.0,1.0,1.0,1.0,shared
n6363,4,1.0,1.0,1.0,1.0,1.0,shared
n6364,4,1.0,1.0,1.0,1.0,1.0,shared
n6365,4,1.0,1.0,1.0,1.0,1.0,shared
n6366,4,1.0,1.0,1.0,1.0,1.0,shared
n6367,3,0.75,1.0,1.0,1.0,0.9375,shared
n6368,4,1.0,1.0,1.0,1.0,1.0,shared
n6369,4,1.0,1.0,1.0,1.0,1.0,shared
n6370,3,0.75,1.0,1.0,1.0,0.9375,shared
n6371,4,1.0,1.0,1.0,1.0,1.0,shared
n6372,4,1.0,1.0,1.0,1.0,1.0,shared
n6373,4,1.0,1.0,1.0,1.0,1.0,shared
n6374,4,1.0,1.0,1.0,1.0,1.0,shared
n6375,4,1.0,1.0,1.0,1.0,1.0,shared
n6376,4,1.0,1.0,1.0,1.0,1.0,shared
n6377,4,1.0,1.0,1.0,1.0,1.0,shared
n6378,4,1.0,1.0,1.0,1.0,1.0,shared
n6379,4,1.0,1.0,1.0,1.0,1.0,shared
n6380,4,1.0,1.0,1.0,1.0,1.0,shared
n6381,4,1.0,1.0,1.0,1.0,1.0,shared
n6382,3,0.75,1.0,1.0,1.0,0.9375,shared
n6383,3,0.75,1.0,1.0,1.0,0.9375,shared
n6384,3,0.75,1.0,1.0,1.0,0.9375,shared
n6385,4,1.0,1.0,1.0,1.0,1.0,shared
n6386,4,1.0,1.0,1.0,1.0,1.0,shared
n6387,4,1.0,1.0,1.0,1.0,1.0,shared
n6388,4,1.0,1.0,1.0,1.0,1.0,shared
n6389,4,1.0,1.0,1.0,1.0,1.0,shared
n6390,4,1.0,1.0,1.0,1.0,1.0,shared
n6391,3,0.75,1.0,1.0,1.0,0.9375,shared
n6392,4,1.0,1.0,1.0,1.0,1.0,shared
n6393,4,1.0,1.0,1.0,1.0,1.0,shared
n6394,3,0.75,1.0,1.0,1.0,0.9375,shared
n6395,4,1.0,1.0,1.0,1.0,1.0,shared
n6396,3,0.75,1.0,1.0,1.0,0.9375,shared
n6397,4,1.0,1.0,1.0,1.0,1.0,shared
n6398,3,0.75,1.0,1.0,1.0,0.9375,shared
n6399,4,1.0,1.0,1.0,1.0,1.0,shared
n6400,4,1.0,1.0,1.0,1.0,1.0,shared
n6401,4,1.0,1.0,1.0,1.0,1.0,shared
n6402,4,1.0,1.0,1.0,1.0,1.0,shared
n6403,4,1.0,1.0,1.0,1.0,1.0,shared
n6404,3,0.75,1.0,1.0,1.0,0.9375,shared
n6405,3,0.75,1.0,1.0,1.0,0.9375,shared
n6406,4,1.0,1.0,1.0,1.0,1.0,shared
n6407,3,0.75,1.0,1.0,1.0,0.9375,shared
n6408,3,0.75,1.0,1.0,1.0,0.9375,shared
n6409,4,1.0,1.0,1.0,1.0,1.0,shared
n6410,3,0.75,1.0,1.0,1.0,0.9375,shared
n6411,4,1.0,1.0,1.0,1.0,1.0,shared
n6412,4,1.0,1.0,1.0,1.0,1.0,shared
n6413,4,1.0,0.5,0.5,1.0,0.75,shared
n6414,4,1.0,1.0,1.0,1.0,1.0,shared
n6415,4,1.0,1.0,1.0,1.0,1.0,shared
n6416,3,0.75,1.0,1.0,1.0,0.9375,shared
n6417,4,1.0,1.0,1.0,1.0,1.0,shared
n6418,4,1.0,1.0,1.0,1.0,1.0,shared
n6419,4,1.0,1.0,1.0,1.0,1.0,shared
n6420,3,0.75,1.0,1.0,1.0,0.9375,shared
n6421,3,0.75,1.0,1.0,1.0,0.9375,shared
n6422,4,1.0,1.0,1.0,1.0,1.0,shared
n6423,4,1.0,1.0,1.0,1.0,1.0,shared
n6424,4,1.0,1.0,1.0,1.0,1.0,shared
n6425,4,1.0,1.0,1.0,1.0,1.0,shared
n6426,3,0.75,1.0,1.0,1.0,0.9375,shared
n6427,3,0.75,1.0,1.0,1.0,0.9375,shared
n6428,3,0.75,1.0,1.0,1.0,0.9375,shared
n6429,4,1.0,1.0,1.0,1.0,1.0,shared
n6430,4,1.0,1.0,1.0,1.0,1.0,shared
n6431,3,0.75,1.0,1.0,1.0,0.9375,shared
n6432,3,0.75,1.0,1.0,1.0,0.9375,shared
n6433,3,0.75,1.0,1.0,1.0,0.9375,shared
n6434,3,0.75,1.0,1.0,1.0,0.9375,shared
n6435,3,0.75,1.0,1.0,1.0,0.9375,shared
n6436,4,1.0,1.0,1.0,1.0,1.0,shared
n6437,4,1.0,1.0,1.0,1.0,1.0,shared
n6438,3,0.75,1.0,1.0,1.0,0.9375,shared
n6439,4,1.0,1.0,1.0,1.0,1.0,shared
n6440,4,1.0,1.0,1.0,1.0,1.0,shared
n6441,3,0.75,1.0,1.0,1.0,0.9375,shared
n6442,3,0.75,1.0,1.0,1.0,0.9375,shared
n6443,3,0.75,1.0,1.0,1.0,0.9375,shared
n6444,3,0.75,1.0,1.0,1.0,0.9375,shared
n6445,3,0.75,1.0,1.0,1.0,0.9375,shared
n6446,4,1.0,1.0,1.0,1.0,1.0,shared
n6447,3,0.75,1.0,1.0,1.0,0.9375,shared
n6448,4,1.0,1.0,1.0,1.0,1.0,shared
n6449,4,1.0,1.0,1.0,1.0,1.0,shared
n6450,4,1.0,1.0,1.0,1.0,1.0,shared
n6451,3,0.75,1.0,1.0,1.0,0.9375,shared
n6452,3,0.75,1.0,1.0,1.0,0.9375,shared
n6453,3,0.75,1.0,1.0,1.0,0.9375,shared
n6454,3,0.75,1.0,1.0,1.0,0.9375,shared
n6455,3,0.75,1.0,1.0,1.0,0.9375,shared
n6456,3,0.75,1.0,1.0,1.0,0.9375,shared
n6457,4,1.0,1.0,1.0,1.0,1.0,shared
n6458,3,0.75,1.0,1.0,1.0,0.9375,shared
n6459,3,0.75,1.0,1.0,1.0,0.9375,shared
n6460,4,1.0,1.0,1.0,1.0,1.0,shared
n6461,4,1.0,1.0,1.0,1.0,1.0,shared
n6462,3,0.75,1.0,1.0,1.0,0.9375,shared
n6463,3,0.75,1.0,1.0,1.0,0.9375,shared
n6464,4,1.0,1.0,1.0,1.0,1.0,shared
n6465,4,1.0,0.7272727272727273,0.7272727272727273,1.0,0.8636363636363636,shared
n6466,4,1.0,1.0,1.0,1.0,1.0,shared
n6467,3,0.75,1.0,1.0,1.0,0.9375,shared
n6468,3,0.75,1.0,1.0,1.0,0.9375,shared
n6469,4,1.0,0.5714285714285714,0.5714285714285714,1.0,0.7857142857142857,shared
n6470,4,1.0,1.0,1.0,1.0,1.0,shared
n6471,4,1.0,1.0,1.0,1.0,1.0,shared
n6472,4,1.0,1.0,1.0,1.0,1.0,shared
n6473,3,0.75,1.0,1.0,1.0,0.9375,shared
n6474,3,0.75,1.0,1.0,1.0,0.9375,shared
n6475,4,1.0,1.0,1.0,1.0,1.0,shared
n6476,4,1.0,0.5,0.5,1.0,0.75,shared
n6477,4,1.0,1.0,1.0,1.0,1.0,shared
n6478,4,1.0,1.0,1.0,1.0,1.0,shared
n6479,3,0.75,1.0,1.0,1.0,0.9375,shared
n6480,4,1.0,1.0,1.0,1.0,1.0,shared
n6481,3,0.75,1.0,1.0,1.0,0.9375,shared
n6482,3,0.75,1.0,1.0,1.0,0.9375,shared
n6483,3,0.75,1.0,1.0,1.0,0.9375,shared
n6484,4,1.0,1.0,1.0,1.0,1.0,shared
n6485,4,1.0,1.0,1.0,1.0,1.0,shared
n6486,4,1.0,1.0,1.0,1.0,1.0,shared
n6487,3,0.75,1.0,1.0,1.0,0.9375,shared
n6488,4,1.0,1.0,1.0,1.0,1.0,shared
n6489,4,1.0,1.0,0.5714285714285714,1.0,0.8928571428571428,shared
n6490,4,1.0,1.0,1.0,1.0,1.0,shared
n6491,4,1.0,1.0,1.0,1.0,1.0,shared
n6492,4,1.0,1.0,1.0,1.0,1.0,shared
n6493,4,1.0,1.0,1.0,1.0,1.0,shared
n6494,4,1.0,1.0,1.0,1.0,1.0,shared
n6495,4,1.0,1.0,1.0,1.0,1.0,shared
n6496,4,1.0,1.0,1.0,1.0,1.0,shared
n6497,3,0.75,1.0,1.0,1.0,0.9375,shared
n6498,4,1.0,1.0,1.0,1.0,1.0,shared
n6499,4,1.0,1.0,1.0,1.0,1.0,shared
n6500,3,0.75,1.0,1.0,1.0,0.9375,shared
n6501,4,1.0,1.0,1.0,1.0,1.0,shared
n6502,4,1.0,1.0,1.0,1.0,1.0,shared
n6503,3,0.75,1.0,1.0,1.0,0.9375,shared
n6504,3,0.75,1.0,1.0,1.0,0.9375,shared
n6505,4,1.0,1.0,1.0,1.0,1.0,shared
n6506,3,0.75,1.0,1.0,1.0,0.9375,shared
n6507,4,1.0,1.0,1.0,1.0,1.0,shared
n6508,3,0.75,1.0,1.0,1.0,0.9375,shared
n6509,4,1.0,1.0,1.0,1.0,1.0,shared
n6510,4,1.0,1.0,1.0,1.0,1.0,shared
n6511,3,0.75,1.0,1.0,1.0,0.9375,shared
n6512,4,1.0,1.0,1.0,1.0,1.0,shared
n6513,3,0.75,1.0,1.0,1.0,0.9375,shared
n6514,4,1.0,1.0,1.0,1.0,1.0,shared
n6515,4,1.0,1.0,1.0,1.0,1.0,shared
n6516,4,1.0,1.0,1.0,1.0,1.0,shared
n6517,3,0.75,1.0,1.0,1.0,0.9375,shared
n6518,4,1.0,1.0,1.0,1.0,1.0,shared
n6519,3,0.75,1.0,1.0,1.0,0.9375,shared
n6520,4,1.0,1.0,1.0,1.0,1.0,shared
n6521,4,1.0,1.0,1.0,1.0,1.0,shared
n6522,4,1.0,1.0,1.0,1.0,1.0,shared
n6523,4,1.0,1.0,1.0,1.0,1.0,shared
n6524,4,1.0,1.0,1.0,1.0,1.0,shared
n6525,4,1.0,1.0,1.0,1.0,1.0,shared
n6526,4,1.0,1.0,1.0,1.0,1.0,shared
n6527,4,1.0,1.0,1.0,1.0,1.0,shared
n6528,4,1.0,1.0,1.0,1.0,1.0,shared
n6529,4,1.0,1.0,1.0,1.0,1.0,shared
n6530,4,1.0,1.0,1.0,1.0,1.0,shared
n6531,3,0.75,1.0,1.0,1.0,0.9375,shared
n6532,4,1.0,1.0,1.0,1.0,1.0,shared
n6533,4,1.0,1.0,1.0,1.0,1.0,shared
n6534,3,0.75,1.0,1.0,1.0,0.9375,shared
n6535,3,0.75,1.0,1.0,1.0,0.9375,shared
n6536,3,0.75,1.0,1.0,1.0,0.9375,shared
n6537,3,0.75,1.0,1.0,1.0,0.9375,shared
n6538,4,1.0,1.0,1.0,1.0,1.0,shared
n6539,4,1.0,1.0,1.0,1.0,1.0,shared
n6540,4,1.0,1.0,1.0,1.0,1.0,shared
n6541,4,1.0,1.0,1.0,1.0,1.0,shared
n6542,4,1.0,1.0,1.0,1.0,1.0,shared
n6543,4,1.0,1.0,1.0,1.0,1.0,shared
n6544,4,1.0,1.0,1.0,1.0,1.0,shared
n6545,4,1.0,1.0,1.0,1.0,1.0,shared
n6546,4,1.0,1.0,1.0,1.0,1.0,shared
n6547,3,0.75,1.0,1.0,1.0,0.9375,shared
n6548,3,0.75,1.0,1.0,1.0,0.9375,shared
n6549,4,1.0,1.0,1.0,1.0,1.0,shared
n6550,4,1.0,1.0,1.0,1.0,1.0,shared
n6551,4,1.0,1.0,1.0,1.0,1.0,shared
n6552,4,1.0,1.0,1.0,1.0,1.0,shared
n6553,4,1.0,1.0,1.0,1.0,1.0,shared
n6554,4,1.0,1.0,1.0,1.0,1.0,shared
n6555,4,1.0,1.0,1.0,1.0,1.0,shared
n6556,4,1.0,1.0,1.0,1.0,1.0,shared
n6557,4,1.0,1.0,1.0,1.0,1.0,shared
n6558,3,0.75,1.0,1.0,1.0,0.9375,shared
n6559,4,1.0,1.0,1.0,1.0,1.0,shared
n6560,4,1.0,1.0,1.0,1.0,1.0,shared
n6561,4,1.0,1.0,1.0,1.0,1.0,shared
n6562,4,1.0,1.0,1.0,1.0,1.0,shared
n6563,3,0.75,1.0,1.0,1.0,0.9375,shared
n6564,4,1.0,1.0,1.0,1.0,1.0,shared
n6565,4,1.0,1.0,1.0,1.0,1.0,shared
n6566,4,1.0,1.0,1.0,1.0,1.0,shared
n6567,4,1.0,1.0,1.0,1.0,1.0,shared
n6568,4,1.0,1.0,1.0,1.0,1.0,shared
n6569,4,1.0,1.0,1.0,1.0,1.0,shared
n6570,3,0.75,1.0,1.0,1.0,0.9375,shared
n6571,4,1.0,1.0,1.0,1.0,1.0,shared
n6572,4,1.0,1.0,1.0,1.0,1.0,shared
n6573,4,1.0,1.0,1.0,1.0,1.0,shared
n6574,4,1.0,1.0,1.0,1.0,1.0,shared
n6575,3,0.75,1.0,1.0,1.0,0.9375,shared
n6576,4,1.0,1.0,1.0,1.0,1.0,shared
n6577,3,0.75,1.0,1.0,1.0,0.9375,shared
n6578,4,1.0,1.0,1.0,1.0,1.0,shared
n6579,4,1.0,1.0,1.0,1.0,1.0,shared
n6580,4,1.0,1.0,1.0,1.0,1.0,shared
n6581,4,1.0,1.0,1.0,1.0,1.0,shared
n6582,3,0.75,1.0,1.0,1.0,0.9375,shared
n6583,4,1.0,1.0,1.0,1.0,1.0,shared
n6584,4,1.0,1.0,1.0,1.0,1.0,shared
n6585,4,1.0,1.0,1.0,1.0,1.0,shared
n6586,3,0.75,1.0,1.0,1.0,0.9375,shared
n6587,3,0.75,1.0,1.0,1.0,0.9375,shared
n6588,4,1.0,1.0,1.0,1.0,1.0,shared
n6589,4,1.0,1.0,1.0,1.0,1.0,shared
n6590,3,0.75,1.0,1.0,1.0,0.9375,shared
n6591,4,1.0,1.0,1.0,1.0,1.0,shared
n6592,4,1.0,1.0,1.0,1.0,1.0,shared
n6593,4,1.0,1.0,1.0,1.0,1.0,shared
n6594,4,1.0,1.0,1.0,1.0,1.0,shared
n6595,4,1.0,1.0,1.0,1.0,1.0,shared
n6596,4,1.0,1.0,1.0,1.0,1.0,shared
n6597,4,1.0,1.0,1.0,1.0,1.0,shared
n6598,4,1.0,1.0,1.0,1.0,1.0,shared
n6599,3,0.75,1.0,1.0,1.0,0.9375,shared
n6600,4,1.0,1.0,1.0,1.0,1.0,shared
n6601,4,1.0,1.0,1.0,1.0,1.0,shared
n6602,4,1.0,1.0,1.0,1.0,1.0,shared
n6603,4,1.0,1.0,1.0,1.0,1.0,shared
n6604,3,0.75,1.0,1.0,1.0,0.9375,shared
n6605,4,1.0,1.0,1.0,1.0,1.0,shared
n6606,3,0.75,1.0,1.0,1.0,0.9375,shared
n6607,4,1.0,1.0,1.0,1.0,1.0,shared
n6608,4,1.0,1.0,1.0,1.0,1.0,shared
n6609,4,1.0,1.0,1.0,1.0,1.0,shared
n6610,4,1.0,1.0,1.0,1.0,1.0,shared
n6611,4,1.0,1.0,1.0,1.0,1.0,shared
n6612,4,1.0,1.0,1.0,1.0,1.0,shared
n6613,4,1.0,1.0,1.0,1.0,1.0,shared
n6614,4,1.0,1.0,1.0,1.0,1.0,shared
n6615,4,1.0,1.0,1.0,1.0,1.0,shared
n6616,4,1.0,1.0,1.0,1.0,1.0,shared
n6617,3,0.75,1.0,1.0,1.0,0.9375,shared
n6618,4,1.0,1.0,1.0,1.0,1.0,shared
n6619,4,1.0,1.0,1.0,1.0,1.0,shared
n6620,3,0.75,1.0,1.0,1.0,0.9375,shared
n6621,4,1.0,1.0,1.0,1.0,1.0,shared
n6622,4,1.0,1.0,1.0,1.0,1.0,shared
n6623,4,1.0,1.0,1.0,1.0,1.0,shared
n6624,4,1.0,1.0,1.0,1.0,1.0,shared
n6625,4,1.0,1.0,1.0,1.0,1.0,shared
n6626,4,1.0,1.0,1.0,1.0,1.0,shared
n6627,4,1.0,1.0,1.0,1.0,1.0,shared
n6628,4,1.0,1.0,1.0,1.0,1.0,shared
n6629,4,1.0,1.0,1.0,1.0,1.0,shared
n6630,4,1.0,1.0,1.0,1.0,1.0,shared
n6631,4,1.0,1.0,1.0,1.0,1.0,shared
n6632,4,1.0,1.0,1.0,1.0,1.0,shared
n6633,3,0.75,1.0,1.0,1.0,0.9375,shared
n6634,3,0.75,1.0,1.0,1.0,0.9375,shared
n6635,4,1.0,1.0,1.0,1.0,1.0,shared
n6636,4,1.0,1.0,1.0,1.0,1.0,shared
n6637,4,1.0,1.0,1.0,1.0,1.0,shared
n6638,4,1.0,1.0,1.0,1.0,1.0,shared
n6639,4,1.0,1.0,1.0,1.0,1.0,shared
n6640,4,1.0,1.0,1.0,1.0,1.0,shared
n6641,4,1.0,1.0,1.0,1.0,1.0,shared
n6642,4,1.0,1.0,1.0,1.0,1.0,shared
n6643,4,1.0,1.0,1.0,1.0,1.0,shared
n6644,3,0.75,1.0,1.0,1.0,0.9375,shared
n6645,4,1.0,1.0,1.0,1.0,1.0,shared
n6646,4,1.0,1.0,1.0,1.0,1.0,shared
n6647,3,0.75,1.0,1.0,1.0,0.9375,shared
n6648,4,1.0,1.0,1.0,1.0,1.0,shared
n6649,4,1.0,1.0,1.0,1.0,1.0,shared
n6650,4,1.0,1.0,1.0,1.0,1.0,shared
n6651,4,1.0,1.0,1.0,1.0,1.0,shared
n6652,4,1.0,1.0,1.0,1.0,1.0,shared
n6653,4,1.0,1.0,1.0,1.0,1.0,shared
n6654,3,0.75,1.0,1.0,1.0,0.9375,shared
n6655,4,1.0,1.0,1.0,1.0,1.0,shared
n6656,4,1.0,1.0,1.0,1.0,1.0,shared
n6657,4,1.0,1.0,1.0,1.0,1.0,shared
n6658,4,1.0,1.0,1.0,1.0,1.0,shared
n6659,4,1.0,1.0,1.0,1.0,1.0,shared
n6660,4,1.0,1.0,1.0,1.0,1.0,shared
n6661,4,1.0,1.0,1.0,1.0,1.0,shared
n6662,4,1.0,1.0,1.0,1.0,1.0,shared
n6663,4,1.0,1.0,1.0,1.0,1.0,shared
n6664,4,1.0,1.0,1.0,1.0,1.0,shared
n6665,4,1.0,1.0,1.0,1.0,1.0,shared
n6666,4,1.0,1.0,1.0,1.0,1.0,shared
n6667,3,0.75,1.0,1.0,1.0,0.9375,shared
n6668,3,0.75,1.0,1.0,1.0,0.9375,shared
n6669,4,1.0,1.0,1.0,1.0,1.0,shared
n6670,3,0.75,1.0,1.0,1.0,0.9375,shared
n6671,4,1.0,1.0,1.0,1.0,1.0,shared
n6672,3,0.75,1.0,1.0,1.0,0.9375,shared
n6673,4,1.0,1.0,1.0,1.0,1.0,shared
n6674,4,1.0,1.0,1.0,1.0,1.0,shared
n6675,4,1.0,1.0,1.0,1.0,1.0,shared
n6676,4,1.0,1.0,1.0,1.0,1.0,shared
n6677,4,1.0,1.0,1.0,1.0,1.0,shared
n6678,4,1.0,1.0,1.0,1.0,1.0,shared
n6679,3,0.75,1.0,1.0,1.0,0.9375,shared
n6680,4,1.0,1.0,1.0,1.0,1.0,shared
n6681,3,0.75,1.0,1.0,1.0,0.9375,shared
n6682,4,1.0,1.0,1.0,1.0,1.0,shared
n6683,4,1.0,1.0,1.0,1.0,1.0,shared
n6684,4,1.0,1.0,1.0,1.0,1.0,shared
n6685,3,0.75,1.0,1.0,1.0,0.9375,shared
n6686,4,1.0,1.0,1.0,1.0,1.0,shared
n6687,4,1.0,1.0,1.0,1.0,1.0,shared
n6688,4,1.0,1.0,1.0,1.0,1.0,shared
n6689,4,1.0,1.0,1.0,1.0,1.0,shared
n6690,3,0.75,1.0,1.0,1.0,0.9375,shared
n6691,3,0.75,1.0,1.0,1.0,0.9375,shared
n6692,4,1.0,1.0,1.0,1.0,1.0,shared
n6693,4,1.0,1.0,1.0,1.0,1.0,shared
n6694,3,0.75,1.0,1.0,1.0,0.9375,shared
n6695,4,1.0,1.0,1.0,1.0,1.0,shared
n6696,4,1.0,1.0,1.0,1.0,1.0,shared
n6697,4,1.0,1.0,1.0,1.0,1.0,shared
n6698,3,0.75,1.0,1.0,1.0,0.9375,shared
n6699,3,0.75,1.0,1.0,1.0,0.9375,shared
n6700,3,0.75,1.0,1.0,1.0,0.9375,shared
n6701,4,1.0,1.0,1.0,1.0,1.0,shared
n6702,3,0.75,1.0,1.0,1.0,0.9375,shared
n6703,4,1.0,1.0,1.0,1.0,1.0,shared
n6704,3,0.75,1.0,1.0,1.0,0.9375,shared
n6705,4,1.0,1.0,1.0,1.0,1.0,shared
n6706,4,1.0,1.0,1.0,1.0,1.0,shared
n6707,3,0.75,1.0,1.0,1.0,0.9375,shared
n6708,4,1.0,1.0,1.0,1.0,1.0,shared
n6709,3,0.75,1.0,1.0,1.0,0.9375,shared
n6710,4,1.0,1.0,1.0,1.0,1.0,shared
n6711,4,1.0,1.0,1.0,1.0,1.0,shared
n6712,3,0.75,1.0,1.0,1.0,0.9375,shared
n6713,4,1.0,1.0,1.0,1.0,1.0,shared
n6714,4,1.0,1.0,1.0,1.0,1.0,shared
n6715,4,1.0,1.0,1.0,1.0,1.0,shared
n6716,3,0.75,1.0,1.0,1.0,0.9375,shared
n6717,4,1.0,1.0,1.0,1.0,1.0,shared
n6718,4,1.0,1.0,1.0,1.0,1.0,shared
n6719,4,1.0,1.0,1.0,1.0,1.0,shared
n6720,4,1.0,1.0,1.0,1.0,1.0,shared
n6721,4,1.0,1.0,1.0,1.0,1.0,shared
n6722,4,1.0,1.0,1.0,1.0,1.0,shared
n6723,4,1.0,1.0,1.0,1.0,1.0,shared
n6724,4,1.0,1.0,1.0,1.0,1.0,shared
n6725,3,0.75,1.0,1.0,1.0,0.9375,shared
n6726,4,1.0,1.0,1.0,1.0,1.0,shared
n6727,4,1.0,1.0,1.0,1.0,1.0,shared
n6728,4,1.0,1.0,1.0,1.0,1.0,shared
n6729,4,1.0,1.0,1.0,1.0,1.0,shared
n6730,4,1.0,1.0,1.0,1.0,1.0,shared
n6731,4,1.0,1.0,1.0,1.0,1.0,shared
n6732,3,0.75,1.0,1.0,1.0,0.9375,shared
n6733,3,0.75,1.0,1.0,1.0,0.9375,shared
n6734,4,1.0,1.0,1.0,1.0,1.0,shared
n6735,4,1.0,1.0,1.0,1.0,1.0,shared
n6736,4,1.0,1.0,1.0,1.0,1.0,shared
n6737,4,1.0,1.0,1.0,1.0,1.0,shared
n6738,4,1.0,1.0,1.0,1.0,1.0,shared
n6739,4,1.0,1.0,1.0,1.0,1.0,shared
n6740,4,1.0,1.0,1.0,1.0,1.0,shared
n6741,4,1.0,1.0,1.0,1.0,1.0,shared
n6742,3,0.75,1.0,1.0,1.0,0.9375,shared
n6743,4,1.0,1.0,1.0,1.0,1.0,shared
n6744,4,1.0,1.0,1.0,1.0,1.0,shared
n6745,4,1.0,1.0,1.0,1.0,1.0,shared
n6746,4,1.0,1.0,1.0,1.0,1.0,shared
n6747,4,1.0,1.0,1.0,1.0,1.0,shared
n6748,4,1.0,1.0,1.0,1.0,1.0,shared
n6749,4,1.0,1.0,1.0,1.0,1.0,shared
n6750,3,0.75,1.0,1.0,1.0,0.9375,shared
n6751,4,1.0,1.0,1.0,1.0,1.0,shared
n6752,4,1.0,1.0,1.0,1.0,1.0,shared
n6753,4,1.0,1.0,1.0,1.0,1.0,shared
n6754,4,1.0,1.0,1.0,1.0,1.0,shared
n6755,4,1.0,1.0,1.0,1.0,1.0,shared
n6756,4,1.0,1.0,1.0,1.0,1.0,shared
n6757,3,0.75,1.0,1.0,1.0,0.9375,shared
n6758,3,0.75,1.0,1.0,1.0,0.9375,shared
n6759,3,0.75,1.0,1.0,1.0,0.9375,shared
n6760,3,0.75,1.0,1.0,1.0,0.9375,shared
n6761,3,0.75,1.0,1.0,1.0,0.9375,shared
n6762,4,1.0,1.0,1.0,1.0,1.0,shared
n6763,4,1.0,1.0,1.0,1.0,1.0,shared
n6764,4,1.0,1.0,1.0,1.0,1.0,shared
n6765,4,1.0,1.0,1.0,1.0,1.0,shared
n6766,3,0.75,1.0,1.0,1.0,0.9375,shared
n6767,3,0.75,1.0,1.0,1.0,0.9375,shared
n6768,3,0.75,1.0,1.0,1.0,0.9375,shared
n6769,4,1.0,1.0,1.0,1.0,1.0,shared
n6770,4,1.0,1.0,1.0,1.0,1.0,shared
n6771,4,1.0,1.0,1.0,1.0,1.0,shared
n6772,4,1.0,1.0,1.0,1.0,1.0,shared
n6773,3,0.75,1.0,1.0,1.0,0.9375,shared
n6774,4,1.0,1.0,1.0,1.0,1.0,shared
n6775,3,0.75,1.0,1.0,1.0,0.9375,shared
n6776,4,1.0,1.0,1.0,1.0,1.0,shared
n6777,4,1.0,1.0,1.0,1.0,1.0,shared
n6778,3,0.75,1.0,1.0,1.0,0.9375,shared
n6779,4,1.0,1.0,1.0,1.0,1.0,shared
n6780,4,1.0,1.0,1.0,1.0,1.0,shared
n6781,4,1.0,1.0,1.0,1.0,1.0,shared
n6782,4,1.0,1.0,1.0,1.0,1.0,shared
n6783,4,1.0,1.0,1.0,1.0,1.0,shared
n6784,4,1.0,1.0,1.0,1.0,1.0,shared
n6785,4,1.0,1.0,1.0,1.0,1.0,shared
n6786,4,1.0,1.0,1.0,1.0,1.0,shared
n6787,4,1.0,1.0,1.0,1.0,1.0,shared
n6788,4,1.0,1.0,1.0,1.0,1.0,shared
n6789,3,0.75,1.0,1.0,1.0,0.9375,shared
n6790,4,1.0,1.0,1.0,1.0,1.0,shared
n6791,4,1.0,1.0,1.0,1.0,1.0,shared
n6792,4,1.0,1.0,1.0,1.0,1.0,shared
n6793,4,1.0,1.0,1.0,1.0,1.0,shared
n6794,3,0.75,1.0,1.0,1.0,0.9375,shared
n6795,3,0.75,1.0,1.0,1.0,0.9375,shared
n6796,4,1.0,1.0,1.0,1.0,1.0,shared
n6797,4,1.0,1.0,1.0,1.0,1.0,shared
n6798,4,1.0,1.0,1.0,1.0,1.0,shared
n6799,4,1.0,1.0,1.0,1.0,1.0,shared
n6800,4,1.0,0.5,0.5,1.0,0.75,shared
n6801,4,1.0,1.0,1.0,1.0,1.0,shared
n6802,4,1.0,1.0,1.0,1.0,1.0,shared
n6803,3,0.75,1.0,1.0,1.0,0.9375,shared
n6804,4,1.0,1.0,1.0,1.0,1.0,shared
n6805,3,0.75,1.0,1.0,1.0,0.9375,shared
n6806,3,0.75,1.0,1.0,1.0,0.9375,shared
n6807,4,1.0,1.0,1.0,1.0,1.0,shared
n6808,4,1.0,1.0,1.0,1.0,1.0,shared
n6809,4,1.0,1.0,1.0,1.0,1.0,shared
n6810,3,0.75,1.0,1.0,1.0,0.9375,shared
n6811,4,1.0,1.0,1.0,1.0,1.0,shared
n6812,4,1.0,1.0,1.0,1.0,1.0,shared
n6813,3,0.75,1.0,1.0,1.0,0.9375,shared
n6814,4,1.0,1.0,1.0,1.0,1.0,shared
n6815,4,1.0,1.0,1.0,1.0,1.0,shared
n6816,4,1.0,1.0,1.0,1.0,1.0,shared
n6817,4,1.0,1.0,1.0,1.0,1.0,shared
n6818,4,1.0,1.0,1.0,1.0,1.0,shared
n6819,4,1.0,1.0,1.0,1.0,1.0,shared
n6820,3,0.75,1.0,1.0,1.0,0.9375,shared
n6821,3,0.75,1.0,1.0,1.0,0.9375,shared
n6822,4,1.0,1.0,1.0,1.0,1.0,shared
n6823,4,1.0,1.0,1.0,1.0,1.0,shared
n6824,4,1.0,1.0,1.0,1.0,1.0,shared
n6825,4,1.0,1.0,1.0,1.0,1.0,shared
n6826,3,0.75,1.0,1.0,1.0,0.9375,shared
n6827,4,1.0,1.0,1.0,1.0,1.0,shared
n6828,3,0.75,1.0,1.0,1.0,0.9375,shared
n6829,4,1.0,1.0,1.0,1.0,1.0,shared
n6830,4,1.0,1.0,1.0,1.0,1.0,shared
n6831,4,1.0,1.0,1.0,1.0,1.0,shared
n6832,4,1.0,1.0,1.0,1.0,1.0,shared
n6833,4,1.0,1.0,1.0,1.0,1.0,shared
n6834,3,0.75,1.0,1.0,1.0,0.9375,shared
n6835,4,1.0,1.0,1.0,1.0,1.0,shared
n6836,3,0.75,1.0,1.0,1.0,0.9375,shared
n6837,3,0.75,1.0,1.0,1.0,0.9375,shared
n6838,4,1.0,1.0,0.5714285714285714,1.0,0.8928571428571428,shared
n6839,4,1.0,1.0,1.0,1.0,1.0,shared
n6840,4,1.0,1.0,1.0,1.0,1.0,shared
n6841,3,0.75,1.0,1.0,1.0,0.9375,shared
n6842,3,0.75,1.0,1.0,1.0,0.9375,shared
n6843,4,1.0,1.0,1.0,1.0,1.0,shared
n6844,3,0.75,1.0,1.0,1.0,0.9375,shared
n6845,4,1.0,1.0,1.0,1.0,1.0,shared
n6846,4,1.0,1.0,1.0,1.0,1.0,shared
n6847,4,1.0,1.0,1.0,1.0,1.0,shared
n6848,3,0.75,1.0,1.0,1.0,0.9375,shared
n6849,4,1.0,1.0,1.0,1.0,1.0,shared
n6850,4,1.0,1.0,1.0,1.0,1.0,shared
n6851,4,1.0,1.0,1.0,1.0,1.0,shared
n6852,4,1.0,1.0,1.0,1.0,1.0,shared
n6853,4,1.0,1.0,1.0,1.0,1.0,shared
n6854,4,1.0,1.0,1.0,1.0,1.0,shared
n6855,4,1.0,1.0,1.0,1.0,1.0,shared
n6856,3,0.75,1.0,1.0,1.0,0.9375,shared
n6857,4,1.0,1.0,1.0,1.0,1.0,shared
n6858,4,1.0,1.0,1.0,1.0,1.0,shared
n6859,4,1.0,1.0,1.0,1.0,1.0,shared
n6860,4,1.0,1.0,1.0,1.0,1.0,shared
n6861,3,0.75,1.0,1.0,1.0,0.9375,shared
n6862,3,0.75,1.0,1.0,1.0,0.9375,shared
n6863,4,1.0,1.0,1.0,1.0,1.0,shared
n6864,3,0.75,1.0,1.0,1.0,0.9375,shared
n6865,3,0.75,1.0,1.0,1.0,0.9375,shared
n6866,3,0.75,1.0,1.0,1.0,0.9375,shared
n6867,4,1.0,1.0,1.0,1.0,1.0,shared
n6868,4,1.0,1.0,1.0,1.0,1.0,shared
n6869,4,1.0,1.0,1.0,1.0,1.0,shared
n6870,3,0.75,1.0,1.0,1.0,0.9375,shared
n6871,4,1.0,1.0,1.0,1.0,1.0,shared
n6872,3,0.75,1.0,1.0,1.0,0.9375,shared
n6873,4,1.0,1.0,1.0,1.0,1.0,shared
n6874,4,1.0,1.0,1.0,1.0,1.0,shared
n6875,3,0.75,1.0,1.0,1.0,0.9375,shared
n6876,4,1.0,1.0,1.0,1.0,1.0,shared
n6877,4,1.0,1.0,1.0,1.0,1.0,shared
n6878,4,1.0,1.0,1.0,1.0,1.0,shared
n6879,4,1.0,1.0,1.0,1.0,1.0,shared
n6880,3,0.75,1.0,1.0,1.0,0.9375,shared
n6881,3,0.75,1.0,1.0,1.0,0.9375,shared
n6882,4,1.0,1.0,1.0,1.0,1.0,shared
n6883,4,1.0,1.0,1.0,1.0,1.0,shared
n6884,4,1.0,1.0,1.0,1.0,1.0,shared
n6885,3,0.75,1.0,1.0,1.0,0.9375,shared
n6886,3,0.75,1.0,1.0,1.0,0.9375,shared
n6887,4,1.0,1.0,1.0,1.0,1.0,shared
n6888,4,1.0,1.0,1.0,1.0,1.0,shared
n6889,3,0.75,1.0,1.0,1.0,0.9375,shared
n6890,4,1.0,1.0,1.0,1.0,1.0,shared
n6891,4,1.0,1.0,1.0,1.0,1.0,shared
n6892,4,1.0,1.0,1.0,1.0,1.0,shared
n6893,4,1.0,1.0,1.0,1.0,1.0,shared
n6894,4,1.0,1.0,1.0,1.0,1.0,shared
n6895,3,0.75,1.0,1.0,1.0,0.9375,shared
n6896,4,1.0,1.0,1.0,1.0,1.0,shared
n6897,4,1.0,1.0,1.0,1.0,1.0,shared
n6898,4,1.0,1.0,1.0,1.0,1.0,shared
n6899,4,1.0,1.0,1.0,1.0,1.0,shared
n6900,4,1.0,1.0,1.0,1.0,1.0,shared
n6901,4,1.0,1.0,1.0,1.0,1.0,shared
n6902,4,1.0,1.0,1.0,1.0,1.0,shared
n6903,3,0.75,1.0,1.0,1.0,0.9375,shared
n6904,4,1.0,1.0,1.0,1.0,1.0,shared
n6905,4,1.0,1.0,1.0,1.0,1.0,shared
n6906,4,1.0,1.0,1.0,1.0,1.0,shared
n6907,4,1.0,1.0,1.0,1.0,1.0,shared
n6908,4,1.0,1.0,1.0,1.0,1.0,shared
n6909,4,1.0,1.0,1.0,1.0,1.0,shared
n6910,4,1.0,1.0,1.0,1.0,1.0,shared
n6911,3,0.75,1.0,1.0,1.0,0.9375,shared
n6912,4,1.0,1.0,1.0,1.0,1.0,shared
n6913,4,1.0,1.0,1.0,1.0,1.0,shared
n6914,4,1.0,1.0,1.0,1.0,1.0,shared
n6915,4,1.0,1.0,1.0,1.0,1.0,shared
n6916,4,1.0,1.0,1.0,1.0,1.0,shared
n6917,4,1.0,1.0,1.0,1.0,1.0,shared
n6918,4,1.0,1.0,1.0,1.0,1.0,shared
n6919,3,0.75,1.0,1.0,1.0,0.9375,shared
n6920,4,1.0,1.0,1.0,1.0,1.0,shared
n6921,4,1.0,1.0,1.0,1.0,1.0,shared
n6922,4,1.0,1.0,1.0,1.0,1.0,shared
n6923,4,1.0,1.0,1.0,1.0,1.0,shared
n6924,4,1.0,1.0,1.0,1.0,1.0,shared
n6925,4,1.0,1.0,1.0,1.0,1.0,shared
n6926,4,1.0,1.0,1.0,1.0,1.0,shared
n6927,3,0.75,1.0,1.0,1.0,0.9375,shared
n6928,4,1.0,1.0,1.0,1.0,1.0,shared
n6929,4,1.0,1.0,1.0,1.0,1.0,shared
n6930,4,1.0,1.0,1.0,1.0,1.0,shared
n6931,4,1.0,1.0,1.0,1.0,1.0,shared
n6932,4,1.0,1.0,1.0,1.0,1.0,shared
n6933,4,1.0,1.0,1.0,1.0,1.0,shared
n6934,4,1.0,1.0,1.0,1.0,1.0,shared
n6935,4,1.0,1.0,1.0,1.0,1.0,shared
n6936,4,1.0,1.0,1.0,1.0,1.0,shared
n6937,4,1.0,1.0,1.0,1.0,1.0,shared
n6938,4,1.0,1.0,1.0,1.0,1.0,shared
n6939,4,1.0,1.0,1.0,1.0,1.0,shared
n6940,3,0.75,1.0,1.0,1.0,0.9375,shared
n6941,4,1.0,1.0,1.0,1.0,1.0,shared
n6942,4,1.0,1.0,1.0,1.0,1.0,shared
n6943,3,0.75,1.0,1.0,1.0,0.9375,shared
n6944,4,1.0,1.0,1.0,1.0,1.0,shared
n6945,4,1.0,1.0,1.0,1.0,1.0,shared
n6946,4,1.0,1.0,1.0,1.0,1.0,shared
n6947,4,1.0,1.0,1.0,1.0,1.0,shared
n6948,4,1.0,1.0,1.0,1.0,1.0,shared
n6949,4,1.0,1.0,1.0,1.0,1.0,shared
n6950,4,1.0,1.0,1.0,1.0,1.0,shared
n6951,3,0.75,1.0,1.0,1.0,0.9375,shared
n6952,4,1.0,1.0,1.0,1.0,1.0,shared
n6953,4,1.0,1.0,1.0,1.0,1.0,shared
n6954,4,1.0,1.0,1.0,1.0,1.0,shared
n6955,4,1.0,1.0,1.0,1.0,1.0,shared
n6956,4,1.0,1.0,1.0,1.0,1.0,shared
n6957,4,1.0,1.0,1.0,1.0,1.0,shared
n6958,4,1.0,1.0,1.0,1.0,1.0,shared
n6959,4,1.0,1.0,1.0,1.0,1.0,shared
n6960,4,1.0,1.0,1.0,1.0,1.0,shared
n6961,3,0.75,1.0,1.0,1.0,0.9375,shared
n6962,4,1.0,1.0,1.0,1.0,1.0,shared
n6963,4,1.0,1.0,1.0,1.0,1.0,shared
n6964,4,1.0,1.0,1.0,1.0,1.0,shared
n6965,4,1.0,1.0,1.0,1.0,1.0,shared
n6966,4,1.0,1.0,1.0,1.0,1.0,shared
n6967,4,1.0,1.0,1.0,1.0,1.0,shared
n6968,4,1.0,1.0,1.0,1.0,1.0,shared
n6969,4,1.0,1.0,1.0,1.0,1.0,shared
n6970,4,1.0,1.0,1.0,1.0,1.0,shared
n6971,4,1.0,1.0,1.0,1.0,1.0,shared
n6972,3,0.75,1.0,1.0,1.0,0.9375,shared
n6973,3,0.75,1.0,1.0,1.0,0.9375,shared
n6974,4,1.0,1.0,1.0,1.0,1.0,shared
n6975,4,1.0,1.0,1.0,1.0,1.0,shared
n6976,4,1.0,1.0,1.0,1.0,1.0,shared
n6977,4,1.0,1.0,1.0,1.0,1.0,shared
n6978,4,1.0,1.0,1.0,1.0,1.0,shared
n6979,4,1.0,1.0,1.0,1.0,1.0,shared
n6980,4,1.0,1.0,1.0,1.0,1.0,shared
n6981,4,1.0,1.0,0.5714285714285714,1.0,0.8928571428571428,shared
n6982,4,1.0,1.0,1.0,1.0,1.0,shared
n6983,4,1.0,1.0,1.0,1.0,1.0,shared
n6984,3,0.75,1.0,1.0,1.0,0.9375,shared
n6985,4,1.0,1.0,1.0,1.0,1.0,shared
n6986,3,0.75,1.0,1.0,1.0,0.9375,shared
n6987,3,0.75,1.0,1.0,1.0,0.9375,shared
n6988,4,1.0,1.0,1.0,1.0,1.0,shared
n6989,4,1.0,1.0,1.0,1.0,1.0,shared
n6990,4,1.0,1.0,1.0,1.0,1.0,shared
n6991,4,1.0,1.0,1.0,1.0,1.0,shared
n6992,4,1.0,1.0,1.0,1.0,1.0,shared
n6993,4,1.0,1.0,1.0,1.0,1.0,shared
n6994,4,1.0,1.0,1.0,1.0,1.0,shared
n6995,4,1.0,1.0,1.0,1.0,1.0,shared
n6996,4,1.0,1.0,1.0,1.0,1.0,shared
n6997,4,1.0,1.0,1.0,1.0,1.0,shared
n6998,4,1.0,1.0,1.0,1.0,1.0,shared
n6999,4,1.0,1.0,1.0,1.0,1.0,shared
n7000,4,1.0,1.0,1.0,1.0,1.0,shared
n7001,4,1.0,1.0,1.0,1.0,1.0,shared
n7002,4,1.0,1.0,1.0,1.0,1.0,shared
n7003,4,1.0,1.0,1.0,1.0,1.0,shared
n7004,4,1.0,1.0,1.0,1.0,1.0,shared
n7005,4,1.0,1.0,1.0,1.0,1.0,shared
n7006,3,0.75,1.0,1.0,1.0,0.9375,shared
n7007,4,1.0,1.0,1.0,1.0,1.0,shared
n7008,4,1.0,1.0,1.0,1.0,1.0,shared
n7009,4,1.0,1.0,1.0,1.0,1.0,shared
n7010,4,1.0,1.0,1.0,1.0,1.0,shared
n7011,4,1.0,1.0,1.0,1.0,1.0,shared
n7012,4,1.0,1.0,1.0,1.0,1.0,shared
n7013,4,1.0,1.0,1.0,1.0,1.0,shared
n7014,4,1.0,1.0,1.0,1.0,1.0,shared
n7015,4,1.0,1.0,1.0,1.0,1.0,shared
n7016,4,1.0,1.0,1.0,1.0,1.0,shared
n7017,4,1.0,1.0,1.0,1.0,1.0,shared
n7018,4,1.0,1.0,1.0,1.0,1.0,shared
n7019,4,1.0,1.0,1.0,1.0,1.0,shared
n7020,4,1.0,1.0,1.0,1.0,1.0,shared
n7021,4,1.0,1.0,1.0,1.0,1.0,shared
n7022,4,1.0,1.0,1.0,1.0,1.0,shared
n7023,4,1.0,1.0,1.0,1.0,1.0,shared
n7024,4,1.0,1.0,1.0,1.0,1.0,shared
n7025,4,1.0,1.0,1.0,1.0,1.0,shared
n7026,3,0.75,1.0,1.0,1.0,0.9375,shared
n7027,4,1.0,1.0,1.0,1.0,1.0,shared
n7028,4,1.0,1.0,1.0,1.0,1.0,shared
n7029,4,1.0,1.0,1.0,1.0,1.0,shared
n7030,4,1.0,1.0,1.0,1.0,1.0,shared
n7031,4,1.0,1.0,1.0,1.0,1.0,shared
n7032,4,1.0,1.0,1.0,1.0,1.0,shared
n7033,4,1.0,1.0,1.0,1.0,1.0,shared
n7034,4,1.0,1.0,1.0,1.0,1.0,shared
n7035,3,0.75,1.0,1.0,1.0,0.9375,shared
n7036,4,1.0,1.0,1.0,1.0,1.0,shared
n7037,3,0.75,1.0,1.0,1.0,0.9375,shared
n7038,4,1.0,1.0,1.0,1.0,1.0,shared
n7039,3,0.75,1.0,1.0,1.0,0.9375,shared
n7040,4,1.0,1.0,1.0,1.0,1.0,shared
n7041,4,1.0,1.0,1.0,1.0,1.0,shared
n7042,4,1.0,1.0,1.0,1.0,1.0,shared
n7043,4,1.0,1.0,1.0,1.0,1.0,shared
n7044,4,1.0,1.0,1.0,1.0,1.0,shared
n7045,3,0.75,1.0,1.0,1.0,0.9375,shared
n7046,3,0.75,1.0,1.0,1.0,0.9375,shared
n7047,3,0.75,1.0,1.0,1.0,0.9375,shared
n7048,4,1.0,1.0,1.0,1.0,1.0,shared
n7049,3,0.75,1.0,1.0,1.0,0.9375,shared
n7050,4,1.0,1.0,1.0,1.0,1.0,shared
n7051,4,1.0,1.0,1.0,1.0,1.0,shared
n7052,4,1.0,1.0,1.0,1.0,1.0,shared
n7053,4,1.0,1.0,1.0,1.0,1.0,shared
n7054,3,0.75,1.0,1.0,1.0,0.9375,shared
n7055,4,1.0,1.0,1.0,1.0,1.0,shared
n7056,4,1.0,1.0,1.0,1.0,1.0,shared
n7057,4,1.0,1.0,1.0,1.0,1.0,shared
n7058,4,1.0,1.0,1.0,1.0,1.0,shared
n7059,4,1.0,1.0,1.0,1.0,1.0,shared
n7060,4,1.0,1.0,1.0,1.0,1.0,shared
n7061,3,0.75,1.0,1.0,1.0,0.9375,shared
n7062,4,1.0,1.0,1.0,1.0,1.0,shared
n7063,3,0.75,1.0,1.0,1.0,0.9375,shared
n7064,4,1.0,1.0,1.0,1.0,1.0,shared
n7065,4,1.0,1.0,1.0,1.0,1.0,shared
n7066,4,1.0,1.0,1.0,1.0,1.0,shared
n7067,4,1.0,1.0,1.0,1.0,1.0,shared
n7068,3,0.75,1.0,1.0,1.0,0.9375,shared
n7069,4,1.0,1.0,1.0,1.0,1.0,shared
n7070,4,1.0,1.0,1.0,1.0,1.0,shared
n7071,4,1.0,1.0,1.0,1.0,1.0,shared
n7072,4,1.0,1.0,1.0,1.0,1.0,shared
n7073,4,1.0,1.0,1.0,1.0,1.0,shared
n7074,3,0.75,1.0,1.0,1.0,0.9375,shared
n7075,4,1.0,1.0,1.0,1.0,1.0,shared
n7076,4,1.0,1.0,1.0,1.0,1.0,shared
n7077,4,1.0,1.0,1.0,1.0,1.0,shared
n7078,3,0.75,1.0,1.0,1.0,0.9375,shared
n7079,4,1.0,1.0,1.0,1.0,1.0,shared
n7080,4,1.0,1.0,1.0,1.0,1.0,shared
n7081,4,1.0,1.0,1.0,1.0,1.0,shared
n7082,3,0.75,1.0,1.0,1.0,0.9375,shared
n7083,4,1.0,1.0,1.0,1.0,1.0,shared
n7084,4,1.0,1.0,1.0,1.0,1.0,shared
n7085,4,1.0,1.0,1.0,1.0,1.0,shared
n7086,4,1.0,1.0,1.0,1.0,1.0,shared
n7087,4,1.0,1.0,1.0,1.0,1.0,shared
n7088,4,1.0,1.0,1.0,1.0,1.0,shared
n7089,4,1.0,1.0,1.0,1.0,1.0,shared
n7090,4,1.0,1.0,1.0,1.0,1.0,shared
n7091,4,1.0,1.0,1.0,1.0,1.0,shared
n7092,3,0.75,1.0,1.0,1.0,0.9375,shared
n7093,3,0.75,1.0,1.0,1.0,0.9375,shared
n7094,4,1.0,1.0,1.0,1.0,1.0,shared
n7095,4,1.0,1.0,1.0,1.0,1.0,shared
n7096,4,1.0,1.0,1.0,1.0,1.0,shared
n7097,4,1.0,1.0,1.0,1.0,1.0,shared
n7098,4,1.0,1.0,1.0,1.0,1.0,shared
n7099,3,0.75,1.0,1.0,1.0,0.9375,shared
n7100,3,0.75,1.0,1.0,1.0,0.9375,shared
n7101,4,1.0,1.0,1.0,1.0,1.0,shared
n7102,4,1.0,1.0,1.0,1.0,1.0,shared
n7103,4,1.0,1.0,1.0,1.0,1.0,shared
n7104,3,0.75,1.0,1.0,1.0,0.9375,shared
n7105,3,0.75,1.0,1.0,1.0,0.9375,shared
n7106,3,0.75,1.0,1.0,1.0,0.9375,shared
n7107,3,0.75,1.0,1.0,1.0,0.9375,shared
n7108,4,1.0,1.0,1.0,1.0,1.0,shared
n7109,4,1.0,1.0,1.0,1.0,1.0,shared
n7110,3,0.75,1.0,1.0,1.0,0.9375,shared
n7111,4,1.0,1.0,1.0,1.0,1.0,shared
n7112,4,1.0,1.0,1.0,1.0,1.0,shared
n7113,4,1.0,1.0,1.0,1.0,1.0,shared
n7114,4,1.0,1.0,1.0,1.0,1.0,shared
n7115,3,0.75,1.0,1.0,1.0,0.9375,shared
n7116,4,1.0,1.0,1.0,1.0,1.0,shared
n7117,4,1.0,1.0,1.0,1.0,1.0,shared
n7118,4,1.0,1.0,1.0,1.0,1.0,shared
n7119,3,0.75,1.0,1.0,1.0,0.9375,shared
n7120,4,1.0,1.0,1.0,1.0,1.0,shared
n7121,3,0.75,1.0,1.0,1.0,0.9375,shared
n7122,4,1.0,1.0,1.0,1.0,1.0,shared
n7123,4,1.0,1.0,1.0,1.0,1.0,shared
n7124,4,1.0,1.0,1.0,1.0,1.0,shared
n7125,3,0.75,1.0,1.0,1.0,0.9375,shared
n7126,4,1.0,1.0,1.0,1.0,1.0,shared
n7127,4,1.0,1.0,1.0,1.0,1.0,shared
n7128,3,0.75,1.0,1.0,1.0,0.9375,shared
n7129,4,1.0,1.0,1.0,1.0,1.0,shared
n7130,4,1.0,1.0,1.0,1.0,1.0,shared
n7131,4,1.0,1.0,1.0,1.0,1.0,shared
n7132,4,1.0,1.0,1.0,1.0,1.0,shared
n7133,4,1.0,1.0,1.0,1.0,1.0,shared
n7134,4,1.0,1.0,1.0,1.0,1.0,shared
n7135,3,0.75,1.0,1.0,1.0,0.9375,shared
n7136,4,1.0,1.0,1.0,1.0,1.0,shared
n7137,4,1.0,1.0,1.0,1.0,1.0,shared
n7138,4,1.0,1.0,1.0,1.0,1.0,shared
n7139,4,1.0,1.0,1.0,1.0,1.0,shared
n7140,3,0.75,1.0,1.0,1.0,0.9375,shared
n7141,4,1.0,1.0,1.0,1.0,1.0,shared
n7142,4,1.0,1.0,1.0,1.0,1.0,shared
n7143,4,1.0,1.0,1.0,1.0,1.0,shared
n7144,4,1.0,1.0,1.0,1.0,1.0,shared
n7145,4,1.0,1.0,1.0,1.0,1.0,shared
n7146,3,0.75,1.0,1.0,1.0,0.9375,shared
n7147,4,1.0,1.0,1.0,1.0,1.0,shared
n7148,3,0.75,1.0,1.0,1.0,0.9375,shared
n7149,4,1.0,1.0,1.0,1.0,1.0,shared
n7150,4,1.0,1.0,1.0,1.0,1.0,shared
n7151,4,1.0,1.0,1.0,1.0,1.0,shared
n7152,4,1.0,1.0,1.0,1.0,1.0,shared
n7153,4,1.0,1.0,1.0,1.0,1.0,shared
n7154,3,0.75,1.0,1.0,1.0,0.9375,shared
n7155,4,1.0,1.0,1.0,1.0,1.0,shared
n7156,4,1.0,1.0,1.0,1.0,1.0,shared
n7157,3,0.75,1.0,1.0,1.0,0.9375,shared
n7158,3,0.75,1.0,1.0,1.0,0.9375,shared
n7159,4,1.0,1.0,1.0,1.0,1.0,shared
n7160,4,1.0,1.0,1.0,1.0,1.0,shared
n7161,4,1.0,1.0,1.0,1.0,1.0,shared
n7162,4,1.0,1.0,1.0,1.0,1.0,shared
n7163,4,1.0,1.0,1.0,1.0,1.0,shared
n7164,3,0.75,1.0,1.0,1.0,0.9375,shared
n7165,4,1.0,1.0,1.0,1.0,1.0,shared
n7166,3,0.75,1.0,1.0,1.0,0.9375,shared
n7167,4,1.0,1.0,1.0,1.0,1.0,shared
n7168,4,1.0,1.0,1.0,1.0,1.0,shared
n7169,4,1.0,1.0,1.0,1.0,1.0,shared
n7170,4,1.0,1.0,1.0,1.0,1.0,shared
n7171,4,1.0,1.0,1.0,1.0,1.0,shared
n7172,4,1.0,1.0,1.0,1.0,1.0,shared
n7173,4,1.0,1.0,1.0,1.0,1.0,shared
n7174,3,0.75,1.0,1.0,1.0,0.9375,shared
n7175,4,1.0,1.0,1.0,1.0,1.0,shared
n7176,4,1.0,1.0,1.0,1.0,1.0,shared
n7177,4,1.0,1.0,1.0,1.0,1.0,shared
n7178,4,1.0,1.0,1.0,1.0,1.0,shared
n7179,3,0.75,1.0,1.0,1.0,0.9375,shared
n7180,3,0.75,1.0,1.0,1.0,0.9375,shared
n7181,4,1.0,1.0,1.0,1.0,1.0,shared
n7182,4,1.0,1.0,1.0,1.0,1.0,shared
n7183,4,1.0,1.0,1.0,1.0,1.0,shared
n7184,4,1.0,1.0,1.0,1.0,1.0,shared
n7185,3,0.75,1.0,1.0,1.0,0.9375,shared
n7186,4,1.0,1.0,1.0,1.0,1.0,shared
n7187,4,1.0,1.0,1.0,1.0,1.0,shared
n7188,4,1.0,1.0,1.0,1.0,1.0,shared
n7189,4,1.0,1.0,1.0,1.0,1.0,shared
n7190,4,1.0,1.0,1.0,1.0,1.0,shared
n7191,3,0.75,1.0,1.0,1.0,0.9375,shared
n7192,4,1.0,1.0,1.0,1.0,1.0,shared
n7193,4,1.0,1.0,1.0,1.0,1.0,shared
n7194,4,1.0,1.0,1.0,1.0,1.0,shared
n7195,4,1.0,1.0,1.0,1.0,1.0,shared
n7196,4,1.0,1.0,1.0,1.0,1.0,shared
n7197,4,1.0,0.5,0.5,1.0,0.75,shared
n7198,4,1.0,1.0,1.0,1.0,1.0,shared
n7199,4,1.0,1.0,1.0,1.0,1.0,shared
n7200,4,1.0,1.0,1.0,1.0,1.0,shared
n7201,4,1.0,1.0,1.0,1.0,1.0,shared
n7202,4,1.0,1.0,1.0,1.0,1.0,shared
n7203,4,1.0,1.0,1.0,1.0,1.0,shared
n7204,3,0.75,1.0,1.0,1.0,0.9375,shared
n7205,3,0.75,1.0,1.0,1.0,0.9375,shared
n7206,3,0.75,1.0,1.0,1.0,0.9375,shared
n7207,3,0.75,1.0,1.0,1.0,0.9375,shared
n7208,4,1.0,1.0,1.0,1.0,1.0,shared
n7209,4,1.0,1.0,1.0,1.0,1.0,shared
n7210,4,1.0,1.0,1.0,1.0,1.0,shared
n7211,3,0.75,1.0,1.0,1.0,0.9375,shared
n7212,4,1.0,1.0,1.0,1.0,1.0,shared
n7213,3,0.75,1.0,1.0,1.0,0.9375,shared
n7214,3,0.75,1.0,1.0,1.0,0.9375,shared
n7215,4,1.0,1.0,1.0,1.0,1.0,shared
n7216,4,1.0,1.0,1.0,1.0,1.0,shared
n7217,3,0.75,1.0,1.0,1.0,0.9375,shared
n7218,3,0.75,1.0,1.0,1.0,0.9375,shared
n7219,4,1.0,0.6666666666666666,1.0,1.0,0.9166666666666666,shared
n7220,4,1.0,1.0,1.0,1.0,1.0,shared
n7221,4,1.0,1.0,1.0,1.0,1.0,shared
n7222,4,1.0,1.0,1.0,1.0,1.0,shared
n7223,3,0.75,1.0,1.0,1.0,0.9375,shared
n7224,4,1.0,1.0,1.0,1.0,1.0,shared
n7225,3,0.75,1.0,1.0,1.0,0.9375,shared
n7226,3,0.75,1.0,1.0,1.0,0.9375,shared
n7227,3,0.75,1.0,1.0,1.0,0.9375,shared
n7228,4,1.0,1.0,1.0,1.0,1.0,shared
n7229,4,1.0,1.0,1.0,1.0,1.0,shared
n7230,4,1.0,1.0,1.0,1.0,1.0,shared
n7231,1,0.25,1.0,1.0,1.0,0.8125,rescued_private
n7232,4,1.0,1.0,1.0,1.0,1.0,shared
n7233,3,0.75,1.0,1.0,1.0,0.9375,shared
n7234,3,0.75,1.0,1.0,1.0,0.9375,shared
n7235,3,0.75,1.0,1.0,1.0,0.9375,shared
n7236,4,1.0,1.0,1.0,1.0,1.0,shared
n7237,4,1.0,1.0,1.0,1.0,1.0,shared
n7238,4,1.0,1.0,1.0,1.0,1.0,shared
n7239,4,1.0,1.0,1.0,1.0,1.0,shared
n7240,3,0.75,1.0,1.0,1.0,0.9375,shared
n7241,3,0.75,1.0,1.0,1.0,0.9375,shared
n7242,4,1.0,1.0,1.0,1.0,1.0,shared
n7243,4,1.0,1.0,1.0,1.0,1.0,shared
n7244,4,1.0,0.5714285714285714,0.5714285714285714,1.0,0.7857142857142857,shared
n7245,4,1.0,1.0,1.0,1.0,1.0,shared
n7246,4,1.0,1.0,1.0,1.0,1.0,shared
n7247,4,1.0,1.0,1.0,1.0,1.0,shared
n7248,4,1.0,1.0,1.0,1.0,1.0,shared
n7249,4,1.0,1.0,1.0,1.0,1.0,shared
n7250,4,1.0,1.0,1.0,1.0,1.0,shared
n7251,4,1.0,1.0,1.0,1.0,1.0,shared
n7252,3,0.75,1.0,1.0,1.0,0.9375,shared
n7253,4,1.0,1.0,1.0,1.0,1.0,shared
n7254,3,0.75,1.0,1.0,1.0,0.9375,shared
n7255,4,1.0,1.0,1.0,1.0,1.0,shared
n7256,4,1.0,0.5454545454545454,1.0,1.0,0.8863636363636364,shared
n7257,4,1.0,0.5161290322580645,0.4838709677419355,1.0,0.75,shared
n7258,3,0.75,1.0,1.0,1.0,0.9375,shared
n7259,4,1.0,1.0,1.0,1.0,1.0,shared
n7260,4,1.0,1.0,1.0,1.0,1.0,shared
n7261,3,0.75,1.0,1.0,1.0,0.9375,shared
n7262,4,1.0,1.0,1.0,1.0,1.0,shared
n7263,3,0.75,1.0,1.0,1.0,0.9375,shared
n7264,3,0.75,1.0,1.0,1.0,0.9375,shared
n7265,4,1.0,1.0,1.0,1.0,1.0,shared
n7266,3,0.75,1.0,1.0,1.0,0.9375,shared
n7267,3,0.75,0.5,0.5,1.0,0.6875,shared
n7268,4,1.0,1.0,1.0,1.0,1.0,shared
n7269,4,1.0,1.0,1.0,1.0,1.0,shared
n7270,3,0.75,1.0,1.0,1.0,0.9375,shared
n7271,4,1.0,1.0,1.0,1.0,1.0,shared
n7272,4,1.0,1.0,1.0,1.0,1.0,shared
n7273,4,1.0,1.0,1.0,1.0,1.0,shared
n7274,4,1.0,1.0,1.0,1.0,1.0,shared
n7275,3,0.75,1.0,1.0,1.0,0.9375,shared
n7276,4,1.0,1.0,1.0,1.0,1.0,shared
n7277,4,1.0,1.0,1.0,1.0,1.0,shared
n7278,4,1.0,0.5,1.0,1.0,0.875,shared
n7279,4,1.0,1.0,1.0,1.0,1.0,shared
n7280,3,0.75,1.0,1.0,1.0,0.9375,shared
n7281,4,1.0,1.0,1.0,1.0,1.0,shared
n7282,4,1.0,1.0,1.0,1.0,1.0,shared
n7283,4,1.0,1.0,1.0,1.0,1.0,shared
n7284,3,0.75,1.0,1.0,1.0,0.9375,shared
n7285,3,0.75,1.0,1.0,1.0,0.9375,shared
n7286,4,1.0,1.0,1.0,1.0,1.0,shared
n7287,3,0.75,1.0,1.0,1.0,0.9375,shared
n7288,4,1.0,1.0,1.0,1.0,1.0,shared
n7289,4,1.0,1.0,1.0,1.0,1.0,shared
n7290,4,1.0,1.0,1.0,1.0,1.0,shared
n7291,4,1.0,1.0,1.0,1.0,1.0,shared
n7292,4,1.0,1.0,1.0,1.0,1.0,shared
n7293,4,1.0,1.0,1.0,1.0,1.0,shared
n7294,3,0.75,1.0,1.0,1.0,0.9375,shared
n7295,4,1.0,1.0,1.0,1.0,1.0,shared
n7296,4,1.0,1.0,1.0,1.0,1.0,shared
n7297,4,1.0,1.0,1.0,1.0,1.0,shared
n7298,4,1.0,1.0,1.0,1.0,1.0,shared
n7299,4,1.0,1.0,1.0,1.0,1.0,shared
n7300,4,1.0,1.0,1.0,1.0,1.0,shared
n7301,4,1.0,1.0,1.0,1.0,1.0,shared
n7302,3,0.75,1.0,1.0,1.0,0.9375,shared
n7303,4,1.0,1.0,1.0,1.0,1.0,shared
n7304,4,1.0,1.0,1.0,1.0,1.0,shared
n7305,3,0.75,1.0,1.0,1.0,0.9375,shared
n7306,4,1.0,1.0,1.0,1.0,1.0,shared
n7307,4,1.0,1.0,1.0,1.0,1.0,shared
n7308,3,0.75,1.0,1.0,1.0,0.9375,shared
n7309,3,0.75,1.0,1.0,1.0,0.9375,shared
n7310,4,1.0,1.0,1.0,1.0,1.0,shared
n7311,4,1.0,1.0,1.0,1.0,1.0,shared
n7312,4,1.0,1.0,1.0,1.0,1.0,shared
n7313,4,1.0,1.0,1.0,1.0,1.0,shared
n7314,4,1.0,1.0,1.0,1.0,1.0,shared
n7315,4,1.0,1.0,1.0,1.0,1.0,shared
n7316,4,1.0,1.0,1.0,1.0,1.0,shared
n7317,4,1.0,1.0,1.0,1.0,1.0,shared
n7318,4,1.0,1.0,1.0,1.0,1.0,shared
n7319,4,1.0,1.0,1.0,1.0,1.0,shared
n7320,4,1.0,1.0,1.0,1.0,1.0,shared
n7321,3,0.75,1.0,1.0,1.0,0.9375,shared
n7322,4,1.0,1.0,1.0,1.0,1.0,shared
n7323,4,1.0,1.0,1.0,1.0,1.0,shared
n7324,4,1.0,1.0,1.0,1.0,1.0,shared
n7325,4,1.0,1.0,1.0,1.0,1.0,shared
n7326,3,0.75,1.0,1.0,1.0,0.9375,shared
n7327,4,1.0,1.0,1.0,1.0,1.0,shared
n7328,4,1.0,1.0,1.0,1.0,1.0,shared
n7329,4,1.0,1.0,1.0,1.0,1.0,shared
n7330,4,1.0,1.0,1.0,1.0,1.0,shared
n7331,3,0.75,1.0,1.0,1.0,0.9375,shared
n7332,4,1.0,1.0,1.0,1.0,1.0,shared
n7333,4,1.0,1.0,1.0,1.0,1.0,shared
n7334,3,0.75,1.0,1.0,1.0,0.9375,shared
n7335,4,1.0,1.0,1.0,1.0,1.0,shared
n7336,4,1.0,1.0,1.0,1.0,1.0,shared
n7337,4,1.0,1.0,1.0,1.0,1.0,shared
n7338,4,1.0,1.0,1.0,1.0,1.0,shared
n7339,4,1.0,1.0,1.0,1.0,1.0,shared
n7340,3,0.75,1.0,1.0,1.0,0.9375,shared
n7341,4,1.0,1.0,1.0,1.0,1.0,shared
n7342,4,1.0,1.0,1.0,1.0,1.0,shared
n7343,4,1.0,1.0,1.0,1.0,1.0,shared
n7344,3,0.75,1.0,1.0,1.0,0.9375,shared
n7345,3,0.75,1.0,1.0,1.0,0.9375,shared
n7346,4,1.0,1.0,1.0,1.0,1.0,shared
n7347,3,0.75,1.0,1.0,1.0,0.9375,shared
n7348,4,1.0,1.0,1.0,1.0,1.0,shared
n7349,4,1.0,1.0,1.0,1.0,1.0,shared
n7350,4,1.0,1.0,1.0,1.0,1.0,shared
n7351,4,1.0,1.0,1.0,1.0,1.0,shared
n7352,3,0.75,1.0,1.0,1.0,0.9375,shared
n7353,4,1.0,1.0,1.0,1.0,1.0,shared
n7354,4,1.0,1.0,1.0,1.0,1.0,shared
n7355,4,1.0,1.0,1.0,1.0,1.0,shared
n7356,4,1.0,1.0,1.0,1.0,1.0,shared
n7357,4,1.0,0.5714285714285714,0.5714285714285714,1.0,0.7857142857142857,shared
n7358,4,1.0,1.0,1.0,1.0,1.0,shared
n7359,4,1.0,1.0,1.0,1.0,1.0,shared
n7360,4,1.0,1.0,1.0,1.0,1.0,shared
n7361,3,0.75,1.0,1.0,1.0,0.9375,shared
n7362,3,0.75,1.0,1.0,1.0,0.9375,shared
n7363,4,1.0,1.0,1.0,1.0,1.0,shared
n7364,4,1.0,1.0,1.0,1.0,1.0,shared
n7365,4,1.0,1.0,1.0,1.0,1.0,shared
n7366,4,1.0,1.0,1.0,1.0,1.0,shared
n7367,3,0.75,1.0,1.0,1.0,0.9375,shared
n7368,4,1.0,1.0,1.0,1.0,1.0,shared
n7369,3,0.75,1.0,1.0,1.0,0.9375,shared
n7370,4,1.0,1.0,1.0,1.0,1.0,shared
n7371,4,1.0,1.0,1.0,1.0,1.0,shared
n7372,4,1.0,1.0,1.0,1.0,1.0,shared
n7373,4,1.0,1.0,1.0,1.0,1.0,shared
n7374,3,0.75,1.0,1.0,1.0,0.9375,shared
n7375,3,0.75,1.0,1.0,1.0,0.9375,shared
n7376,3,0.75,1.0,1.0,1.0,0.9375,shared
n7377,3,0.75,1.0,1.0,1.0,0.9375,shared
n7378,3,0.75,1.0,1.0,1.0,0.9375,shared
n7379,4,1.0,1.0,1.0,1.0,1.0,shared
n7380,3,0.75,1.0,1.0,1.0,0.9375,shared
n7381,4,1.0,1.0,1.0,1.0,1.0,shared
n7382,4,1.0,1.0,1.0,1.0,1.0,shared
n7383,4,1.0,1.0,1.0,1.0,1.0,shared
n7384,3,0.75,1.0,1.0,1.0,0.9375,shared
n7385,4,1.0,0.7333333333333333,1.0,1.0,0.9333333333333333,shared
n7386,4,1.0,1.0,1.0,1.0,1.0,shared
n7387,3,0.75,1.0,1.0,1.0,0.9375,shared
n7388,4,1.0,1.0,1.0,1.0,1.0,shared
n7389,4,1.0,1.0,1.0,1.0,1.0,shared
n7390,4,1.0,1.0,1.0,1.0,1.0,shared
n7391,4,1.0,1.0,1.0,1.0,1.0,shared
n7392,4,1.0,1.0,1.0,1.0,1.0,shared
n7393,4,1.0,1.0,1.0,1.0,1.0,shared
n7394,4,1.0,1.0,1.0,1.0,1.0,shared
n7395,4,1.0,1.0,1.0,1.0,1.0,shared
n7396,4,1.0,1.0,1.0,1.0,1.0,shared
n7397,4,1.0,1.0,1.0,1.0,1.0,shared
n7398,4,1.0,1.0,1.0,1.0,1.0,shared
n7399,3,0.75,1.0,1.0,1.0,0.9375,shared
n7400,4,1.0,1.0,1.0,1.0,1.0,shared
n7401,4,1.0,1.0,1.0,1.0,1.0,shared
n7402,3,0.75,1.0,1.0,1.0,0.9375,shared
n7403,3,0.75,1.0,1.0,1.0,0.9375,shared
n7404,3,0.75,1.0,1.0,1.0,0.9375,shared
n7405,4,1.0,1.0,1.0,1.0,1.0,shared
n7406,4,1.0,1.0,1.0,1.0,1.0,shared
n7407,4,1.0,1.0,1.0,1.0,1.0,shared
n7408,4,1.0,1.0,1.0,1.0,1.0,shared
n7409,4,1.0,1.0,1.0,1.0,1.0,shared
n7410,4,1.0,1.0,1.0,1.0,1.0,shared
n7411,3,0.75,1.0,1.0,1.0,0.9375,shared
n7412,4,1.0,1.0,1.0,1.0,1.0,shared
n7413,4,1.0,1.0,1.0,1.0,1.0,shared
n7414,4,1.0,1.0,1.0,1.0,1.0,shared
n7415,4,1.0,1.0,1.0,1.0,1.0,shared
n7416,4,1.0,1.0,1.0,1.0,1.0,shared
n7417,4,1.0,1.0,1.0,1.0,1.0,shared
n7418,4,1.0,1.0,1.0,1.0,1.0,shared
n7419,3,0.75,1.0,1.0,1.0,0.9375,shared
n7420,3,0.75,1.0,1.0,1.0,0.9375,shared
n7421,4,1.0,1.0,1.0,1.0,1.0,shared
n7422,4,1.0,1.0,1.0,1.0,1.0,shared
n7423,4,1.0,1.0,1.0,1.0,1.0,shared
n7424,4,1.0,1.0,1.0,1.0,1.0,shared
n7425,3,0.75,1.0,1.0,1.0,0.9375,shared
n7426,4,1.0,1.0,1.0,1.0,1.0,shared
n7427,3,0.75,1.0,1.0,1.0,0.9375,shared
n7428,3,0.75,1.0,1.0,1.0,0.9375,shared
n7429,4,1.0,1.0,1.0,1.0,1.0,shared
n7430,4,1.0,1.0,1.0,1.0,1.0,shared
n7431,3,0.75,1.0,1.0,1.0,0.9375,shared
n7432,4,1.0,1.0,1.0,1.0,1.0,shared
n7433,4,1.0,1.0,1.0,1.0,1.0,shared
n7434,4,1.0,1.0,1.0,1.0,1.0,shared
n7435,4,1.0,1.0,1.0,1.0,1.0,shared
n7436,4,1.0,1.0,1.0,1.0,1.0,shared
n7437,4,1.0,1.0,1.0,1.0,1.0,shared
n7438,4,1.0,1.0,1.0,1.0,1.0,shared
n7439,4,1.0,1.0,1.0,1.0,1.0,shared
n7440,4,1.0,1.0,1.0,1.0,1.0,shared
n7441,4,1.0,1.0,1.0,1.0,1.0,shared
n7442,4,1.0,1.0,1.0,1.0,1.0,shared
n7443,4,1.0,1.0,1.0,1.0,1.0,shared
n7444,4,1.0,1.0,1.0,1.0,1.0,shared
n7445,4,1.0,1.0,1.0,1.0,1.0,shared
n7446,4,1.0,1.0,1.0,1.0,1.0,shared
n7447,4,1.0,1.0,1.0,1.0,1.0,shared
n7448,4,1.0,1.0,1.0,1.0,1.0,shared
n7449,4,1.0,1.0,1.0,1.0,1.0,shared
n7450,4,1.0,1.0,1.0,1.0,1.0,shared
n7451,4,1.0,1.0,1.0,1.0,1.0,shared
n7452,4,1.0,1.0,1.0,1.0,1.0,shared
n7453,4,1.0,1.0,1.0,1.0,1.0,shared
n7454,4,1.0,1.0,1.0,1.0,1.0,shared
n7455,4,1.0,1.0,1.0,1.0,1.0,shared
n7456,3,0.75,1.0,1.0,1.0,0.9375,shared
n7457,4,1.0,1.0,1.0,1.0,1.0,shared
n7458,4,1.0,1.0,1.0,1.0,1.0,shared
n7459,4,1.0,1.0,1.0,1.0,1.0,shared
n7460,4,1.0,1.0,1.0,1.0,1.0,shared
n7461,3,0.75,1.0,1.0,1.0,0.9375,shared
n7462,4,1.0,1.0,1.0,1.0,1.0,shared
n7463,4,1.0,1.0,1.0,1.0,1.0,shared
n7464,4,1.0,1.0,1.0,1.0,1.0,shared
n7465,4,1.0,1.0,1.0,1.0,1.0,shared
n7466,4,1.0,1.0,1.0,1.0,1.0,shared
n7467,3,0.75,1.0,1.0,1.0,0.9375,shared
n7468,4,1.0,1.0,1.0,1.0,1.0,shared
n7469,4,1.0,1.0,1.0,1.0,1.0,shared
n7470,4,1.0,1.0,1.0,1.0,1.0,shared
n7471,3,0.75,1.0,1.0,1.0,0.9375,shared
n7472,4,1.0,1.0,1.0,1.0,1.0,shared
n7473,4,1.0,1.0,1.0,1.0,1.0,shared
n7474,4,1.0,1.0,1.0,1.0,1.0,shared
n7475,4,1.0,1.0,1.0,1.0,1.0,shared
n7476,4,1.0,1.0,1.0,1.0,1.0,shared
n7477,4,1.0,1.0,1.0,1.0,1.0,shared
n7478,3,0.75,1.0,1.0,1.0,0.9375,shared
n7479,4,1.0,1.0,1.0,1.0,1.0,shared
n7480,4,1.0,1.0,1.0,1.0,1.0,shared
n7481,4,1.0,1.0,1.0,1.0,1.0,shared
n7482,4,1.0,1.0,1.0,1.0,1.0,shared
n7483,4,1.0,1.0,1.0,1.0,1.0,shared
n7484,3,0.75,1.0,1.0,1.0,0.9375,shared
n7485,3,0.75,1.0,1.0,1.0,0.9375,shared
n7486,4,1.0,1.0,1.0,1.0,1.0,shared
n7487,4,1.0,1.0,1.0,1.0,1.0,shared
n7488,4,1.0,1.0,0.7333333333333333,1.0,0.9333333333333333,shared
n7489,4,1.0,1.0,1.0,1.0,1.0,shared
n7490,4,1.0,1.0,1.0,1.0,1.0,shared
n7491,3,0.75,1.0,1.0,1.0,0.9375,shared
n7492,4,1.0,1.0,1.0,1.0,1.0,shared
n7493,4,1.0,1.0,1.0,1.0,1.0,shared
n7494,3,0.75,1.0,1.0,1.0,0.9375,shared
n7495,3,0.75,1.0,1.0,1.0,0.9375,shared
n7496,4,1.0,0.5,1.0,1.0,0.875,shared
n7497,4,1.0,1.0,1.0,1.0,1.0,shared
n7498,4,1.0,1.0,1.0,1.0,1.0,shared
n7499,4,1.0,1.0,1.0,1.0,1.0,shared
n7500,3,0.75,1.0,1.0,1.0,0.9375,shared
n7501,4,1.0,1.0,1.0,1.0,1.0,shared
n7502,4,1.0,0.5714285714285714,0.5714285714285714,1.0,0.7857142857142857,shared
n7503,4,1.0,1.0,1.0,1.0,1.0,shared
n7504,4,1.0,1.0,1.0,1.0,1.0,shared
n7505,4,1.0,1.0,1.0,1.0,1.0,shared
n7506,3,0.75,1.0,1.0,1.0,0.9375,shared
n7507,3,0.75,1.0,1.0,1.0,0.9375,shared
n7508,4,1.0,1.0,1.0,1.0,1.0,shared
n7509,4,1.0,1.0,1.0,1.0,1.0,shared
n7510,3,0.75,1.0,1.0,1.0,0.9375,shared
n7511,3,0.75,1.0,1.0,1.0,0.9375,shared
n7512,3,0.75,1.0,1.0,1.0,0.9375,shared
n7513,4,1.0,1.0,1.0,1.0,1.0,shared
n7514,4,1.0,1.0,1.0,1.0,1.0,shared
n7515,4,1.0,1.0,1.0,1.0,1.0,shared
n7516,4,1.0,1.0,1.0,1.0,1.0,shared
n7517,3,0.75,1.0,1.0,1.0,0.9375,shared
n7518,4,1.0,1.0,1.0,1.0,1.0,shared
n7519,4,1.0,1.0,1.0,1.0,1.0,shared
n7520,3,0.75,1.0,1.0,1.0,0.9375,shared
n7521,3,0.75,1.0,1.0,1.0,0.9375,shared
n7522,3,0.75,1.0,1.0,1.0,0.9375,shared
n7523,4,1.0,1.0,1.0,1.0,1.0,shared
n7524,4,1.0,1.0,1.0,1.0,1.0,shared
n7525,4,1.0,1.0,1.0,1.0,1.0,shared
n7526,3,0.75,1.0,1.0,1.0,0.9375,shared
n7527,3,0.75,0.5,0.5,1.0,0.6875,shared
n7528,4,1.0,1.0,1.0,1.0,1.0,shared
n7529,4,1.0,1.0,1.0,1.0,1.0,shared
n7530,4,1.0,1.0,1.0,1.0,1.0,shared
n7531,3,0.75,1.0,1.0,1.0,0.9375,shared
n7532,4,1.0,1.0,1.0,1.0,1.0,shared
n7533,3,0.75,1.0,1.0,1.0,0.9375,shared
n7534,3,0.75,1.0,1.0,1.0,0.9375,shared
n7535,4,1.0,1.0,1.0,1.0,1.0,shared
n7536,4,1.0,1.0,1.0,1.0,1.0,shared
n7537,3,0.75,1.0,1.0,1.0,0.9375,shared
n7538,4,1.0,1.0,1.0,1.0,1.0,shared
n7539,4,1.0,1.0,1.0,1.0,1.0,shared
n7540,4,1.0,1.0,1.0,1.0,1.0,shared
n7541,4,1.0,1.0,1.0,1.0,1.0,shared
n7542,4,1.0,1.0,1.0,1.0,1.0,shared
n7543,4,1.0,1.0,1.0,1.0,1.0,shared
n7544,4,1.0,1.0,1.0,1.0,1.0,shared
n7545,4,1.0,0.5714285714285714,0.5714285714285714,1.0,0.7857142857142857,shared
n7546,4,1.0,1.0,1.0,1.0,1.0,shared
n7547,3,0.75,1.0,1.0,1.0,0.9375,shared
n7548,4,1.0,1.0,1.0,1.0,1.0,shared
n7549,4,1.0,1.0,1.0,1.0,1.0,shared
n7550,4,1.0,1.0,1.0,1.0,1.0,shared
n7551,4,1.0,1.0,1.0,1.0,1.0,shared
n7552,4,1.0,1.0,1.0,1.0,1.0,shared
n7553,3,0.75,1.0,1.0,1.0,0.9375,shared
n7554,4,1.0,1.0,1.0,1.0,1.0,shared
n7555,3,0.75,1.0,1.0,1.0,0.9375,shared
n7556,4,1.0,1.0,1.0,1.0,1.0,shared
n7557,4,1.0,1.0,1.0,1.0,1.0,shared
n7558,4,1.0,1.0,1.0,1.0,1.0,shared
n7559,4,1.0,1.0,1.0,1.0,1.0,shared
n7560,3,0.75,1.0,1.0,1.0,0.9375,shared
n7561,4,1.0,1.0,1.0,1.0,1.0,shared
n7562,4,1.0,1.0,1.0,1.0,1.0,shared
n7563,4,1.0,1.0,1.0,1.0,1.0,shared
n7564,4,1.0,1.0,1.0,1.0,1.0,shared
n7565,4,1.0,1.0,1.0,1.0,1.0,shared
n7566,4,1.0,1.0,1.0,1.0,1.0,shared
n7567,4,1.0,1.0,1.0,1.0,1.0,shared
n7568,3,0.75,1.0,1.0,1.0,0.9375,shared
n7569,4,1.0,1.0,1.0,1.0,1.0,shared
n7570,4,1.0,1.0,1.0,1.0,1.0,shared
n7571,4,1.0,1.0,1.0,1.0,1.0,shared
n7572,4,1.0,1.0,1.0,1.0,1.0,shared
n7573,4,1.0,1.0,1.0,1.0,1.0,shared
n7574,4,1.0,1.0,1.0,1.0,1.0,shared
n7575,4,1.0,0.5,1.0,1.0,0.875,shared
n7576,4,1.0,1.0,1.0,1.0,1.0,shared
n7577,3,0.75,1.0,1.0,1.0,0.9375,shared
n7578,4,1.0,1.0,1.0,1.0,1.0,shared
n7579,4,1.0,1.0,1.0,1.0,1.0,shared
n7580,4,1.0,1.0,1.0,1.0,1.0,shared
n7581,4,1.0,1.0,1.0,1.0,1.0,shared
n7582,4,1.0,1.0,1.0,1.0,1.0,shared
n7583,4,1.0,1.0,1.0,1.0,1.0,shared
n7584,4,1.0,1.0,1.0,1.0,1.0,shared
n7585,4,1.0,0.5714285714285714,0.5714285714285714,1.0,0.7857142857142857,shared
n7586,4,1.0,1.0,1.0,1.0,1.0,shared
n7587,4,1.0,1.0,1.0,1.0,1.0,shared
n7588,3,0.75,1.0,1.0,1.0,0.9375,shared
n7589,3,0.75,1.0,1.0,1.0,0.9375,shared
n7590,3,0.75,1.0,1.0,1.0,0.9375,shared
n7591,3,0.75,1.0,1.0,1.0,0.9375,shared
n7592,4,1.0,1.0,1.0,1.0,1.0,shared
n7593,3,0.75,1.0,1.0,1.0,0.9375,shared
n7594,3,0.75,1.0,1.0,1.0,0.9375,shared
n7595,4,1.0,1.0,1.0,1.0,1.0,shared
n7596,4,1.0,1.0,1.0,1.0,1.0,shared
n7597,4,1.0,1.0,1.0,1.0,1.0,shared
n7598,4,1.0,1.0,1.0,1.0,1.0,shared
n7599,4,1.0,1.0,1.0,1.0,1.0,shared
n7600,4,1.0,1.0,1.0,1.0,1.0,shared
n7601,3,0.75,1.0,1.0,1.0,0.9375,shared
n7602,4,1.0,1.0,1.0,1.0,1.0,shared
n7603,4,1.0,1.0,1.0,1.0,1.0,shared
n7604,4,1.0,1.0,1.0,1.0,1.0,shared
n7605,4,1.0,1.0,1.0,1.0,1.0,shared
n7606,3,0.75,1.0,1.0,1.0,0.9375,shared
n7607,4,1.0,1.0,1.0,1.0,1.0,shared
n7608,4,1.0,1.0,1.0,1.0,1.0,shared
n7609,3,0.75,1.0,1.0,1.0,0.9375,shared
n7610,4,1.0,1.0,1.0,1.0,1.0,shared
n7611,4,1.0,1.0,1.0,1.0,1.0,shared
n7612,3,0.75,1.0,1.0,1.0,0.9375,shared
n7613,4,1.0,0.5714285714285714,0.5714285714285714,1.0,0.7857142857142857,shared
n7614,4,1.0,1.0,1.0,1.0,1.0,shared
n7615,4,1.0,1.0,1.0,1.0,1.0,shared
n7616,4,1.0,1.0,1.0,1.0,1.0,shared
n7617,4,1.0,1.0,1.0,1.0,1.0,shared
n7618,4,1.0,1.0,1.0,1.0,1.0,shared
n7619,4,1.0,1.0,1.0,1.0,1.0,shared
n7620,4,1.0,1.0,1.0,1.0,1.0,shared
n7621,4,1.0,1.0,1.0,1.0,1.0,shared
n7622,4,1.0,1.0,1.0,1.0,1.0,shared
n7623,4,1.0,1.0,1.0,1.0,1.0,shared
n7624,4,1.0,1.0,1.0,1.0,1.0,shared
n7625,3,0.75,1.0,1.0,1.0,0.9375,shared
n7626,4,1.0,1.0,1.0,1.0,1.0,shared
n7627,4,1.0,1.0,1.0,1.0,1.0,shared
n7628,4,1.0,1.0,1.0,1.0,1.0,shared
n7629,3,0.75,1.0,1.0,1.0,0.9375,shared
n7630,3,0.75,1.0,1.0,1.0,0.9375,shared
n7631,4,1.0,1.0,1.0,1.0,1.0,shared
n7632,4,1.0,1.0,1.0,1.0,1.0,shared
n7633,4,1.0,1.0,1.0,1.0,1.0,shared
n7634,4,1.0,1.0,1.0,1.0,1.0,shared
n7635,3,0.75,1.0,1.0,1.0,0.9375,shared
n7636,3,0.75,1.0,1.0,1.0,0.9375,shared
n7637,4,1.0,1.0,1.0,1.0,1.0,shared
n7638,4,1.0,1.0,1.0,1.0,1.0,shared
n7639,4,1.0,1.0,1.0,1.0,1.0,shared
n7640,4,1.0,1.0,1.0,1.0,1.0,shared
n7641,4,1.0,1.0,1.0,1.0,1.0,shared
n7642,3,0.75,1.0,1.0,1.0,0.9375,shared
n7643,4,1.0,1.0,1.0,1.0,1.0,shared
n7644,4,1.0,1.0,1.0,1.0,1.0,shared
n7645,4,1.0,1.0,1.0,1.0,1.0,shared
n7646,4,1.0,1.0,1.0,1.0,1.0,shared
n7647,4,1.0,1.0,1.0,1.0,1.0,shared
n7648,4,1.0,1.0,1.0,1.0,1.0,shared
n7649,4,1.0,1.0,1.0,1.0,1.0,shared
n7650,4,1.0,1.0,1.0,1.0,1.0,shared
n7651,4,1.0,1.0,1.0,1.0,1.0,shared
n7652,4,1.0,1.0,1.0,1.0,1.0,shared
n7653,4,1.0,1.0,1.0,1.0,1.0,shared
n7654,4,1.0,1.0,1.0,1.0,1.0,shared
n7655,3,0.75,1.0,1.0,1.0,0.9375,shared
n7656,4,1.0,1.0,1.0,1.0,1.0,shared
n7657,4,1.0,1.0,1.0,1.0,1.0,shared
n7658,4,1.0,1.0,1.0,1.0,1.0,shared
n7659,4,1.0,1.0,1.0,1.0,1.0,shared
n7660,4,1.0,1.0,1.0,1.0,1.0,shared
n7661,4,1.0,1.0,1.0,1.0,1.0,shared
n7662,4,1.0,1.0,1.0,1.0,1.0,shared
n7663,4,1.0,1.0,1.0,1.0,1.0,shared
n7664,3,0.75,1.0,1.0,1.0,0.9375,shared
n7665,3,0.75,1.0,1.0,1.0,0.9375,shared
n7666,4,1.0,1.0,1.0,1.0,1.0,shared
n7667,4,1.0,1.0,1.0,1.0,1.0,shared
n7668,4,1.0,1.0,1.0,1.0,1.0,shared
n7669,4,1.0,1.0,1.0,1.0,1.0,shared
n7670,4,1.0,1.0,1.0,1.0,1.0,shared
n7671,4,1.0,1.0,1.0,1.0,1.0,shared
n7672,4,1.0,1.0,1.0,1.0,1.0,shared
n7673,4,1.0,1.0,1.0,1.0,1.0,shared
n7674,4,1.0,1.0,1.0,1.0,1.0,shared
n7675,4,1.0,1.0,1.0,1.0,1.0,shared
n7676,4,1.0,1.0,1.0,1.0,1.0,shared
n7677,4,1.0,1.0,1.0,1.0,1.0,shared
n7678,4,1.0,1.0,1.0,1.0,1.0,shared
n7679,4,1.0,1.0,1.0,1.0,1.0,shared
n7680,3,0.75,1.0,1.0,1.0,0.9375,shared
n7681,4,1.0,1.0,1.0,1.0,1.0,shared
n7682,4,1.0,1.0,1.0,1.0,1.0,shared
n7683,3,0.75,1.0,1.0,1.0,0.9375,shared
n7684,3,0.75,1.0,1.0,1.0,0.9375,shared
n7685,3,0.75,1.0,1.0,1.0,0.9375,shared
n7686,4,1.0,1.0,1.0,1.0,1.0,shared
n7687,3,0.75,1.0,1.0,1.0,0.9375,shared
n7688,3,0.75,1.0,1.0,1.0,0.9375,shared
n7689,4,1.0,1.0,1.0,1.0,1.0,shared
n7690,3,0.75,1.0,1.0,1.0,0.9375,shared
n7691,4,1.0,1.0,1.0,1.0,1.0,shared
n7692,4,1.0,1.0,1.0,1.0,1.0,shared
n7693,4,1.0,1.0,1.0,1.0,1.0,shared
n7694,4,1.0,1.0,1.0,1.0,1.0,shared
n7695,3,0.75,1.0,1.0,1.0,0.9375,shared
n7696,4,1.0,1.0,1.0,1.0,1.0,shared
n7697,4,1.0,1.0,1.0,1.0,1.0,shared
n7698,3,0.75,1.0,1.0,1.0,0.9375,shared
n7699,4,1.0,1.0,1.0,1.0,1.0,shared
n7700,3,0.75,1.0,1.0,1.0,0.9375,shared
n7701,3,0.75,1.0,1.0,1.0,0.9375,shared
n7702,4,1.0,1.0,1.0,1.0,1.0,shared
n7703,3,0.75,1.0,1.0,1.0,0.9375,shared
n7704,4,1.0,1.0,1.0,1.0,1.0,shared
n7705,4,1.0,1.0,1.0,1.0,1.0,shared
n7706,3,0.75,1.0,1.0,1.0,0.9375,shared
n7707,4,1.0,1.0,1.0,1.0,1.0,shared
n7708,3,0.75,1.0,1.0,1.0,0.9375,shared
n7709,3,0.75,1.0,1.0,1.0,0.9375,shared
n7710,4,1.0,1.0,1.0,1.0,1.0,shared
n7711,4,1.0,1.0,1.0,1.0,1.0,shared
n7712,3,0.75,1.0,1.0,1.0,0.9375,shared
n7713,4,1.0,1.0,1.0,1.0,1.0,shared
n7714,4,1.0,1.0,1.0,1.0,1.0,shared
n7715,4,1.0,1.0,1.0,1.0,1.0,shared
n7716,4,1.0,1.0,1.0,1.0,1.0,shared
n7717,4,1.0,1.0,1.0,1.0,1.0,shared
n7718,4,1.0,1.0,1.0,1.0,1.0,shared
n7719,3,0.75,1.0,1.0,1.0,0.9375,shared
n7720,4,1.0,1.0,1.0,1.0,1.0,shared
n7721,4,1.0,1.0,1.0,1.0,1.0,shared
n7722,3,0.75,1.0,1.0,1.0,0.9375,shared
n7723,3,0.75,1.0,1.0,1.0,0.9375,shared
n7724,4,1.0,1.0,1.0,1.0,1.0,shared
n7725,3,0.75,1.0,1.0,1.0,0.9375,shared
n7726,4,1.0,1.0,1.0,1.0,1.0,shared
n7727,3,0.75,1.0,1.0,1.0,0.9375,shared
n7728,4,1.0,1.0,1.0,1.0,1.0,shared
n7729,4,1.0,1.0,1.0,1.0,1.0,shared
n7730,4,1.0,1.0,1.0,1.0,1.0,shared
n7731,4,1.0,1.0,1.0,1.0,1.0,shared
n7732,4,1.0,1.0,1.0,1.0,1.0,shared
n7733,3,0.75,1.0,1.0,1.0,0.9375,shared
n7734,4,1.0,1.0,1.0,1.0,1.0,shared
n7735,4,1.0,1.0,1.0,1.0,1.0,shared
n7736,4,1.0,1.0,1.0,1.0,1.0,shared
n7737,3,0.75,1.0,1.0,1.0,0.9375,shared
n7738,4,1.0,1.0,1.0,1.0,1.0,shared
n7739,3,0.75,1.0,1.0,1.0,0.9375,shared
n7740,4,1.0,1.0,1.0,1.0,1.0,shared
n7741,3,0.75,1.0,1.0,1.0,0.9375,shared
n7742,3,0.75,1.0,1.0,1.0,0.9375,shared
n7743,4,1.0,1.0,1.0,1.0,1.0,shared
n7744,4,1.0,1.0,1.0,1.0,1.0,shared
n7745,4,1.0,1.0,1.0,1.0,1.0,shared
n7746,4,1.0,1.0,1.0,1.0,1.0,shared
n7747,4,1.0,1.0,1.0,1.0,1.0,shared
n7748,4,1.0,1.0,1.0,1.0,1.0,shared
n7749,4,1.0,1.0,1.0,1.0,1.0,shared
n7750,4,1.0,0.5714285714285714,0.5714285714285714,1.0,0.7857142857142857,shared
n7751,4,1.0,1.0,1.0,1.0,1.0,shared
n7752,3,0.75,1.0,1.0,1.0,0.9375,shared
n7753,4,1.0,1.0,1.0,1.0,1.0,shared
n7754,4,1.0,1.0,1.0,1.0,1.0,shared
n7755,3,0.75,1.0,1.0,1.0,0.9375,shared
n7756,3,0.75,1.0,1.0,1.0,0.9375,shared
n7757,4,1.0,1.0,1.0,1.0,1.0,shared
n7758,4,1.0,1.0,1.0,1.0,1.0,shared
n7759,4,1.0,1.0,1.0,1.0,1.0,shared
n7760,3,0.75,1.0,1.0,1.0,0.9375,shared
n7761,4,1.0,0.5714285714285714,0.5714285714285714,1.0,0.7857142857142857,shared
n7762,4,1.0,1.0,1.0,1.0,1.0,shared
n7763,3,0.75,1.0,1.0,1.0,0.9375,shared
n7764,4,1.0,1.0,1.0,1.0,1.0,shared
n7765,4,1.0,1.0,1.0,1.0,1.0,shared
n7766,4,1.0,1.0,1.0,1.0,1.0,shared
n7767,4,1.0,1.0,1.0,1.0,1.0,shared
n7768,4,1.0,0.5,0.5,1.0,0.75,shared
n7769,4,1.0,1.0,1.0,1.0,1.0,shared
n7770,4,1.0,1.0,1.0,1.0,1.0,shared
n7771,3,0.75,1.0,1.0,1.0,0.9375,shared
n7772,4,1.0,1.0,1.0,1.0,1.0,shared
n7773,3,0.75,1.0,1.0,1.0,0.9375,shared
n7774,4,1.0,1.0,1.0,1.0,1.0,shared
n7775,3,0.75,1.0,1.0,1.0,0.9375,shared
n7776,3,0.75,1.0,1.0,1.0,0.9375,shared
n7777,3,0.75,1.0,1.0,1.0,0.9375,shared
n7778,4,1.0,1.0,1.0,1.0,1.0,shared
n7779,4,1.0,1.0,1.0,1.0,1.0,shared
n7780,4,1.0,1.0,1.0,1.0,1.0,shared
n7781,3,0.75,1.0,1.0,1.0,0.9375,shared
n7782,4,1.0,1.0,1.0,1.0,1.0,shared
n7783,4,1.0,1.0,1.0,1.0,1.0,shared
n7784,3,0.75,1.0,1.0,1.0,0.9375,shared
n7785,3,0.75,1.0,1.0,1.0,0.9375,shared
n7786,4,1.0,1.0,1.0,1.0,1.0,shared
n7787,4,1.0,1.0,1.0,1.0,1.0,shared
n7788,4,1.0,1.0,1.0,1.0,1.0,shared
n7789,4,1.0,1.0,1.0,1.0,1.0,shared
n7790,3,0.75,1.0,1.0,1.0,0.9375,shared
n7791,4,1.0,1.0,1.0,1.0,1.0,shared
n7792,3,0.75,1.0,1.0,1.0,0.9375,shared
n7793,4,1.0,1.0,1.0,1.0,1.0,shared
n7794,4,1.0,1.0,1.0,1.0,1.0,shared
n7795,3,0.75,1.0,1.0,1.0,0.9375,shared
n7796,4,1.0,1.0,1.0,1.0,1.0,shared
n7797,3,0.75,1.0,1.0,1.0,0.9375,shared
n7798,4,1.0,1.0,1.0,1.0,1.0,shared
n7799,4,1.0,1.0,1.0,1.0,1.0,shared
n7800,4,1.0,1.0,1.0,1.0,1.0,shared
n7801,4,1.0,1.0,1.0,1.0,1.0,shared
n7802,4,1.0,1.0,1.0,1.0,1.0,shared
n7803,3,0.75,1.0,1.0,1.0,0.9375,shared
n7804,4,1.0,1.0,1.0,1.0,1.0,shared
n7805,3,0.75,1.0,1.0,1.0,0.9375,shared
n7806,4,1.0,1.0,1.0,1.0,1.0,shared
n7807,3,0.75,1.0,1.0,1.0,0.9375,shared
n7808,3,0.75,1.0,1.0,1.0,0.9375,shared
n7809,4,1.0,1.0,1.0,1.0,1.0,shared
n7810,4,1.0,1.0,1.0,1.0,1.0,shared
n7811,4,1.0,1.0,1.0,1.0,1.0,shared
n7812,4,1.0,1.0,1.0,1.0,1.0,shared
n7813,4,1.0,1.0,1.0,1.0,1.0,shared
n7814,4,1.0,1.0,1.0,1.0,1.0,shared
n7815,4,1.0,1.0,1.0,1.0,1.0,shared
n7816,4,1.0,1.0,1.0,1.0,1.0,shared
n7817,3,0.75,1.0,1.0,1.0,0.9375,shared
n7818,4,1.0,1.0,1.0,1.0,1.0,shared
n7819,4,1.0,1.0,1.0,1.0,1.0,shared
n7820,3,0.75,1.0,1.0,1.0,0.9375,shared
n7821,3,0.75,1.0,1.0,1.0,0.9375,shared
n7822,4,1.0,1.0,1.0,1.0,1.0,shared
n7823,3,0.75,1.0,1.0,1.0,0.9375,shared
n7824,3,0.75,1.0,1.0,1.0,0.9375,shared
n7825,4,1.0,1.0,1.0,1.0,1.0,shared
n7826,4,1.0,1.0,1.0,1.0,1.0,shared
n7827,4,1.0,1.0,1.0,1.0,1.0,shared
n7828,4,1.0,1.0,1.0,1.0,1.0,shared
n7829,4,1.0,1.0,1.0,1.0,1.0,shared
n7830,4,1.0,1.0,1.0,1.0,1.0,shared
n7831,4,1.0,1.0,1.0,1.0,1.0,shared
n7832,4,1.0,1.0,1.0,1.0,1.0,shared
n7833,4,1.0,1.0,1.0,1.0,1.0,shared
n7834,4,1.0,1.0,1.0,1.0,1.0,shared
n7835,3,0.75,1.0,1.0,1.0,0.9375,shared
n7836,4,1.0,1.0,1.0,1.0,1.0,shared
n7837,4,1.0,1.0,1.0,1.0,1.0,shared
n7838,3,0.75,1.0,1.0,1.0,0.9375,shared
n7839,3,0.75,1.0,1.0,1.0,0.9375,shared
n7840,4,1.0,0.5714285714285714,1.0,1.0,0.8928571428571428,shared
n7841,4,1.0,1.0,1.0,1.0,1.0,shared
n7842,3,0.75,1.0,1.0,1.0,0.9375,shared
n7843,4,1.0,1.0,1.0,1.0,1.0,shared
n7844,3,0.75,1.0,1.0,1.0,0.9375,shared
n7845,3,0.75,1.0,1.0,1.0,0.9375,shared
n7846,3,0.75,1.0,1.0,1.0,0.9375,shared
n7847,4,1.0,1.0,1.0,1.0,1.0,shared
n7848,4,1.0,1.0,1.0,1.0,1.0,shared
n7849,4,1.0,1.0,1.0,1.0,1.0,shared
n7850,3,0.75,1.0,1.0,1.0,0.9375,shared
n7851,4,1.0,1.0,1.0,1.0,1.0,shared
n7852,3,0.75,1.0,1.0,1.0,0.9375,shared
n7853,3,0.75,1.0,1.0,1.0,0.9375,shared
n7854,3,0.75,1.0,1.0,1.0,0.9375,shared
n7855,4,1.0,1.0,1.0,1.0,1.0,shared
n7856,4,1.0,1.0,1.0,1.0,1.0,shared
n7857,4,1.0,1.0,1.0,1.0,1.0,shared
n7858,3,0.75,1.0,1.0,1.0,0.9375,shared
n7859,4,1.0,1.0,1.0,1.0,1.0,shared
n7860,4,1.0,1.0,1.0,1.0,1.0,shared
n7861,3,0.75,1.0,1.0,1.0,0.9375,shared
n7862,4,1.0,1.0,1.0,1.0,1.0,shared
n7863,4,1.0,1.0,1.0,1.0,1.0,shared
n7864,3,0.75,1.0,1.0,1.0,0.9375,shared
n7865,4,1.0,1.0,1.0,1.0,1.0,shared
n7866,4,1.0,1.0,1.0,1.0,1.0,shared
n7867,3,0.75,1.0,1.0,1.0,0.9375,shared
n7868,4,1.0,1.0,1.0,1.0,1.0,shared
n7869,4,1.0,1.0,1.0,1.0,1.0,shared
n7870,3,0.75,1.0,1.0,1.0,0.9375,shared
n7871,4,1.0,1.0,1.0,1.0,1.0,shared
n7872,3,0.75,1.0,1.0,1.0,0.9375,shared
n7873,4,1.0,1.0,1.0,1.0,1.0,shared
n7874,4,1.0,1.0,1.0,1.0,1.0,shared
n7875,3,0.75,1.0,1.0,1.0,0.9375,shared
n7876,3,0.75,1.0,1.0,1.0,0.9375,shared
n7877,4,1.0,1.0,1.0,1.0,1.0,shared
n7878,4,1.0,1.0,0.75,1.0,0.9375,shared
n7879,4,1.0,1.0,0.5714285714285714,1.0,0.8928571428571428,shared
n7880,4,1.0,1.0,1.0,1.0,1.0,shared
n7881,3,0.75,1.0,1.0,1.0,0.9375,shared
n7882,4,1.0,1.0,1.0,1.0,1.0,shared
n7883,4,1.0,1.0,1.0,1.0,1.0,shared
n7884,4,1.0,1.0,1.0,1.0,1.0,shared
n7885,4,1.0,1.0,1.0,1.0,1.0,shared
n7886,4,1.0,1.0,1.0,1.0,1.0,shared
n7887,4,1.0,1.0,1.0,1.0,1.0,shared
n7888,4,1.0,1.0,1.0,1.0,1.0,shared
n7889,3,0.75,1.0,1.0,1.0,0.9375,shared
n7890,4,1.0,1.0,1.0,1.0,1.0,shared
n7891,3,0.75,1.0,1.0,1.0,0.9375,shared
n7892,3,0.75,1.0,1.0,1.0,0.9375,shared
n7893,3,0.75,1.0,1.0,1.0,0.9375,shared
n7894,3,0.75,1.0,1.0,1.0,0.9375,shared
n7895,3,0.75,1.0,1.0,1.0,0.9375,shared
n7896,3,0.75,1.0,1.0,1.0,0.9375,shared
n7897,4,1.0,1.0,1.0,1.0,1.0,shared
n7898,3,0.75,1.0,1.0,1.0,0.9375,shared
n7899,4,1.0,1.0,1.0,1.0,1.0,shared
n7900,4,1.0,1.0,1.0,1.0,1.0,shared
n7901,3,0.75,1.0,1.0,1.0,0.9375,shared
n7902,4,1.0,1.0,1.0,1.0,1.0,shared
n7903,3,0.75,1.0,1.0,1.0,0.9375,shared
n7904,4,1.0,1.0,1.0,1.0,1.0,shared
n7905,4,1.0,1.0,1.0,1.0,1.0,shared
n7906,4,1.0,1.0,1.0,1.0,1.0,shared
n7907,3,0.75,1.0,1.0,1.0,0.9375,shared
n7908,4,1.0,1.0,1.0,1.0,1.0,shared
n7909,4,1.0,1.0,1.0,1.0,1.0,shared
n7910,3,0.75,1.0,1.0,1.0,0.9375,shared
n7911,4,1.0,1.0,1.0,1.0,1.0,shared
n7912,3,0.75,1.0,1.0,1.0,0.9375,shared
n7913,4,1.0,1.0,1.0,1.0,1.0,shared
n7914,4,1.0,1.0,1.0,1.0,1.0,shared
n7915,3,0.75,1.0,1.0,1.0,0.9375,shared
n7916,4,1.0,1.0,1.0,1.0,1.0,shared
n7917,4,1.0,1.0,1.0,1.0,1.0,shared
n7918,4,1.0,1.0,1.0,1.0,1.0,shared
n7919,4,1.0,1.0,1.0,1.0,1.0,shared
n7920,4,1.0,1.0,1.0,1.0,1.0,shared
n7921,4,1.0,1.0,1.0,1.0,1.0,shared
n7922,4,1.0,1.0,1.0,1.0,1.0,shared
n7923,4,1.0,1.0,1.0,1.0,1.0,shared
n7924,3,0.75,1.0,1.0,1.0,0.9375,shared
n7925,4,1.0,1.0,1.0,1.0,1.0,shared
n7926,4,1.0,1.0,1.0,1.0,1.0,shared
n7927,3,0.75,1.0,1.0,1.0,0.9375,shared
n7928,4,1.0,1.0,1.0,1.0,1.0,shared
n7929,4,1.0,1.0,1.0,1.0,1.0,shared
n7930,3,0.75,1.0,1.0,1.0,0.9375,shared
n7931,4,1.0,1.0,1.0,1.0,1.0,shared
n7932,4,1.0,1.0,1.0,1.0,1.0,shared
n7933,4,1.0,1.0,1.0,1.0,1.0,shared
n7934,3,0.75,1.0,1.0,1.0,0.9375,shared
n7935,4,1.0,1.0,1.0,1.0,1.0,shared
n7936,4,1.0,1.0,1.0,1.0,1.0,shared
n7937,4,1.0,1.0,1.0,1.0,1.0,shared
n7938,4,1.0,1.0,1.0,1.0,1.0,shared
n7939,4,1.0,1.0,1.0,1.0,1.0,shared
n7940,3,0.75,1.0,1.0,1.0,0.9375,shared
n7941,4,1.0,1.0,1.0,1.0,1.0,shared
n7942,4,1.0,1.0,1.0,1.0,1.0,shared
n7943,3,0.75,1.0,1.0,1.0,0.9375,shared
n7944,3,0.75,1.0,1.0,1.0,0.9375,shared
n7945,3,0.75,1.0,1.0,1.0,0.9375,shared
n7946,3,0.75,1.0,1.0,1.0,0.9375,shared
n7947,4,1.0,1.0,1.0,1.0,1.0,shared
n7948,3,0.75,1.0,1.0,1.0,0.9375,shared
n7949,3,0.75,1.0,1.0,1.0,0.9375,shared
n7950,4,1.0,1.0,1.0,1.0,1.0,shared
n7951,4,1.0,1.0,1.0,1.0,1.0,shared
n7952,3,0.75,1.0,1.0,1.0,0.9375,shared
n7953,4,1.0,1.0,1.0,1.0,1.0,shared
n7954,4,1.0,1.0,1.0,1.0,1.0,shared
n7955,4,1.0,1.0,1.0,1.0,1.0,shared
n7956,3,0.75,1.0,1.0,1.0,0.9375,shared
n7957,4,1.0,1.0,1.0,1.0,1.0,shared
n7958,4,1.0,1.0,1.0,1.0,1.0,shared
n7959,4,1.0,1.0,1.0,1.0,1.0,shared
n7960,3,0.75,1.0,1.0,1.0,0.9375,shared
n7961,3,0.75,1.0,1.0,1.0,0.9375,shared
n7962,4,1.0,1.0,1.0,1.0,1.0,shared
n7963,4,1.0,1.0,1.0,1.0,1.0,shared
n7964,3,0.75,1.0,1.0,1.0,0.9375,shared
n7965,4,1.0,1.0,1.0,1.0,1.0,shared
n7966,4,1.0,1.0,1.0,1.0,1.0,shared
n7967,4,1.0,1.0,1.0,1.0,1.0,shared
n7968,4,1.0,1.0,1.0,1.0,1.0,shared
n7969,3,0.75,1.0,1.0,1.0,0.9375,shared
n7970,4,1.0,1.0,1.0,1.0,1.0,shared
n7971,4,1.0,1.0,1.0,1.0,1.0,shared
n7972,4,1.0,1.0,1.0,1.0,1.0,shared
n7973,3,0.75,1.0,1.0,1.0,0.9375,shared
n7974,4,1.0,1.0,1.0,1.0,1.0,shared
n7975,4,1.0,1.0,1.0,1.0,1.0,shared
n7976,4,1.0,1.0,1.0,1.0,1.0,shared
n7977,4,1.0,1.0,1.0,1.0,1.0,shared
n7978,4,1.0,1.0,1.0,1.0,1.0,shared
n7979,4,1.0,1.0,1.0,1.0,1.0,shared
n7980,4,1.0,1.0,1.0,1.0,1.0,shared
n7981,3,0.75,1.0,1.0,1.0,0.9375,shared
n7982,4,1.0,1.0,1.0,1.0,1.0,shared
n7983,4,1.0,1.0,1.0,1.0,1.0,shared
n7984,3,0.75,1.0,1.0,1.0,0.9375,shared
n7985,4,1.0,1.0,1.0,1.0,1.0,shared
n7986,3,0.75,1.0,1.0,1.0,0.9375,shared
n7987,4,1.0,1.0,1.0,1.0,1.0,shared
n7988,3,0.75,1.0,1.0,1.0,0.9375,shared
n7989,4,1.0,1.0,1.0,1.0,1.0,shared
n7990,4,1.0,1.0,1.0,1.0,1.0,shared
n7991,4,1.0,1.0,1.0,1.0,1.0,shared
n7992,4,1.0,1.0,1.0,1.0,1.0,shared
n7993,4,1.0,1.0,1.0,1.0,1.0,shared
n7994,4,1.0,1.0,1.0,1.0,1.0,shared
n7995,3,0.75,1.0,1.0,1.0,0.9375,shared
n7996,4,1.0,1.0,1.0,1.0,1.0,shared
n7997,3,0.75,1.0,1.0,1.0,0.9375,shared
n7998,4,1.0,1.0,1.0,1.0,1.0,shared
n7999,3,0.75,1.0,1.0,1.0,0.9375,shared
n8000,3,0.75,1.0,1.0,1.0,0.9375,shared
n8001,3,0.75,1.0,1.0,1.0,0.9375,shared
n8002,3,0.75,1.0,1.0,1.0,0.9375,shared
n8003,4,1.0,1.0,1.0,1.0,1.0,shared
n8004,4,1.0,1.0,1.0,1.0,1.0,shared
n8005,4,1.0,1.0,1.0,1.0,1.0,shared
n8006,4,1.0,1.0,1.0,1.0,1.0,shared
n8007,3,0.75,1.0,1.0,1.0,0.9375,shared
n8008,3,0.75,1.0,1.0,1.0,0.9375,shared
n8009,4,1.0,1.0,1.0,1.0,1.0,shared
n8010,4,1.0,1.0,1.0,1.0,1.0,shared
n8011,3,0.75,1.0,1.0,1.0,0.9375,shared
n8012,4,1.0,1.0,1.0,1.0,1.0,shared
n8013,3,0.75,1.0,1.0,1.0,0.9375,shared
n8014,4,1.0,1.0,1.0,1.0,1.0,shared
n8015,4,1.0,1.0,1.0,1.0,1.0,shared
n8016,3,0.75,1.0,1.0,1.0,0.9375,shared
n8017,4,1.0,1.0,1.0,1.0,1.0,shared
n8018,3,0.75,1.0,1.0,1.0,0.9375,shared
n8019,3,0.75,1.0,1.0,1.0,0.9375,shared
n8020,4,1.0,1.0,1.0,1.0,1.0,shared
n8021,4,1.0,1.0,1.0,1.0,1.0,shared
n8022,3,0.75,1.0,1.0,1.0,0.9375,shared
n8023,3,0.75,1.0,1.0,1.0,0.9375,shared
n8024,4,1.0,1.0,1.0,1.0,1.0,shared
n8025,4,1.0,1.0,1.0,1.0,1.0,shared
n8026,4,1.0,0.36363636363636365,0.36363636363636365,1.0,0.6818181818181819,shared
n8027,4,1.0,1.0,1.0,1.0,1.0,shared
n8028,4,1.0,1.0,1.0,1.0,1.0,shared
n8029,4,1.0,1.0,1.0,1.0,1.0,shared
n8030,4,1.0,1.0,1.0,1.0,1.0,shared
n8031,4,1.0,1.0,1.0,1.0,1.0,shared
n8032,3,0.75,1.0,1.0,1.0,0.9375,shared
n8033,3,0.75,1.0,1.0,1.0,0.9375,shared
n8034,3,0.75,1.0,1.0,1.0,0.9375,shared
n8035,4,1.0,1.0,1.0,1.0,1.0,shared
n8036,4,1.0,1.0,1.0,1.0,1.0,shared
n8037,4,1.0,1.0,1.0,1.0,1.0,shared
n8038,3,0.75,1.0,1.0,1.0,0.9375,shared
n8039,4,1.0,1.0,1.0,1.0,1.0,shared
n8040,4,1.0,1.0,1.0,1.0,1.0,shared
n8041,3,0.75,1.0,1.0,1.0,0.9375,shared
n8042,4,1.0,0.7,0.7,1.0,0.85,shared
n8043,3,0.75,1.0,1.0,1.0,0.9375,shared
n8044,4,1.0,1.0,1.0,1.0,1.0,shared
n8045,3,0.75,1.0,1.0,1.0,0.9375,shared
n8046,4,1.0,1.0,1.0,1.0,1.0,shared
n8047,4,1.0,1.0,1.0,1.0,1.0,shared
n8048,4,1.0,1.0,1.0,1.0,1.0,shared
n8049,3,0.75,1.0,1.0,1.0,0.9375,shared
n8050,4,1.0,1.0,1.0,1.0,1.0,shared
n8051,4,1.0,1.0,1.0,1.0,1.0,shared
n8052,4,1.0,1.0,1.0,1.0,1.0,shared
n8053,3,0.75,1.0,1.0,1.0,0.9375,shared
n8054,3,0.75,1.0,1.0,1.0,0.9375,shared
n8055,4,1.0,1.0,1.0,1.0,1.0,shared
n8056,3,0.75,1.0,1.0,1.0,0.9375,shared
n8057,4,1.0,1.0,1.0,1.0,1.0,shared
n8058,4,1.0,1.0,1.0,1.0,1.0,shared
n8059,4,1.0,1.0,1.0,1.0,1.0,shared
n8060,4,1.0,1.0,1.0,1.0,1.0,shared
n8061,3,0.75,1.0,1.0,1.0,0.9375,shared
n8062,3,0.75,1.0,1.0,1.0,0.9375,shared
n8063,4,1.0,1.0,1.0,1.0,1.0,shared
n8064,4,1.0,1.0,1.0,1.0,1.0,shared
n8065,4,1.0,1.0,1.0,1.0,1.0,shared
n8066,4,1.0,1.0,1.0,1.0,1.0,shared
n8067,3,0.75,0.5,0.5,1.0,0.6875,shared
n8068,4,1.0,1.0,1.0,1.0,1.0,shared
n8069,4,1.0,1.0,1.0,1.0,1.0,shared
n8070,4,1.0,1.0,1.0,1.0,1.0,shared
n8071,4,1.0,1.0,1.0,1.0,1.0,shared
n8072,4,1.0,1.0,1.0,1.0,1.0,shared
n8073,4,1.0,1.0,1.0,1.0,1.0,shared
n8074,4,1.0,1.0,1.0,1.0,1.0,shared
n8075,3,0.75,1.0,1.0,1.0,0.9375,shared
n8076,4,1.0,1.0,1.0,1.0,1.0,shared
n8077,3,0.75,1.0,1.0,1.0,0.9375,shared
n8078,3,0.75,1.0,1.0,1.0,0.9375,shared
n8079,4,1.0,1.0,1.0,1.0,1.0,shared
n8080,3,0.75,1.0,1.0,1.0,0.9375,shared
n8081,4,1.0,1.0,1.0,1.0,1.0,shared
n8082,3,0.75,1.0,1.0,1.0,0.9375,shared
n8083,4,1.0,1.0,1.0,1.0,1.0,shared
n8084,4,1.0,1.0,1.0,1.0,1.0,shared
n8085,3,0.75,1.0,1.0,1.0,0.9375,shared
n8086,4,1.0,1.0,1.0,1.0,1.0,shared
n8087,4,1.0,1.0,1.0,1.0,1.0,shared
n8088,4,1.0,1.0,1.0,1.0,1.0,shared
n8089,3,0.75,1.0,1.0,1.0,0.9375,shared
n8090,4,1.0,1.0,1.0,1.0,1.0,shared
n8091,4,1.0,1.0,1.0,1.0,1.0,shared
n8092,4,1.0,1.0,1.0,1.0,1.0,shared
n8093,4,1.0,1.0,1.0,1.0,1.0,shared
n8094,4,1.0,1.0,1.0,1.0,1.0,shared
n8095,4,1.0,1.0,1.0,1.0,1.0,shared
n8096,4,1.0,1.0,1.0,1.0,1.0,shared
n8097,4,1.0,1.0,1.0,1.0,1.0,shared
n8098,4,1.0,1.0,1.0,1.0,1.0,shared
n8099,4,1.0,1.0,1.0,1.0,1.0,shared
n8100,4,1.0,1.0,1.0,1.0,1.0,shared
n8101,4,1.0,1.0,1.0,1.0,1.0,shared
n8102,4,1.0,1.0,1.0,1.0,1.0,shared
n8103,4,1.0,1.0,1.0,1.0,1.0,shared
n8104,4,1.0,1.0,1.0,1.0,1.0,shared
n8105,3,0.75,1.0,1.0,1.0,0.9375,shared
n8106,4,1.0,1.0,1.0,1.0,1.0,shared
n8107,4,1.0,1.0,1.0,1.0,1.0,shared
n8108,4,1.0,1.0,1.0,1.0,1.0,shared
n8109,4,1.0,1.0,1.0,1.0,1.0,shared
n8110,4,1.0,1.0,1.0,1.0,1.0,shared
n8111,3,0.75,1.0,1.0,1.0,0.9375,shared
n8112,4,1.0,1.0,1.0,1.0,1.0,shared
n8113,4,1.0,1.0,1.0,1.0,1.0,shared
n8114,4,1.0,1.0,1.0,1.0,1.0,shared
n8115,4,1.0,1.0,1.0,1.0,1.0,shared
n8116,4,1.0,1.0,1.0,1.0,1.0,shared
n8117,4,1.0,1.0,1.0,1.0,1.0,shared
n8118,4,1.0,1.0,1.0,1.0,1.0,shared
n8119,3,0.75,1.0,1.0,1.0,0.9375,shared
n8120,4,1.0,1.0,1.0,1.0,1.0,shared
n8121,3,0.75,1.0,1.0,1.0,0.9375,shared
n8122,4,1.0,1.0,1.0,1.0,1.0,shared
n8123,4,1.0,1.0,1.0,1.0,1.0,shared
n8124,4,1.0,1.0,1.0,1.0,1.0,shared
n8125,4,1.0,1.0,1.0,1.0,1.0,shared
n8126,4,1.0,1.0,1.0,1.0,1.0,shared
n8127,4,1.0,1.0,1.0,1.0,1.0,shared
n8128,3,0.75,1.0,1.0,1.0,0.9375,shared
n8129,4,1.0,1.0,1.0,1.0,1.0,shared
n8130,4,1.0,1.0,1.0,1.0,1.0,shared
n8131,4,1.0,1.0,1.0,1.0,1.0,shared
n8132,4,1.0,1.0,1.0,1.0,1.0,shared
n8133,4,1.0,1.0,1.0,1.0,1.0,shared
n8134,3,0.75,1.0,1.0,1.0,0.9375,shared
n8135,4,1.0,1.0,1.0,1.0,1.0,shared
n8136,3,0.75,1.0,1.0,1.0,0.9375,shared
n8137,3,0.75,1.0,1.0,1.0,0.9375,shared
n8138,4,1.0,1.0,1.0,1.0,1.0,shared
n8139,4,1.0,1.0,1.0,1.0,1.0,shared
n8140,3,0.75,1.0,1.0,1.0,0.9375,shared
n8141,4,1.0,1.0,1.0,1.0,1.0,shared
n8142,4,1.0,1.0,1.0,1.0,1.0,shared
n8143,4,1.0,0.6363636363636364,1.0,1.0,0.9090909090909091,shared
n8144,3,0.75,1.0,1.0,1.0,0.9375,shared
n8145,4,1.0,1.0,1.0,1.0,1.0,shared
n8146,4,1.0,1.0,1.0,1.0,1.0,shared
n8147,3,0.75,1.0,1.0,1.0,0.9375,shared
n8148,3,0.75,1.0,1.0,1.0,0.9375,shared
n8149,3,0.75,1.0,1.0,1.0,0.9375,shared
n8150,4,1.0,1.0,1.0,1.0,1.0,shared
n8151,3,0.75,1.0,1.0,1.0,0.9375,shared
n8152,4,1.0,1.0,1.0,1.0,1.0,shared
n8153,3,0.75,1.0,1.0,1.0,0.9375,shared
n8154,4,1.0,1.0,1.0,1.0,1.0,shared
n8155,4,1.0,1.0,1.0,1.0,1.0,shared
n8156,4,1.0,1.0,1.0,1.0,1.0,shared
n8157,4,1.0,1.0,1.0,1.0,1.0,shared
n8158,4,1.0,1.0,1.0,1.0,1.0,shared
n8159,4,1.0,1.0,1.0,1.0,1.0,shared
n8160,3,0.75,1.0,1.0,1.0,0.9375,shared
n8161,3,0.75,1.0,1.0,1.0,0.9375,shared
n8162,3,0.75,1.0,1.0,1.0,0.9375,shared
n8163,4,1.0,1.0,1.0,1.0,1.0,shared
n8164,3,0.75,1.0,1.0,1.0,0.9375,shared
n8165,4,1.0,1.0,1.0,1.0,1.0,shared
n8166,4,1.0,1.0,1.0,1.0,1.0,shared
n8167,4,1.0,1.0,1.0,1.0,1.0,shared
n8168,4,1.0,1.0,1.0,1.0,1.0,shared
n8169,4,1.0,1.0,1.0,1.0,1.0,shared
n8170,4,1.0,1.0,1.0,1.0,1.0,shared
n8171,3,0.75,1.0,1.0,1.0,0.9375,shared
n8172,4,1.0,1.0,1.0,1.0,1.0,shared
n8173,4,1.0,1.0,1.0,1.0,1.0,shared
n8174,4,1.0,1.0,1.0,1.0,1.0,shared
n8175,4,1.0,1.0,1.0,1.0,1.0,shared
n8176,4,1.0,1.0,1.0,1.0,1.0,shared
n8177,4,1.0,1.0,1.0,1.0,1.0,shared
n8178,4,1.0,1.0,1.0,1.0,1.0,shared
n8179,3,0.75,1.0,1.0,1.0,0.9375,shared
n8180,4,1.0,1.0,1.0,1.0,1.0,shared
n8181,4,1.0,1.0,1.0,1.0,1.0,shared
n8182,4,1.0,1.0,1.0,1.0,1.0,shared
n8183,4,1.0,1.0,1.0,1.0,1.0,shared
n8184,4,1.0,1.0,1.0,1.0,1.0,shared
n8185,4,1.0,1.0,1.0,1.0,1.0,shared
n8186,3,0.75,1.0,1.0,1.0,0.9375,shared
n8187,4,1.0,1.0,1.0,1.0,1.0,shared
n8188,4,1.0,1.0,1.0,1.0,1.0,shared
n8189,4,1.0,1.0,1.0,1.0,1.0,shared
n8190,4,1.0,1.0,1.0,1.0,1.0,shared
n8191,3,0.75,1.0,1.0,1.0,0.9375,shared
n8192,3,0.75,1.0,1.0,1.0,0.9375,shared
n8193,4,1.0,1.0,1.0,1.0,1.0,shared
n8194,4,1.0,1.0,1.0,1.0,1.0,shared
n8195,3,0.75,1.0,1.0,1.0,0.9375,shared
n8196,4,1.0,1.0,1.0,1.0,1.0,shared
n8197,4,1.0,1.0,1.0,1.0,1.0,shared
n8198,4,1.0,1.0,1.0,1.0,1.0,shared
n8199,3,0.75,1.0,1.0,1.0,0.9375,shared
n8200,3,0.75,1.0,1.0,1.0,0.9375,shared
n8201,4,1.0,1.0,1.0,1.0,1.0,shared
n8202,4,1.0,0.5,0.5,1.0,0.75,shared
n8203,4,1.0,1.0,1.0,1.0,1.0,shared
n8204,4,1.0,1.0,1.0,1.0,1.0,shared
n8205,4,1.0,1.0,1.0,1.0,1.0,shared
n8206,4,1.0,1.0,1.0,1.0,1.0,shared
n8207,4,1.0,1.0,1.0,1.0,1.0,shared
n8208,3,0.75,1.0,1.0,1.0,0.9375,shared
n8209,4,1.0,1.0,1.0,1.0,1.0,shared
n8210,4,1.0,1.0,1.0,1.0,1.0,shared
n8211,3,0.75,1.0,1.0,1.0,0.9375,shared
n8212,4,1.0,1.0,1.0,1.0,1.0,shared
n8213,3,0.75,1.0,1.0,1.0,0.9375,shared
n8214,4,1.0,1.0,1.0,1.0,1.0,shared
n8215,4,1.0,1.0,1.0,1.0,1.0,shared
n8216,4,1.0,1.0,1.0,1.0,1.0,shared
n8217,4,1.0,1.0,1.0,1.0,1.0,shared
n8218,4,1.0,1.0,1.0,1.0,1.0,shared
n8219,4,1.0,1.0,1.0,1.0,1.0,shared
n8220,4,1.0,1.0,1.0,1.0,1.0,shared
n8221,4,1.0,1.0,1.0,1.0,1.0,shared
n8222,4,1.0,1.0,1.0,1.0,1.0,shared
n8223,3,0.75,1.0,1.0,1.0,0.9375,shared
n8224,4,1.0,1.0,1.0,1.0,1.0,shared
n8225,4,1.0,1.0,1.0,1.0,1.0,shared
n8226,4,1.0,1.0,1.0,1.0,1.0,shared
n8227,3,0.75,1.0,1.0,1.0,0.9375,shared
n8228,3,0.75,1.0,1.0,1.0,0.9375,shared
n8229,4,1.0,1.0,1.0,1.0,1.0,shared
n8230,4,1.0,1.0,1.0,1.0,1.0,shared
n8231,3,0.75,1.0,1.0,1.0,0.9375,shared
n8232,4,1.0,1.0,1.0,1.0,1.0,shared
n8233,4,1.0,1.0,1.0,1.0,1.0,shared
n8234,4,1.0,1.0,1.0,1.0,1.0,shared
n8235,4,1.0,1.0,1.0,1.0,1.0,shared
n8236,4,1.0,1.0,1.0,1.0,1.0,shared
n8237,3,0.75,1.0,1.0,1.0,0.9375,shared
n8238,4,1.0,1.0,1.0,1.0,1.0,shared
n8239,4,1.0,1.0,1.0,1.0,1.0,shared
n8240,4,1.0,1.0,1.0,1.0,1.0,shared
n8241,4,1.0,1.0,1.0,1.0,1.0,shared
n8242,4,1.0,1.0,1.0,1.0,1.0,shared
n8243,4,1.0,1.0,1.0,1.0,1.0,shared
n8244,4,1.0,1.0,1.0,1.0,1.0,shared
n8245,4,1.0,1.0,1.0,1.0,1.0,shared
n8246,4,1.0,1.0,1.0,1.0,1.0,shared
n8247,3,0.75,1.0,1.0,1.0,0.9375,shared
n8248,4,1.0,0.36363636363636365,0.36363636363636365,1.0,0.6818181818181819,shared
n8249,4,1.0,1.0,1.0,1.0,1.0,shared
n8250,4,1.0,1.0,1.0,1.0,1.0,shared
n8251,4,1.0,1.0,1.0,1.0,1.0,shared
n8252,3,0.75,1.0,1.0,1.0,0.9375,shared
n8253,4,1.0,1.0,1.0,1.0,1.0,shared
n8254,4,1.0,1.0,1.0,1.0,1.0,shared
n8255,4,1.0,1.0,1.0,1.0,1.0,shared
n8256,4,1.0,1.0,1.0,1.0,1.0,shared
n8257,4,1.0,1.0,1.0,1.0,1.0,shared
n8258,3,0.75,1.0,1.0,1.0,0.9375,shared
n8259,3,0.75,1.0,1.0,1.0,0.9375,shared
n8260,4,1.0,1.0,0.4,1.0,0.85,shared
n8261,3,0.75,1.0,1.0,1.0,0.9375,shared
n8262,4,1.0,1.0,1.0,1.0,1.0,shared
n8263,4,1.0,1.0,1.0,1.0,1.0,shared
n8264,4,1.0,1.0,1.0,1.0,1.0,shared
n8265,4,1.0,1.0,1.0,1.0,1.0,shared
n8266,4,1.0,1.0,1.0,1.0,1.0,shared
n8267,3,0.75,1.0,1.0,1.0,0.9375,shared
n8268,4,1.0,1.0,1.0,1.0,1.0,shared
n8269,3,0.75,1.0,1.0,1.0,0.9375,shared
n8270,4,1.0,1.0,1.0,1.0,1.0,shared
n8271,4,1.0,1.0,1.0,1.0,1.0,shared
n8272,4,1.0,1.0,1.0,1.0,1.0,shared
n8273,4,1.0,1.0,0.8,1.0,0.95,shared
n8274,4,1.0,1.0,1.0,1.0,1.0,shared
n8275,3,0.75,1.0,1.0,1.0,0.9375,shared
n8276,4,1.0,1.0,1.0,1.0,1.0,shared
n8277,4,1.0,1.0,1.0,1.0,1.0,shared
n8278,4,1.0,1.0,1.0,1.0,1.0,shared
n8279,4,1.0,1.0,1.0,1.0,1.0,shared
n8280,4,1.0,1.0,1.0,1.0,1.0,shared
n8281,4,1.0,1.0,1.0,1.0,1.0,shared
n8282,4,1.0,1.0,1.0,1.0,1.0,shared
n8283,4,1.0,1.0,1.0,1.0,1.0,shared
n8284,4,1.0,1.0,1.0,1.0,1.0,shared
n8285,3,0.75,1.0,1.0,1.0,0.9375,shared
n8286,4,1.0,1.0,1.0,1.0,1.0,shared
n8287,4,1.0,1.0,1.0,1.0,1.0,shared
n8288,4,1.0,1.0,1.0,1.0,1.0,shared
n8289,4,1.0,1.0,1.0,1.0,1.0,shared
n8290,4,1.0,1.0,1.0,1.0,1.0,shared
n8291,4,1.0,1.0,1.0,1.0,1.0,shared
n8292,4,1.0,1.0,1.0,1.0,1.0,shared
n8293,4,1.0,1.0,1.0,1.0,1.0,shared
n8294,3,0.75,1.0,1.0,1.0,0.9375,shared
n8295,4,1.0,1.0,1.0,1.0,1.0,shared
n8296,3,0.75,1.0,1.0,1.0,0.9375,shared
n8297,4,1.0,1.0,1.0,1.0,1.0,shared
n8298,4,1.0,1.0,1.0,1.0,1.0,shared
n8299,3,0.75,1.0,1.0,1.0,0.9375,shared
n8300,4,1.0,1.0,1.0,1.0,1.0,shared
n8301,3,0.75,1.0,1.0,1.0,0.9375,shared
n8302,4,1.0,1.0,1.0,1.0,1.0,shared
n8303,4,1.0,1.0,1.0,1.0,1.0,shared
n8304,4,1.0,1.0,1.0,1.0,1.0,shared
n8305,4,1.0,1.0,1.0,1.0,1.0,shared
n8306,4,1.0,1.0,1.0,1.0,1.0,shared
n8307,4,1.0,1.0,1.0,1.0,1.0,shared
n8308,4,1.0,1.0,1.0,1.0,1.0,shared
n8309,4,1.0,1.0,1.0,1.0,1.0,shared
n8310,4,1.0,1.0,1.0,1.0,1.0,shared
n8311,3,0.75,1.0,1.0,1.0,0.9375,shared
n8312,4,1.0,1.0,1.0,1.0,1.0,shared
n8313,3,0.75,1.0,1.0,1.0,0.9375,shared
n8314,4,1.0,1.0,1.0,1.0,1.0,shared
n8315,4,1.0,1.0,1.0,1.0,1.0,shared
n8316,4,1.0,1.0,1.0,1.0,1.0,shared
n8317,4,1.0,1.0,1.0,1.0,1.0,shared
n8318,4,1.0,1.0,1.0,1.0,1.0,shared
n8319,4,1.0,1.0,1.0,1.0,1.0,shared
n8320,4,1.0,1.0,1.0,1.0,1.0,shared
n8321,4,1.0,1.0,1.0,1.0,1.0,shared
n8322,4,1.0,1.0,1.0,1.0,1.0,shared
n8323,4,1.0,1.0,1.0,1.0,1.0,shared
n8324,3,0.75,1.0,1.0,1.0,0.9375,shared
n8325,3,0.75,1.0,1.0,1.0,0.9375,shared
n8326,4,1.0,1.0,1.0,1.0,1.0,shared
n8327,4,1.0,1.0,1.0,1.0,1.0,shared
n8328,4,1.0,1.0,1.0,1.0,1.0,shared
n8329,4,1.0,1.0,1.0,1.0,1.0,shared
n8330,4,1.0,1.0,1.0,1.0,1.0,shared
n8331,3,0.75,1.0,1.0,1.0,0.9375,shared
n8332,3,0.75,1.0,1.0,1.0,0.9375,shared
n8333,4,1.0,1.0,1.0,1.0,1.0,shared
n8334,4,1.0,1.0,1.0,1.0,1.0,shared
n8335,4,1.0,1.0,1.0,1.0,1.0,shared
n8336,4,1.0,1.0,1.0,1.0,1.0,shared
n8337,3,0.75,1.0,1.0,1.0,0.9375,shared
n8338,4,1.0,1.0,1.0,1.0,1.0,shared
n8339,4,1.0,1.0,1.0,1.0,1.0,shared
n8340,3,0.75,1.0,1.0,1.0,0.9375,shared
n8341,3,0.75,1.0,1.0,1.0,0.9375,shared
n8342,4,1.0,1.0,1.0,1.0,1.0,shared
n8343,4,1.0,1.0,1.0,1.0,1.0,shared
n8344,4,1.0,1.0,1.0,1.0,1.0,shared
n8345,4,1.0,1.0,1.0,1.0,1.0,shared
n8346,4,1.0,1.0,1.0,1.0,1.0,shared
n8347,3,0.75,1.0,1.0,1.0,0.9375,shared
n8348,4,1.0,1.0,1.0,1.0,1.0,shared
n8349,3,0.75,1.0,1.0,1.0,0.9375,shared
n8350,4,1.0,1.0,1.0,1.0,1.0,shared
n8351,4,1.0,1.0,1.0,1.0,1.0,shared
n8352,4,1.0,1.0,1.0,1.0,1.0,shared
n8353,4,1.0,1.0,1.0,1.0,1.0,shared
n8354,4,1.0,1.0,1.0,1.0,1.0,shared
n8355,3,0.75,1.0,1.0,1.0,0.9375,shared
n8356,3,0.75,1.0,1.0,1.0,0.9375,shared
n8357,4,1.0,1.0,1.0,1.0,1.0,shared
n8358,4,1.0,1.0,1.0,1.0,1.0,shared
n8359,4,1.0,1.0,1.0,1.0,1.0,shared
n8360,4,1.0,1.0,1.0,1.0,1.0,shared
n8361,3,0.75,1.0,1.0,1.0,0.9375,shared
n8362,4,1.0,1.0,1.0,1.0,1.0,shared
n8363,4,1.0,1.0,1.0,1.0,1.0,shared
n8364,4,1.0,0.3333333333333333,0.6666666666666666,1.0,0.75,shared
n8365,4,1.0,1.0,1.0,1.0,1.0,shared
n8366,4,1.0,1.0,1.0,1.0,1.0,shared
n8367,4,1.0,1.0,1.0,1.0,1.0,shared
n8368,4,1.0,1.0,1.0,1.0,1.0,shared
n8369,4,1.0,1.0,1.0,1.0,1.0,shared
n8370,4,1.0,1.0,1.0,1.0,1.0,shared
n8371,3,0.75,1.0,1.0,1.0,0.9375,shared
n8372,3,0.75,1.0,1.0,1.0,0.9375,shared
n8373,4,1.0,1.0,1.0,1.0,1.0,shared
n8374,4,1.0,1.0,1.0,1.0,1.0,shared
n8375,4,1.0,1.0,1.0,1.0,1.0,shared
n8376,3,0.75,1.0,1.0,1.0,0.9375,shared
n8377,3,0.75,1.0,1.0,1.0,0.9375,shared
n8378,4,1.0,1.0,1.0,1.0,1.0,shared
n8379,4,1.0,1.0,1.0,1.0,1.0,shared
n8380,3,0.75,1.0,1.0,1.0,0.9375,shared
n8381,4,1.0,1.0,1.0,1.0,1.0,shared
n8382,3,0.75,1.0,1.0,1.0,0.9375,shared
n8383,4,1.0,1.0,1.0,1.0,1.0,shared
n8384,3,0.75,1.0,1.0,1.0,0.9375,shared
n8385,4,1.0,1.0,1.0,1.0,1.0,shared
n8386,4,1.0,1.0,1.0,1.0,1.0,shared
n8387,4,1.0,1.0,1.0,1.0,1.0,shared
n8388,4,1.0,1.0,1.0,1.0,1.0,shared
n8389,4,1.0,0.5384615384615384,0.7307692307692307,1.0,0.8173076923076923,shared
n8390,4,1.0,1.0,1.0,1.0,1.0,shared
n8391,4,1.0,1.0,1.0,1.0,1.0,shared
n8392,4,1.0,1.0,1.0,1.0,1.0,shared
n8393,4,1.0,1.0,1.0,1.0,1.0,shared
n8394,3,0.75,1.0,1.0,1.0,0.9375,shared
n8395,3,0.75,1.0,1.0,1.0,0.9375,shared
n8396,4,1.0,1.0,1.0,1.0,1.0,shared
n8397,3,0.75,1.0,1.0,1.0,0.9375,shared
n8398,4,1.0,1.0,1.0,1.0,1.0,shared
n8399,4,1.0,1.0,1.0,1.0,1.0,shared
n8400,3,0.75,1.0,1.0,1.0,0.9375,shared
n8401,4,1.0,1.0,1.0,1.0,1.0,shared
n8402,4,1.0,1.0,1.0,1.0,1.0,shared
n8403,3,0.75,1.0,1.0,1.0,0.9375,shared
n8404,4,1.0,1.0,1.0,1.0,1.0,shared
n8405,3,0.75,1.0,1.0,1.0,0.9375,shared
n8406,4,1.0,1.0,1.0,1.0,1.0,shared
n8407,3,0.75,1.0,1.0,1.0,0.9375,shared
n8408,4,1.0,1.0,1.0,1.0,1.0,shared
n8409,4,1.0,1.0,1.0,1.0,1.0,shared
n8410,4,1.0,1.0,1.0,1.0,1.0,shared
n8411,4,1.0,1.0,1.0,1.0,1.0,shared
n8412,4,1.0,1.0,1.0,1.0,1.0,shared
n8413,4,1.0,1.0,1.0,1.0,1.0,shared
n8414,3,0.75,1.0,1.0,1.0,0.9375,shared
n8415,4,1.0,1.0,1.0,1.0,1.0,shared
n8416,4,1.0,1.0,1.0,1.0,1.0,shared
n8417,3,0.75,1.0,1.0,1.0,0.9375,shared
n8418,4,1.0,1.0,1.0,1.0,1.0,shared
n8419,4,1.0,1.0,1.0,1.0,1.0,shared
n8420,4,1.0,1.0,1.0,1.0,1.0,shared
n8421,3,0.75,1.0,1.0,1.0,0.9375,shared
n8422,4,1.0,1.0,1.0,1.0,1.0,shared
n8423,4,1.0,1.0,1.0,1.0,1.0,shared
n8424,4,1.0,1.0,1.0,1.0,1.0,shared
n8425,4,1.0,1.0,1.0,1.0,1.0,shared
n8426,4,1.0,1.0,1.0,1.0,1.0,shared
n8427,4,1.0,1.0,1.0,1.0,1.0,shared
n8428,4,1.0,1.0,1.0,1.0,1.0,shared
n8429,3,0.75,1.0,1.0,1.0,0.9375,shared
n8430,4,1.0,1.0,1.0,1.0,1.0,shared
n8431,4,1.0,1.0,1.0,1.0,1.0,shared
n8432,4,1.0,1.0,1.0,1.0,1.0,shared
n8433,4,1.0,1.0,1.0,1.0,1.0,shared
n8434,3,0.75,1.0,1.0,1.0,0.9375,shared
n8435,3,0.75,1.0,1.0,1.0,0.9375,shared
n8436,3,0.75,1.0,1.0,1.0,0.9375,shared
n8437,4,1.0,1.0,1.0,1.0,1.0,shared
n8438,4,1.0,1.0,1.0,1.0,1.0,shared
n8439,3,0.75,1.0,1.0,1.0,0.9375,shared
n8440,4,1.0,1.0,1.0,1.0,1.0,shared
n8441,3,0.75,1.0,1.0,1.0,0.9375,shared
n8442,4,1.0,1.0,1.0,1.0,1.0,shared
n8443,3,0.75,1.0,1.0,1.0,0.9375,shared
n8444,4,1.0,1.0,1.0,1.0,1.0,shared
n8445,4,1.0,1.0,1.0,1.0,1.0,shared
n8446,4,1.0,1.0,1.0,1.0,1.0,shared
n8447,4,1.0,1.0,1.0,1.0,1.0,shared
n8448,3,0.75,1.0,1.0,1.0,0.9375,shared
n8449,4,1.0,1.0,1.0,1.0,1.0,shared
n8450,3,0.75,1.0,1.0,1.0,0.9375,shared
n8451,4,1.0,1.0,1.0,1.0,1.0,shared
n8452,3,0.75,1.0,1.0,1.0,0.9375,shared
n8453,4,1.0,1.0,1.0,1.0,1.0,shared
n8454,4,1.0,1.0,1.0,1.0,1.0,shared
n8455,4,1.0,1.0,1.0,1.0,1.0,shared
n8456,4,1.0,1.0,1.0,1.0,1.0,shared
n8457,4,1.0,1.0,1.0,1.0,1.0,shared
n8458,4,1.0,1.0,1.0,1.0,1.0,shared
n8459,4,1.0,1.0,1.0,1.0,1.0,shared
n8460,4,1.0,1.0,1.0,1.0,1.0,shared
n8461,4,1.0,1.0,1.0,1.0,1.0,shared
n8462,4,1.0,1.0,1.0,1.0,1.0,shared
n8463,4,1.0,1.0,1.0,1.0,1.0,shared
n8464,4,1.0,1.0,1.0,1.0,1.0,shared
n8465,4,1.0,1.0,1.0,1.0,1.0,shared
n8466,3,0.75,1.0,1.0,1.0,0.9375,shared
n8467,4,1.0,1.0,1.0,1.0,1.0,shared
n8468,4,1.0,1.0,1.0,1.0,1.0,shared
n8469,4,1.0,1.0,1.0,1.0,1.0,shared
n8470,4,1.0,1.0,1.0,1.0,1.0,shared
n8471,4,1.0,1.0,1.0,1.0,1.0,shared
n8472,4,1.0,1.0,1.0,1.0,1.0,shared
n8473,4,1.0,1.0,1.0,1.0,1.0,shared
n8474,4,1.0,1.0,1.0,1.0,1.0,shared
n8475,4,1.0,1.0,1.0,1.0,1.0,shared
n8476,3,0.75,1.0,1.0,1.0,0.9375,shared
n8477,4,1.0,1.0,1.0,1.0,1.0,shared
n8478,3,0.75,1.0,1.0,1.0,0.9375,shared
n8479,3,0.75,1.0,1.0,1.0,0.9375,shared
n8480,4,1.0,1.0,1.0,1.0,1.0,shared
n8481,4,1.0,1.0,1.0,1.0,1.0,shared
n8482,4,1.0,1.0,1.0,1.0,1.0,shared
n8483,4,1.0,1.0,1.0,1.0,1.0,shared
n8484,4,1.0,1.0,1.0,1.0,1.0,shared
n8485,3,0.75,1.0,1.0,1.0,0.9375,shared
n8486,4,1.0,1.0,1.0,1.0,1.0,shared
n8487,4,1.0,1.0,1.0,1.0,1.0,shared
n8488,4,1.0,1.0,1.0,1.0,1.0,shared
n8489,4,1.0,1.0,1.0,1.0,1.0,shared
n8490,3,0.75,1.0,1.0,1.0,0.9375,shared
n8491,4,1.0,1.0,1.0,1.0,1.0,shared
n8492,4,1.0,1.0,1.0,1.0,1.0,shared
n8493,4,1.0,1.0,1.0,1.0,1.0,shared
n8494,3,0.75,1.0,1.0,1.0,0.9375,shared
n8495,3,0.75,1.0,1.0,1.0,0.9375,shared
n8496,4,1.0,1.0,1.0,1.0,1.0,shared
n8497,4,1.0,1.0,1.0,1.0,1.0,shared
n8498,4,1.0,1.0,1.0,1.0,1.0,shared
n8499,4,1.0,1.0,1.0,1.0,1.0,shared
n8500,4,1.0,1.0,1.0,1.0,1.0,shared
n8501,4,1.0,1.0,1.0,1.0,1.0,shared
n8502,4,1.0,1.0,1.0,1.0,1.0,shared
n8503,4,1.0,1.0,1.0,1.0,1.0,shared
n8504,3,0.75,1.0,1.0,1.0,0.9375,shared
n8505,4,1.0,1.0,1.0,1.0,1.0,shared
n8506,3,0.75,1.0,1.0,1.0,0.9375,shared
n8507,4,1.0,1.0,1.0,1.0,1.0,shared
n8508,4,1.0,1.0,1.0,1.0,1.0,shared
n8509,4,1.0,1.0,1.0,1.0,1.0,shared
n8510,3,0.75,1.0,1.0,1.0,0.9375,shared
n8511,4,1.0,1.0,1.0,1.0,1.0,shared
n8512,4,1.0,1.0,1.0,1.0,1.0,shared
n8513,4,1.0,1.0,1.0,1.0,1.0,shared
n8514,4,1.0,1.0,1.0,1.0,1.0,shared
n8515,4,1.0,1.0,1.0,1.0,1.0,shared
n8516,4,1.0,1.0,1.0,1.0,1.0,shared
n8517,4,1.0,1.0,1.0,1.0,1.0,shared
n8518,3,0.75,1.0,1.0,1.0,0.9375,shared
n8519,4,1.0,1.0,1.0,1.0,1.0,shared
n8520,4,1.0,1.0,1.0,1.0,1.0,shared
n8521,4,1.0,1.0,1.0,1.0,1.0,shared
n8522,3,0.75,1.0,1.0,1.0,0.9375,shared
n8523,4,1.0,1.0,1.0,1.0,1.0,shared
n8524,4,1.0,1.0,1.0,1.0,1.0,shared
n8525,4,1.0,1.0,1.0,1.0,1.0,shared
n8526,4,1.0,1.0,1.0,1.0,1.0,shared
n8527,4,1.0,1.0,1.0,1.0,1.0,shared
n8528,4,1.0,1.0,1.0,1.0,1.0,shared
n8529,4,1.0,1.0,1.0,1.0,1.0,shared
n8530,4,1.0,1.0,1.0,1.0,1.0,shared
n8531,3,0.75,1.0,1.0,1.0,0.9375,shared
n8532,4,1.0,1.0,1.0,1.0,1.0,shared
n8533,4,1.0,1.0,1.0,1.0,1.0,shared
n8534,4,1.0,1.0,1.0,1.0,1.0,shared
n8535,3,0.75,1.0,1.0,1.0,0.9375,shared
n8536,4,1.0,1.0,1.0,1.0,1.0,shared
n8537,4,1.0,1.0,1.0,1.0,1.0,shared
n8538,4,1.0,1.0,1.0,1.0,1.0,shared
n8539,3,0.75,1.0,1.0,1.0,0.9375,shared
n8540,4,1.0,1.0,1.0,1.0,1.0,shared
n8541,4,1.0,1.0,1.0,1.0,1.0,shared
n8542,3,0.75,1.0,1.0,1.0,0.9375,shared
n8543,3,0.75,1.0,1.0,1.0,0.9375,shared
n8544,4,1.0,1.0,1.0,1.0,1.0,shared
n8545,4,1.0,1.0,1.0,1.0,1.0,shared
n8546,3,0.75,1.0,1.0,1.0,0.9375,shared
n8547,1,0.25,1.0,1.0,1.0,0.8125,rescued_private
n8548,4,1.0,1.0,1.0,1.0,1.0,shared
n8549,4,1.0,1.0,1.0,1.0,1.0,shared
n8550,4,1.0,1.0,1.0,1.0,1.0,shared
n8551,4,1.0,1.0,1.0,1.0,1.0,shared
n8552,4,1.0,1.0,1.0,1.0,1.0,shared
n8553,3,0.75,1.0,1.0,1.0,0.9375,shared
n8554,4,1.0,1.0,1.0,1.0,1.0,shared
n8555,4,1.0,1.0,1.0,1.0,1.0,shared
n8556,3,0.75,1.0,1.0,1.0,0.9375,shared
n8557,3,0.75,1.0,1.0,1.0,0.9375,shared
n8558,4,1.0,1.0,1.0,1.0,1.0,shared
n8559,4,1.0,1.0,1.0,1.0,1.0,shared
n8560,3,0.75,1.0,1.0,1.0,0.9375,shared
n8561,4,1.0,1.0,1.0,1.0,1.0,shared
n8562,4,1.0,1.0,1.0,1.0,1.0,shared
n8563,4,1.0,1.0,1.0,1.0,1.0,shared
n8564,4,1.0,1.0,1.0,1.0,1.0,shared
n8565,3,0.75,1.0,1.0,1.0,0.9375,shared
n8566,4,1.0,1.0,1.0,1.0,1.0,shared
n8567,4,1.0,1.0,1.0,1.0,1.0,shared
n8568,3,0.75,1.0,1.0,1.0,0.9375,shared
n8569,4,1.0,1.0,1.0,1.0,1.0,shared
n8570,4,1.0,1.0,1.0,1.0,1.0,shared
n8571,4,1.0,1.0,1.0,1.0,1.0,shared
n8572,3,0.75,1.0,1.0,1.0,0.9375,shared
n8573,4,1.0,1.0,1.0,1.0,1.0,shared
n8574,4,1.0,1.0,0.5,1.0,0.875,shared
n8575,4,1.0,1.0,1.0,1.0,1.0,shared
n8576,4,1.0,1.0,1.0,1.0,1.0,shared
n8577,4,1.0,1.0,1.0,1.0,1.0,shared
n8578,3,0.75,1.0,1.0,1.0,0.9375,shared
n8579,4,1.0,1.0,1.0,1.0,1.0,shared
n8580,4,1.0,1.0,1.0,1.0,1.0,shared
n8581,4,1.0,1.0,1.0,1.0,1.0,shared
n8582,3,0.75,1.0,1.0,1.0,0.9375,shared
n8583,4,1.0,1.0,1.0,1.0,1.0,shared
n8584,4,1.0,1.0,1.0,1.0,1.0,shared
n8585,4,1.0,1.0,1.0,1.0,1.0,shared
n8586,3,0.75,1.0,1.0,1.0,0.9375,shared
n8587,4,1.0,1.0,1.0,1.0,1.0,shared
n8588,4,1.0,1.0,1.0,1.0,1.0,shared
n8589,4,1.0,1.0,1.0,1.0,1.0,shared
n8590,2,0.5,1.0,1.0,1.0,0.875,shared
n8591,4,1.0,1.0,1.0,1.0,1.0,shared
n8592,3,0.75,1.0,1.0,1.0,0.9375,shared
n8593,3,0.75,1.0,1.0,1.0,0.9375,shared
n8594,4,1.0,1.0,1.0,1.0,1.0,shared
n8595,3,0.75,1.0,1.0,1.0,0.9375,shared
n8596,3,0.75,1.0,1.0,1.0,0.9375,shared
n8597,4,1.0,1.0,1.0,1.0,1.0,shared
n8598,4,1.0,1.0,1.0,1.0,1.0,shared
n8599,4,1.0,1.0,1.0,1.0,1.0,shared
n8600,4,1.0,1.0,1.0,1.0,1.0,shared
n8601,3,0.75,1.0,1.0,1.0,0.9375,shared
n8602,4,1.0,1.0,1.0,1.0,1.0,shared
n8603,4,1.0,1.0,1.0,1.0,1.0,shared
n8604,4,1.0,1.0,1.0,1.0,1.0,shared
n8605,3,0.75,1.0,1.0,1.0,0.9375,shared
n8606,3,0.75,1.0,1.0,1.0,0.9375,shared
n8607,4,1.0,1.0,1.0,1.0,1.0,shared
n8608,4,1.0,1.0,1.0,1.0,1.0,shared
n8609,4,1.0,1.0,1.0,1.0,1.0,shared
n8610,4,1.0,1.0,1.0,1.0,1.0,shared
n8611,3,0.75,1.0,1.0,1.0,0.9375,shared
n8612,3,0.75,1.0,1.0,1.0,0.9375,shared
n8613,4,1.0,1.0,1.0,1.0,1.0,shared
n8614,4,1.0,1.0,1.0,1.0,1.0,shared
n8615,4,1.0,1.0,1.0,1.0,1.0,shared
n8616,3,0.75,1.0,1.0,1.0,0.9375,shared
n8617,1,0.25,1.0,1.0,1.0,0.8125,rescued_private
n8618,3,0.75,1.0,1.0,1.0,0.9375,shared
n8619,3,0.75,1.0,1.0,1.0,0.9375,shared
n8620,4,1.0,1.0,1.0,1.0,1.0,shared
n8621,3,0.75,1.0,1.0,1.0,0.9375,shared
n8622,3,0.75,1.0,1.0,1.0,0.9375,shared
n8623,4,1.0,1.0,1.0,1.0,1.0,shared
n8624,4,1.0,1.0,1.0,1.0,1.0,shared
n8625,4,1.0,1.0,1.0,1.0,1.0,shared
n8626,4,1.0,1.0,1.0,1.0,1.0,shared
n8627,4,1.0,1.0,1.0,1.0,1.0,shared
n8628,4,1.0,1.0,1.0,1.0,1.0,shared
n8629,3,0.75,1.0,1.0,1.0,0.9375,shared
n8630,4,1.0,1.0,1.0,1.0,1.0,shared
n8631,3,0.75,1.0,1.0,1.0,0.9375,shared
n8632,4,1.0,1.0,1.0,1.0,1.0,shared
n8633,4,1.0,1.0,1.0,1.0,1.0,shared
n8634,4,1.0,1.0,1.0,1.0,1.0,shared
n8635,4,1.0,1.0,1.0,1.0,1.0,shared
n8636,4,1.0,1.0,1.0,1.0,1.0,shared
n8637,4,1.0,1.0,1.0,1.0,1.0,shared
n8638,3,0.75,1.0,1.0,1.0,0.9375,shared
n8639,3,0.75,1.0,1.0,1.0,0.9375,shared
n8640,3,0.75,1.0,1.0,1.0,0.9375,shared
n8641,3,0.75,1.0,1.0,1.0,0.9375,shared
n8642,3,0.75,1.0,1.0,1.0,0.9375,shared
n8643,3,0.75,1.0,1.0,1.0,0.9375,shared
n8644,4,1.0,1.0,1.0,1.0,1.0,shared
n8645,3,0.75,1.0,1.0,1.0,0.9375,shared
n8646,3,0.75,1.0,1.0,1.0,0.9375,shared
n8647,3,0.75,1.0,1.0,1.0,0.9375,shared
n8648,3,0.75,1.0,1.0,1.0,0.9375,shared
n8649,4,1.0,1.0,1.0,1.0,1.0,shared
n8650,4,1.0,1.0,1.0,1.0,1.0,shared
n8651,4,1.0,1.0,1.0,1.0,1.0,shared
n8652,4,1.0,1.0,1.0,1.0,1.0,shared
n8653,3,0.75,1.0,1.0,1.0,0.9375,shared
n8654,4,1.0,1.0,1.0,1.0,1.0,shared
n8655,4,1.0,1.0,1.0,1.0,1.0,shared
n8656,4,1.0,1.0,1.0,1.0,1.0,shared
n8657,3,0.75,1.0,1.0,1.0,0.9375,shared
n8658,4,1.0,1.0,1.0,1.0,1.0,shared
n8659,4,1.0,1.0,1.0,1.0,1.0,shared
n8660,4,1.0,1.0,1.0,1.0,1.0,shared
n8661,4,1.0,1.0,1.0,1.0,1.0,shared
n8662,4,1.0,1.0,1.0,1.0,1.0,shared
n8663,3,0.75,1.0,1.0,1.0,0.9375,shared
n8664,4,1.0,1.0,1.0,1.0,1.0,shared
n8665,4,1.0,1.0,1.0,1.0,1.0,shared
n8666,4,1.0,1.0,1.0,1.0,1.0,shared
n8667,3,0.75,1.0,1.0,1.0,0.9375,shared
n8668,3,0.75,1.0,1.0,1.0,0.9375,shared
n8669,4,1.0,1.0,1.0,1.0,1.0,shared
n8670,4,1.0,1.0,1.0,1.0,1.0,shared
n8671,4,1.0,1.0,1.0,1.0,1.0,shared
n8672,3,0.75,1.0,1.0,1.0,0.9375,shared
n8673,4,1.0,1.0,1.0,1.0,1.0,shared
n8674,3,0.75,1.0,1.0,1.0,0.9375,shared
n8675,4,1.0,1.0,1.0,1.0,1.0,shared
n8676,3,0.75,1.0,1.0,1.0,0.9375,shared
n8677,4,1.0,1.0,1.0,1.0,1.0,shared
n8678,4,1.0,1.0,1.0,1.0,1.0,shared
n8679,4,1.0,1.0,1.0,1.0,1.0,shared
n8680,4,1.0,1.0,1.0,1.0,1.0,shared
n8681,3,0.75,1.0,1.0,1.0,0.9375,shared
n8682,4,1.0,1.0,1.0,1.0,1.0,shared
n8683,4,1.0,1.0,1.0,1.0,1.0,shared
n8684,4,1.0,1.0,1.0,1.0,1.0,shared
n8685,4,1.0,1.0,1.0,1.0,1.0,shared
n8686,4,1.0,1.0,1.0,1.0,1.0,shared
n8687,4,1.0,1.0,1.0,1.0,1.0,shared
n8688,4,1.0,1.0,1.0,1.0,1.0,shared
n8689,3,0.75,1.0,1.0,1.0,0.9375,shared
n8690,3,0.75,1.0,1.0,1.0,0.9375,shared
n8691,4,1.0,1.0,1.0,1.0,1.0,shared
n8692,4,1.0,1.0,1.0,1.0,1.0,shared
n8693,3,0.75,1.0,1.0,1.0,0.9375,shared
n8694,3,0.75,1.0,1.0,1.0,0.9375,shared
n8695,4,1.0,1.0,1.0,1.0,1.0,shared
n8696,3,0.75,1.0,1.0,1.0,0.9375,shared
n8697,4,1.0,1.0,1.0,1.0,1.0,shared
n8698,4,1.0,1.0,1.0,1.0,1.0,shared
n8699,3,0.75,1.0,1.0,1.0,0.9375,shared
n8700,4,1.0,1.0,1.0,1.0,1.0,shared
n8701,3,0.75,1.0,1.0,1.0,0.9375,shared
n8702,3,0.75,1.0,1.0,1.0,0.9375,shared
n8703,3,0.75,1.0,1.0,1.0,0.9375,shared
n8704,4,1.0,1.0,1.0,1.0,1.0,shared
n8705,3,0.75,1.0,1.0,1.0,0.9375,shared
n8706,3,0.75,1.0,1.0,1.0,0.9375,shared
n8707,4,1.0,1.0,1.0,1.0,1.0,shared
n8708,4,1.0,1.0,1.0,1.0,1.0,shared
n8709,4,1.0,1.0,1.0,1.0,1.0,shared
n8710,4,1.0,1.0,1.0,1.0,1.0,shared
n8711,4,1.0,1.0,1.0,1.0,1.0,shared
n8712,4,1.0,1.0,1.0,1.0,1.0,shared
n8713,3,0.75,1.0,1.0,1.0,0.9375,shared
n8714,4,1.0,1.0,1.0,1.0,1.0,shared
n8715,4,1.0,1.0,1.0,1.0,1.0,shared
n8716,3,0.75,1.0,1.0,1.0,0.9375,shared
n8717,3,0.75,1.0,1.0,1.0,0.9375,shared
n8718,4,1.0,1.0,1.0,1.0,1.0,shared
n8719,3,0.75,1.0,1.0,1.0,0.9375,shared
n8720,4,1.0,1.0,1.0,1.0,1.0,shared
n8721,4,1.0,1.0,1.0,1.0,1.0,shared
n8722,4,1.0,1.0,1.0,1.0,1.0,shared
n8723,4,1.0,1.0,1.0,1.0,1.0,shared
n8724,3,0.75,1.0,1.0,1.0,0.9375,shared
n8725,3,0.75,1.0,1.0,1.0,0.9375,shared
n8726,3,0.75,1.0,1.0,1.0,0.9375,shared
n8727,4,1.0,1.0,1.0,1.0,1.0,shared
n8728,3,0.75,1.0,1.0,1.0,0.9375,shared
n8729,3,0.75,1.0,1.0,1.0,0.9375,shared
n8730,4,1.0,1.0,1.0,1.0,1.0,shared
n8731,4,1.0,1.0,1.0,1.0,1.0,shared
n8732,4,1.0,1.0,1.0,1.0,1.0,shared
n8733,4,1.0,1.0,1.0,1.0,1.0,shared
n8734,4,1.0,1.0,1.0,1.0,1.0,shared
n8735,3,0.75,1.0,1.0,1.0,0.9375,shared
n8736,4,1.0,1.0,1.0,1.0,1.0,shared
n8737,3,0.75,1.0,1.0,1.0,0.9375,shared
n8738,4,1.0,1.0,1.0,1.0,1.0,shared
n8739,4,1.0,1.0,1.0,1.0,1.0,shared
n8740,4,1.0,1.0,1.0,1.0,1.0,shared
n8741,4,1.0,1.0,1.0,1.0,1.0,shared
n8742,4,1.0,1.0,1.0,1.0,1.0,shared
n8743,4,1.0,1.0,1.0,1.0,1.0,shared
n8744,4,1.0,1.0,1.0,1.0,1.0,shared
n8745,4,1.0,1.0,1.0,1.0,1.0,shared
n8746,3,0.75,1.0,1.0,1.0,0.9375,shared
n8747,4,1.0,1.0,1.0,1.0,1.0,shared
n8748,3,0.75,1.0,1.0,1.0,0.9375,shared
n8749,4,1.0,1.0,1.0,1.0,1.0,shared
n8750,4,1.0,1.0,1.0,1.0,1.0,shared
n8751,3,0.75,1.0,1.0,1.0,0.9375,shared
n8752,4,1.0,1.0,1.0,1.0,1.0,shared
n8753,4,1.0,1.0,1.0,1.0,1.0,shared
n8754,3,0.75,1.0,1.0,1.0,0.9375,shared
n8755,4,1.0,1.0,1.0,1.0,1.0,shared
n8756,4,1.0,1.0,1.0,1.0,1.0,shared
n8757,3,0.75,1.0,1.0,1.0,0.9375,shared
n8758,4,1.0,1.0,1.0,1.0,1.0,shared
n8759,4,1.0,1.0,1.0,1.0,1.0,shared
n8760,4,1.0,1.0,1.0,1.0,1.0,shared
n8761,3,0.75,1.0,1.0,1.0,0.9375,shared
n8762,3,0.75,1.0,1.0,1.0,0.9375,shared
n8763,4,1.0,1.0,1.0,1.0,1.0,shared
n8764,4,1.0,1.0,1.0,1.0,1.0,shared
n8765,4,1.0,1.0,1.0,1.0,1.0,shared
n8766,4,1.0,1.0,1.0,1.0,1.0,shared
n8767,4,1.0,1.0,1.0,1.0,1.0,shared
n8768,3,0.75,1.0,1.0,1.0,0.9375,shared
n8769,4,1.0,1.0,1.0,1.0,1.0,shared
n8770,4,1.0,1.0,1.0,1.0,1.0,shared
n8771,4,1.0,1.0,1.0,1.0,1.0,shared
n8772,4,1.0,1.0,1.0,1.0,1.0,shared
n8773,4,1.0,1.0,1.0,1.0,1.0,shared
n8774,4,1.0,1.0,1.0,1.0,1.0,shared
n8775,4,1.0,1.0,1.0,1.0,1.0,shared
n8776,4,1.0,1.0,1.0,1.0,1.0,shared
n8777,3,0.75,1.0,1.0,1.0,0.9375,shared
n8778,4,1.0,1.0,1.0,1.0,1.0,shared
n8779,4,1.0,1.0,1.0,1.0,1.0,shared
n8780,4,1.0,1.0,1.0,1.0,1.0,shared
n8781,3,0.75,1.0,1.0,1.0,0.9375,shared
n8782,4,1.0,1.0,1.0,1.0,1.0,shared
n8783,4,1.0,1.0,1.0,1.0,1.0,shared
n8784,4,1.0,1.0,1.0,1.0,1.0,shared
n8785,4,1.0,1.0,1.0,1.0,1.0,shared
n8786,4,1.0,1.0,1.0,1.0,1.0,shared
n8787,4,1.0,1.0,1.0,1.0,1.0,shared
n8788,3,0.75,1.0,1.0,1.0,0.9375,shared
n8789,4,1.0,1.0,1.0,1.0,1.0,shared
n8790,3,0.75,1.0,1.0,1.0,0.9375,shared
n8791,4,1.0,1.0,1.0,1.0,1.0,shared
n8792,4,1.0,1.0,1.0,1.0,1.0,shared
n8793,4,1.0,1.0,1.0,1.0,1.0,shared
n8794,3,0.75,1.0,1.0,1.0,0.9375,shared
n8795,4,1.0,1.0,1.0,1.0,1.0,shared
n8796,4,1.0,1.0,1.0,1.0,1.0,shared
n8797,4,1.0,1.0,1.0,1.0,1.0,shared
n8798,4,1.0,1.0,1.0,1.0,1.0,shared
n8799,3,0.75,1.0,1.0,1.0,0.9375,shared
n8800,3,0.75,1.0,1.0,1.0,0.9375,shared
n8801,4,1.0,1.0,1.0,1.0,1.0,shared
n8802,4,1.0,1.0,1.0,1.0,1.0,shared
n8803,4,1.0,1.0,1.0,1.0,1.0,shared
n8804,3,0.75,1.0,1.0,1.0,0.9375,shared
n8805,4,1.0,1.0,1.0,1.0,1.0,shared
n8806,4,1.0,1.0,1.0,1.0,1.0,shared
n8807,4,1.0,1.0,1.0,1.0,1.0,shared
n8808,4,1.0,0.5,0.5,1.0,0.75,shared
n8809,4,1.0,1.0,1.0,1.0,1.0,shared
n8810,4,1.0,1.0,1.0,1.0,1.0,shared
n8811,4,1.0,1.0,1.0,1.0,1.0,shared
n8812,4,1.0,1.0,1.0,1.0,1.0,shared
n8813,4,1.0,1.0,1.0,1.0,1.0,shared
n8814,4,1.0,1.0,1.0,1.0,1.0,shared
n8815,3,0.75,1.0,1.0,1.0,0.9375,shared
n8816,3,0.75,1.0,1.0,1.0,0.9375,shared
n8817,4,1.0,1.0,1.0,1.0,1.0,shared
n8818,4,1.0,1.0,1.0,1.0,1.0,shared
n8819,4,1.0,1.0,1.0,1.0,1.0,shared
n8820,4,1.0,1.0,1.0,1.0,1.0,shared
n8821,4,1.0,1.0,1.0,1.0,1.0,shared
n8822,4,1.0,1.0,1.0,1.0,1.0,shared
n8823,4,1.0,0.6956521739130435,0.8260869565217391,1.0,0.8804347826086957,shared
n8824,4,1.0,1.0,1.0,1.0,1.0,shared
n8825,3,0.75,1.0,1.0,1.0,0.9375,shared
n8826,4,1.0,1.0,1.0,1.0,1.0,shared
n8827,3,0.75,1.0,1.0,1.0,0.9375,shared
n8828,4,1.0,1.0,1.0,1.0,1.0,shared
n8829,4,1.0,1.0,1.0,1.0,1.0,shared
n8830,4,1.0,1.0,1.0,1.0,1.0,shared
n8831,3,0.75,1.0,1.0,1.0,0.9375,shared
n8832,4,1.0,1.0,1.0,1.0,1.0,shared
n8833,4,1.0,1.0,1.0,1.0,1.0,shared
n8834,4,1.0,1.0,1.0,1.0,1.0,shared
n8835,3,0.75,1.0,1.0,1.0,0.9375,shared
n8836,4,1.0,1.0,1.0,1.0,1.0,shared
n8837,3,0.75,1.0,1.0,1.0,0.9375,shared
n8838,4,1.0,1.0,1.0,1.0,1.0,shared
n8839,4,1.0,0.5714285714285714,0.5714285714285714,1.0,0.7857142857142857,shared
n8840,4,1.0,1.0,1.0,1.0,1.0,shared
n8841,4,1.0,1.0,1.0,1.0,1.0,shared
n8842,4,1.0,1.0,1.0,1.0,1.0,shared
n8843,4,1.0,1.0,1.0,1.0,1.0,shared
n8844,4,1.0,1.0,1.0,1.0,1.0,shared
n8845,4,1.0,0.5714285714285714,0.5714285714285714,1.0,0.7857142857142857,shared
n8846,4,1.0,1.0,1.0,1.0,1.0,shared
n8847,4,1.0,1.0,1.0,1.0,1.0,shared
n8848,4,1.0,1.0,1.0,1.0,1.0,shared
n8849,4,1.0,1.0,1.0,1.0,1.0,shared
n8850,4,1.0,1.0,1.0,1.0,1.0,shared
n8851,4,1.0,1.0,1.0,1.0,1.0,shared
n8852,3,0.75,1.0,1.0,1.0,0.9375,shared
n8853,3,0.75,1.0,1.0,1.0,0.9375,shared
n8854,4,1.0,1.0,1.0,1.0,1.0,shared
n8855,3,0.75,1.0,1.0,1.0,0.9375,shared
n8856,4,1.0,1.0,1.0,1.0,1.0,shared
n8857,4,1.0,1.0,1.0,1.0,1.0,shared
n8858,4,1.0,1.0,1.0,1.0,1.0,shared
n8859,4,1.0,1.0,1.0,1.0,1.0,shared
n8860,4,1.0,1.0,1.0,1.0,1.0,shared
n8861,4,1.0,1.0,1.0,1.0,1.0,shared
n8862,4,1.0,1.0,1.0,1.0,1.0,shared
n8863,4,1.0,0.5,0.5,1.0,0.75,shared
n8864,4,1.0,1.0,1.0,1.0,1.0,shared
n8865,4,1.0,1.0,1.0,1.0,1.0,shared
n8866,3,0.75,1.0,1.0,1.0,0.9375,shared
n8867,4,1.0,1.0,1.0,1.0,1.0,shared
n8868,4,1.0,1.0,1.0,1.0,1.0,shared
n8869,4,1.0,1.0,1.0,1.0,1.0,shared
n8870,4,1.0,1.0,1.0,1.0,1.0,shared
n8871,4,1.0,1.0,1.0,1.0,1.0,shared
n8872,4,1.0,1.0,1.0,1.0,1.0,shared
n8873,3,0.75,1.0,1.0,1.0,0.9375,shared
n8874,4,1.0,1.0,1.0,1.0,1.0,shared
n8875,4,1.0,1.0,1.0,1.0,1.0,shared
n8876,4,1.0,1.0,1.0,1.0,1.0,shared
n8877,4,1.0,1.0,1.0,1.0,1.0,shared
n8878,4,1.0,1.0,1.0,1.0,1.0,shared
n8879,4,1.0,1.0,1.0,1.0,1.0,shared
n8880,3,0.75,1.0,1.0,1.0,0.9375,shared
n8881,4,1.0,1.0,1.0,1.0,1.0,shared
n8882,4,1.0,1.0,1.0,1.0,1.0,shared
n8883,4,1.0,1.0,1.0,1.0,1.0,shared
n8884,3,0.75,1.0,1.0,1.0,0.9375,shared
n8885,4,1.0,1.0,1.0,1.0,1.0,shared
n8886,4,1.0,1.0,1.0,1.0,1.0,shared
n8887,4,1.0,1.0,1.0,1.0,1.0,shared
n8888,4,1.0,1.0,1.0,1.0,1.0,shared
n8889,4,1.0,1.0,1.0,1.0,1.0,shared
n8890,3,0.75,1.0,1.0,1.0,0.9375,shared
n8891,3,0.75,1.0,1.0,1.0,0.9375,shared
n8892,3,0.75,1.0,1.0,1.0,0.9375,shared
n8893,4,1.0,1.0,1.0,1.0,1.0,shared
n8894,4,1.0,1.0,1.0,1.0,1.0,shared
n8895,4,1.0,1.0,1.0,1.0,1.0,shared
n8896,3,0.75,1.0,1.0,1.0,0.9375,shared
n8897,4,1.0,1.0,1.0,1.0,1.0,shared
n8898,4,1.0,1.0,1.0,1.0,1.0,shared
n8899,4,1.0,1.0,1.0,1.0,1.0,shared
n8900,4,1.0,1.0,1.0,1.0,1.0,shared
n8901,4,1.0,1.0,1.0,1.0,1.0,shared
n8902,4,1.0,1.0,1.0,1.0,1.0,shared
n8903,4,1.0,1.0,1.0,1.0,1.0,shared
n8904,4,1.0,1.0,1.0,1.0,1.0,shared
n8905,4,1.0,1.0,1.0,1.0,1.0,shared
n8906,4,1.0,1.0,1.0,1.0,1.0,shared
n8907,4,1.0,1.0,1.0,1.0,1.0,shared
n8908,4,1.0,1.0,1.0,1.0,1.0,shared
n8909,4,1.0,1.0,1.0,1.0,1.0,shared
n8910,4,1.0,1.0,1.0,1.0,1.0,shared
n8911,4,1.0,1.0,1.0,1.0,1.0,shared
n8912,4,1.0,1.0,1.0,1.0,1.0,shared
n8913,4,1.0,1.0,1.0,1.0,1.0,shared
n8914,4,1.0,1.0,1.0,1.0,1.0,shared
n8915,4,1.0,1.0,1.0,1.0,1.0,shared
n8916,3,0.75,1.0,1.0,1.0,0.9375,shared
n8917,4,1.0,1.0,1.0,1.0,1.0,shared
n8918,4,1.0,1.0,1.0,1.0,1.0,shared
n8919,4,1.0,1.0,1.0,1.0,1.0,shared
n8920,4,1.0,1.0,1.0,1.0,1.0,shared
n8921,3,0.75,1.0,1.0,1.0,0.9375,shared
n8922,4,1.0,1.0,1.0,1.0,1.0,shared
n8923,4,1.0,1.0,1.0,1.0,1.0,shared
n8924,3,0.75,1.0,1.0,1.0,0.9375,shared
n8925,3,0.75,1.0,1.0,1.0,0.9375,shared
n8926,4,1.0,1.0,1.0,1.0,1.0,shared
n8927,3,0.75,1.0,1.0,1.0,0.9375,shared
n8928,4,1.0,1.0,1.0,1.0,1.0,shared
n8929,4,1.0,1.0,1.0,1.0,1.0,shared
n8930,4,1.0,1.0,1.0,1.0,1.0,shared
n8931,3,0.75,1.0,1.0,1.0,0.9375,shared
n8932,3,0.75,1.0,1.0,1.0,0.9375,shared
n8933,3,0.75,1.0,1.0,1.0,0.9375,shared
n8934,4,1.0,1.0,1.0,1.0,1.0,shared
n8935,4,1.0,1.0,1.0,1.0,1.0,shared
n8936,4,1.0,1.0,1.0,1.0,1.0,shared
n8937,3,0.75,1.0,1.0,1.0,0.9375,shared
n8938,4,1.0,1.0,1.0,1.0,1.0,shared
n8939,4,1.0,1.0,1.0,1.0,1.0,shared
n8940,4,1.0,1.0,1.0,1.0,1.0,shared
n8941,4,1.0,1.0,1.0,1.0,1.0,shared
n8942,4,1.0,1.0,1.0,1.0,1.0,shared
n8943,3,0.75,1.0,1.0,1.0,0.9375,shared
n8944,4,1.0,1.0,1.0,1.0,1.0,shared
n8945,4,1.0,1.0,1.0,1.0,1.0,shared
n8946,3,0.75,1.0,1.0,1.0,0.9375,shared
n8947,4,1.0,1.0,1.0,1.0,1.0,shared
n8948,4,1.0,1.0,1.0,1.0,1.0,shared
n8949,4,1.0,1.0,1.0,1.0,1.0,shared
n8950,3,0.75,1.0,1.0,1.0,0.9375,shared
n8951,4,1.0,1.0,1.0,1.0,1.0,shared
n8952,3,0.75,1.0,1.0,1.0,0.9375,shared
n8953,3,0.75,1.0,1.0,1.0,0.9375,shared
n8954,4,1.0,1.0,1.0,1.0,1.0,shared
n8955,4,1.0,1.0,1.0,1.0,1.0,shared
n8956,3,0.75,1.0,1.0,1.0,0.9375,shared
n8957,4,1.0,1.0,1.0,1.0,1.0,shared
n8958,4,1.0,1.0,1.0,1.0,1.0,shared
n8959,4,1.0,1.0,1.0,1.0,1.0,shared
n8960,4,1.0,1.0,1.0,1.0,1.0,shared
n8961,4,1.0,1.0,1.0,1.0,1.0,shared
n8962,4,1.0,1.0,1.0,1.0,1.0,shared
n8963,4,1.0,1.0,1.0,1.0,1.0,shared
n8964,4,1.0,1.0,1.0,1.0,1.0,shared
n8965,4,1.0,1.0,1.0,1.0,1.0,shared
n8966,4,1.0,1.0,1.0,1.0,1.0,shared
n8967,4,1.0,1.0,1.0,1.0,1.0,shared
n8968,4,1.0,1.0,1.0,1.0,1.0,shared
n8969,4,1.0,1.0,1.0,1.0,1.0,shared
n8970,4,1.0,1.0,1.0,1.0,1.0,shared
n8971,4,1.0,1.0,1.0,1.0,1.0,shared
n8972,4,1.0,1.0,1.0,1.0,1.0,shared
n8973,4,1.0,1.0,1.0,1.0,1.0,shared
n8974,3,0.75,1.0,1.0,1.0,0.9375,shared
n8975,4,1.0,1.0,1.0,1.0,1.0,shared
n8976,4,1.0,1.0,1.0,1.0,1.0,shared
n8977,4,1.0,1.0,1.0,1.0,1.0,shared
n8978,3,0.75,1.0,1.0,1.0,0.9375,shared
n8979,3,0.75,1.0,1.0,1.0,0.9375,shared
n8980,4,1.0,1.0,1.0,1.0,1.0,shared
n8981,4,1.0,0.8,0.8,1.0,0.9,shared
n8982,4,1.0,1.0,1.0,1.0,1.0,shared
n8983,4,1.0,1.0,1.0,1.0,1.0,shared
n8984,4,1.0,1.0,0.8,1.0,0.95,shared
n8985,4,1.0,1.0,1.0,1.0,1.0,shared
n8986,4,1.0,1.0,1.0,1.0,1.0,shared
n8987,3,0.75,1.0,1.0,1.0,0.9375,shared
n8988,4,1.0,1.0,1.0,1.0,1.0,shared
n8989,4,1.0,1.0,1.0,1.0,1.0,shared
n8990,4,1.0,1.0,1.0,1.0,1.0,shared
n8991,4,1.0,1.0,1.0,1.0,1.0,shared
n8992,4,1.0,1.0,1.0,1.0,1.0,shared
n8993,4,1.0,1.0,1.0,1.0,1.0,shared
n8994,4,1.0,1.0,1.0,1.0,1.0,shared
n8995,3,0.75,1.0,1.0,1.0,0.9375,shared
n8996,3,0.75,1.0,1.0,1.0,0.9375,shared
n8997,4,1.0,1.0,1.0,1.0,1.0,shared
n8998,4,1.0,1.0,1.0,1.0,1.0,shared
n8999,3,0.75,1.0,1.0,1.0,0.9375,shared
n9000,3,0.75,1.0,1.0,1.0,0.9375,shared
n9001,3,0.75,1.0,1.0,1.0,0.9375,shared
n9002,4,1.0,1.0,1.0,1.0,1.0,shared
n9003,4,1.0,1.0,1.0,1.0,1.0,shared
n9004,4,1.0,1.0,1.0,1.0,1.0,shared
n9005,4,1.0,0.5,0.5,1.0,0.75,shared
n9006,4,1.0,1.0,1.0,1.0,1.0,shared
n9007,3,0.75,1.0,1.0,1.0,0.9375,shared
n9008,4,1.0,1.0,1.0,1.0,1.0,shared
n9009,4,1.0,1.0,1.0,1.0,1.0,shared
n9010,4,1.0,1.0,1.0,1.0,1.0,shared
n9011,3,0.75,1.0,1.0,1.0,0.9375,shared
n9012,4,1.0,1.0,1.0,1.0,1.0,shared
n9013,3,0.75,1.0,1.0,1.0,0.9375,shared
n9014,3,0.75,1.0,1.0,1.0,0.9375,shared
n9015,4,1.0,1.0,1.0,1.0,1.0,shared
n9016,4,1.0,1.0,1.0,1.0,1.0,shared
n9017,4,1.0,0.5217391304347826,0.8260869565217391,1.0,0.8369565217391305,shared
n9018,4,1.0,1.0,1.0,1.0,1.0,shared
n9019,4,1.0,1.0,1.0,1.0,1.0,shared
n9020,4,1.0,1.0,1.0,1.0,1.0,shared
n9021,4,1.0,0.5,0.5,1.0,0.75,shared
n9022,4,1.0,1.0,1.0,1.0,1.0,shared
n9023,4,1.0,1.0,1.0,1.0,1.0,shared
n9024,4,1.0,1.0,1.0,1.0,1.0,shared
n9025,4,1.0,1.0,1.0,1.0,1.0,shared
n9026,4,1.0,1.0,1.0,1.0,1.0,shared
n9027,4,1.0,1.0,1.0,1.0,1.0,shared
n9028,4,1.0,1.0,1.0,1.0,1.0,shared
n9029,4,1.0,1.0,1.0,1.0,1.0,shared
n9030,3,0.75,1.0,1.0,1.0,0.9375,shared
n9031,4,1.0,1.0,1.0,1.0,1.0,shared
n9032,3,0.75,1.0,1.0,1.0,0.9375,shared
n9033,3,0.75,1.0,1.0,1.0,0.9375,shared
n9034,4,1.0,1.0,1.0,1.0,1.0,shared
n9035,4,1.0,1.0,1.0,1.0,1.0,shared
n9036,4,1.0,1.0,1.0,1.0,1.0,shared
n9037,4,1.0,1.0,1.0,1.0,1.0,shared
n9038,4,1.0,1.0,1.0,1.0,1.0,shared
n9039,4,1.0,0.8421052631578947,0.7894736842105263,1.0,0.9078947368421053,shared
n9040,4,1.0,1.0,0.4666666666666667,1.0,0.8666666666666667,shared
n9041,4,1.0,1.0,1.0,1.0,1.0,shared
n9042,4,1.0,1.0,1.0,1.0,1.0,shared
n9043,3,0.75,1.0,1.0,1.0,0.9375,shared
n9044,3,0.75,1.0,1.0,1.0,0.9375,shared
n9045,4,1.0,0.5714285714285714,0.5714285714285714,1.0,0.7857142857142857,shared
n9046,4,1.0,1.0,1.0,1.0,1.0,shared
n9047,4,1.0,1.0,1.0,1.0,1.0,shared
n9048,3,0.75,1.0,1.0,1.0,0.9375,shared
n9049,3,0.75,1.0,1.0,1.0,0.9375,shared
n9050,4,1.0,1.0,1.0,1.0,1.0,shared
n9051,4,1.0,1.0,1.0,1.0,1.0,shared
n9052,3,0.75,1.0,1.0,1.0,0.9375,shared
n9053,3,0.75,1.0,1.0,1.0,0.9375,shared
n9054,4,1.0,1.0,1.0,1.0,1.0,shared
n9055,4,1.0,1.0,1.0,1.0,1.0,shared
n9056,4,1.0,1.0,1.0,1.0,1.0,shared
n9057,4,1.0,1.0,1.0,1.0,1.0,shared
n9058,4,1.0,1.0,1.0,1.0,1.0,shared
n9059,4,1.0,1.0,1.0,1.0,1.0,shared
n9060,3,0.75,1.0,1.0,1.0,0.9375,shared
n9061,3,0.75,1.0,1.0,1.0,0.9375,shared
n9062,3,0.75,1.0,1.0,1.0,0.9375,shared
n9063,4,1.0,1.0,1.0,1.0,1.0,shared
n9064,4,1.0,1.0,1.0,1.0,1.0,shared
n9065,4,1.0,1.0,0.25,1.0,0.8125,shared
n9066,4,1.0,1.0,1.0,1.0,1.0,shared
n9067,4,1.0,1.0,1.0,1.0,1.0,shared
n9068,4,1.0,1.0,1.0,1.0,1.0,shared
n9069,4,1.0,1.0,1.0,1.0,1.0,shared
n9070,4,1.0,1.0,1.0,1.0,1.0,shared
n9071,4,1.0,1.0,1.0,1.0,1.0,shared
n9072,4,1.0,1.0,1.0,1.0,1.0,shared
n9073,4,1.0,1.0,1.0,1.0,1.0,shared
n9074,4,1.0,1.0,1.0,1.0,1.0,shared
n9075,4,1.0,1.0,1.0,1.0,1.0,shared
n9076,3,0.75,1.0,1.0,1.0,0.9375,shared
n9077,4,1.0,1.0,1.0,1.0,1.0,shared
n9078,3,0.75,0.5,1.0,1.0,0.8125,shared
n9079,4,1.0,1.0,1.0,1.0,1.0,shared
n9080,4,1.0,1.0,1.0,1.0,1.0,shared
n9081,4,1.0,1.0,1.0,1.0,1.0,shared
n9082,4,1.0,1.0,1.0,1.0,1.0,shared
n9083,4,1.0,1.0,1.0,1.0,1.0,shared
n9084,3,0.75,1.0,1.0,1.0,0.9375,shared
n9085,4,1.0,1.0,1.0,1.0,1.0,shared
n9086,3,0.75,1.0,1.0,1.0,0.9375,shared
n9087,3,0.75,1.0,1.0,1.0,0.9375,shared
n9088,3,0.75,1.0,1.0,1.0,0.9375,shared
n9089,4,1.0,1.0,1.0,1.0,1.0,shared
n9090,4,1.0,1.0,1.0,1.0,1.0,shared
n9091,4,1.0,1.0,1.0,1.0,1.0,shared
n9092,4,1.0,1.0,1.0,1.0,1.0,shared
n9093,4,1.0,1.0,1.0,1.0,1.0,shared
n9094,3,0.75,1.0,1.0,1.0,0.9375,shared
n9095,4,1.0,1.0,1.0,1.0,1.0,shared
n9096,4,1.0,1.0,1.0,1.0,1.0,shared
n9097,4,1.0,1.0,1.0,1.0,1.0,shared
n9098,4,1.0,1.0,1.0,1.0,1.0,shared
n9099,4,1.0,1.0,1.0,1.0,1.0,shared
n9100,3,0.75,1.0,1.0,1.0,0.9375,shared
n9101,4,1.0,0.5714285714285714,0.5714285714285714,1.0,0.7857142857142857,shared
n9102,3,0.75,1.0,1.0,1.0,0.9375,shared
n9103,4,1.0,1.0,1.0,1.0,1.0,shared
n9104,4,1.0,1.0,1.0,1.0,1.0,shared
n9105,4,1.0,1.0,1.0,1.0,1.0,shared
n9106,4,1.0,1.0,1.0,1.0,1.0,shared
n9107,4,1.0,1.0,1.0,1.0,1.0,shared
n9108,4,1.0,1.0,1.0,1.0,1.0,shared
n9109,4,1.0,1.0,1.0,1.0,1.0,shared
n9110,4,1.0,1.0,1.0,1.0,1.0,shared
n9111,4,1.0,1.0,1.0,1.0,1.0,shared
n9112,3,0.75,1.0,1.0,1.0,0.9375,shared
n9113,3,0.75,1.0,1.0,1.0,0.9375,shared
n9114,4,1.0,1.0,1.0,1.0,1.0,shared
n9115,4,1.0,1.0,1.0,1.0,1.0,shared
n9116,4,1.0,1.0,1.0,1.0,1.0,shared
n9117,3,0.75,1.0,1.0,1.0,0.9375,shared
n9118,4,1.0,1.0,1.0,1.0,1.0,shared
n9119,3,0.75,1.0,1.0,1.0,0.9375,shared
n9120,4,1.0,1.0,1.0,1.0,1.0,shared
n9121,3,0.75,1.0,1.0,1.0,0.9375,shared
n9122,4,1.0,1.0,1.0,1.0,1.0,shared
n9123,3,0.75,1.0,1.0,1.0,0.9375,shared
n9124,4,1.0,1.0,1.0,1.0,1.0,shared
n9125,4,1.0,1.0,1.0,1.0,1.0,shared
n9126,3,0.75,1.0,1.0,1.0,0.9375,shared
n9127,3,0.75,1.0,1.0,1.0,0.9375,shared
n9128,3,0.75,1.0,1.0,1.0,0.9375,shared
n9129,3,0.75,1.0,1.0,1.0,0.9375,shared
n9130,4,1.0,1.0,1.0,1.0,1.0,shared
n9131,4,1.0,1.0,1.0,1.0,1.0,shared
n9132,4,1.0,1.0,1.0,1.0,1.0,shared
n9133,3,0.75,1.0,1.0,1.0,0.9375,shared
n9134,4,1.0,1.0,1.0,1.0,1.0,shared
n9135,4,1.0,1.0,1.0,1.0,1.0,shared
n9136,3,0.75,1.0,1.0,1.0,0.9375,shared
n9137,4,1.0,1.0,1.0,1.0,1.0,shared
n9138,3,0.75,1.0,1.0,1.0,0.9375,shared
n9139,3,0.75,1.0,1.0,1.0,0.9375,shared
n9140,4,1.0,1.0,1.0,1.0,1.0,shared
n9141,4,1.0,1.0,1.0,1.0,1.0,shared
n9142,4,1.0,1.0,0.75,1.0,0.9375,shared
n9143,4,1.0,1.0,1.0,1.0,1.0,shared
n9144,4,1.0,1.0,1.0,1.0,1.0,shared
n9145,3,0.75,1.0,1.0,1.0,0.9375,shared
n9146,4,1.0,1.0,1.0,1.0,1.0,shared
n9147,3,0.75,1.0,1.0,1.0,0.9375,shared
n9148,4,1.0,1.0,1.0,1.0,1.0,shared
n9149,4,1.0,1.0,1.0,1.0,1.0,shared
n9150,4,1.0,1.0,1.0,1.0,1.0,shared
n9151,4,1.0,1.0,1.0,1.0,1.0,shared
n9152,4,1.0,1.0,1.0,1.0,1.0,shared
n9153,4,1.0,1.0,1.0,1.0,1.0,shared
n9154,3,0.75,1.0,1.0,1.0,0.9375,shared
n9155,3,0.75,1.0,1.0,1.0,0.9375,shared
n9156,3,0.75,1.0,1.0,1.0,0.9375,shared
n9157,4,1.0,1.0,1.0,1.0,1.0,shared
n9158,3,0.75,1.0,1.0,1.0,0.9375,shared
n9159,4,1.0,1.0,1.0,1.0,1.0,shared
n9160,4,1.0,1.0,1.0,1.0,1.0,shared
n9161,4,1.0,1.0,1.0,1.0,1.0,shared
n9162,3,0.75,1.0,1.0,1.0,0.9375,shared
n9163,3,0.75,1.0,1.0,1.0,0.9375,shared
n9164,4,1.0,1.0,1.0,1.0,1.0,shared
n9165,4,1.0,1.0,1.0,1.0,1.0,shared
n9166,4,1.0,1.0,1.0,1.0,1.0,shared
n9167,4,1.0,1.0,1.0,1.0,1.0,shared
n9168,4,1.0,1.0,1.0,1.0,1.0,shared
n9169,4,1.0,1.0,1.0,1.0,1.0,shared
n9170,4,1.0,1.0,1.0,1.0,1.0,shared
n9171,4,1.0,1.0,1.0,1.0,1.0,shared
n9172,3,0.75,1.0,1.0,1.0,0.9375,shared
n9173,4,1.0,1.0,1.0,1.0,1.0,shared
n9174,4,1.0,1.0,1.0,1.0,1.0,shared
n9175,4,1.0,1.0,1.0,1.0,1.0,shared
n9176,4,1.0,1.0,1.0,1.0,1.0,shared
n9177,4,1.0,1.0,1.0,1.0,1.0,shared
n9178,4,1.0,1.0,1.0,1.0,1.0,shared
n9179,4,1.0,1.0,1.0,1.0,1.0,shared
n9180,4,1.0,1.0,1.0,1.0,1.0,shared
n9181,4,1.0,1.0,1.0,1.0,1.0,shared
n9182,4,1.0,1.0,1.0,1.0,1.0,shared
n9183,4,1.0,1.0,1.0,1.0,1.0,shared
n9184,4,1.0,1.0,1.0,1.0,1.0,shared
n9185,4,1.0,1.0,1.0,1.0,1.0,shared
n9186,3,0.75,1.0,1.0,1.0,0.9375,shared
n9187,4,1.0,1.0,1.0,1.0,1.0,shared
n9188,4,1.0,1.0,1.0,1.0,1.0,shared
n9189,4,1.0,1.0,1.0,1.0,1.0,shared
n9190,4,1.0,1.0,1.0,1.0,1.0,shared
n9191,4,1.0,1.0,1.0,1.0,1.0,shared
n9192,4,1.0,1.0,1.0,1.0,1.0,shared
n9193,3,0.75,1.0,1.0,1.0,0.9375,shared
n9194,4,1.0,1.0,1.0,1.0,1.0,shared
n9195,3,0.75,1.0,1.0,1.0,0.9375,shared
n9196,3,0.75,1.0,1.0,1.0,0.9375,shared
n9197,4,1.0,1.0,1.0,1.0,1.0,shared
n9198,3,0.75,0.5,0.5,1.0,0.6875,shared
n9199,4,1.0,0.5,0.5,1.0,0.75,shared
n9200,3,0.75,1.0,1.0,1.0,0.9375,shared
n9201,4,1.0,1.0,1.0,1.0,1.0,shared
n9202,4,1.0,1.0,1.0,1.0,1.0,shared
n9203,4,1.0,1.0,1.0,1.0,1.0,shared
n9204,4,1.0,1.0,1.0,1.0,1.0,shared
n9205,4,1.0,1.0,1.0,1.0,1.0,shared
n9206,4,1.0,1.0,1.0,1.0,1.0,shared
n9207,3,0.75,1.0,1.0,1.0,0.9375,shared
n9208,4,1.0,1.0,1.0,1.0,1.0,shared
n9209,4,1.0,1.0,1.0,1.0,1.0,shared
n9210,4,1.0,1.0,1.0,1.0,1.0,shared
n9211,4,1.0,1.0,1.0,1.0,1.0,shared
n9212,4,1.0,1.0,1.0,1.0,1.0,shared
n9213,4,1.0,1.0,1.0,1.0,1.0,shared
n9214,4,1.0,1.0,1.0,1.0,1.0,shared
n9215,4,1.0,1.0,1.0,1.0,1.0,shared
n9216,3,0.75,1.0,1.0,1.0,0.9375,shared
n9217,4,1.0,0.5555555555555556,0.7037037037037037,1.0,0.8148148148148149,shared
n9218,4,1.0,1.0,1.0,1.0,1.0,shared
n9219,3,0.75,1.0,1.0,1.0,0.9375,shared
n9220,4,1.0,1.0,1.0,1.0,1.0,shared
n9221,4,1.0,1.0,1.0,1.0,1.0,shared
n9222,4,1.0,1.0,1.0,1.0,1.0,shared
n9223,4,1.0,1.0,1.0,1.0,1.0,shared
n9224,4,1.0,1.0,1.0,1.0,1.0,shared
n9225,4,1.0,0.7,0.6,1.0,0.825,shared
n9226,4,1.0,1.0,1.0,1.0,1.0,shared
n9227,4,1.0,0.8,1.0,1.0,0.95,shared
n9228,4,1.0,1.0,1.0,1.0,1.0,shared
n9229,4,1.0,1.0,1.0,1.0,1.0,shared
n9230,4,1.0,1.0,1.0,1.0,1.0,shared
n9231,3,0.75,1.0,1.0,1.0,0.9375,shared
n9232,4,1.0,1.0,1.0,1.0,1.0,shared
n9233,3,0.75,1.0,1.0,1.0,0.9375,shared
n9234,4,1.0,1.0,1.0,1.0,1.0,shared
n9235,4,1.0,1.0,1.0,1.0,1.0,shared
n9236,4,1.0,1.0,1.0,1.0,1.0,shared
n9237,4,1.0,1.0,1.0,1.0,1.0,shared
n9238,3,0.75,1.0,1.0,1.0,0.9375,shared
n9239,4,1.0,1.0,1.0,1.0,1.0,shared
n9240,4,1.0,1.0,1.0,1.0,1.0,shared
n9241,3,0.75,1.0,1.0,1.0,0.9375,shared
n9242,4,1.0,1.0,1.0,1.0,1.0,shared
n9243,4,1.0,1.0,1.0,1.0,1.0,shared
n9244,4,1.0,1.0,1.0,1.0,1.0,shared
n9245,4,1.0,1.0,1.0,1.0,1.0,shared
n9246,4,1.0,1.0,0.75,1.0,0.9375,shared
n9247,3,0.75,1.0,1.0,1.0,0.9375,shared
n9248,4,1.0,1.0,1.0,1.0,1.0,shared
n9249,4,1.0,1.0,1.0,1.0,1.0,shared
n9250,4,1.0,1.0,1.0,1.0,1.0,shared
n9251,4,1.0,1.0,1.0,1.0,1.0,shared
n9252,4,1.0,1.0,1.0,1.0,1.0,shared
n9253,3,0.75,1.0,1.0,1.0,0.9375,shared
n9254,4,1.0,1.0,1.0,1.0,1.0,shared
n9255,4,1.0,1.0,1.0,1.0,1.0,shared
n9256,4,1.0,1.0,1.0,1.0,1.0,shared
n9257,4,1.0,1.0,1.0,1.0,1.0,shared
n9258,4,1.0,1.0,1.0,1.0,1.0,shared
n9259,4,1.0,1.0,1.0,1.0,1.0,shared
n9260,4,1.0,1.0,1.0,1.0,1.0,shared
n9261,3,0.75,1.0,1.0,1.0,0.9375,shared
n9262,3,0.75,1.0,1.0,1.0,0.9375,shared
n9263,3,0.75,1.0,1.0,1.0,0.9375,shared
n9264,3,0.75,1.0,1.0,1.0,0.9375,shared
n9265,4,1.0,1.0,1.0,1.0,1.0,shared
n9266,4,1.0,1.0,1.0,1.0,1.0,shared
n9267,4,1.0,1.0,1.0,1.0,1.0,shared
n9268,4,1.0,1.0,1.0,1.0,1.0,shared
n9269,4,1.0,1.0,1.0,1.0,1.0,shared
n9270,4,1.0,1.0,1.0,1.0,1.0,shared
n9271,4,1.0,1.0,1.0,1.0,1.0,shared
n9272,4,1.0,1.0,1.0,1.0,1.0,shared
n9273,3,0.75,1.0,1.0,1.0,0.9375,shared
n9274,4,1.0,0.5,0.5,1.0,0.75,shared
n9275,4,1.0,1.0,1.0,1.0,1.0,shared
n9276,3,0.75,1.0,1.0,1.0,0.9375,shared
n9277,4,1.0,1.0,1.0,1.0,1.0,shared
n9278,4,1.0,1.0,1.0,1.0,1.0,shared
n9279,4,1.0,1.0,1.0,1.0,1.0,shared
n9280,3,0.75,1.0,1.0,1.0,0.9375,shared
n9281,4,1.0,1.0,1.0,1.0,1.0,shared
n9282,4,1.0,1.0,1.0,1.0,1.0,shared
n9283,3,0.75,1.0,1.0,1.0,0.9375,shared
n9284,4,1.0,1.0,1.0,1.0,1.0,shared
n9285,4,1.0,1.0,1.0,1.0,1.0,shared
n9286,4,1.0,1.0,1.0,1.0,1.0,shared
n9287,4,1.0,1.0,1.0,1.0,1.0,shared
n9288,4,1.0,1.0,1.0,1.0,1.0,shared
n9289,3,0.75,1.0,1.0,1.0,0.9375,shared
n9290,4,1.0,1.0,1.0,1.0,1.0,shared
n9291,4,1.0,1.0,1.0,1.0,1.0,shared
n9292,4,1.0,1.0,1.0,1.0,1.0,shared
n9293,4,1.0,1.0,1.0,1.0,1.0,shared
n9294,4,1.0,1.0,1.0,1.0,1.0,shared
n9295,4,1.0,1.0,1.0,1.0,1.0,shared
n9296,3,0.75,1.0,1.0,1.0,0.9375,shared
n9297,4,1.0,1.0,1.0,1.0,1.0,shared
n9298,3,0.75,1.0,1.0,1.0,0.9375,shared
n9299,3,0.75,1.0,1.0,1.0,0.9375,shared
n9300,3,0.75,1.0,1.0,1.0,0.9375,shared
n9301,4,1.0,1.0,1.0,1.0,1.0,shared
n9302,4,1.0,1.0,1.0,1.0,1.0,shared
n9303,4,1.0,1.0,1.0,1.0,1.0,shared
n9304,3,0.75,1.0,1.0,1.0,0.9375,shared
n9305,3,0.75,1.0,1.0,1.0,0.9375,shared
n9306,4,1.0,1.0,1.0,1.0,1.0,shared
n9307,3,0.75,1.0,1.0,1.0,0.9375,shared
n9308,3,0.75,1.0,1.0,1.0,0.9375,shared
n9309,4,1.0,1.0,1.0,1.0,1.0,shared
n9310,4,1.0,1.0,1.0,1.0,1.0,shared
n9311,4,1.0,1.0,1.0,1.0,1.0,shared
n9312,4,1.0,1.0,1.0,1.0,1.0,shared
n9313,3,0.75,1.0,1.0,1.0,0.9375,shared
n9314,4,1.0,1.0,1.0,1.0,1.0,shared
n9315,4,1.0,1.0,1.0,1.0,1.0,shared
n9316,4,1.0,1.0,1.0,1.0,1.0,shared
n9317,4,1.0,1.0,1.0,1.0,1.0,shared
n9318,4,1.0,1.0,1.0,1.0,1.0,shared
n9319,4,1.0,1.0,1.0,1.0,1.0,shared
n9320,4,1.0,1.0,1.0,1.0,1.0,shared
n9321,3,0.75,1.0,1.0,1.0,0.9375,shared
n9322,4,1.0,1.0,1.0,1.0,1.0,shared
n9323,4,1.0,1.0,1.0,1.0,1.0,shared
n9324,4,1.0,1.0,1.0,1.0,1.0,shared
n9325,4,1.0,1.0,1.0,1.0,1.0,shared
n9326,4,1.0,1.0,1.0,1.0,1.0,shared
n9327,4,1.0,1.0,1.0,1.0,1.0,shared
n9328,4,1.0,1.0,1.0,1.0,1.0,shared
n9329,3,0.75,1.0,1.0,1.0,0.9375,shared
n9330,4,1.0,1.0,1.0,1.0,1.0,shared
n9331,4,1.0,1.0,1.0,1.0,1.0,shared
n9332,4,1.0,1.0,1.0,1.0,1.0,shared
n9333,4,1.0,1.0,1.0,1.0,1.0,shared
n9334,4,1.0,1.0,1.0,1.0,1.0,shared
n9335,3,0.75,1.0,1.0,1.0,0.9375,shared
n9336,4,1.0,1.0,1.0,1.0,1.0,shared
n9337,3,0.75,1.0,1.0,1.0,0.9375,shared
n9338,4,1.0,1.0,1.0,1.0,1.0,shared
n9339,4,1.0,1.0,1.0,1.0,1.0,shared
n9340,3,0.75,1.0,1.0,1.0,0.9375,shared
n9341,4,1.0,1.0,1.0,1.0,1.0,shared
n9342,4,1.0,1.0,1.0,1.0,1.0,shared
n9343,3,0.75,1.0,1.0,1.0,0.9375,shared
n9344,3,0.75,1.0,1.0,1.0,0.9375,shared
n9345,4,1.0,1.0,1.0,1.0,1.0,shared
n9346,4,1.0,1.0,1.0,1.0,1.0,shared
n9347,4,1.0,1.0,1.0,1.0,1.0,shared
n9348,4,1.0,1.0,1.0,1.0,1.0,shared
n9349,4,1.0,1.0,1.0,1.0,1.0,shared
n9350,4,1.0,1.0,1.0,1.0,1.0,shared
n9351,4,1.0,1.0,1.0,1.0,1.0,shared
n9352,3,0.75,1.0,1.0,1.0,0.9375,shared
n9353,4,1.0,1.0,1.0,1.0,1.0,shared
n9354,4,1.0,1.0,1.0,1.0,1.0,shared
n9355,4,1.0,1.0,1.0,1.0,1.0,shared
n9356,4,1.0,1.0,1.0,1.0,1.0,shared
n9357,4,1.0,1.0,1.0,1.0,1.0,shared
n9358,4,1.0,1.0,1.0,1.0,1.0,shared
n9359,4,1.0,1.0,1.0,1.0,1.0,shared
n9360,4,1.0,1.0,1.0,1.0,1.0,shared
n9361,3,0.75,1.0,1.0,1.0,0.9375,shared
n9362,4,1.0,1.0,1.0,1.0,1.0,shared
n9363,4,1.0,1.0,1.0,1.0,1.0,shared
n9364,4,1.0,1.0,1.0,1.0,1.0,shared
n9365,4,1.0,1.0,1.0,1.0,1.0,shared
n9366,4,1.0,1.0,1.0,1.0,1.0,shared
n9367,4,1.0,1.0,1.0,1.0,1.0,shared
n9368,4,1.0,1.0,1.0,1.0,1.0,shared
n9369,4,1.0,1.0,1.0,1.0,1.0,shared
n9370,4,1.0,1.0,1.0,1.0,1.0,shared
n9371,3,0.75,1.0,1.0,1.0,0.9375,shared
n9372,3,0.75,1.0,1.0,1.0,0.9375,shared
n9373,4,1.0,1.0,1.0,1.0,1.0,shared
n9374,4,1.0,1.0,1.0,1.0,1.0,shared
n9375,3,0.75,1.0,1.0,1.0,0.9375,shared
n9376,4,1.0,1.0,1.0,1.0,1.0,shared
n9377,4,1.0,1.0,1.0,1.0,1.0,shared
n9378,4,1.0,1.0,1.0,1.0,1.0,shared
n9379,4,1.0,1.0,1.0,1.0,1.0,shared
n9380,4,1.0,1.0,1.0,1.0,1.0,shared
n9381,4,1.0,1.0,1.0,1.0,1.0,shared
n9382,4,1.0,1.0,1.0,1.0,1.0,shared
n9383,4,1.0,1.0,1.0,1.0,1.0,shared
n9384,4,1.0,1.0,1.0,1.0,1.0,shared
n9385,4,1.0,1.0,1.0,1.0,1.0,shared
n9386,4,1.0,1.0,1.0,1.0,1.0,shared
n9387,4,1.0,1.0,1.0,1.0,1.0,shared
n9388,4,1.0,1.0,1.0,1.0,1.0,shared
n9389,4,1.0,1.0,1.0,1.0,1.0,shared
n9390,4,1.0,1.0,1.0,1.0,1.0,shared
n9391,4,1.0,1.0,1.0,1.0,1.0,shared
n9392,4,1.0,1.0,1.0,1.0,1.0,shared
n9393,4,1.0,1.0,1.0,1.0,1.0,shared
n9394,4,1.0,1.0,1.0,1.0,1.0,shared
n9395,4,1.0,1.0,1.0,1.0,1.0,shared
n9396,4,1.0,1.0,1.0,1.0,1.0,shared
n9397,3,0.75,1.0,1.0,1.0,0.9375,shared
n9398,4,1.0,1.0,1.0,1.0,1.0,shared
n9399,4,1.0,1.0,1.0,1.0,1.0,shared
n9400,4,1.0,1.0,1.0,1.0,1.0,shared
n9401,4,1.0,1.0,1.0,1.0,1.0,shared
n9402,4,1.0,1.0,1.0,1.0,1.0,shared
n9403,4,1.0,1.0,1.0,1.0,1.0,shared
n9404,3,0.75,1.0,1.0,1.0,0.9375,shared
n9405,4,1.0,1.0,1.0,1.0,1.0,shared
n9406,4,1.0,1.0,1.0,1.0,1.0,shared
n9407,4,1.0,1.0,1.0,1.0,1.0,shared
n9408,4,1.0,1.0,1.0,1.0,1.0,shared
n9409,4,1.0,1.0,1.0,1.0,1.0,shared
n9410,4,1.0,1.0,1.0,1.0,1.0,shared
n9411,4,1.0,1.0,1.0,1.0,1.0,shared
n9412,4,1.0,1.0,1.0,1.0,1.0,shared
n9413,4,1.0,1.0,1.0,1.0,1.0,shared
n9414,4,1.0,1.0,1.0,1.0,1.0,shared
n9415,4,1.0,1.0,1.0,1.0,1.0,shared
n9416,4,1.0,1.0,1.0,1.0,1.0,shared
n9417,4,1.0,1.0,1.0,1.0,1.0,shared
n9418,4,1.0,1.0,1.0,1.0,1.0,shared
n9419,4,1.0,1.0,1.0,1.0,1.0,shared
n9420,4,1.0,1.0,1.0,1.0,1.0,shared
n9421,4,1.0,1.0,1.0,1.0,1.0,shared
n9422,4,1.0,1.0,1.0,1.0,1.0,shared
n9423,4,1.0,1.0,1.0,1.0,1.0,shared
n9424,4,1.0,1.0,1.0,1.0,1.0,shared
n9425,4,1.0,1.0,1.0,1.0,1.0,shared
n9426,4,1.0,1.0,1.0,1.0,1.0,shared
n9427,3,0.75,1.0,1.0,1.0,0.9375,shared
n9428,4,1.0,1.0,1.0,1.0,1.0,shared
n9429,3,0.75,1.0,1.0,1.0,0.9375,shared
n9430,4,1.0,1.0,1.0,1.0,1.0,shared
n9431,4,1.0,1.0,1.0,1.0,1.0,shared
n9432,4,1.0,1.0,1.0,1.0,1.0,shared
n9433,4,1.0,1.0,1.0,1.0,1.0,shared
n9434,4,1.0,1.0,1.0,1.0,1.0,shared
n9435,3,0.75,1.0,1.0,1.0,0.9375,shared
n9436,3,0.75,1.0,1.0,1.0,0.9375,shared
n9437,4,1.0,1.0,1.0,1.0,1.0,shared
n9438,4,1.0,1.0,1.0,1.0,1.0,shared
n9439,3,0.75,1.0,1.0,1.0,0.9375,shared
n9440,4,1.0,1.0,1.0,1.0,1.0,shared
n9441,4,1.0,1.0,1.0,1.0,1.0,shared
n9442,4,1.0,1.0,1.0,1.0,1.0,shared
n9443,4,1.0,1.0,1.0,1.0,1.0,shared
n9444,4,1.0,1.0,1.0,1.0,1.0,shared
n9445,4,1.0,1.0,1.0,1.0,1.0,shared
n9446,4,1.0,1.0,1.0,1.0,1.0,shared
n9447,4,1.0,1.0,1.0,1.0,1.0,shared
n9448,4,1.0,1.0,1.0,1.0,1.0,shared
n9449,4,1.0,1.0,1.0,1.0,1.0,shared
n9450,4,1.0,1.0,1.0,1.0,1.0,shared
n9451,4,1.0,1.0,1.0,1.0,1.0,shared
n9452,3,0.75,1.0,1.0,1.0,0.9375,shared
n9453,3,0.75,1.0,1.0,1.0,0.9375,shared
n9454,3,0.75,1.0,1.0,1.0,0.9375,shared
n9455,4,1.0,1.0,1.0,1.0,1.0,shared
n9456,4,1.0,1.0,1.0,1.0,1.0,shared
n9457,4,1.0,1.0,1.0,1.0,1.0,shared
n9458,4,1.0,1.0,1.0,1.0,1.0,shared
n9459,4,1.0,1.0,1.0,1.0,1.0,shared
n9460,4,1.0,1.0,1.0,1.0,1.0,shared
n9461,4,1.0,1.0,1.0,1.0,1.0,shared
n9462,4,1.0,1.0,1.0,1.0,1.0,shared
n9463,4,1.0,1.0,1.0,1.0,1.0,shared
n9464,4,1.0,1.0,1.0,1.0,1.0,shared
n9465,3,0.75,1.0,1.0,1.0,0.9375,shared
n9466,3,0.75,1.0,1.0,1.0,0.9375,shared
n9467,3,0.75,1.0,1.0,1.0,0.9375,shared
n9468,4,1.0,1.0,1.0,1.0,1.0,shared
n9469,4,1.0,1.0,1.0,1.0,1.0,shared
n9470,4,1.0,1.0,1.0,1.0,1.0,shared
n9471,4,1.0,1.0,1.0,1.0,1.0,shared
n9472,4,1.0,1.0,1.0,1.0,1.0,shared
n9473,4,1.0,1.0,1.0,1.0,1.0,shared
n9474,3,0.75,1.0,1.0,1.0,0.9375,shared
n9475,4,1.0,1.0,1.0,1.0,1.0,shared
n9476,4,1.0,1.0,1.0,1.0,1.0,shared
n9477,3,0.75,1.0,1.0,1.0,0.9375,shared
n9478,4,1.0,1.0,1.0,1.0,1.0,shared
n9479,4,1.0,1.0,1.0,1.0,1.0,shared
n9480,4,1.0,1.0,1.0,1.0,1.0,shared
n9481,4,1.0,1.0,1.0,1.0,1.0,shared
n9482,4,1.0,1.0,1.0,1.0,1.0,shared
n9483,4,1.0,1.0,1.0,1.0,1.0,shared
n9484,4,1.0,1.0,1.0,1.0,1.0,shared
n9485,3,0.75,1.0,1.0,1.0,0.9375,shared
n9486,4,1.0,1.0,1.0,1.0,1.0,shared
n9487,4,1.0,1.0,1.0,1.0,1.0,shared
n9488,4,1.0,1.0,1.0,1.0,1.0,shared
n9489,4,1.0,1.0,1.0,1.0,1.0,shared
n9490,4,1.0,1.0,1.0,1.0,1.0,shared
n9491,4,1.0,1.0,1.0,1.0,1.0,shared
n9492,3,0.75,1.0,1.0,1.0,0.9375,shared
n9493,3,0.75,1.0,1.0,1.0,0.9375,shared
n9494,3,0.75,1.0,1.0,1.0,0.9375,shared
n9495,4,1.0,1.0,1.0,1.0,1.0,shared
n9496,4,1.0,1.0,1.0,1.0,1.0,shared
n9497,4,1.0,1.0,1.0,1.0,1.0,shared
n9498,4,1.0,1.0,1.0,1.0,1.0,shared
n9499,4,1.0,1.0,1.0,1.0,1.0,shared
n9500,3,0.75,1.0,1.0,1.0,0.9375,shared
n9501,4,1.0,1.0,1.0,1.0,1.0,shared
n9502,4,1.0,1.0,1.0,1.0,1.0,shared
n9503,4,1.0,1.0,1.0,1.0,1.0,shared
n9504,4,1.0,1.0,1.0,1.0,1.0,shared
n9505,4,1.0,1.0,1.0,1.0,1.0,shared
n9506,4,1.0,1.0,1.0,1.0,1.0,shared
n9507,3,0.75,1.0,1.0,1.0,0.9375,shared
n9508,4,1.0,1.0,1.0,1.0,1.0,shared
n9509,3,0.75,1.0,1.0,1.0,0.9375,shared
n9510,4,1.0,1.0,1.0,1.0,1.0,shared
n9511,4,1.0,0.5,0.5,1.0,0.75,shared
n9512,4,1.0,1.0,1.0,1.0,1.0,shared
n9513,4,1.0,1.0,1.0,1.0,1.0,shared
n9514,3,0.75,1.0,1.0,1.0,0.9375,shared
n9515,3,0.75,1.0,1.0,1.0,0.9375,shared
n9516,3,0.75,1.0,1.0,1.0,0.9375,shared
n9517,3,0.75,1.0,1.0,1.0,0.9375,shared
n9518,4,1.0,1.0,1.0,1.0,1.0,shared
n9519,3,0.75,1.0,1.0,1.0,0.9375,shared
n9520,3,0.75,1.0,1.0,1.0,0.9375,shared
n9521,3,0.75,1.0,1.0,1.0,0.9375,shared
n9522,4,1.0,1.0,1.0,1.0,1.0,shared
n9523,4,1.0,0.8,0.8,1.0,0.9,shared
n9524,4,1.0,1.0,1.0,1.0,1.0,shared
n9525,4,1.0,1.0,1.0,1.0,1.0,shared
n9526,4,1.0,1.0,1.0,1.0,1.0,shared
n9527,4,1.0,1.0,1.0,1.0,1.0,shared
n9528,3,0.75,1.0,1.0,1.0,0.9375,shared
n9529,3,0.75,1.0,1.0,1.0,0.9375,shared
n9530,3,0.75,1.0,1.0,1.0,0.9375,shared
n9531,4,1.0,1.0,1.0,1.0,1.0,shared
n9532,3,0.75,1.0,1.0,1.0,0.9375,shared
n9533,4,1.0,1.0,1.0,1.0,1.0,shared
n9534,4,1.0,1.0,1.0,1.0,1.0,shared
n9535,3,0.75,1.0,1.0,1.0,0.9375,shared
n9536,3,0.75,1.0,1.0,1.0,0.9375,shared
n9537,3,0.75,1.0,1.0,1.0,0.9375,shared
n9538,3,0.75,1.0,1.0,1.0,0.9375,shared
n9539,4,1.0,1.0,1.0,1.0,1.0,shared
n9540,3,0.75,1.0,1.0,1.0,0.9375,shared
n9541,4,1.0,1.0,1.0,1.0,1.0,shared
n9542,4,1.0,1.0,1.0,1.0,1.0,shared
n9543,3,0.75,1.0,1.0,1.0,0.9375,shared
n9544,4,1.0,1.0,1.0,1.0,1.0,shared
n9545,4,1.0,1.0,1.0,1.0,1.0,shared
n9546,4,1.0,0.5,0.5,1.0,0.75,shared
n9547,3,0.75,1.0,1.0,1.0,0.9375,shared
n9548,4,1.0,1.0,1.0,1.0,1.0,shared
n9549,4,1.0,1.0,1.0,1.0,1.0,shared
n9550,4,1.0,1.0,1.0,1.0,1.0,shared
n9551,4,1.0,1.0,1.0,1.0,1.0,shared
n9552,4,1.0,1.0,1.0,1.0,1.0,shared
n9553,4,1.0,1.0,1.0,1.0,1.0,shared
n9554,4,1.0,1.0,1.0,1.0,1.0,shared
n9555,4,1.0,1.0,1.0,1.0,1.0,shared
n9556,4,1.0,1.0,1.0,1.0,1.0,shared
n9557,3,0.75,1.0,1.0,1.0,0.9375,shared
n9558,3,0.75,1.0,1.0,1.0,0.9375,shared
n9559,4,1.0,1.0,1.0,1.0,1.0,shared
n9560,4,1.0,1.0,1.0,1.0,1.0,shared
n9561,3,0.75,1.0,1.0,1.0,0.9375,shared
n9562,4,1.0,1.0,1.0,1.0,1.0,shared
n9563,4,1.0,1.0,1.0,1.0,1.0,shared
n9564,3,0.75,1.0,1.0,1.0,0.9375,shared
n9565,4,1.0,1.0,1.0,1.0,1.0,shared
n9566,4,1.0,1.0,1.0,1.0,1.0,shared
n9567,4,1.0,1.0,1.0,1.0,1.0,shared
n9568,4,1.0,1.0,1.0,1.0,1.0,shared
n9569,4,1.0,1.0,1.0,1.0,1.0,shared
n9570,4,1.0,1.0,1.0,1.0,1.0,shared
n9571,4,1.0,1.0,1.0,1.0,1.0,shared
n9572,4,1.0,1.0,1.0,1.0,1.0,shared
n9573,4,1.0,1.0,1.0,1.0,1.0,shared
n9574,3,0.75,1.0,1.0,1.0,0.9375,shared
n9575,4,1.0,1.0,1.0,1.0,1.0,shared
n9576,3,0.75,1.0,1.0,1.0,0.9375,shared
n9577,3,0.75,1.0,1.0,1.0,0.9375,shared
n9578,4,1.0,1.0,1.0,1.0,1.0,shared
n9579,4,1.0,1.0,1.0,1.0,1.0,shared
n9580,3,0.75,1.0,1.0,1.0,0.9375,shared
n9581,4,1.0,1.0,1.0,1.0,1.0,shared
n9582,3,0.75,1.0,1.0,1.0,0.9375,shared
n9583,4,1.0,1.0,1.0,1.0,1.0,shared
n9584,4,1.0,1.0,1.0,1.0,1.0,shared
n9585,3,0.75,1.0,1.0,1.0,0.9375,shared
n9586,4,1.0,1.0,1.0,1.0,1.0,shared
n9587,4,1.0,1.0,1.0,1.0,1.0,shared
n9588,3,0.75,1.0,1.0,1.0,0.9375,shared
n9589,4,1.0,1.0,1.0,1.0,1.0,shared
n9590,4,1.0,1.0,1.0,1.0,1.0,shared
n9591,4,1.0,1.0,1.0,1.0,1.0,shared
n9592,4,1.0,1.0,1.0,1.0,1.0,shared
n9593,4,1.0,1.0,1.0,1.0,1.0,shared
n9594,3,0.75,1.0,1.0,1.0,0.9375,shared
n9595,4,1.0,1.0,1.0,1.0,1.0,shared
n9596,4,1.0,1.0,1.0,1.0,1.0,shared
n9597,3,0.75,1.0,1.0,1.0,0.9375,shared
n9598,3,0.75,1.0,1.0,1.0,0.9375,shared
n9599,3,0.75,1.0,1.0,1.0,0.9375,shared
n9600,4,1.0,1.0,1.0,1.0,1.0,shared
n9601,4,1.0,1.0,1.0,1.0,1.0,shared
n9602,4,1.0,1.0,1.0,1.0,1.0,shared
n9603,4,1.0,1.0,1.0,1.0,1.0,shared
n9604,3,0.75,1.0,1.0,1.0,0.9375,shared
n9605,3,0.75,1.0,1.0,1.0,0.9375,shared
n9606,3,0.75,1.0,1.0,1.0,0.9375,shared
n9607,3,0.75,1.0,1.0,1.0,0.9375,shared
n9608,4,1.0,1.0,1.0,1.0,1.0,shared
n9609,3,0.75,1.0,1.0,1.0,0.9375,shared
n9610,4,1.0,1.0,1.0,1.0,1.0,shared
n9611,3,0.75,1.0,1.0,1.0,0.9375,shared
n9612,3,0.75,1.0,1.0,1.0,0.9375,shared
n9613,4,1.0,1.0,0.36363636363636365,1.0,0.8409090909090909,shared
n9614,4,1.0,1.0,1.0,1.0,1.0,shared
n9615,3,0.75,1.0,1.0,1.0,0.9375,shared
n9616,4,1.0,1.0,1.0,1.0,1.0,shared
n9617,4,1.0,1.0,1.0,1.0,1.0,shared
n9618,4,1.0,1.0,1.0,1.0,1.0,shared
n9619,3,0.75,1.0,1.0,1.0,0.9375,shared
n9620,4,1.0,1.0,1.0,1.0,1.0,shared
n9621,3,0.75,1.0,1.0,1.0,0.9375,shared
n9622,4,1.0,1.0,1.0,1.0,1.0,shared
n9623,4,1.0,1.0,1.0,1.0,1.0,shared
n9624,4,1.0,0.5,0.5,1.0,0.75,shared
n9625,4,1.0,1.0,1.0,1.0,1.0,shared
n9626,4,1.0,1.0,1.0,1.0,1.0,shared
n9627,4,1.0,1.0,1.0,1.0,1.0,shared
n9628,4,1.0,1.0,1.0,1.0,1.0,shared
n9629,3,0.75,1.0,1.0,1.0,0.9375,shared
n9630,3,0.75,1.0,1.0,1.0,0.9375,shared
n9631,4,1.0,1.0,1.0,1.0,1.0,shared
n9632,4,1.0,1.0,1.0,1.0,1.0,shared
n9633,4,1.0,1.0,1.0,1.0,1.0,shared
n9634,4,1.0,1.0,1.0,1.0,1.0,shared
n9635,3,0.75,1.0,1.0,1.0,0.9375,shared
n9636,4,1.0,1.0,1.0,1.0,1.0,shared
n9637,4,1.0,1.0,1.0,1.0,1.0,shared
n9638,3,0.75,1.0,1.0,1.0,0.9375,shared
n9639,4,1.0,1.0,1.0,1.0,1.0,shared
n9640,4,1.0,1.0,1.0,1.0,1.0,shared
n9641,4,1.0,1.0,1.0,1.0,1.0,shared
n9642,4,1.0,1.0,1.0,1.0,1.0,shared
n9643,4,1.0,1.0,1.0,1.0,1.0,shared
n9644,3,0.75,1.0,1.0,1.0,0.9375,shared
n9645,4,1.0,1.0,1.0,1.0,1.0,shared
n9646,3,0.75,1.0,1.0,1.0,0.9375,shared
n9647,4,1.0,1.0,1.0,1.0,1.0,shared
n9648,4,1.0,1.0,1.0,1.0,1.0,shared
n9649,4,1.0,1.0,1.0,1.0,1.0,shared
n9650,4,1.0,1.0,1.0,1.0,1.0,shared
n9651,3,0.75,1.0,1.0,1.0,0.9375,shared
n9652,3,0.75,1.0,1.0,1.0,0.9375,shared
n9653,4,1.0,1.0,1.0,1.0,1.0,shared
n9654,3,0.75,1.0,1.0,1.0,0.9375,shared
n9655,4,1.0,0.5,1.0,1.0,0.875,shared
n9656,4,1.0,1.0,1.0,1.0,1.0,shared
n9657,4,1.0,1.0,1.0,1.0,1.0,shared
n9658,4,1.0,1.0,1.0,1.0,1.0,shared
n9659,4,1.0,0.631578947368421,0.8421052631578947,1.0,0.868421052631579,shared
n9660,4,1.0,1.0,1.0,1.0,1.0,shared
n9661,3,0.75,1.0,1.0,1.0,0.9375,shared
n9662,4,1.0,1.0,1.0,1.0,1.0,shared
n9663,3,0.75,1.0,1.0,1.0,0.9375,shared
n9664,4,1.0,1.0,1.0,1.0,1.0,shared
n9665,4,1.0,1.0,1.0,1.0,1.0,shared
n9666,3,0.75,1.0,1.0,1.0,0.9375,shared
n9667,4,1.0,1.0,1.0,1.0,1.0,shared
n9668,4,1.0,1.0,1.0,1.0,1.0,shared
n9669,3,0.75,1.0,1.0,1.0,0.9375,shared
n9670,4,1.0,1.0,1.0,1.0,1.0,shared
n9671,4,1.0,1.0,1.0,1.0,1.0,shared
n9672,4,1.0,1.0,1.0,1.0,1.0,shared
n9673,4,1.0,1.0,1.0,1.0,1.0,shared
n9674,4,1.0,1.0,1.0,1.0,1.0,shared
n9675,3,0.75,1.0,1.0,1.0,0.9375,shared
n9676,3,0.75,1.0,1.0,1.0,0.9375,shared
n9677,4,1.0,1.0,1.0,1.0,1.0,shared
n9678,3,0.75,1.0,1.0,1.0,0.9375,shared
n9679,4,1.0,1.0,1.0,1.0,1.0,shared
n9680,3,0.75,1.0,1.0,1.0,0.9375,shared
n9681,3,0.75,1.0,1.0,1.0,0.9375,shared
n9682,3,0.75,1.0,1.0,1.0,0.9375,shared
n9683,4,1.0,1.0,1.0,1.0,1.0,shared
n9684,4,1.0,1.0,1.0,1.0,1.0,shared
n9685,3,0.75,1.0,1.0,1.0,0.9375,shared
n9686,3,0.75,1.0,1.0,1.0,0.9375,shared
n9687,4,1.0,1.0,1.0,1.0,1.0,shared
n9688,4,1.0,1.0,1.0,1.0,1.0,shared
n9689,4,1.0,1.0,1.0,1.0,1.0,shared
n9690,4,1.0,1.0,1.0,1.0,1.0,shared
n9691,4,1.0,1.0,1.0,1.0,1.0,shared
n9692,4,1.0,1.0,1.0,1.0,1.0,shared
n9693,4,1.0,1.0,1.0,1.0,1.0,shared
n9694,4,1.0,1.0,1.0,1.0,1.0,shared
n9695,4,1.0,1.0,1.0,1.0,1.0,shared
n9696,4,1.0,1.0,1.0,1.0,1.0,shared
n9697,4,1.0,1.0,1.0,1.0,1.0,shared
n9698,3,0.75,1.0,1.0,1.0,0.9375,shared
n9699,4,1.0,1.0,1.0,1.0,1.0,shared
n9700,4,1.0,1.0,1.0,1.0,1.0,shared
n9701,3,0.75,1.0,1.0,1.0,0.9375,shared
n9702,3,0.75,1.0,1.0,1.0,0.9375,shared
n9703,4,1.0,1.0,1.0,1.0,1.0,shared
n9704,4,1.0,1.0,1.0,1.0,1.0,shared
n9705,4,1.0,1.0,1.0,1.0,1.0,shared
n9706,4,1.0,1.0,1.0,1.0,1.0,shared
n9707,4,1.0,1.0,1.0,1.0,1.0,shared
n9708,4,1.0,0.5,0.5,1.0,0.75,shared
n9709,3,0.75,1.0,1.0,1.0,0.9375,shared
n9710,4,1.0,1.0,1.0,1.0,1.0,shared
n9711,3,0.75,1.0,1.0,1.0,0.9375,shared
n9712,4,1.0,1.0,1.0,1.0,1.0,shared
n9713,4,1.0,1.0,1.0,1.0,1.0,shared
n9714,4,1.0,1.0,1.0,1.0,1.0,shared
n9715,4,1.0,1.0,1.0,1.0,1.0,shared
n9716,4,1.0,1.0,1.0,1.0,1.0,shared
n9717,4,1.0,1.0,1.0,1.0,1.0,shared
n9718,3,0.75,1.0,1.0,1.0,0.9375,shared
n9719,3,0.75,1.0,1.0,1.0,0.9375,shared
n9720,4,1.0,1.0,1.0,1.0,1.0,shared
n9721,4,1.0,1.0,1.0,1.0,1.0,shared
n9722,4,1.0,1.0,1.0,1.0,1.0,shared
n9723,4,1.0,1.0,1.0,1.0,1.0,shared
n9724,3,0.75,1.0,1.0,1.0,0.9375,shared
n9725,3,0.75,1.0,1.0,1.0,0.9375,shared
n9726,3,0.75,1.0,1.0,1.0,0.9375,shared
n9727,4,1.0,1.0,1.0,1.0,1.0,shared
n9728,4,1.0,1.0,1.0,1.0,1.0,shared
n9729,4,1.0,1.0,1.0,1.0,1.0,shared
n9730,4,1.0,1.0,1.0,1.0,1.0,shared
n9731,3,0.75,1.0,1.0,1.0,0.9375,shared
n9732,4,1.0,1.0,1.0,1.0,1.0,shared
n9733,4,1.0,1.0,1.0,1.0,1.0,shared
n9734,4,1.0,1.0,1.0,1.0,1.0,shared
n9735,3,0.75,1.0,1.0,1.0,0.9375,shared
n9736,3,0.75,1.0,1.0,1.0,0.9375,shared
n9737,4,1.0,1.0,1.0,1.0,1.0,shared
n9738,4,1.0,1.0,1.0,1.0,1.0,shared
n9739,3,0.75,1.0,1.0,1.0,0.9375,shared
n9740,4,1.0,1.0,1.0,1.0,1.0,shared
n9741,3,0.75,1.0,1.0,1.0,0.9375,shared
n9742,3,0.75,1.0,1.0,1.0,0.9375,shared
n9743,4,1.0,1.0,1.0,1.0,1.0,shared
n9744,4,1.0,1.0,1.0,1.0,1.0,shared
n9745,4,1.0,1.0,1.0,1.0,1.0,shared
n9746,3,0.75,1.0,1.0,1.0,0.9375,shared
n9747,4,1.0,1.0,1.0,1.0,1.0,shared
n9748,4,1.0,1.0,1.0,1.0,1.0,shared
n9749,4,1.0,1.0,1.0,1.0,1.0,shared
n9750,4,1.0,1.0,1.0,1.0,1.0,shared
n9751,4,1.0,1.0,1.0,1.0,1.0,shared
n9752,3,0.75,1.0,1.0,1.0,0.9375,shared
n9753,4,1.0,1.0,1.0,1.0,1.0,shared
n9754,4,1.0,1.0,1.0,1.0,1.0,shared
n9755,4,1.0,1.0,1.0,1.0,1.0,shared
n9756,4,1.0,1.0,1.0,1.0,1.0,shared
n9757,4,1.0,1.0,1.0,1.0,1.0,shared
n9758,4,1.0,1.0,1.0,1.0,1.0,shared
n9759,4,1.0,1.0,1.0,1.0,1.0,shared
n9760,4,1.0,1.0,1.0,1.0,1.0,shared
n9761,4,1.0,1.0,1.0,1.0,1.0,shared
n9762,3,0.75,1.0,1.0,1.0,0.9375,shared
n9763,4,1.0,1.0,1.0,1.0,1.0,shared
n9764,3,0.75,1.0,1.0,1.0,0.9375,shared
n9765,4,1.0,1.0,1.0,1.0,1.0,shared
n9766,3,0.75,0.5,0.5,1.0,0.6875,shared
n9767,3,0.75,1.0,1.0,1.0,0.9375,shared
n9768,4,1.0,1.0,1.0,1.0,1.0,shared
n9769,4,1.0,1.0,1.0,1.0,1.0,shared
n9770,4,1.0,1.0,1.0,1.0,1.0,shared
n9771,4,1.0,1.0,1.0,1.0,1.0,shared
n9772,4,1.0,1.0,0.6111111111111112,1.0,0.9027777777777778,shared
n9773,4,1.0,1.0,1.0,1.0,1.0,shared
n9774,4,1.0,1.0,1.0,1.0,1.0,shared
n9775,4,1.0,1.0,1.0,1.0,1.0,shared
n9776,3,0.75,1.0,1.0,1.0,0.9375,shared
n9777,4,1.0,1.0,1.0,1.0,1.0,shared
n9778,3,0.75,1.0,1.0,1.0,0.9375,shared
n9779,3,0.75,1.0,1.0,1.0,0.9375,shared
n9780,4,1.0,1.0,1.0,1.0,1.0,shared
n9781,4,1.0,1.0,1.0,1.0,1.0,shared
n9782,4,1.0,1.0,1.0,1.0,1.0,shared
n9783,3,0.75,1.0,1.0,1.0,0.9375,shared
n9784,4,1.0,1.0,1.0,1.0,1.0,shared
n9785,3,0.75,1.0,1.0,1.0,0.9375,shared
n9786,4,1.0,1.0,1.0,1.0,1.0,shared
n9787,4,1.0,1.0,1.0,1.0,1.0,shared
n9788,3,0.75,1.0,1.0,1.0,0.9375,shared
n9789,4,1.0,1.0,1.0,1.0,1.0,shared
n9790,4,1.0,1.0,1.0,1.0,1.0,shared
n9791,3,0.75,1.0,1.0,1.0,0.9375,shared
n9792,4,1.0,0.5714285714285714,0.5714285714285714,1.0,0.7857142857142857,shared
n9793,3,0.75,1.0,1.0,1.0,0.9375,shared
n9794,4,1.0,1.0,1.0,1.0,1.0,shared
n9795,4,1.0,1.0,1.0,1.0,1.0,shared
n9796,3,0.75,1.0,1.0,1.0,0.9375,shared
n9797,4,1.0,1.0,1.0,1.0,1.0,shared
n9798,3,0.75,1.0,1.0,1.0,0.9375,shared
n9799,4,1.0,1.0,0.5,1.0,0.875,shared
n9800,4,1.0,1.0,1.0,1.0,1.0,shared
n9801,3,0.75,1.0,1.0,1.0,0.9375,shared
n9802,4,1.0,1.0,1.0,1.0,1.0,shared
n9803,4,1.0,1.0,1.0,1.0,1.0,shared
n9804,4,1.0,1.0,1.0,1.0,1.0,shared
n9805,4,1.0,1.0,1.0,1.0,1.0,shared
n9806,4,1.0,1.0,1.0,1.0,1.0,shared
n9807,4,1.0,1.0,1.0,1.0,1.0,shared
n9808,4,1.0,1.0,1.0,1.0,1.0,shared
n9809,4,1.0,1.0,1.0,1.0,1.0,shared
n9810,4,1.0,1.0,1.0,1.0,1.0,shared
n9811,3,0.75,1.0,1.0,1.0,0.9375,shared
n9812,3,0.75,1.0,1.0,1.0,0.9375,shared
n9813,3,0.75,1.0,1.0,1.0,0.9375,shared
n9814,4,1.0,1.0,1.0,1.0,1.0,shared
n9815,4,1.0,1.0,1.0,1.0,1.0,shared
n9816,4,1.0,1.0,1.0,1.0,1.0,shared
n9817,3,0.75,1.0,1.0,1.0,0.9375,shared
n9818,3,0.75,0.5,0.5,1.0,0.6875,shared
n9819,4,1.0,1.0,1.0,1.0,1.0,shared
n9820,4,1.0,1.0,1.0,1.0,1.0,shared
n9821,4,1.0,1.0,1.0,1.0,1.0,shared
n9822,4,1.0,1.0,1.0,1.0,1.0,shared
n9823,3,0.75,0.5,0.5,1.0,0.6875,shared
n9824,3,0.75,1.0,1.0,1.0,0.9375,shared
n9825,4,1.0,1.0,1.0,1.0,1.0,shared
n9826,4,1.0,1.0,1.0,1.0,1.0,shared
n9827,4,1.0,1.0,1.0,1.0,1.0,shared
n9828,3,0.75,1.0,1.0,1.0,0.9375,shared
n9829,4,1.0,1.0,1.0,1.0,1.0,shared
n9830,3,0.75,1.0,1.0,1.0,0.9375,shared
n9831,4,1.0,1.0,1.0,1.0,1.0,shared
n9832,4,1.0,1.0,1.0,1.0,1.0,shared
n9833,4,1.0,1.0,1.0,1.0,1.0,shared
n9834,4,1.0,1.0,1.0,1.0,1.0,shared
n9835,3,0.75,1.0,1.0,1.0,0.9375,shared
n9836,3,0.75,1.0,1.0,1.0,0.9375,shared
n9837,4,1.0,1.0,1.0,1.0,1.0,shared
n9838,4,1.0,1.0,1.0,1.0,1.0,shared
n9839,4,1.0,1.0,1.0,1.0,1.0,shared
n9840,4,1.0,1.0,1.0,1.0,1.0,shared
n9841,3,0.75,1.0,1.0,1.0,0.9375,shared
n9842,4,1.0,1.0,1.0,1.0,1.0,shared
n9843,4,1.0,1.0,1.0,1.0,1.0,shared
n9844,4,1.0,1.0,1.0,1.0,1.0,shared
n9845,4,1.0,1.0,1.0,1.0,1.0,shared
n9846,4,1.0,1.0,1.0,1.0,1.0,shared
n9847,4,1.0,1.0,1.0,1.0,1.0,shared
n9848,4,1.0,1.0,1.0,1.0,1.0,shared
n9849,3,0.75,1.0,1.0,1.0,0.9375,shared
n9850,3,0.75,1.0,1.0,1.0,0.9375,shared
n9851,4,1.0,1.0,1.0,1.0,1.0,shared
n9852,4,1.0,1.0,1.0,1.0,1.0,shared
n9853,4,1.0,1.0,1.0,1.0,1.0,shared
n9854,4,1.0,1.0,1.0,1.0,1.0,shared
n9855,4,1.0,1.0,1.0,1.0,1.0,shared
n9856,4,1.0,1.0,1.0,1.0,1.0,shared
n9857,4,1.0,1.0,1.0,1.0,1.0,shared
n9858,4,1.0,1.0,1.0,1.0,1.0,shared
n9859,4,1.0,1.0,1.0,1.0,1.0,shared
n9860,4,1.0,1.0,1.0,1.0,1.0,shared
n9861,4,1.0,1.0,1.0,1.0,1.0,shared
n9862,4,1.0,1.0,1.0,1.0,1.0,shared
n9863,4,1.0,1.0,1.0,1.0,1.0,shared
n9864,4,1.0,1.0,1.0,1.0,1.0,shared
n9865,4,1.0,1.0,1.0,1.0,1.0,shared
n9866,4,1.0,1.0,0.75,1.0,0.9375,shared
n9867,4,1.0,1.0,1.0,1.0,1.0,shared
n9868,3,0.75,1.0,1.0,1.0,0.9375,shared
n9869,4,1.0,1.0,1.0,1.0,1.0,shared
n9870,4,1.0,1.0,1.0,1.0,1.0,shared
n9871,4,1.0,1.0,1.0,1.0,1.0,shared
n9872,3,0.75,1.0,1.0,1.0,0.9375,shared
n9873,4,1.0,1.0,1.0,1.0,1.0,shared
n9874,3,0.75,1.0,1.0,1.0,0.9375,shared
n9875,3,0.75,1.0,1.0,1.0,0.9375,shared
n9876,3,0.75,1.0,1.0,1.0,0.9375,shared
n9877,4,1.0,1.0,1.0,1.0,1.0,shared
n9878,3,0.75,1.0,1.0,1.0,0.9375,shared
n9879,4,1.0,1.0,1.0,1.0,1.0,shared
n9880,4,1.0,1.0,1.0,1.0,1.0,shared
n9881,4,1.0,1.0,1.0,1.0,1.0,shared
n9882,4,1.0,1.0,1.0,1.0,1.0,shared
n9883,4,1.0,1.0,1.0,1.0,1.0,shared
n9884,4,1.0,1.0,1.0,1.0,1.0,shared
n9885,4,1.0,1.0,1.0,1.0,1.0,shared
n9886,4,1.0,1.0,1.0,1.0,1.0,shared
n9887,3,0.75,1.0,1.0,1.0,0.9375,shared
n9888,3,0.75,1.0,1.0,1.0,0.9375,shared
n9889,3,0.75,1.0,1.0,1.0,0.9375,shared
n9890,4,1.0,1.0,1.0,1.0,1.0,shared
n9891,4,1.0,1.0,1.0,1.0,1.0,shared
n9892,4,1.0,1.0,1.0,1.0,1.0,shared
n9893,4,1.0,1.0,1.0,1.0,1.0,shared
n9894,4,1.0,1.0,1.0,1.0,1.0,shared
n9895,4,1.0,1.0,1.0,1.0,1.0,shared
n9896,3,0.75,1.0,1.0,1.0,0.9375,shared
n9897,3,0.75,1.0,1.0,1.0,0.9375,shared
n9898,4,1.0,1.0,1.0,1.0,1.0,shared
n9899,3,0.75,1.0,1.0,1.0,0.9375,shared
n9900,3,0.75,1.0,1.0,1.0,0.9375,shared
n9901,4,1.0,1.0,1.0,1.0,1.0,shared
n9902,3,0.75,1.0,1.0,1.0,0.9375,shared
n9903,4,1.0,1.0,1.0,1.0,1.0,shared
n9904,4,1.0,1.0,1.0,1.0,1.0,shared
n9905,4,1.0,1.0,1.0,1.0,1.0,shared
n9906,3,0.75,1.0,1.0,1.0,0.9375,shared
n9907,4,1.0,1.0,1.0,1.0,1.0,shared
n9908,4,1.0,0.5,1.0,1.0,0.875,shared
n9909,4,1.0,1.0,1.0,1.0,1.0,shared
n9910,4,1.0,1.0,1.0,1.0,1.0,shared
n9911,4,1.0,1.0,1.0,1.0,1.0,shared
n9912,3,0.75,1.0,1.0,1.0,0.9375,shared
n9913,4,1.0,1.0,1.0,1.0,1.0,shared
n9914,4,1.0,1.0,1.0,1.0,1.0,shared
n9915,4,1.0,1.0,1.0,1.0,1.0,shared
n9916,3,0.75,1.0,1.0,1.0,0.9375,shared
n9917,4,1.0,1.0,1.0,1.0,1.0,shared
n9918,4,1.0,1.0,1.0,1.0,1.0,shared
n9919,4,1.0,1.0,1.0,1.0,1.0,shared
n9920,3,0.75,1.0,1.0,1.0,0.9375,shared
n9921,4,1.0,1.0,1.0,1.0,1.0,shared
n9922,4,1.0,1.0,1.0,1.0,1.0,shared
n9923,4,1.0,1.0,1.0,1.0,1.0,shared
n9924,3,0.75,1.0,1.0,1.0,0.9375,shared
n9925,4,1.0,1.0,1.0,1.0,1.0,shared
n9926,3,0.75,1.0,1.0,1.0,0.9375,shared
n9927,3,0.75,1.0,1.0,1.0,0.9375,shared
n9928,4,1.0,1.0,1.0,1.0,1.0,shared
n9929,4,1.0,1.0,1.0,1.0,1.0,shared
n9930,4,1.0,1.0,1.0,1.0,1.0,shared
n9931,4,1.0,1.0,1.0,1.0,1.0,shared
n9932,4,1.0,1.0,1.0,1.0,1.0,shared
n9933,4,1.0,1.0,1.0,1.0,1.0,shared
n9934,4,1.0,1.0,1.0,1.0,1.0,shared
n9935,3,0.75,1.0,1.0,1.0,0.9375,shared
n9936,4,1.0,1.0,1.0,1.0,1.0,shared
n9937,3,0.75,1.0,1.0,1.0,0.9375,shared
n9938,4,1.0,1.0,1.0,1.0,1.0,shared
n9939,4,1.0,1.0,1.0,1.0,1.0,shared
n9940,4,1.0,1.0,1.0,1.0,1.0,shared
n9941,4,1.0,1.0,1.0,1.0,1.0,shared
n9942,4,1.0,1.0,1.0,1.0,1.0,shared
n9943,4,1.0,1.0,1.0,1.0,1.0,shared
n9944,4,1.0,1.0,1.0,1.0,1.0,shared
n9945,3,0.75,1.0,1.0,1.0,0.9375,shared
n9946,3,0.75,1.0,1.0,1.0,0.9375,shared
n9947,4,1.0,1.0,1.0,1.0,1.0,shared
n9948,4,1.0,1.0,1.0,1.0,1.0,shared
n9949,4,1.0,1.0,1.0,1.0,1.0,shared
n9950,3,0.75,1.0,1.0,1.0,0.9375,shared
n9951,4,1.0,1.0,1.0,1.0,1.0,shared
n9952,3,0.75,1.0,1.0,1.0,0.9375,shared
n9953,3,0.75,1.0,1.0,1.0,0.9375,shared
n9954,4,1.0,1.0,1.0,1.0,1.0,shared
n9955,3,0.75,1.0,1.0,1.0,0.9375,shared
n9956,4,1.0,1.0,1.0,1.0,1.0,shared
n9957,3,0.75,1.0,1.0,1.0,0.9375,shared
n9958,3,0.75,1.0,1.0,1.0,0.9375,shared
n9959,4,1.0,1.0,1.0,1.0,1.0,shared
n9960,3,0.75,1.0,1.0,1.0,0.9375,shared
n9961,3,0.75,1.0,1.0,1.0,0.9375,shared
n9962,3,0.75,1.0,1.0,1.0,0.9375,shared
n9963,4,1.0,1.0,1.0,1.0,1.0,shared
n9964,4,1.0,1.0,1.0,1.0,1.0,shared
n9965,4,1.0,1.0,1.0,1.0,1.0,shared
n9966,4,1.0,1.0,1.0,1.0,1.0,shared
n9967,4,1.0,1.0,1.0,1.0,1.0,shared
n9968,4,1.0,1.0,1.0,1.0,1.0,shared
n9969,4,1.0,1.0,1.0,1.0,1.0,shared
n9970,4,1.0,0.5,0.5,1.0,0.75,shared
n9971,4,1.0,0.5,0.5,1.0,0.75,shared
n9972,4,1.0,1.0,1.0,1.0,1.0,shared
n9973,4,1.0,1.0,1.0,1.0,1.0,shared
n9974,3,0.75,1.0,1.0,1.0,0.9375,shared
n9975,4,1.0,1.0,1.0,1.0,1.0,shared
n9976,4,1.0,1.0,1.0,1.0,1.0,shared
n9977,3,0.75,1.0,1.0,1.0,0.9375,shared
n9978,4,1.0,1.0,1.0,1.0,1.0,shared
n9979,4,1.0,1.0,1.0,1.0,1.0,shared
n9980,3,0.75,1.0,1.0,1.0,0.9375,shared
n9981,4,1.0,1.0,1.0,1.0,1.0,shared
n9982,3,0.75,1.0,1.0,1.0,0.9375,shared
n9983,3,0.75,1.0,1.0,1.0,0.9375,shared
n9984,4,1.0,1.0,1.0,1.0,1.0,shared
n9985,4,1.0,1.0,1.0,1.0,1.0,shared
n9986,3,0.75,1.0,1.0,1.0,0.9375,shared
n9987,4,1.0,1.0,1.0,1.0,1.0,shared
n9988,4,1.0,1.0,1.0,1.0,1.0,shared
n9989,4,1.0,1.0,1.0,1.0,1.0,shared
n9990,3,0.75,1.0,1.0,1.0,0.9375,shared
n9991,4,1.0,1.0,1.0,1.0,1.0,shared
n9992,4,1.0,1.0,1.0,1.0,1.0,shared
n9993,4,1.0,1.0,1.0,1.0,1.0,shared
n9994,4,1.0,1.0,1.0,1.0,1.0,shared
n9995,4,1.0,1.0,1.0,1.0,1.0,shared
n9996,4,1.0,1.0,1.0,1.0,1.0,shared
n9997,4,1.0,1.0,1.0,1.0,1.0,shared
n9998,3,0.75,1.0,1.0,1.0,0.9375,shared
n9999,4,1.0,1.0,1.0,1.0,1.0,shared
n10000,4,1.0,1.0,1.0,1.0,1.0,shared
n10001,4,1.0,1.0,1.0,1.0,1.0,shared
n10002,4,1.0,1.0,1.0,1.0,1.0,shared
n10003,4,1.0,0.5714285714285714,0.5714285714285714,1.0,0.7857142857142857,shared
n10004,4,1.0,1.0,1.0,1.0,1.0,shared
n10005,4,1.0,1.0,1.0,1.0,1.0,shared
n10006,3,0.75,1.0,1.0,1.0,0.9375,shared
n10007,4,1.0,1.0,1.0,1.0,1.0,shared
n10008,4,1.0,1.0,1.0,1.0,1.0,shared
n10009,4,1.0,1.0,1.0,1.0,1.0,shared
n10010,4,1.0,1.0,1.0,1.0,1.0,shared
n10011,3,0.75,1.0,1.0,1.0,0.9375,shared
n10012,4,1.0,1.0,1.0,1.0,1.0,shared
n10013,4,1.0,1.0,1.0,1.0,1.0,shared
n10014,4,1.0,1.0,1.0,1.0,1.0,shared
n10015,4,1.0,1.0,1.0,1.0,1.0,shared
n10016,4,1.0,1.0,1.0,1.0,1.0,shared
n10017,3,0.75,1.0,1.0,1.0,0.9375,shared
n10018,4,1.0,1.0,1.0,1.0,1.0,shared
n10019,4,1.0,1.0,1.0,1.0,1.0,shared
n10020,4,1.0,1.0,1.0,1.0,1.0,shared
n10021,4,1.0,1.0,1.0,1.0,1.0,shared
n10022,3,0.75,1.0,1.0,1.0,0.9375,shared
n10023,3,0.75,1.0,1.0,1.0,0.9375,shared
n10024,3,0.75,0.5,0.5,1.0,0.6875,shared
n10025,4,1.0,1.0,1.0,1.0,1.0,shared
n10026,4,1.0,1.0,1.0,1.0,1.0,shared
n10027,3,0.75,1.0,1.0,1.0,0.9375,shared
n10028,3,0.75,1.0,1.0,1.0,0.9375,shared
n10029,4,1.0,1.0,1.0,1.0,1.0,shared
n10030,4,1.0,1.0,1.0,1.0,1.0,shared
n10031,4,1.0,1.0,1.0,1.0,1.0,shared
n10032,4,1.0,1.0,1.0,1.0,1.0,shared
n10033,4,1.0,1.0,1.0,1.0,1.0,shared
n10034,4,1.0,1.0,1.0,1.0,1.0,shared
n10035,4,1.0,1.0,1.0,1.0,1.0,shared
n10036,4,1.0,1.0,1.0,1.0,1.0,shared
n10037,3,0.75,1.0,1.0,1.0,0.9375,shared
n10038,4,1.0,1.0,1.0,1.0,1.0,shared
n10039,4,1.0,1.0,1.0,1.0,1.0,shared
n10040,4,1.0,0.5,0.5,1.0,0.75,shared
n10041,4,1.0,1.0,1.0,1.0,1.0,shared
n10042,4,1.0,1.0,1.0,1.0,1.0,shared
n10043,4,1.0,1.0,1.0,1.0,1.0,shared
n10044,4,1.0,1.0,1.0,1.0,1.0,shared
n10045,3,0.75,1.0,1.0,1.0,0.9375,shared
n10046,3,0.75,1.0,1.0,1.0,0.9375,shared
n10047,4,1.0,1.0,1.0,1.0,1.0,shared
n10048,4,1.0,1.0,1.0,1.0,1.0,shared
n10049,4,1.0,1.0,1.0,1.0,1.0,shared
n10050,4,1.0,1.0,1.0,1.0,1.0,shared
n10051,4,1.0,1.0,1.0,1.0,1.0,shared
n10052,3,0.75,1.0,1.0,1.0,0.9375,shared
n10053,3,0.75,1.0,1.0,1.0,0.9375,shared
n10054,4,1.0,1.0,1.0,1.0,1.0,shared
n10055,4,1.0,1.0,1.0,1.0,1.0,shared
n10056,4,1.0,1.0,1.0,1.0,1.0,shared
n10057,4,1.0,1.0,1.0,1.0,1.0,shared
n10058,4,1.0,1.0,1.0,1.0,1.0,shared
n10059,4,1.0,1.0,1.0,1.0,1.0,shared
n10060,4,1.0,1.0,1.0,1.0,1.0,shared
n10061,3,0.75,1.0,1.0,1.0,0.9375,shared
n10062,3,0.75,1.0,1.0,1.0,0.9375,shared
n10063,4,1.0,1.0,1.0,1.0,1.0,shared
n10064,4,1.0,1.0,1.0,1.0,1.0,shared
n10065,4,1.0,1.0,1.0,1.0,1.0,shared
n10066,4,1.0,1.0,1.0,1.0,1.0,shared
n10067,4,1.0,1.0,1.0,1.0,1.0,shared
n10068,4,1.0,1.0,1.0,1.0,1.0,shared
n10069,3,0.75,1.0,1.0,1.0,0.9375,shared
n10070,4,1.0,1.0,1.0,1.0,1.0,shared
n10071,4,1.0,1.0,1.0,1.0,1.0,shared
n10072,3,0.75,1.0,1.0,1.0,0.9375,shared
n10073,4,1.0,1.0,1.0,1.0,1.0,shared
n10074,4,1.0,1.0,1.0,1.0,1.0,shared
n10075,4,1.0,1.0,1.0,1.0,1.0,shared
n10076,4,1.0,1.0,1.0,1.0,1.0,shared
n10077,3,0.75,1.0,1.0,1.0,0.9375,shared
n10078,4,1.0,1.0,1.0,1.0,1.0,shared
n10079,4,1.0,1.0,1.0,1.0,1.0,shared
n10080,4,1.0,1.0,1.0,1.0,1.0,shared
n10081,3,0.75,1.0,1.0,1.0,0.9375,shared
n10082,3,0.75,1.0,1.0,1.0,0.9375,shared
n10083,4,1.0,1.0,1.0,1.0,1.0,shared
n10084,4,1.0,1.0,1.0,1.0,1.0,shared
n10085,4,1.0,1.0,1.0,1.0,1.0,shared
n10086,4,1.0,1.0,1.0,1.0,1.0,shared
n10087,4,1.0,1.0,1.0,1.0,1.0,shared
n10088,3,0.75,1.0,1.0,1.0,0.9375,shared
n10089,4,1.0,1.0,1.0,1.0,1.0,shared
n10090,4,1.0,1.0,1.0,1.0,1.0,shared
n10091,4,1.0,1.0,1.0,1.0,1.0,shared
n10092,4,1.0,1.0,1.0,1.0,1.0,shared
n10093,4,1.0,1.0,1.0,1.0,1.0,shared
n10094,3,0.75,1.0,1.0,1.0,0.9375,shared
n10095,4,1.0,1.0,1.0,1.0,1.0,shared
n10096,4,1.0,1.0,1.0,1.0,1.0,shared
n10097,4,1.0,1.0,1.0,1.0,1.0,shared
n10098,3,0.75,1.0,1.0,1.0,0.9375,shared
n10099,4,1.0,1.0,1.0,1.0,1.0,shared
n10100,4,1.0,1.0,1.0,1.0,1.0,shared
n10101,4,1.0,1.0,1.0,1.0,1.0,shared
n10102,3,0.75,1.0,1.0,1.0,0.9375,shared
n10103,4,1.0,1.0,1.0,1.0,1.0,shared
n10104,4,1.0,1.0,1.0,1.0,1.0,shared
n10105,4,1.0,1.0,1.0,1.0,1.0,shared
n10106,4,1.0,1.0,1.0,1.0,1.0,shared
n10107,3,0.75,1.0,1.0,1.0,0.9375,shared
n10108,4,1.0,1.0,1.0,1.0,1.0,shared
n10109,3,0.75,1.0,1.0,1.0,0.9375,shared
n10110,4,1.0,1.0,1.0,1.0,1.0,shared
n10111,4,1.0,1.0,1.0,1.0,1.0,shared
n10112,4,1.0,1.0,1.0,1.0,1.0,shared
n10113,4,1.0,1.0,1.0,1.0,1.0,shared
n10114,4,1.0,1.0,1.0,1.0,1.0,shared
n10115,4,1.0,1.0,1.0,1.0,1.0,shared
n10116,4,1.0,1.0,1.0,1.0,1.0,shared
n10117,4,1.0,1.0,1.0,1.0,1.0,shared
n10118,4,1.0,1.0,1.0,1.0,1.0,shared
n10119,4,1.0,1.0,1.0,1.0,1.0,shared
n10120,4,1.0,1.0,1.0,1.0,1.0,shared
n10121,4,1.0,0.5,0.5,1.0,0.75,shared
n10122,4,1.0,1.0,1.0,1.0,1.0,shared
n10123,4,1.0,1.0,1.0,1.0,1.0,shared
n10124,4,1.0,1.0,1.0,1.0,1.0,shared
n10125,4,1.0,1.0,1.0,1.0,1.0,shared
n10126,4,1.0,1.0,1.0,1.0,1.0,shared
n10127,4,1.0,1.0,1.0,1.0,1.0,shared
n10128,3,0.75,1.0,1.0,1.0,0.9375,shared
n10129,3,0.75,1.0,1.0,1.0,0.9375,shared
n10130,4,1.0,1.0,1.0,1.0,1.0,shared
n10131,4,1.0,1.0,1.0,1.0,1.0,shared
n10132,4,1.0,1.0,1.0,1.0,1.0,shared
n10133,4,1.0,1.0,1.0,1.0,1.0,shared
n10134,4,1.0,1.0,1.0,1.0,1.0,shared
n10135,4,1.0,1.0,1.0,1.0,1.0,shared
n10136,3,0.75,1.0,1.0,1.0,0.9375,shared
n10137,4,1.0,1.0,1.0,1.0,1.0,shared
n10138,4,1.0,1.0,1.0,1.0,1.0,shared
n10139,3,0.75,1.0,1.0,1.0,0.9375,shared
n10140,4,1.0,1.0,1.0,1.0,1.0,shared
n10141,4,1.0,1.0,1.0,1.0,1.0,shared
n10142,3,0.75,1.0,1.0,1.0,0.9375,shared
n10143,3,0.75,1.0,1.0,1.0,0.9375,shared
n10144,4,1.0,1.0,1.0,1.0,1.0,shared
n10145,3,0.75,1.0,1.0,1.0,0.9375,shared
n10146,4,1.0,1.0,1.0,1.0,1.0,shared
n10147,3,0.75,1.0,1.0,1.0,0.9375,shared
n10148,4,1.0,1.0,1.0,1.0,1.0,shared
n10149,3,0.75,1.0,1.0,1.0,0.9375,shared
n10150,4,1.0,1.0,1.0,1.0,1.0,shared
n10151,4,1.0,1.0,1.0,1.0,1.0,shared
n10152,3,0.75,1.0,1.0,1.0,0.9375,shared
n10153,4,1.0,1.0,1.0,1.0,1.0,shared
n10154,4,1.0,1.0,1.0,1.0,1.0,shared
n10155,4,1.0,1.0,1.0,1.0,1.0,shared
n10156,3,0.75,1.0,1.0,1.0,0.9375,shared
n10157,4,1.0,0.5714285714285714,0.5714285714285714,1.0,0.7857142857142857,shared
n10158,3,0.75,1.0,1.0,1.0,0.9375,shared
n10159,4,1.0,0.5714285714285714,1.0,1.0,0.8928571428571428,shared
n10160,4,1.0,1.0,1.0,1.0,1.0,shared
n10161,4,1.0,1.0,1.0,1.0,1.0,shared
n10162,4,1.0,1.0,1.0,1.0,1.0,shared
n10163,4,1.0,1.0,1.0,1.0,1.0,shared
n10164,4,1.0,1.0,1.0,1.0,1.0,shared
n10165,3,0.75,1.0,1.0,1.0,0.9375,shared
n10166,4,1.0,1.0,1.0,1.0,1.0,shared
n10167,4,1.0,1.0,1.0,1.0,1.0,shared
n10168,4,1.0,1.0,1.0,1.0,1.0,shared
n10169,4,1.0,1.0,1.0,1.0,1.0,shared
n10170,4,1.0,0.5,0.5,1.0,0.75,shared
n10171,4,1.0,1.0,1.0,1.0,1.0,shared
n10172,4,1.0,1.0,1.0,1.0,1.0,shared
n10173,4,1.0,1.0,1.0,1.0,1.0,shared
n10174,4,1.0,1.0,1.0,1.0,1.0,shared
n10175,3,0.75,1.0,1.0,1.0,0.9375,shared
n10176,4,1.0,1.0,1.0,1.0,1.0,shared
n10177,4,1.0,1.0,1.0,1.0,1.0,shared
n10178,4,1.0,1.0,1.0,1.0,1.0,shared
n10179,3,0.75,1.0,1.0,1.0,0.9375,shared
n10180,3,0.75,1.0,1.0,1.0,0.9375,shared
n10181,4,1.0,1.0,1.0,1.0,1.0,shared
n10182,4,1.0,1.0,1.0,1.0,1.0,shared
n10183,4,1.0,1.0,1.0,1.0,1.0,shared
n10184,3,0.75,1.0,1.0,1.0,0.9375,shared
n10185,4,1.0,1.0,1.0,1.0,1.0,shared
n10186,3,0.75,1.0,1.0,1.0,0.9375,shared
n10187,4,1.0,1.0,1.0,1.0,1.0,shared
n10188,3,0.75,1.0,1.0,1.0,0.9375,shared
n10189,4,1.0,1.0,1.0,1.0,1.0,shared
n10190,4,1.0,1.0,1.0,1.0,1.0,shared
n10191,4,1.0,1.0,1.0,1.0,1.0,shared
n10192,3,0.75,1.0,1.0,1.0,0.9375,shared
n10193,3,0.75,1.0,1.0,1.0,0.9375,shared
n10194,4,1.0,1.0,1.0,1.0,1.0,shared
n10195,4,1.0,1.0,1.0,1.0,1.0,shared
n10196,4,1.0,1.0,1.0,1.0,1.0,shared
n10197,3,0.75,1.0,1.0,1.0,0.9375,shared
n10198,4,1.0,1.0,1.0,1.0,1.0,shared
n10199,3,0.75,1.0,1.0,1.0,0.9375,shared
n10200,4,1.0,1.0,1.0,1.0,1.0,shared
n10201,4,1.0,1.0,1.0,1.0,1.0,shared
n10202,4,1.0,1.0,1.0,1.0,1.0,shared
n10203,4,1.0,1.0,1.0,1.0,1.0,shared
n10204,4,1.0,1.0,1.0,1.0,1.0,shared
n10205,4,1.0,1.0,1.0,1.0,1.0,shared
n10206,4,1.0,1.0,1.0,1.0,1.0,shared
n10207,3,0.75,1.0,1.0,1.0,0.9375,shared
n10208,4,1.0,1.0,1.0,1.0,1.0,shared
n10209,4,1.0,1.0,1.0,1.0,1.0,shared
n10210,4,1.0,1.0,1.0,1.0,1.0,shared
n10211,4,1.0,1.0,1.0,1.0,1.0,shared
n10212,4,1.0,1.0,1.0,1.0,1.0,shared
n10213,3,0.75,1.0,1.0,1.0,0.9375,shared
n10214,3,0.75,1.0,1.0,1.0,0.9375,shared
n10215,4,1.0,1.0,1.0,1.0,1.0,shared
n10216,4,1.0,1.0,1.0,1.0,1.0,shared
n10217,3,0.75,1.0,1.0,1.0,0.9375,shared
n10218,4,1.0,1.0,1.0,1.0,1.0,shared
n10219,4,1.0,1.0,1.0,1.0,1.0,shared
n10220,3,0.75,1.0,1.0,1.0,0.9375,shared
n10221,4,1.0,1.0,1.0,1.0,1.0,shared
n10222,4,1.0,1.0,1.0,1.0,1.0,shared
n10223,4,1.0,1.0,1.0,1.0,1.0,shared
n10224,4,1.0,1.0,1.0,1.0,1.0,shared
n10225,3,0.75,1.0,1.0,1.0,0.9375,shared
n10226,3,0.75,1.0,1.0,1.0,0.9375,shared
n10227,4,1.0,1.0,1.0,1.0,1.0,shared
n10228,4,1.0,1.0,1.0,1.0,1.0,shared
n10229,4,1.0,1.0,1.0,1.0,1.0,shared
n10230,4,1.0,1.0,1.0,1.0,1.0,shared
n10231,4,1.0,1.0,1.0,1.0,1.0,shared
n10232,4,1.0,1.0,1.0,1.0,1.0,shared
n10233,4,1.0,1.0,1.0,1.0,1.0,shared
n10234,4,1.0,1.0,1.0,1.0,1.0,shared
n10235,4,1.0,1.0,1.0,1.0,1.0,shared
n10236,4,1.0,1.0,1.0,1.0,1.0,shared
n10237,4,1.0,1.0,1.0,1.0,1.0,shared
n10238,4,1.0,1.0,1.0,1.0,1.0,shared
n10239,4,1.0,1.0,1.0,1.0,1.0,shared
n10240,4,1.0,0.6666666666666666,0.3333333333333333,1.0,0.75,shared
n10241,4,1.0,1.0,1.0,1.0,1.0,shared
n10242,4,1.0,1.0,0.75,1.0,0.9375,shared
n10243,4,1.0,1.0,1.0,1.0,1.0,shared
n10244,4,1.0,1.0,1.0,1.0,1.0,shared
n10245,3,0.75,1.0,1.0,1.0,0.9375,shared
n10246,4,1.0,1.0,1.0,1.0,1.0,shared
n10247,4,1.0,1.0,1.0,1.0,1.0,shared
n10248,4,1.0,1.0,1.0,1.0,1.0,shared
n10249,4,1.0,1.0,1.0,1.0,1.0,shared
n10250,4,1.0,1.0,1.0,1.0,1.0,shared
n10251,3,0.75,1.0,1.0,1.0,0.9375,shared
n10252,3,0.75,1.0,1.0,1.0,0.9375,shared
n10253,4,1.0,1.0,1.0,1.0,1.0,shared
n10254,3,0.75,1.0,1.0,1.0,0.9375,shared
n10255,4,1.0,1.0,1.0,1.0,1.0,shared
n10256,4,1.0,1.0,1.0,1.0,1.0,shared
n10257,4,1.0,1.0,1.0,1.0,1.0,shared
n10258,4,1.0,1.0,1.0,1.0,1.0,shared
n10259,4,1.0,1.0,1.0,1.0,1.0,shared
n10260,4,1.0,0.6666666666666666,1.0,1.0,0.9166666666666666,shared
n10261,4,1.0,1.0,1.0,1.0,1.0,shared
n10262,4,1.0,1.0,1.0,1.0,1.0,shared
n10263,4,1.0,1.0,1.0,1.0,1.0,shared
n10264,4,1.0,1.0,1.0,1.0,1.0,shared
n10265,4,1.0,1.0,1.0,1.0,1.0,shared
n10266,4,1.0,1.0,1.0,1.0,1.0,shared
n10267,4,1.0,1.0,1.0,1.0,1.0,shared
n10268,4,1.0,1.0,1.0,1.0,1.0,shared
n10269,4,1.0,1.0,1.0,1.0,1.0,shared
n10270,3,0.75,1.0,1.0,1.0,0.9375,shared
n10271,4,1.0,1.0,1.0,1.0,1.0,shared
n10272,4,1.0,1.0,1.0,1.0,1.0,shared
n10273,3,0.75,1.0,1.0,1.0,0.9375,shared
n10274,4,1.0,1.0,1.0,1.0,1.0,shared
n10275,3,0.75,1.0,1.0,1.0,0.9375,shared
n10276,4,1.0,1.0,1.0,1.0,1.0,shared
n10277,4,1.0,1.0,1.0,1.0,1.0,shared
n10278,4,1.0,1.0,1.0,1.0,1.0,shared
n10279,4,1.0,1.0,1.0,1.0,1.0,shared
n10280,4,1.0,1.0,1.0,1.0,1.0,shared
n10281,4,1.0,1.0,1.0,1.0,1.0,shared
n10282,4,1.0,1.0,1.0,1.0,1.0,shared
n10283,3,0.75,1.0,1.0,1.0,0.9375,shared
n10284,4,1.0,1.0,1.0,1.0,1.0,shared
n10285,4,1.0,1.0,1.0,1.0,1.0,shared
n10286,3,0.75,1.0,1.0,1.0,0.9375,shared
n10287,3,0.75,1.0,1.0,1.0,0.9375,shared
n10288,4,1.0,1.0,1.0,1.0,1.0,shared
n10289,4,1.0,1.0,1.0,1.0,1.0,shared
n10290,4,1.0,1.0,1.0,1.0,1.0,shared
n10291,4,1.0,1.0,1.0,1.0,1.0,shared
n10292,3,0.75,1.0,1.0,1.0,0.9375,shared
n10293,4,1.0,1.0,1.0,1.0,1.0,shared
n10294,4,1.0,1.0,1.0,1.0,1.0,shared
n10295,4,1.0,1.0,1.0,1.0,1.0,shared
n10296,4,1.0,1.0,1.0,1.0,1.0,shared
n10297,3,0.75,1.0,1.0,1.0,0.9375,shared
n10298,4,1.0,1.0,1.0,1.0,1.0,shared
n10299,3,0.75,1.0,1.0,1.0,0.9375,shared
n10300,4,1.0,1.0,1.0,1.0,1.0,shared
n10301,4,1.0,1.0,1.0,1.0,1.0,shared
n10302,4,1.0,1.0,1.0,1.0,1.0,shared
n10303,4,1.0,1.0,1.0,1.0,1.0,shared
n10304,4,1.0,1.0,1.0,1.0,1.0,shared
n10305,4,1.0,1.0,1.0,1.0,1.0,shared
n10306,4,1.0,1.0,1.0,1.0,1.0,shared
n10307,3,0.75,1.0,1.0,1.0,0.9375,shared
n10308,3,0.75,1.0,1.0,1.0,0.9375,shared
n10309,4,1.0,1.0,1.0,1.0,1.0,shared
n10310,4,1.0,1.0,1.0,1.0,1.0,shared
n10311,4,1.0,1.0,1.0,1.0,1.0,shared
n10312,3,0.75,1.0,1.0,1.0,0.9375,shared
n10313,3,0.75,1.0,1.0,1.0,0.9375,shared
n10314,3,0.75,1.0,1.0,1.0,0.9375,shared
n10315,3,0.75,1.0,1.0,1.0,0.9375,shared
n10316,4,1.0,1.0,1.0,1.0,1.0,shared
n10317,4,1.0,1.0,1.0,1.0,1.0,shared
n10318,4,1.0,1.0,1.0,1.0,1.0,shared
n10319,3,0.75,1.0,1.0,1.0,0.9375,shared
n10320,4,1.0,1.0,1.0,1.0,1.0,shared
n10321,4,1.0,1.0,1.0,1.0,1.0,shared
n10322,4,1.0,1.0,1.0,1.0,1.0,shared
n10323,3,0.75,1.0,1.0,1.0,0.9375,shared
n10324,4,1.0,0.5,0.5,1.0,0.75,shared
n10325,4,1.0,1.0,1.0,1.0,1.0,shared
n10326,4,1.0,1.0,1.0,1.0,1.0,shared
n10327,4,1.0,1.0,1.0,1.0,1.0,shared
n10328,4,1.0,1.0,1.0,1.0,1.0,shared
n10329,4,1.0,1.0,1.0,1.0,1.0,shared
n10330,4,1.0,1.0,1.0,1.0,1.0,shared
n10331,3,0.75,1.0,1.0,1.0,0.9375,shared
n10332,4,1.0,1.0,1.0,1.0,1.0,shared
n10333,4,1.0,1.0,1.0,1.0,1.0,shared
n10334,4,1.0,1.0,1.0,1.0,1.0,shared
n10335,3,0.75,1.0,1.0,1.0,0.9375,shared
n10336,4,1.0,1.0,1.0,1.0,1.0,shared
n10337,4,1.0,1.0,1.0,1.0,1.0,shared
n10338,4,1.0,1.0,1.0,1.0,1.0,shared
n10339,4,1.0,1.0,1.0,1.0,1.0,shared
n10340,4,1.0,1.0,1.0,1.0,1.0,shared
n10341,4,1.0,1.0,1.0,1.0,1.0,shared
n10342,4,1.0,1.0,1.0,1.0,1.0,shared
n10343,3,0.75,1.0,1.0,1.0,0.9375,shared
n10344,4,1.0,1.0,1.0,1.0,1.0,shared
n10345,4,1.0,1.0,1.0,1.0,1.0,shared
n10346,4,1.0,1.0,1.0,1.0,1.0,shared
n10347,4,1.0,1.0,1.0,1.0,1.0,shared
n10348,4,1.0,1.0,1.0,1.0,1.0,shared
n10349,4,1.0,1.0,1.0,1.0,1.0,shared
n10350,3,0.75,1.0,1.0,1.0,0.9375,shared
n10351,4,1.0,1.0,1.0,1.0,1.0,shared
n10352,3,0.75,1.0,1.0,1.0,0.9375,shared
n10353,4,1.0,1.0,1.0,1.0,1.0,shared
n10354,4,1.0,1.0,1.0,1.0,1.0,shared
n10355,4,1.0,1.0,1.0,1.0,1.0,shared
n10356,3,0.75,1.0,1.0,1.0,0.9375,shared
n10357,4,1.0,1.0,1.0,1.0,1.0,shared
n10358,4,1.0,1.0,1.0,1.0,1.0,shared
n10359,4,1.0,1.0,1.0,1.0,1.0,shared
n10360,3,0.75,1.0,1.0,1.0,0.9375,shared
n10361,4,1.0,1.0,1.0,1.0,1.0,shared
n10362,4,1.0,1.0,1.0,1.0,1.0,shared
n10363,4,1.0,1.0,1.0,1.0,1.0,shared
n10364,4,1.0,1.0,1.0,1.0,1.0,shared
n10365,4,1.0,1.0,1.0,1.0,1.0,shared
n10366,4,1.0,1.0,1.0,1.0,1.0,shared
n10367,4,1.0,1.0,1.0,1.0,1.0,shared
n10368,4,1.0,1.0,1.0,1.0,1.0,shared
n10369,4,1.0,1.0,1.0,1.0,1.0,shared
n10370,4,1.0,1.0,1.0,1.0,1.0,shared
n10371,4,1.0,1.0,1.0,1.0,1.0,shared
n10372,3,0.75,1.0,1.0,1.0,0.9375,shared
n10373,4,1.0,1.0,1.0,1.0,1.0,shared
n10374,3,0.75,1.0,1.0,1.0,0.9375,shared
n10375,4,1.0,1.0,1.0,1.0,1.0,shared
n10376,4,1.0,1.0,1.0,1.0,1.0,shared
n10377,4,1.0,1.0,1.0,1.0,1.0,shared
n10378,4,1.0,1.0,1.0,1.0,1.0,shared
n10379,4,1.0,1.0,1.0,1.0,1.0,shared
n10380,4,1.0,1.0,1.0,1.0,1.0,shared
n10381,4,1.0,1.0,1.0,1.0,1.0,shared
n10382,4,1.0,1.0,1.0,1.0,1.0,shared
n10383,4,1.0,1.0,1.0,1.0,1.0,shared
n10384,4,1.0,1.0,1.0,1.0,1.0,shared
n10385,4,1.0,1.0,1.0,1.0,1.0,shared
n10386,4,1.0,1.0,1.0,1.0,1.0,shared
n10387,3,0.75,1.0,1.0,1.0,0.9375,shared
n10388,4,1.0,1.0,1.0,1.0,1.0,shared
n10389,4,1.0,1.0,1.0,1.0,1.0,shared
n10390,4,1.0,1.0,1.0,1.0,1.0,shared
n10391,4,1.0,1.0,1.0,1.0,1.0,shared
n10392,4,1.0,1.0,1.0,1.0,1.0,shared
n10393,4,1.0,1.0,1.0,1.0,1.0,shared
n10394,4,1.0,1.0,1.0,1.0,1.0,shared
n10395,4,1.0,1.0,1.0,1.0,1.0,shared
n10396,4,1.0,1.0,1.0,1.0,1.0,shared
n10397,4,1.0,1.0,1.0,1.0,1.0,shared
n10398,4,1.0,1.0,1.0,1.0,1.0,shared
n10399,4,1.0,1.0,1.0,1.0,1.0,shared
n10400,4,1.0,1.0,1.0,1.0,1.0,shared
n10401,4,1.0,1.0,1.0,1.0,1.0,shared
n10402,4,1.0,1.0,1.0,1.0,1.0,shared
n10403,4,1.0,1.0,1.0,1.0,1.0,shared
n10404,4,1.0,1.0,1.0,1.0,1.0,shared
n10405,4,1.0,1.0,1.0,1.0,1.0,shared
n10406,3,0.75,1.0,1.0,1.0,0.9375,shared
n10407,4,1.0,1.0,1.0,1.0,1.0,shared
n10408,4,1.0,1.0,1.0,1.0,1.0,shared
n10409,4,1.0,1.0,1.0,1.0,1.0,shared
n10410,4,1.0,1.0,1.0,1.0,1.0,shared
n10411,4,1.0,1.0,1.0,1.0,1.0,shared
n10412,4,1.0,1.0,1.0,1.0,1.0,shared
n10413,3,0.75,1.0,1.0,1.0,0.9375,shared
n10414,4,1.0,1.0,1.0,1.0,1.0,shared
n10415,4,1.0,1.0,1.0,1.0,1.0,shared
n10416,4,1.0,1.0,1.0,1.0,1.0,shared
n10417,4,1.0,1.0,1.0,1.0,1.0,shared
n10418,4,1.0,1.0,1.0,1.0,1.0,shared
n10419,4,1.0,1.0,1.0,1.0,1.0,shared
n10420,4,1.0,1.0,1.0,1.0,1.0,shared
n10421,4,1.0,1.0,1.0,1.0,1.0,shared
n10422,4,1.0,1.0,1.0,1.0,1.0,shared
n10423,4,1.0,1.0,1.0,1.0,1.0,shared
n10424,4,1.0,1.0,1.0,1.0,1.0,shared
n10425,4,1.0,1.0,1.0,1.0,1.0,shared
n10426,4,1.0,1.0,1.0,1.0,1.0,shared
n10427,4,1.0,1.0,1.0,1.0,1.0,shared
n10428,3,0.75,1.0,1.0,1.0,0.9375,shared
n10429,4,1.0,1.0,1.0,1.0,1.0,shared
n10430,4,1.0,1.0,1.0,1.0,1.0,shared
n10431,3,0.75,1.0,1.0,1.0,0.9375,shared
n10432,4,1.0,1.0,1.0,1.0,1.0,shared
n10433,3,0.75,1.0,1.0,1.0,0.9375,shared
n10434,3,0.75,1.0,1.0,1.0,0.9375,shared
n10435,4,1.0,1.0,1.0,1.0,1.0,shared
n10436,3,0.75,1.0,1.0,1.0,0.9375,shared
n10437,3,0.75,1.0,1.0,1.0,0.9375,shared
n10438,4,1.0,1.0,1.0,1.0,1.0,shared
n10439,4,1.0,1.0,1.0,1.0,1.0,shared
n10440,4,1.0,1.0,1.0,1.0,1.0,shared
n10441,4,1.0,1.0,1.0,1.0,1.0,shared
n10442,4,1.0,0.5,0.5,1.0,0.75,shared
n10443,4,1.0,1.0,1.0,1.0,1.0,shared
n10444,4,1.0,1.0,1.0,1.0,1.0,shared
n10445,4,1.0,1.0,1.0,1.0,1.0,shared
n10446,4,1.0,1.0,1.0,1.0,1.0,shared
n10447,4,1.0,1.0,1.0,1.0,1.0,shared
n10448,4,1.0,1.0,1.0,1.0,1.0,shared
n10449,4,1.0,1.0,1.0,1.0,1.0,shared
n10450,4,1.0,1.0,1.0,1.0,1.0,shared
n10451,4,1.0,1.0,1.0,1.0,1.0,shared
n10452,3,0.75,1.0,1.0,1.0,0.9375,shared
n10453,4,1.0,1.0,1.0,1.0,1.0,shared
n10454,4,1.0,1.0,1.0,1.0,1.0,shared
n10455,4,1.0,1.0,1.0,1.0,1.0,shared
n10456,4,1.0,1.0,1.0,1.0,1.0,shared
n10457,4,1.0,1.0,1.0,1.0,1.0,shared
n10458,4,1.0,1.0,1.0,1.0,1.0,shared
n10459,3,0.75,1.0,1.0,1.0,0.9375,shared
n10460,4,1.0,1.0,1.0,1.0,1.0,shared
n10461,4,1.0,1.0,1.0,1.0,1.0,shared
n10462,4,1.0,1.0,1.0,1.0,1.0,shared
n10463,4,1.0,1.0,1.0,1.0,1.0,shared
n10464,3,0.75,1.0,1.0,1.0,0.9375,shared
n10465,3,0.75,1.0,1.0,1.0,0.9375,shared
n10466,4,1.0,1.0,1.0,1.0,1.0,shared
n10467,4,1.0,1.0,1.0,1.0,1.0,shared
n10468,4,1.0,1.0,1.0,1.0,1.0,shared
n10469,4,1.0,1.0,1.0,1.0,1.0,shared
n10470,4,1.0,1.0,1.0,1.0,1.0,shared
n10471,4,1.0,1.0,1.0,1.0,1.0,shared
n10472,4,1.0,1.0,1.0,1.0,1.0,shared
n10473,3,0.75,1.0,1.0,1.0,0.9375,shared
n10474,4,1.0,1.0,1.0,1.0,1.0,shared
n10475,4,1.0,1.0,1.0,1.0,1.0,shared
n10476,4,1.0,1.0,1.0,1.0,1.0,shared
n10477,3,0.75,1.0,1.0,1.0,0.9375,shared
n10478,4,1.0,1.0,1.0,1.0,1.0,shared
n10479,4,1.0,1.0,1.0,1.0,1.0,shared
n10480,4,1.0,1.0,1.0,1.0,1.0,shared
n10481,4,1.0,1.0,1.0,1.0,1.0,shared
n10482,4,1.0,1.0,1.0,1.0,1.0,shared
n10483,4,1.0,1.0,1.0,1.0,1.0,shared
n10484,4,1.0,1.0,1.0,1.0,1.0,shared
n10485,4,1.0,1.0,1.0,1.0,1.0,shared
n10486,4,1.0,1.0,1.0,1.0,1.0,shared
n10487,4,1.0,1.0,1.0,1.0,1.0,shared
n10488,4,1.0,0.5,0.5,1.0,0.75,shared
n10489,3,0.75,1.0,1.0,1.0,0.9375,shared
n10490,4,1.0,1.0,1.0,1.0,1.0,shared
n10491,4,1.0,1.0,1.0,1.0,1.0,shared
n10492,4,1.0,1.0,1.0,1.0,1.0,shared
n10493,3,0.75,1.0,1.0,1.0,0.9375,shared
n10494,4,1.0,1.0,1.0,1.0,1.0,shared
n10495,4,1.0,1.0,1.0,1.0,1.0,shared
n10496,4,1.0,1.0,1.0,1.0,1.0,shared
n10497,3,0.75,1.0,1.0,1.0,0.9375,shared
n10498,4,1.0,1.0,1.0,1.0,1.0,shared
n10499,3,0.75,1.0,1.0,1.0,0.9375,shared
n10500,4,1.0,1.0,1.0,1.0,1.0,shared
n10501,4,1.0,1.0,1.0,1.0,1.0,shared
n10502,4,1.0,1.0,1.0,1.0,1.0,shared
n10503,4,1.0,1.0,1.0,1.0,1.0,shared
n10504,4,1.0,1.0,1.0,1.0,1.0,shared
n10505,4,1.0,1.0,1.0,1.0,1.0,shared
n10506,4,1.0,1.0,1.0,1.0,1.0,shared
n10507,4,1.0,1.0,1.0,1.0,1.0,shared
n10508,4,1.0,1.0,1.0,1.0,1.0,shared
n10509,4,1.0,1.0,1.0,1.0,1.0,shared
n10510,1,0.25,1.0,1.0,1.0,0.8125,rescued_private
n10511,4,1.0,0.5714285714285714,0.5714285714285714,1.0,0.7857142857142857,shared
n10512,3,0.75,1.0,1.0,1.0,0.9375,shared
n10513,4,1.0,1.0,1.0,1.0,1.0,shared
n10514,4,1.0,1.0,1.0,1.0,1.0,shared
n10515,4,1.0,1.0,1.0,1.0,1.0,shared
n10516,4,1.0,1.0,1.0,1.0,1.0,shared
n10517,3,0.75,1.0,1.0,1.0,0.9375,shared
n10518,4,1.0,1.0,1.0,1.0,1.0,shared
n10519,4,1.0,1.0,1.0,1.0,1.0,shared
n10520,4,1.0,1.0,1.0,1.0,1.0,shared
n10521,4,1.0,1.0,1.0,1.0,1.0,shared
n10522,4,1.0,1.0,1.0,1.0,1.0,shared
n10523,4,1.0,1.0,1.0,1.0,1.0,shared
n10524,4,1.0,1.0,1.0,1.0,1.0,shared
n10525,4,1.0,1.0,1.0,1.0,1.0,shared
n10526,4,1.0,0.5714285714285714,0.5714285714285714,1.0,0.7857142857142857,shared
n10527,3,0.75,1.0,1.0,1.0,0.9375,shared
n10528,3,0.75,1.0,1.0,1.0,0.9375,shared
n10529,4,1.0,1.0,1.0,1.0,1.0,shared
n10530,4,1.0,1.0,1.0,1.0,1.0,shared
n10531,3,0.75,1.0,1.0,1.0,0.9375,shared
n10532,3,0.75,1.0,1.0,1.0,0.9375,shared
n10533,4,1.0,1.0,1.0,1.0,1.0,shared
n10534,4,1.0,1.0,1.0,1.0,1.0,shared
n10535,4,1.0,1.0,1.0,1.0,1.0,shared
n10536,4,1.0,1.0,1.0,1.0,1.0,shared
n10537,4,1.0,1.0,1.0,1.0,1.0,shared
n10538,4,1.0,1.0,1.0,1.0,1.0,shared
n10539,4,1.0,1.0,1.0,1.0,1.0,shared
n10540,4,1.0,1.0,1.0,1.0,1.0,shared
n10541,4,1.0,1.0,1.0,1.0,1.0,shared
n10542,4,1.0,1.0,1.0,1.0,1.0,shared
n10543,4,1.0,0.5,0.5,1.0,0.75,shared
n10544,3,0.75,1.0,1.0,1.0,0.9375,shared
n10545,4,1.0,1.0,1.0,1.0,1.0,shared
n10546,4,1.0,1.0,1.0,1.0,1.0,shared
n10547,4,1.0,1.0,1.0,1.0,1.0,shared
n10548,4,1.0,0.5,0.5,1.0,0.75,shared
n10549,4,1.0,1.0,1.0,1.0,1.0,shared
n10550,4,1.0,1.0,1.0,1.0,1.0,shared
n10551,3,0.75,1.0,1.0,1.0,0.9375,shared
n10552,4,1.0,1.0,1.0,1.0,1.0,shared
n10553,3,0.75,1.0,1.0,1.0,0.9375,shared
n10554,4,1.0,1.0,1.0,1.0,1.0,shared
n10555,4,1.0,1.0,1.0,1.0,1.0,shared
n10556,4,1.0,1.0,1.0,1.0,1.0,shared
n10557,4,1.0,1.0,1.0,1.0,1.0,shared
n10558,4,1.0,1.0,1.0,1.0,1.0,shared
n10559,4,1.0,1.0,1.0,1.0,1.0,shared
n10560,3,0.75,1.0,1.0,1.0,0.9375,shared
n10561,4,1.0,1.0,1.0,1.0,1.0,shared
n10562,4,1.0,1.0,1.0,1.0,1.0,shared
n10563,4,1.0,1.0,1.0,1.0,1.0,shared
n10564,4,1.0,1.0,1.0,1.0,1.0,shared
n10565,4,1.0,1.0,1.0,1.0,1.0,shared
n10566,4,1.0,1.0,1.0,1.0,1.0,shared
n10567,4,1.0,1.0,1.0,1.0,1.0,shared
n10568,4,1.0,1.0,1.0,1.0,1.0,shared
n10569,4,1.0,1.0,1.0,1.0,1.0,shared
n10570,4,1.0,1.0,1.0,1.0,1.0,shared
n10571,4,1.0,1.0,1.0,1.0,1.0,shared
n10572,4,1.0,1.0,1.0,1.0,1.0,shared
n10573,3,0.75,1.0,1.0,1.0,0.9375,shared
n10574,4,1.0,1.0,1.0,1.0,1.0,shared
n10575,3,0.75,1.0,1.0,1.0,0.9375,shared
n10576,4,1.0,1.0,1.0,1.0,1.0,shared
n10577,4,1.0,1.0,1.0,1.0,1.0,shared
n10578,4,1.0,1.0,1.0,1.0,1.0,shared
n10579,4,1.0,1.0,1.0,1.0,1.0,shared
n10580,4,1.0,1.0,1.0,1.0,1.0,shared
n10581,4,1.0,1.0,1.0,1.0,1.0,shared
n10582,3,0.75,1.0,1.0,1.0,0.9375,shared
n10583,4,1.0,1.0,1.0,1.0,1.0,shared
n10584,4,1.0,1.0,1.0,1.0,1.0,shared
n10585,3,0.75,1.0,1.0,1.0,0.9375,shared
n10586,3,0.75,1.0,1.0,1.0,0.9375,shared
n10587,4,1.0,1.0,1.0,1.0,1.0,shared
n10588,4,1.0,1.0,1.0,1.0,1.0,shared
n10589,4,1.0,1.0,1.0,1.0,1.0,shared
n10590,3,0.75,1.0,1.0,1.0,0.9375,shared
n10591,4,1.0,1.0,1.0,1.0,1.0,shared
n10592,4,1.0,1.0,1.0,1.0,1.0,shared
n10593,4,1.0,1.0,1.0,1.0,1.0,shared
n10594,4,1.0,1.0,1.0,1.0,1.0,shared
n10595,4,1.0,1.0,1.0,1.0,1.0,shared
n10596,4,1.0,1.0,1.0,1.0,1.0,shared
n10597,4,1.0,1.0,1.0,1.0,1.0,shared
n10598,4,1.0,1.0,1.0,1.0,1.0,shared
n10599,4,1.0,1.0,1.0,1.0,1.0,shared
n10600,4,1.0,1.0,1.0,1.0,1.0,shared
n10601,4,1.0,1.0,1.0,1.0,1.0,shared
n10602,3,0.75,1.0,1.0,1.0,0.9375,shared
n10603,4,1.0,1.0,1.0,1.0,1.0,shared
n10604,4,1.0,1.0,1.0,1.0,1.0,shared
n10605,4,1.0,1.0,1.0,1.0,1.0,shared
n10606,4,1.0,1.0,1.0,1.0,1.0,shared
n10607,4,1.0,1.0,1.0,1.0,1.0,shared
n10608,4,1.0,1.0,1.0,1.0,1.0,shared
n10609,4,1.0,1.0,1.0,1.0,1.0,shared
n10610,3,0.75,1.0,1.0,1.0,0.9375,shared
n10611,4,1.0,1.0,1.0,1.0,1.0,shared
n10612,4,1.0,1.0,1.0,1.0,1.0,shared
n10613,4,1.0,1.0,1.0,1.0,1.0,shared
n10614,4,1.0,1.0,1.0,1.0,1.0,shared
n10615,4,1.0,1.0,1.0,1.0,1.0,shared
n10616,4,1.0,1.0,1.0,1.0,1.0,shared
n10617,4,1.0,1.0,1.0,1.0,1.0,shared
n10618,3,0.75,1.0,1.0,1.0,0.9375,shared
n10619,4,1.0,1.0,1.0,1.0,1.0,shared
n10620,4,1.0,1.0,1.0,1.0,1.0,shared
n10621,4,1.0,1.0,1.0,1.0,1.0,shared
n10622,4,1.0,1.0,1.0,1.0,1.0,shared
n10623,4,1.0,1.0,1.0,1.0,1.0,shared
n10624,4,1.0,1.0,1.0,1.0,1.0,shared
n10625,4,1.0,1.0,1.0,1.0,1.0,shared
n10626,4,1.0,1.0,1.0,1.0,1.0,shared
n10627,4,1.0,1.0,1.0,1.0,1.0,shared
n10628,4,1.0,1.0,1.0,1.0,1.0,shared
n10629,4,1.0,1.0,1.0,1.0,1.0,shared
n10630,4,1.0,1.0,1.0,1.0,1.0,shared
n10631,4,1.0,1.0,1.0,1.0,1.0,shared
n10632,4,1.0,1.0,1.0,1.0,1.0,shared
n10633,4,1.0,1.0,1.0,1.0,1.0,shared
n10634,4,1.0,1.0,1.0,1.0,1.0,shared
n10635,4,1.0,1.0,1.0,1.0,1.0,shared
n10636,3,0.75,1.0,1.0,1.0,0.9375,shared
n10637,4,1.0,1.0,1.0,1.0,1.0,shared
n10638,4,1.0,1.0,1.0,1.0,1.0,shared
n10639,4,1.0,1.0,1.0,1.0,1.0,shared
n10640,4,1.0,1.0,1.0,1.0,1.0,shared
n10641,4,1.0,1.0,1.0,1.0,1.0,shared
n10642,3,0.75,1.0,1.0,1.0,0.9375,shared
n10643,4,1.0,1.0,1.0,1.0,1.0,shared
n10644,4,1.0,1.0,1.0,1.0,1.0,shared
n10645,4,1.0,1.0,1.0,1.0,1.0,shared
n10646,3,0.75,1.0,1.0,1.0,0.9375,shared
n10647,4,1.0,1.0,1.0,1.0,1.0,shared
n10648,4,1.0,1.0,1.0,1.0,1.0,shared
n10649,3,0.75,1.0,1.0,1.0,0.9375,shared
n10650,4,1.0,1.0,1.0,1.0,1.0,shared
n10651,3,0.75,1.0,1.0,1.0,0.9375,shared
n10652,4,1.0,1.0,1.0,1.0,1.0,shared
n10653,3,0.75,1.0,1.0,1.0,0.9375,shared
n10654,4,1.0,1.0,1.0,1.0,1.0,shared
n10655,3,0.75,1.0,1.0,1.0,0.9375,shared
n10656,3,0.75,1.0,1.0,1.0,0.9375,shared
n10657,3,0.75,1.0,1.0,1.0,0.9375,shared
n10658,4,1.0,1.0,1.0,1.0,1.0,shared
n10659,4,1.0,1.0,1.0,1.0,1.0,shared
n10660,4,1.0,1.0,1.0,1.0,1.0,shared
n10661,4,1.0,1.0,1.0,1.0,1.0,shared
n10662,4,1.0,1.0,1.0,1.0,1.0,shared
n10663,3,0.75,1.0,1.0,1.0,0.9375,shared
n10664,3,0.75,1.0,1.0,1.0,0.9375,shared
n10665,3,0.75,1.0,1.0,1.0,0.9375,shared
n10666,4,1.0,1.0,1.0,1.0,1.0,shared
n10667,4,1.0,1.0,1.0,1.0,1.0,shared
n10668,4,1.0,1.0,1.0,1.0,1.0,shared
n10669,4,1.0,1.0,1.0,1.0,1.0,shared
n10670,4,1.0,1.0,1.0,1.0,1.0,shared
n10671,4,1.0,1.0,1.0,1.0,1.0,shared
n10672,3,0.75,1.0,1.0,1.0,0.9375,shared
n10673,3,0.75,1.0,1.0,1.0,0.9375,shared
n10674,4,1.0,1.0,1.0,1.0,1.0,shared
n10675,4,1.0,1.0,1.0,1.0,1.0,shared
n10676,4,1.0,1.0,1.0,1.0,1.0,shared
n10677,4,1.0,1.0,1.0,1.0,1.0,shared
n10678,4,1.0,1.0,1.0,1.0,1.0,shared
n10679,4,1.0,1.0,1.0,1.0,1.0,shared
n10680,4,1.0,1.0,1.0,1.0,1.0,shared
n10681,4,1.0,1.0,1.0,1.0,1.0,shared
n10682,4,1.0,1.0,1.0,1.0,1.0,shared
n10683,4,1.0,1.0,1.0,1.0,1.0,shared
n10684,4,1.0,1.0,1.0,1.0,1.0,shared
n10685,4,1.0,1.0,1.0,1.0,1.0,shared
n10686,4,1.0,1.0,1.0,1.0,1.0,shared
n10687,4,1.0,1.0,1.0,1.0,1.0,shared
n10688,4,1.0,1.0,1.0,1.0,1.0,shared
n10689,4,1.0,1.0,1.0,1.0,1.0,shared
n10690,3,0.75,1.0,1.0,1.0,0.9375,shared
n10691,4,1.0,1.0,1.0,1.0,1.0,shared
n10692,4,1.0,1.0,1.0,1.0,1.0,shared
n10693,3,0.75,1.0,1.0,1.0,0.9375,shared
n10694,3,0.75,1.0,1.0,1.0,0.9375,shared
n10695,3,0.75,1.0,1.0,1.0,0.9375,shared
n10696,4,1.0,1.0,1.0,1.0,1.0,shared
n10697,4,1.0,1.0,1.0,1.0,1.0,shared
n10698,4,1.0,1.0,1.0,1.0,1.0,shared
n10699,4,1.0,1.0,1.0,1.0,1.0,shared
n10700,3,0.75,1.0,1.0,1.0,0.9375,shared
n10701,3,0.75,1.0,1.0,1.0,0.9375,shared
n10702,4,1.0,1.0,1.0,1.0,1.0,shared
n10703,3,0.75,1.0,1.0,1.0,0.9375,shared
n10704,3,0.75,1.0,1.0,1.0,0.9375,shared
n10705,4,1.0,1.0,1.0,1.0,1.0,shared
n10706,3,0.75,1.0,1.0,1.0,0.9375,shared
n10707,3,0.75,1.0,1.0,1.0,0.9375,shared
n10708,3,0.75,1.0,1.0,1.0,0.9375,shared
n10709,3,0.75,1.0,1.0,1.0,0.9375,shared
n10710,4,1.0,1.0,1.0,1.0,1.0,shared
n10711,3,0.75,1.0,1.0,1.0,0.9375,shared
n10712,3,0.75,1.0,1.0,1.0,0.9375,shared
n10713,3,0.75,1.0,1.0,1.0,0.9375,shared
n10714,4,1.0,1.0,1.0,1.0,1.0,shared
n10715,4,1.0,1.0,1.0,1.0,1.0,shared
n10716,4,1.0,1.0,1.0,1.0,1.0,shared
n10717,2,0.5,1.0,1.0,1.0,0.875,shared
n10718,4,1.0,1.0,1.0,1.0,1.0,shared
n10719,4,1.0,1.0,1.0,1.0,1.0,shared
n10720,3,0.75,1.0,1.0,1.0,0.9375,shared
n10721,4,1.0,1.0,1.0,1.0,1.0,shared
n10722,4,1.0,1.0,1.0,1.0,1.0,shared
n10723,3,0.75,1.0,1.0,1.0,0.9375,shared
n10724,4,1.0,1.0,1.0,1.0,1.0,shared
n10725,4,1.0,1.0,1.0,1.0,1.0,shared
n10726,4,1.0,1.0,1.0,1.0,1.0,shared
n10727,4,1.0,1.0,1.0,1.0,1.0,shared
n10728,4,1.0,1.0,1.0,1.0,1.0,shared
n10729,4,1.0,1.0,1.0,1.0,1.0,shared
n10730,4,1.0,1.0,1.0,1.0,1.0,shared
n10731,3,0.75,1.0,1.0,1.0,0.9375,shared
n10732,4,1.0,1.0,1.0,1.0,1.0,shared
n10733,3,0.75,1.0,1.0,1.0,0.9375,shared
n10734,3,0.75,1.0,1.0,1.0,0.9375,shared
n10735,4,1.0,1.0,1.0,1.0,1.0,shared
n10736,4,1.0,1.0,1.0,1.0,1.0,shared
n10737,4,1.0,1.0,1.0,1.0,1.0,shared
n10738,4,1.0,1.0,1.0,1.0,1.0,shared
n10739,4,1.0,1.0,1.0,1.0,1.0,shared
n10740,4,1.0,1.0,1.0,1.0,1.0,shared
n10741,4,1.0,1.0,1.0,1.0,1.0,shared
n10742,4,1.0,1.0,1.0,1.0,1.0,shared
n10743,4,1.0,1.0,1.0,1.0,1.0,shared
n10744,3,0.75,1.0,1.0,1.0,0.9375,shared
n10745,4,1.0,1.0,1.0,1.0,1.0,shared
n10746,4,1.0,1.0,1.0,1.0,1.0,shared
n10747,3,0.75,1.0,1.0,1.0,0.9375,shared
n10748,4,1.0,1.0,1.0,1.0,1.0,shared
n10749,3,0.75,1.0,1.0,1.0,0.9375,shared
n10750,4,1.0,1.0,1.0,1.0,1.0,shared
n10751,4,1.0,1.0,1.0,1.0,1.0,shared
n10752,4,1.0,1.0,1.0,1.0,1.0,shared
n10753,4,1.0,1.0,1.0,1.0,1.0,shared
n10754,4,1.0,1.0,1.0,1.0,1.0,shared
n10755,3,0.75,1.0,1.0,1.0,0.9375,shared
n10756,4,1.0,1.0,1.0,1.0,1.0,shared
n10757,4,1.0,1.0,1.0,1.0,1.0,shared
n10758,4,1.0,1.0,1.0,1.0,1.0,shared
n10759,3,0.75,1.0,1.0,1.0,0.9375,shared
n10760,4,1.0,1.0,1.0,1.0,1.0,shared
n10761,4,1.0,1.0,1.0,1.0,1.0,shared
n10762,3,0.75,1.0,1.0,1.0,0.9375,shared
n10763,3,0.75,1.0,1.0,1.0,0.9375,shared
n10764,3,0.75,1.0,1.0,1.0,0.9375,shared
n10765,3,0.75,1.0,1.0,1.0,0.9375,shared
n10766,4,1.0,1.0,1.0,1.0,1.0,shared
n10767,4,1.0,0.5,0.5,1.0,0.75,shared
n10768,3,0.75,1.0,1.0,1.0,0.9375,shared
n10769,4,1.0,1.0,1.0,1.0,1.0,shared
n10770,4,1.0,1.0,1.0,1.0,1.0,shared
n10771,4,1.0,1.0,1.0,1.0,1.0,shared
n10772,4,1.0,1.0,1.0,1.0,1.0,shared
n10773,4,1.0,1.0,1.0,1.0,1.0,shared
n10774,4,1.0,1.0,1.0,1.0,1.0,shared
n10775,4,1.0,1.0,1.0,1.0,1.0,shared
n10776,4,1.0,1.0,1.0,1.0,1.0,shared
n10777,4,1.0,1.0,1.0,1.0,1.0,shared
n10778,4,1.0,1.0,1.0,1.0,1.0,shared
n10779,4,1.0,1.0,1.0,1.0,1.0,shared
n10780,4,1.0,0.5714285714285714,0.5714285714285714,1.0,0.7857142857142857,shared
n10781,3,0.75,1.0,1.0,1.0,0.9375,shared
n10782,3,0.75,1.0,1.0,1.0,0.9375,shared
n10783,3,0.75,1.0,1.0,1.0,0.9375,shared
n10784,4,1.0,1.0,1.0,1.0,1.0,shared
n10785,4,1.0,1.0,1.0,1.0,1.0,shared
n10786,4,1.0,1.0,1.0,1.0,1.0,shared
n10787,4,1.0,1.0,1.0,1.0,1.0,shared
n10788,4,1.0,1.0,1.0,1.0,1.0,shared
n10789,4,1.0,1.0,1.0,1.0,1.0,shared
n10790,4,1.0,1.0,1.0,1.0,1.0,shared
n10791,4,1.0,1.0,1.0,1.0,1.0,shared
n10792,3,0.75,1.0,1.0,1.0,0.9375,shared
n10793,4,1.0,1.0,1.0,1.0,1.0,shared
n10794,3,0.75,1.0,1.0,1.0,0.9375,shared
n10795,4,1.0,1.0,1.0,1.0,1.0,shared
n10796,3,0.75,1.0,1.0,1.0,0.9375,shared
n10797,4,1.0,1.0,1.0,1.0,1.0,shared
n10798,4,1.0,1.0,1.0,1.0,1.0,shared
n10799,4,1.0,1.0,1.0,1.0,1.0,shared
n10800,4,1.0,1.0,1.0,1.0,1.0,shared
n10801,4,1.0,1.0,1.0,1.0,1.0,shared
n10802,4,1.0,1.0,1.0,1.0,1.0,shared
n10803,3,0.75,1.0,1.0,1.0,0.9375,shared
n10804,4,1.0,1.0,1.0,1.0,1.0,shared
n10805,4,1.0,1.0,1.0,1.0,1.0,shared
n10806,4,1.0,1.0,1.0,1.0,1.0,shared
n10807,3,0.75,1.0,1.0,1.0,0.9375,shared
n10808,4,1.0,1.0,1.0,1.0,1.0,shared
n10809,4,1.0,1.0,1.0,1.0,1.0,shared
n10810,4,1.0,1.0,1.0,1.0,1.0,shared
n10811,4,1.0,1.0,1.0,1.0,1.0,shared
n10812,3,0.75,1.0,1.0,1.0,0.9375,shared
n10813,4,1.0,1.0,1.0,1.0,1.0,shared
n10814,4,1.0,1.0,1.0,1.0,1.0,shared
n10815,4,1.0,1.0,1.0,1.0,1.0,shared
n10816,4,1.0,1.0,1.0,1.0,1.0,shared
n10817,4,1.0,1.0,1.0,1.0,1.0,shared
n10818,4,1.0,1.0,1.0,1.0,1.0,shared
n10819,4,1.0,1.0,1.0,1.0,1.0,shared
n10820,4,1.0,1.0,1.0,1.0,1.0,shared
n10821,4,1.0,1.0,1.0,1.0,1.0,shared
n10822,4,1.0,1.0,1.0,1.0,1.0,shared
n10823,4,1.0,1.0,1.0,1.0,1.0,shared
n10824,4,1.0,1.0,1.0,1.0,1.0,shared
n10825,4,1.0,1.0,1.0,1.0,1.0,shared
n10826,4,1.0,1.0,1.0,1.0,1.0,shared
n10827,4,1.0,1.0,1.0,1.0,1.0,shared
n10828,4,1.0,1.0,1.0,1.0,1.0,shared
n10829,4,1.0,1.0,1.0,1.0,1.0,shared
n10830,4,1.0,1.0,1.0,1.0,1.0,shared
n10831,4,1.0,1.0,1.0,1.0,1.0,shared
n10832,4,1.0,1.0,1.0,1.0,1.0,shared
n10833,4,1.0,1.0,1.0,1.0,1.0,shared
n10834,4,1.0,1.0,1.0,1.0,1.0,shared
n10835,3,0.75,1.0,1.0,1.0,0.9375,shared
n10836,4,1.0,1.0,1.0,1.0,1.0,shared
n10837,4,1.0,1.0,1.0,1.0,1.0,shared
n10838,4,1.0,1.0,1.0,1.0,1.0,shared
n10839,4,1.0,0.5,0.5,1.0,0.75,shared
n10840,4,1.0,1.0,1.0,1.0,1.0,shared
n10841,4,1.0,1.0,1.0,1.0,1.0,shared
n10842,4,1.0,1.0,1.0,1.0,1.0,shared
n10843,4,1.0,1.0,1.0,1.0,1.0,shared
n10844,4,1.0,1.0,1.0,1.0,1.0,shared
n10845,3,0.75,1.0,1.0,1.0,0.9375,shared
n10846,4,1.0,1.0,1.0,1.0,1.0,shared
n10847,4,1.0,1.0,1.0,1.0,1.0,shared
n10848,3,0.75,1.0,1.0,1.0,0.9375,shared
n10849,4,1.0,1.0,1.0,1.0,1.0,shared
n10850,3,0.75,1.0,1.0,1.0,0.9375,shared
n10851,4,1.0,1.0,1.0,1.0,1.0,shared
n10852,4,1.0,1.0,1.0,1.0,1.0,shared
n10853,4,1.0,1.0,1.0,1.0,1.0,shared
n10854,4,1.0,1.0,1.0,1.0,1.0,shared
n10855,4,1.0,1.0,1.0,1.0,1.0,shared
n10856,4,1.0,1.0,1.0,1.0,1.0,shared
n10857,4,1.0,1.0,1.0,1.0,1.0,shared
n10858,4,1.0,1.0,1.0,1.0,1.0,shared
n10859,3,0.75,1.0,1.0,1.0,0.9375,shared
n10860,3,0.75,1.0,1.0,1.0,0.9375,shared
n10861,4,1.0,1.0,1.0,1.0,1.0,shared
n10862,4,1.0,1.0,1.0,1.0,1.0,shared
n10863,4,1.0,1.0,1.0,1.0,1.0,shared
n10864,3,0.75,1.0,1.0,1.0,0.9375,shared
n10865,4,1.0,1.0,1.0,1.0,1.0,shared
n10866,4,1.0,1.0,1.0,1.0,1.0,shared
n10867,4,1.0,1.0,1.0,1.0,1.0,shared
n10868,4,1.0,1.0,1.0,1.0,1.0,shared
n10869,4,1.0,1.0,1.0,1.0,1.0,shared
n10870,3,0.75,1.0,1.0,1.0,0.9375,shared
n10871,3,0.75,1.0,1.0,1.0,0.9375,shared
n10872,4,1.0,1.0,1.0,1.0,1.0,shared
n10873,3,0.75,1.0,1.0,1.0,0.9375,shared
n10874,3,0.75,1.0,1.0,1.0,0.9375,shared
n10875,4,1.0,1.0,1.0,1.0,1.0,shared
n10876,4,1.0,1.0,1.0,1.0,1.0,shared
n10877,4,1.0,1.0,1.0,1.0,1.0,shared
n10878,4,1.0,1.0,1.0,1.0,1.0,shared
n10879,4,1.0,1.0,1.0,1.0,1.0,shared
n10880,4,1.0,1.0,1.0,1.0,1.0,shared
n10881,4,1.0,1.0,1.0,1.0,1.0,shared
n10882,4,1.0,1.0,1.0,1.0,1.0,shared
n10883,4,1.0,1.0,1.0,1.0,1.0,shared
n10884,4,1.0,1.0,1.0,1.0,1.0,shared
n10885,3,0.75,1.0,1.0,1.0,0.9375,shared
n10886,4,1.0,1.0,1.0,1.0,1.0,shared
n10887,4,1.0,1.0,1.0,1.0,1.0,shared
n10888,4,1.0,1.0,1.0,1.0,1.0,shared
n10889,4,1.0,1.0,1.0,1.0,1.0,shared
n10890,3,0.75,1.0,1.0,1.0,0.9375,shared
n10891,3,0.75,1.0,1.0,1.0,0.9375,shared
n10892,4,1.0,1.0,1.0,1.0,1.0,shared
n10893,4,1.0,1.0,1.0,1.0,1.0,shared
n10894,4,1.0,1.0,1.0,1.0,1.0,shared
n10895,3,0.75,1.0,1.0,1.0,0.9375,shared
n10896,4,1.0,1.0,1.0,1.0,1.0,shared
n10897,4,1.0,1.0,1.0,1.0,1.0,shared
n10898,4,1.0,1.0,1.0,1.0,1.0,shared
n10899,4,1.0,1.0,1.0,1.0,1.0,shared
n10900,4,1.0,1.0,1.0,1.0,1.0,shared
n10901,4,1.0,1.0,1.0,1.0,1.0,shared
n10902,4,1.0,1.0,1.0,1.0,1.0,shared
n10903,4,1.0,1.0,1.0,1.0,1.0,shared
n10904,4,1.0,1.0,1.0,1.0,1.0,shared
n10905,4,1.0,1.0,1.0,1.0,1.0,shared
n10906,4,1.0,1.0,1.0,1.0,1.0,shared
n10907,3,0.75,1.0,1.0,1.0,0.9375,shared
n10908,4,1.0,1.0,1.0,1.0,1.0,shared
n10909,4,1.0,1.0,1.0,1.0,1.0,shared
n10910,4,1.0,1.0,1.0,1.0,1.0,shared
n10911,4,1.0,1.0,1.0,1.0,1.0,shared
n10912,3,0.75,1.0,1.0,1.0,0.9375,shared
n10913,4,1.0,0.5,0.5,1.0,0.75,shared
n10914,4,1.0,1.0,1.0,1.0,1.0,shared
n10915,3,0.75,1.0,1.0,1.0,0.9375,shared
n10916,4,1.0,1.0,1.0,1.0,1.0,shared
n10917,4,1.0,1.0,1.0,1.0,1.0,shared
n10918,4,1.0,1.0,1.0,1.0,1.0,shared
n10919,3,0.75,1.0,1.0,1.0,0.9375,shared
n10920,3,0.75,1.0,1.0,1.0,0.9375,shared
n10921,4,1.0,1.0,1.0,1.0,1.0,shared
n10922,4,1.0,0.5,0.5,1.0,0.75,shared
n10923,4,1.0,1.0,1.0,1.0,1.0,shared
n10924,4,1.0,0.5714285714285714,0.5714285714285714,1.0,0.7857142857142857,shared
n10925,4,1.0,1.0,1.0,1.0,1.0,shared
n10926,4,1.0,1.0,1.0,1.0,1.0,shared
n10927,4,1.0,1.0,1.0,1.0,1.0,shared
n10928,4,1.0,1.0,1.0,1.0,1.0,shared
n10929,4,1.0,1.0,1.0,1.0,1.0,shared
n10930,3,0.75,1.0,1.0,1.0,0.9375,shared
n10931,3,0.75,1.0,1.0,1.0,0.9375,shared
n10932,4,1.0,1.0,1.0,1.0,1.0,shared
n10933,3,0.75,1.0,1.0,1.0,0.9375,shared
n10934,4,1.0,1.0,1.0,1.0,1.0,shared
n10935,4,1.0,1.0,1.0,1.0,1.0,shared
n10936,4,1.0,1.0,1.0,1.0,1.0,shared
n10937,3,0.75,1.0,1.0,1.0,0.9375,shared
n10938,4,1.0,1.0,1.0,1.0,1.0,shared
n10939,4,1.0,1.0,1.0,1.0,1.0,shared
n10940,4,1.0,1.0,1.0,1.0,1.0,shared
n10941,4,1.0,1.0,0.5,1.0,0.875,shared
n10942,4,1.0,1.0,1.0,1.0,1.0,shared
n10943,4,1.0,1.0,1.0,1.0,1.0,shared
n10944,4,1.0,1.0,1.0,1.0,1.0,shared
n10945,3,0.75,1.0,1.0,1.0,0.9375,shared
n10946,4,1.0,1.0,1.0,1.0,1.0,shared
n10947,4,1.0,1.0,1.0,1.0,1.0,shared
n10948,4,1.0,1.0,1.0,1.0,1.0,shared
n10949,4,1.0,1.0,1.0,1.0,1.0,shared
n10950,4,1.0,1.0,1.0,1.0,1.0,shared
n10951,4,1.0,1.0,1.0,1.0,1.0,shared
n10952,4,1.0,1.0,1.0,1.0,1.0,shared
n10953,4,1.0,1.0,1.0,1.0,1.0,shared
n10954,3,0.75,1.0,1.0,1.0,0.9375,shared
n10955,4,1.0,1.0,1.0,1.0,1.0,shared
n10956,3,0.75,1.0,1.0,1.0,0.9375,shared
n10957,4,1.0,1.0,1.0,1.0,1.0,shared
n10958,4,1.0,1.0,1.0,1.0,1.0,shared
n10959,4,1.0,1.0,1.0,1.0,1.0,shared
n10960,4,1.0,1.0,1.0,1.0,1.0,shared
n10961,4,1.0,1.0,1.0,1.0,1.0,shared
n10962,4,1.0,1.0,1.0,1.0,1.0,shared
n10963,4,1.0,1.0,1.0,1.0,1.0,shared
n10964,4,1.0,1.0,1.0,1.0,1.0,shared
n10965,4,1.0,1.0,1.0,1.0,1.0,shared
n10966,4,1.0,1.0,1.0,1.0,1.0,shared
n10967,4,1.0,1.0,1.0,1.0,1.0,shared
n10968,4,1.0,1.0,1.0,1.0,1.0,shared
n10969,3,0.75,1.0,1.0,1.0,0.9375,shared
n10970,4,1.0,1.0,1.0,1.0,1.0,shared
n10971,4,1.0,1.0,1.0,1.0,1.0,shared
n10972,4,1.0,1.0,1.0,1.0,1.0,shared
n10973,4,1.0,1.0,1.0,1.0,1.0,shared
n10974,4,1.0,1.0,1.0,1.0,1.0,shared
n10975,3,0.75,1.0,1.0,1.0,0.9375,shared
n10976,4,1.0,1.0,1.0,1.0,1.0,shared
n10977,4,1.0,1.0,1.0,1.0,1.0,shared
n10978,4,1.0,1.0,1.0,1.0,1.0,shared
n10979,4,1.0,1.0,0.6666666666666666,1.0,0.9166666666666666,shared
n10980,3,0.75,1.0,1.0,1.0,0.9375,shared
n10981,4,1.0,1.0,1.0,1.0,1.0,shared
n10982,3,0.75,1.0,1.0,1.0,0.9375,shared
n10983,4,1.0,1.0,1.0,1.0,1.0,shared
n10984,4,1.0,1.0,1.0,1.0,1.0,shared
n10985,3,0.75,1.0,1.0,1.0,0.9375,shared
n10986,3,0.75,1.0,1.0,1.0,0.9375,shared
n10987,3,0.75,1.0,1.0,1.0,0.9375,shared
n10988,4,1.0,1.0,1.0,1.0,1.0,shared
n10989,3,0.75,1.0,1.0,1.0,0.9375,shared
n10990,4,1.0,1.0,1.0,1.0,1.0,shared
n10991,4,1.0,1.0,1.0,1.0,1.0,shared
n10992,3,0.75,1.0,1.0,1.0,0.9375,shared
n10993,3,0.75,1.0,1.0,1.0,0.9375,shared
n10994,4,1.0,1.0,1.0,1.0,1.0,shared
n10995,4,1.0,1.0,1.0,1.0,1.0,shared
n10996,3,0.75,1.0,1.0,1.0,0.9375,shared
n10997,4,1.0,1.0,1.0,1.0,1.0,shared
n10998,4,1.0,1.0,1.0,1.0,1.0,shared
n10999,4,1.0,1.0,1.0,1.0,1.0,shared
n11000,4,1.0,1.0,1.0,1.0,1.0,shared
n11001,3,0.75,1.0,1.0,1.0,0.9375,shared
n11002,3,0.75,1.0,1.0,1.0,0.9375,shared
n11003,3,0.75,1.0,1.0,1.0,0.9375,shared
n11004,4,1.0,1.0,1.0,1.0,1.0,shared
n11005,3,0.75,1.0,1.0,1.0,0.9375,shared
n11006,3,0.75,1.0,1.0,1.0,0.9375,shared
n11007,4,1.0,1.0,1.0,1.0,1.0,shared
n11008,4,1.0,1.0,1.0,1.0,1.0,shared
n11009,3,0.75,1.0,1.0,1.0,0.9375,shared
n11010,4,1.0,1.0,1.0,1.0,1.0,shared
n11011,4,1.0,1.0,1.0,1.0,1.0,shared
n11012,4,1.0,1.0,1.0,1.0,1.0,shared
n11013,4,1.0,0.7857142857142857,0.2857142857142857,1.0,0.7678571428571428,shared
n11014,3,0.75,1.0,1.0,1.0,0.9375,shared
n11015,4,1.0,1.0,1.0,1.0,1.0,shared
n11016,3,0.75,1.0,1.0,1.0,0.9375,shared
n11017,4,1.0,1.0,1.0,1.0,1.0,shared
n11018,4,1.0,1.0,1.0,1.0,1.0,shared
n11019,4,1.0,1.0,1.0,1.0,1.0,shared
n11020,4,1.0,1.0,1.0,1.0,1.0,shared
n11021,4,1.0,1.0,1.0,1.0,1.0,shared
n11022,4,1.0,1.0,1.0,1.0,1.0,shared
n11023,3,0.75,1.0,1.0,1.0,0.9375,shared
n11024,3,0.75,1.0,1.0,1.0,0.9375,shared
n11025,3,0.75,1.0,1.0,1.0,0.9375,shared
n11026,4,1.0,1.0,1.0,1.0,1.0,shared
n11027,3,0.75,1.0,1.0,1.0,0.9375,shared
n11028,4,1.0,1.0,1.0,1.0,1.0,shared
n11029,4,1.0,1.0,1.0,1.0,1.0,shared
n11030,4,1.0,1.0,1.0,1.0,1.0,shared
n11031,4,1.0,1.0,1.0,1.0,1.0,shared
n11032,4,1.0,1.0,1.0,1.0,1.0,shared
n11033,4,1.0,1.0,1.0,1.0,1.0,shared
n11034,4,1.0,1.0,1.0,1.0,1.0,shared
n11035,3,0.75,1.0,1.0,1.0,0.9375,shared
n11036,3,0.75,1.0,1.0,1.0,0.9375,shared
n11037,4,1.0,1.0,1.0,1.0,1.0,shared
n11038,4,1.0,1.0,1.0,1.0,1.0,shared
n11039,4,1.0,1.0,1.0,1.0,1.0,shared
n11040,3,0.75,1.0,1.0,1.0,0.9375,shared
n11041,4,1.0,1.0,1.0,1.0,1.0,shared
n11042,4,1.0,1.0,1.0,1.0,1.0,shared
n11043,4,1.0,1.0,1.0,1.0,1.0,shared
n11044,4,1.0,1.0,1.0,1.0,1.0,shared
n11045,4,1.0,1.0,1.0,1.0,1.0,shared
n11046,4,1.0,1.0,1.0,1.0,1.0,shared
n11047,4,1.0,1.0,1.0,1.0,1.0,shared
n11048,4,1.0,1.0,1.0,1.0,1.0,shared
n11049,4,1.0,1.0,1.0,1.0,1.0,shared
n11050,4,1.0,1.0,1.0,1.0,1.0,shared
n11051,4,1.0,1.0,1.0,1.0,1.0,shared
n11052,4,1.0,1.0,1.0,1.0,1.0,shared
n11053,3,0.75,1.0,1.0,1.0,0.9375,shared
n11054,4,1.0,1.0,1.0,1.0,1.0,shared
n11055,4,1.0,1.0,1.0,1.0,1.0,shared
n11056,4,1.0,1.0,1.0,1.0,1.0,shared
n11057,4,1.0,1.0,1.0,1.0,1.0,shared
n11058,4,1.0,1.0,1.0,1.0,1.0,shared
n11059,3,0.75,1.0,1.0,1.0,0.9375,shared
n11060,4,1.0,1.0,1.0,1.0,1.0,shared
n11061,3,0.75,1.0,1.0,1.0,0.9375,shared
n11062,3,0.75,1.0,1.0,1.0,0.9375,shared
n11063,4,1.0,1.0,1.0,1.0,1.0,shared
n11064,4,1.0,1.0,1.0,1.0,1.0,shared
n11065,4,1.0,1.0,1.0,1.0,1.0,shared
n11066,4,1.0,1.0,1.0,1.0,1.0,shared
n11067,4,1.0,1.0,1.0,1.0,1.0,shared
n11068,4,1.0,1.0,1.0,1.0,1.0,shared
n11069,4,1.0,1.0,1.0,1.0,1.0,shared
n11070,4,1.0,1.0,1.0,1.0,1.0,shared
n11071,3,0.75,1.0,1.0,1.0,0.9375,shared
n11072,3,0.75,1.0,1.0,1.0,0.9375,shared
n11073,4,1.0,1.0,1.0,1.0,1.0,shared
n11074,3,0.75,1.0,1.0,1.0,0.9375,shared
n11075,4,1.0,1.0,1.0,1.0,1.0,shared
n11076,4,1.0,1.0,1.0,1.0,1.0,shared
n11077,4,1.0,1.0,1.0,1.0,1.0,shared
n11078,4,1.0,1.0,1.0,1.0,1.0,shared
n11079,4,1.0,1.0,1.0,1.0,1.0,shared
n11080,4,1.0,1.0,1.0,1.0,1.0,shared
n11081,4,1.0,1.0,1.0,1.0,1.0,shared
n11082,3,0.75,1.0,1.0,1.0,0.9375,shared
n11083,4,1.0,1.0,1.0,1.0,1.0,shared
n11084,4,1.0,1.0,1.0,1.0,1.0,shared
n11085,4,1.0,1.0,1.0,1.0,1.0,shared
n11086,4,1.0,1.0,1.0,1.0,1.0,shared
n11087,4,1.0,1.0,1.0,1.0,1.0,shared
n11088,3,0.75,1.0,1.0,1.0,0.9375,shared
n11089,3,0.75,1.0,1.0,1.0,0.9375,shared
n11090,3,0.75,1.0,1.0,1.0,0.9375,shared
n11091,4,1.0,1.0,1.0,1.0,1.0,shared
n11092,4,1.0,1.0,1.0,1.0,1.0,shared
n11093,4,1.0,1.0,1.0,1.0,1.0,shared
n11094,4,1.0,1.0,1.0,1.0,1.0,shared
n11095,4,1.0,1.0,1.0,1.0,1.0,shared
n11096,4,1.0,1.0,1.0,1.0,1.0,shared
n11097,4,1.0,1.0,1.0,1.0,1.0,shared
n11098,3,0.75,1.0,1.0,1.0,0.9375,shared
n11099,4,1.0,1.0,1.0,1.0,1.0,shared
n11100,3,0.75,1.0,1.0,1.0,0.9375,shared
n11101,4,1.0,1.0,1.0,1.0,1.0,shared
n11102,3,0.75,1.0,1.0,1.0,0.9375,shared
n11103,3,0.75,1.0,1.0,1.0,0.9375,shared
n11104,4,1.0,1.0,1.0,1.0,1.0,shared
n11105,4,1.0,1.0,1.0,1.0,1.0,shared
n11106,4,1.0,1.0,1.0,1.0,1.0,shared
n11107,4,1.0,1.0,1.0,1.0,1.0,shared
n11108,4,1.0,1.0,1.0,1.0,1.0,shared
n11109,4,1.0,1.0,1.0,1.0,1.0,shared
n11110,3,0.75,1.0,1.0,1.0,0.9375,shared
n11111,3,0.75,1.0,1.0,1.0,0.9375,shared
n11112,4,1.0,1.0,1.0,1.0,1.0,shared
n11113,4,1.0,1.0,1.0,1.0,1.0,shared
n11114,3,0.75,1.0,1.0,1.0,0.9375,shared
n11115,4,1.0,1.0,1.0,1.0,1.0,shared
n11116,3,0.75,1.0,1.0,1.0,0.9375,shared
n11117,4,1.0,1.0,1.0,1.0,1.0,shared
n11118,3,0.75,1.0,1.0,1.0,0.9375,shared
n11119,3,0.75,1.0,1.0,1.0,0.9375,shared
n11120,4,1.0,1.0,1.0,1.0,1.0,shared
n11121,4,1.0,1.0,1.0,1.0,1.0,shared
n11122,4,1.0,1.0,1.0,1.0,1.0,shared
n11123,4,1.0,1.0,1.0,1.0,1.0,shared
n11124,4,1.0,1.0,1.0,1.0,1.0,shared
n11125,4,1.0,1.0,1.0,1.0,1.0,shared
n11126,4,1.0,1.0,1.0,1.0,1.0,shared
n11127,4,1.0,1.0,1.0,1.0,1.0,shared
n11128,4,1.0,1.0,1.0,1.0,1.0,shared
n11129,4,1.0,1.0,1.0,1.0,1.0,shared
n11130,4,1.0,1.0,1.0,1.0,1.0,shared
n11131,4,1.0,1.0,1.0,1.0,1.0,shared
n11132,3,0.75,1.0,1.0,1.0,0.9375,shared
n11133,4,1.0,1.0,1.0,1.0,1.0,shared
n11134,4,1.0,1.0,1.0,1.0,1.0,shared
n11135,4,1.0,1.0,1.0,1.0,1.0,shared
n11136,4,1.0,1.0,1.0,1.0,1.0,shared
n11137,4,1.0,1.0,1.0,1.0,1.0,shared
n11138,4,1.0,1.0,1.0,1.0,1.0,shared
n11139,3,0.75,1.0,1.0,1.0,0.9375,shared
n11140,3,0.75,1.0,1.0,1.0,0.9375,shared
n11141,4,1.0,1.0,1.0,1.0,1.0,shared
n11142,4,1.0,1.0,1.0,1.0,1.0,shared
n11143,4,1.0,1.0,1.0,1.0,1.0,shared
n11144,4,1.0,1.0,1.0,1.0,1.0,shared
n11145,4,1.0,1.0,1.0,1.0,1.0,shared
n11146,4,1.0,1.0,1.0,1.0,1.0,shared
n11147,3,0.75,1.0,1.0,1.0,0.9375,shared
n11148,4,1.0,1.0,1.0,1.0,1.0,shared
n11149,3,0.75,1.0,1.0,1.0,0.9375,shared
n11150,4,1.0,1.0,1.0,1.0,1.0,shared
n11151,4,1.0,1.0,1.0,1.0,1.0,shared
n11152,4,1.0,1.0,1.0,1.0,1.0,shared
n11153,3,0.75,1.0,1.0,1.0,0.9375,shared
n11154,4,1.0,1.0,1.0,1.0,1.0,shared
n11155,3,0.75,1.0,1.0,1.0,0.9375,shared
n11156,4,1.0,1.0,1.0,1.0,1.0,shared
n11157,4,1.0,1.0,1.0,1.0,1.0,shared
n11158,4,1.0,1.0,1.0,1.0,1.0,shared
n11159,4,1.0,0.5,1.0,1.0,0.875,shared
n11160,4,1.0,1.0,1.0,1.0,1.0,shared
n11161,4,1.0,1.0,1.0,1.0,1.0,shared
n11162,4,1.0,1.0,1.0,1.0,1.0,shared
n11163,3,0.75,1.0,1.0,1.0,0.9375,shared
n11164,3,0.75,1.0,1.0,1.0,0.9375,shared
n11165,4,1.0,1.0,1.0,1.0,1.0,shared
n11166,4,1.0,1.0,1.0,1.0,1.0,shared
n11167,3,0.75,1.0,1.0,1.0,0.9375,shared
n11168,4,1.0,1.0,1.0,1.0,1.0,shared
n11169,4,1.0,0.5714285714285714,0.5714285714285714,1.0,0.7857142857142857,shared
n11170,3,0.75,1.0,1.0,1.0,0.9375,shared
n11171,4,1.0,1.0,1.0,1.0,1.0,shared
n11172,4,1.0,1.0,1.0,1.0,1.0,shared
n11173,3,0.75,1.0,1.0,1.0,0.9375,shared
n11174,4,1.0,1.0,1.0,1.0,1.0,shared
n11175,4,1.0,0.5,0.7857142857142857,1.0,0.8214285714285714,shared
n11176,3,0.75,1.0,1.0,1.0,0.9375,shared
n11177,4,1.0,1.0,1.0,1.0,1.0,shared
n11178,4,1.0,1.0,1.0,1.0,1.0,shared
n11179,4,1.0,1.0,1.0,1.0,1.0,shared
n11180,3,0.75,1.0,1.0,1.0,0.9375,shared
n11181,4,1.0,1.0,1.0,1.0,1.0,shared
n11182,4,1.0,1.0,1.0,1.0,1.0,shared
n11183,4,1.0,1.0,1.0,1.0,1.0,shared
n11184,4,1.0,1.0,1.0,1.0,1.0,shared
n11185,4,1.0,1.0,1.0,1.0,1.0,shared
n11186,4,1.0,1.0,1.0,1.0,1.0,shared
n11187,4,1.0,1.0,1.0,1.0,1.0,shared
n11188,4,1.0,1.0,1.0,1.0,1.0,shared
n11189,4,1.0,1.0,1.0,1.0,1.0,shared
n11190,3,0.75,1.0,1.0,1.0,0.9375,shared
n11191,3,0.75,1.0,1.0,1.0,0.9375,shared
n11192,4,1.0,1.0,1.0,1.0,1.0,shared
n11193,4,1.0,1.0,1.0,1.0,1.0,shared
n11194,4,1.0,1.0,1.0,1.0,1.0,shared
n11195,4,1.0,1.0,1.0,1.0,1.0,shared
n11196,4,1.0,1.0,1.0,1.0,1.0,shared
n11197,4,1.0,1.0,1.0,1.0,1.0,shared
n11198,4,1.0,0.5,1.0,1.0,0.875,shared
n11199,4,1.0,1.0,1.0,1.0,1.0,shared
n11200,4,1.0,1.0,1.0,1.0,1.0,shared
n11201,4,1.0,1.0,1.0,1.0,1.0,shared
n11202,4,1.0,1.0,1.0,1.0,1.0,shared
n11203,4,1.0,1.0,1.0,1.0,1.0,shared
n11204,4,1.0,1.0,1.0,1.0,1.0,shared
n11205,3,0.75,1.0,1.0,1.0,0.9375,shared
n11206,4,1.0,1.0,1.0,1.0,1.0,shared
n11207,4,1.0,1.0,1.0,1.0,1.0,shared
n11208,4,1.0,1.0,1.0,1.0,1.0,shared
n11209,4,1.0,1.0,1.0,1.0,1.0,shared
n11210,4,1.0,1.0,1.0,1.0,1.0,shared
n11211,4,1.0,1.0,1.0,1.0,1.0,shared
n11212,3,0.75,1.0,1.0,1.0,0.9375,shared
n11213,4,1.0,1.0,1.0,1.0,1.0,shared
n11214,3,0.75,1.0,1.0,1.0,0.9375,shared
n11215,4,1.0,1.0,1.0,1.0,1.0,shared
n11216,4,1.0,1.0,1.0,1.0,1.0,shared
n11217,3,0.75,1.0,1.0,1.0,0.9375,shared
n11218,4,1.0,1.0,1.0,1.0,1.0,shared
n11219,3,0.75,1.0,1.0,1.0,0.9375,shared
n11220,4,1.0,1.0,1.0,1.0,1.0,shared
n11221,4,1.0,1.0,1.0,1.0,1.0,shared
n11222,3,0.75,1.0,1.0,1.0,0.9375,shared
n11223,4,1.0,1.0,1.0,1.0,1.0,shared
n11224,4,1.0,1.0,1.0,1.0,1.0,shared
n11225,4,1.0,1.0,1.0,1.0,1.0,shared
n11226,4,1.0,1.0,1.0,1.0,1.0,shared
n11227,4,1.0,1.0,1.0,1.0,1.0,shared
n11228,4,1.0,1.0,1.0,1.0,1.0,shared
n11229,4,1.0,1.0,1.0,1.0,1.0,shared
n11230,4,1.0,1.0,1.0,1.0,1.0,shared
n11231,4,1.0,1.0,1.0,1.0,1.0,shared
n11232,3,0.75,1.0,1.0,1.0,0.9375,shared
n11233,4,1.0,1.0,1.0,1.0,1.0,shared
n11234,4,1.0,1.0,1.0,1.0,1.0,shared
n11235,3,0.75,1.0,1.0,1.0,0.9375,shared
n11236,4,1.0,1.0,1.0,1.0,1.0,shared
n11237,4,1.0,0.8260869565217391,0.8260869565217391,1.0,0.9130434782608696,shared
n11238,3,0.75,1.0,1.0,1.0,0.9375,shared
n11239,4,1.0,1.0,1.0,1.0,1.0,shared
n11240,4,1.0,1.0,1.0,1.0,1.0,shared
n11241,4,1.0,1.0,1.0,1.0,1.0,shared
n11242,3,0.75,1.0,1.0,1.0,0.9375,shared
n11243,4,1.0,1.0,1.0,1.0,1.0,shared
n11244,3,0.75,1.0,1.0,1.0,0.9375,shared
n11245,4,1.0,1.0,1.0,1.0,1.0,shared
n11246,4,1.0,1.0,1.0,1.0,1.0,shared
n11247,4,1.0,1.0,1.0,1.0,1.0,shared
n11248,4,1.0,1.0,1.0,1.0,1.0,shared
n11249,3,0.75,1.0,1.0,1.0,0.9375,shared
n11250,4,1.0,1.0,1.0,1.0,1.0,shared
n11251,4,1.0,1.0,1.0,1.0,1.0,shared
n11252,4,1.0,1.0,1.0,1.0,1.0,shared
n11253,3,0.75,1.0,1.0,1.0,0.9375,shared
n11254,4,1.0,1.0,1.0,1.0,1.0,shared
n11255,4,1.0,1.0,1.0,1.0,1.0,shared
n11256,4,1.0,0.5,0.5,1.0,0.75,shared
n11257,4,1.0,1.0,1.0,1.0,1.0,shared
n11258,4,1.0,1.0,1.0,1.0,1.0,shared
n11259,3,0.75,1.0,1.0,1.0,0.9375,shared
n11260,4,1.0,1.0,1.0,1.0,1.0,shared
n11261,4,1.0,1.0,1.0,1.0,1.0,shared
n11262,4,1.0,1.0,1.0,1.0,1.0,shared
n11263,4,1.0,1.0,1.0,1.0,1.0,shared
n11264,4,1.0,1.0,1.0,1.0,1.0,shared
n11265,3,0.75,1.0,1.0,1.0,0.9375,shared
n11266,3,0.75,1.0,1.0,1.0,0.9375,shared
n11267,3,0.75,1.0,1.0,1.0,0.9375,shared
n11268,3,0.75,1.0,1.0,1.0,0.9375,shared
n11269,4,1.0,1.0,1.0,1.0,1.0,shared
n11270,4,1.0,1.0,1.0,1.0,1.0,shared
n11271,3,0.75,1.0,1.0,1.0,0.9375,shared
n11272,4,1.0,1.0,1.0,1.0,1.0,shared
n11273,4,1.0,0.75,1.0,1.0,0.9375,shared
n11274,3,0.75,1.0,1.0,1.0,0.9375,shared
n11275,3,0.75,1.0,1.0,1.0,0.9375,shared
n11276,4,1.0,1.0,1.0,1.0,1.0,shared
n11277,3,0.75,1.0,1.0,1.0,0.9375,shared
n11278,4,1.0,1.0,1.0,1.0,1.0,shared
n11279,4,1.0,1.0,1.0,1.0,1.0,shared
n11280,3,0.75,1.0,1.0,1.0,0.9375,shared
n11281,4,1.0,1.0,1.0,1.0,1.0,shared
n11282,4,1.0,1.0,1.0,1.0,1.0,shared
n11283,4,1.0,1.0,1.0,1.0,1.0,shared
n11284,4,1.0,1.0,1.0,1.0,1.0,shared
n11285,4,1.0,1.0,1.0,1.0,1.0,shared
n11286,3,0.75,1.0,1.0,1.0,0.9375,shared
n11287,4,1.0,1.0,1.0,1.0,1.0,shared
n11288,4,1.0,1.0,1.0,1.0,1.0,shared
n11289,3,0.75,1.0,1.0,1.0,0.9375,shared
n11290,3,0.75,1.0,1.0,1.0,0.9375,shared
n11291,4,1.0,1.0,1.0,1.0,1.0,shared
n11292,3,0.75,1.0,1.0,1.0,0.9375,shared
n11293,4,1.0,1.0,1.0,1.0,1.0,shared
n11294,3,0.75,1.0,1.0,1.0,0.9375,shared
n11295,4,1.0,0.5,0.5,1.0,0.75,shared
n11296,3,0.75,1.0,1.0,1.0,0.9375,shared
n11297,3,0.75,1.0,1.0,1.0,0.9375,shared
n11298,3,0.75,1.0,1.0,1.0,0.9375,shared
n11299,4,1.0,1.0,1.0,1.0,1.0,shared
n11300,4,1.0,1.0,1.0,1.0,1.0,shared
n11301,2,0.5,1.0,1.0,1.0,0.875,shared
n11302,4,1.0,1.0,1.0,1.0,1.0,shared
n11303,4,1.0,1.0,0.75,1.0,0.9375,shared
n11304,4,1.0,1.0,1.0,1.0,1.0,shared
n11305,4,1.0,1.0,1.0,1.0,1.0,shared
n11306,4,1.0,1.0,1.0,1.0,1.0,shared
n11307,4,1.0,1.0,1.0,1.0,1.0,shared
n11308,4,1.0,1.0,1.0,1.0,1.0,shared
n11309,4,1.0,1.0,1.0,1.0,1.0,shared
n11310,4,1.0,1.0,1.0,1.0,1.0,shared
n11311,4,1.0,1.0,1.0,1.0,1.0,shared
n11312,3,0.75,1.0,1.0,1.0,0.9375,shared
n11313,4,1.0,1.0,1.0,1.0,1.0,shared
n11314,3,0.75,1.0,1.0,1.0,0.9375,shared
n11315,4,1.0,1.0,1.0,1.0,1.0,shared
n11316,4,1.0,1.0,1.0,1.0,1.0,shared
n11317,3,0.75,1.0,1.0,1.0,0.9375,shared
n11318,4,1.0,1.0,1.0,1.0,1.0,shared
n11319,4,1.0,1.0,1.0,1.0,1.0,shared
n11320,4,1.0,1.0,1.0,1.0,1.0,shared
n11321,4,1.0,1.0,1.0,1.0,1.0,shared
n11322,4,1.0,1.0,0.5,1.0,0.875,shared
n11323,4,1.0,1.0,1.0,1.0,1.0,shared
n11324,4,1.0,0.5714285714285714,0.5714285714285714,1.0,0.7857142857142857,shared
n11325,4,1.0,1.0,1.0,1.0,1.0,shared
n11326,3,0.75,1.0,1.0,1.0,0.9375,shared
n11327,3,0.75,1.0,1.0,1.0,0.9375,shared
n11328,4,1.0,1.0,1.0,1.0,1.0,shared
n11329,4,1.0,1.0,1.0,1.0,1.0,shared
n11330,4,1.0,1.0,1.0,1.0,1.0,shared
n11331,3,0.75,1.0,1.0,1.0,0.9375,shared
n11332,4,1.0,1.0,1.0,1.0,1.0,shared
n11333,3,0.75,1.0,1.0,1.0,0.9375,shared
n11334,4,1.0,1.0,1.0,1.0,1.0,shared
n11335,4,1.0,1.0,1.0,1.0,1.0,shared
n11336,4,1.0,1.0,1.0,1.0,1.0,shared
n11337,4,1.0,1.0,1.0,1.0,1.0,shared
n11338,4,1.0,1.0,1.0,1.0,1.0,shared
n11339,4,1.0,1.0,1.0,1.0,1.0,shared
n11340,3,0.75,1.0,1.0,1.0,0.9375,shared
n11341,3,0.75,1.0,1.0,1.0,0.9375,shared
n11342,4,1.0,1.0,1.0,1.0,1.0,shared
n11343,4,1.0,1.0,1.0,1.0,1.0,shared
n11344,4,1.0,1.0,1.0,1.0,1.0,shared
n11345,3,0.75,1.0,1.0,1.0,0.9375,shared
n11346,3,0.75,1.0,1.0,1.0,0.9375,shared
n11347,3,0.75,1.0,1.0,1.0,0.9375,shared
n11348,4,1.0,1.0,1.0,1.0,1.0,shared
n11349,4,1.0,1.0,1.0,1.0,1.0,shared
n11350,4,1.0,1.0,1.0,1.0,1.0,shared
n11351,3,0.75,1.0,1.0,1.0,0.9375,shared
n11352,3,0.75,1.0,1.0,1.0,0.9375,shared
n11353,4,1.0,1.0,1.0,1.0,1.0,shared
n11354,4,1.0,1.0,1.0,1.0,1.0,shared
n11355,3,0.75,1.0,1.0,1.0,0.9375,shared
n11356,3,0.75,1.0,1.0,1.0,0.9375,shared
n11357,4,1.0,1.0,1.0,1.0,1.0,shared
n11358,3,0.75,1.0,1.0,1.0,0.9375,shared
n11359,3,0.75,1.0,1.0,1.0,0.9375,shared
n11360,4,1.0,1.0,1.0,1.0,1.0,shared
n11361,4,1.0,1.0,1.0,1.0,1.0,shared
n11362,4,1.0,1.0,1.0,1.0,1.0,shared
n11363,4,1.0,1.0,1.0,1.0,1.0,shared
n11364,4,1.0,1.0,1.0,1.0,1.0,shared
n11365,4,1.0,1.0,1.0,1.0,1.0,shared
n11366,3,0.75,1.0,1.0,1.0,0.9375,shared
n11367,3,0.75,1.0,1.0,1.0,0.9375,shared
n11368,4,1.0,1.0,1.0,1.0,1.0,shared
n11369,3,0.75,1.0,1.0,1.0,0.9375,shared
n11370,4,1.0,1.0,1.0,1.0,1.0,shared
n11371,4,1.0,1.0,1.0,1.0,1.0,shared
n11372,4,1.0,1.0,1.0,1.0,1.0,shared
n11373,3,0.75,1.0,1.0,1.0,0.9375,shared
n11374,4,1.0,1.0,1.0,1.0,1.0,shared
n11375,4,1.0,1.0,1.0,1.0,1.0,shared
n11376,4,1.0,1.0,1.0,1.0,1.0,shared
n11377,4,1.0,1.0,1.0,1.0,1.0,shared
n11378,4,1.0,1.0,1.0,1.0,1.0,shared
n11379,4,1.0,1.0,1.0,1.0,1.0,shared
n11380,3,0.75,1.0,1.0,1.0,0.9375,shared
n11381,3,0.75,1.0,1.0,1.0,0.9375,shared
n11382,4,1.0,1.0,1.0,1.0,1.0,shared
n11383,4,1.0,1.0,1.0,1.0,1.0,shared
n11384,4,1.0,1.0,1.0,1.0,1.0,shared
n11385,4,1.0,1.0,1.0,1.0,1.0,shared
n11386,3,0.75,1.0,1.0,1.0,0.9375,shared
n11387,4,1.0,1.0,1.0,1.0,1.0,shared
n11388,4,1.0,0.5714285714285714,1.0,1.0,0.8928571428571428,shared
n11389,3,0.75,1.0,1.0,1.0,0.9375,shared
n11390,4,1.0,1.0,1.0,1.0,1.0,shared
n11391,3,0.75,1.0,1.0,1.0,0.9375,shared
n11392,4,1.0,1.0,1.0,1.0,1.0,shared
n11393,4,1.0,0.5,0.5,1.0,0.75,shared
n11394,3,0.75,1.0,1.0,1.0,0.9375,shared
n11395,4,1.0,1.0,1.0,1.0,1.0,shared
n11396,3,0.75,1.0,1.0,1.0,0.9375,shared
n11397,3,0.75,1.0,1.0,1.0,0.9375,shared
n11398,4,1.0,1.0,1.0,1.0,1.0,shared
n11399,3,0.75,1.0,1.0,1.0,0.9375,shared
n11400,3,0.75,1.0,1.0,1.0,0.9375,shared
n11401,3,0.75,1.0,1.0,1.0,0.9375,shared
n11402,4,1.0,0.5,1.0,1.0,0.875,shared
n11403,4,1.0,1.0,1.0,1.0,1.0,shared
n11404,3,0.75,1.0,1.0,1.0,0.9375,shared
n11405,4,1.0,1.0,1.0,1.0,1.0,shared
n11406,4,1.0,1.0,1.0,1.0,1.0,shared
n11407,4,1.0,1.0,1.0,1.0,1.0,shared
n11408,4,1.0,1.0,1.0,1.0,1.0,shared
n11409,4,1.0,1.0,1.0,1.0,1.0,shared
n11410,4,1.0,1.0,1.0,1.0,1.0,shared
n11411,4,1.0,1.0,1.0,1.0,1.0,shared
n11412,3,0.75,1.0,1.0,1.0,0.9375,shared
n11413,4,1.0,1.0,1.0,1.0,1.0,shared
n11414,4,1.0,1.0,1.0,1.0,1.0,shared
n11415,4,1.0,1.0,1.0,1.0,1.0,shared
n11416,3,0.75,1.0,1.0,1.0,0.9375,shared
n11417,3,0.75,1.0,1.0,1.0,0.9375,shared
n11418,4,1.0,1.0,1.0,1.0,1.0,shared
n11419,4,1.0,1.0,1.0,1.0,1.0,shared
n11420,4,1.0,1.0,1.0,1.0,1.0,shared
n11421,4,1.0,1.0,1.0,1.0,1.0,shared
n11422,4,1.0,1.0,1.0,1.0,1.0,shared
n11423,4,1.0,1.0,1.0,1.0,1.0,shared
n11424,4,1.0,1.0,1.0,1.0,1.0,shared
n11425,3,0.75,1.0,1.0,1.0,0.9375,shared
n11426,4,1.0,1.0,1.0,1.0,1.0,shared
n11427,3,0.75,1.0,1.0,1.0,0.9375,shared
n11428,4,1.0,1.0,1.0,1.0,1.0,shared
n11429,4,1.0,1.0,1.0,1.0,1.0,shared
n11430,4,1.0,1.0,1.0,1.0,1.0,shared
n11431,4,1.0,1.0,1.0,1.0,1.0,shared
n11432,3,0.75,1.0,1.0,1.0,0.9375,shared
n11433,4,1.0,0.5,0.5,1.0,0.75,shared
n11434,4,1.0,1.0,1.0,1.0,1.0,shared
n11435,4,1.0,1.0,1.0,1.0,1.0,shared
n11436,4,1.0,1.0,1.0,1.0,1.0,shared
n11437,3,0.75,1.0,1.0,1.0,0.9375,shared
n11438,3,0.75,1.0,1.0,1.0,0.9375,shared
n11439,4,1.0,1.0,1.0,1.0,1.0,shared
n11440,4,1.0,1.0,1.0,1.0,1.0,shared
n11441,4,1.0,1.0,1.0,1.0,1.0,shared
n11442,3,0.75,1.0,1.0,1.0,0.9375,shared
n11443,4,1.0,1.0,1.0,1.0,1.0,shared
n11444,3,0.75,1.0,1.0,1.0,0.9375,shared
n11445,4,1.0,1.0,1.0,1.0,1.0,shared
n11446,4,1.0,1.0,1.0,1.0,1.0,shared
n11447,4,1.0,1.0,1.0,1.0,1.0,shared
n11448,3,0.75,1.0,1.0,1.0,0.9375,shared
n11449,4,1.0,1.0,1.0,1.0,1.0,shared
n11450,4,1.0,1.0,1.0,1.0,1.0,shared
n11451,4,1.0,1.0,1.0,1.0,1.0,shared
n11452,4,1.0,1.0,1.0,1.0,1.0,shared
n11453,3,0.75,1.0,1.0,1.0,0.9375,shared
n11454,4,1.0,1.0,1.0,1.0,1.0,shared
n11455,4,1.0,1.0,1.0,1.0,1.0,shared
n11456,4,1.0,1.0,1.0,1.0,1.0,shared
n11457,3,0.75,1.0,1.0,1.0,0.9375,shared
n11458,4,1.0,1.0,1.0,1.0,1.0,shared
n11459,3,0.75,1.0,1.0,1.0,0.9375,shared
n11460,4,1.0,1.0,1.0,1.0,1.0,shared
n11461,4,1.0,1.0,1.0,1.0,1.0,shared
n11462,4,1.0,1.0,1.0,1.0,1.0,shared
n11463,4,1.0,1.0,1.0,1.0,1.0,shared
n11464,4,1.0,1.0,1.0,1.0,1.0,shared
n11465,4,1.0,1.0,1.0,1.0,1.0,shared
n11466,3,0.75,1.0,1.0,1.0,0.9375,shared
n11467,4,1.0,0.6666666666666666,1.0,1.0,0.9166666666666666,shared
n11468,3,0.75,1.0,1.0,1.0,0.9375,shared
n11469,4,1.0,1.0,1.0,1.0,1.0,shared
n11470,4,1.0,1.0,1.0,1.0,1.0,shared
n11471,4,1.0,1.0,1.0,1.0,1.0,shared
n11472,4,1.0,1.0,1.0,1.0,1.0,shared
n11473,4,1.0,1.0,1.0,1.0,1.0,shared
n11474,4,1.0,1.0,1.0,1.0,1.0,shared
n11475,4,1.0,1.0,1.0,1.0,1.0,shared
n11476,4,1.0,1.0,1.0,1.0,1.0,shared
n11477,3,0.75,1.0,1.0,1.0,0.9375,shared
n11478,4,1.0,1.0,1.0,1.0,1.0,shared
n11479,3,0.75,1.0,1.0,1.0,0.9375,shared
n11480,4,1.0,1.0,1.0,1.0,1.0,shared
n11481,4,1.0,1.0,1.0,1.0,1.0,shared
n11482,4,1.0,1.0,1.0,1.0,1.0,shared
n11483,4,1.0,0.6666666666666666,1.0,1.0,0.9166666666666666,shared
n11484,4,1.0,1.0,1.0,1.0,1.0,shared
n11485,4,1.0,1.0,1.0,1.0,1.0,shared
n11486,4,1.0,1.0,1.0,1.0,1.0,shared
n11487,4,1.0,1.0,1.0,1.0,1.0,shared
n11488,3,0.75,1.0,1.0,1.0,0.9375,shared
n11489,4,1.0,0.4782608695652174,0.8260869565217391,1.0,0.8260869565217391,shared
n11490,3,0.75,1.0,1.0,1.0,0.9375,shared
n11491,4,1.0,1.0,1.0,1.0,1.0,shared
n11492,4,1.0,1.0,1.0,1.0,1.0,shared
n11493,4,1.0,1.0,1.0,1.0,1.0,shared
n11494,3,0.75,1.0,1.0,1.0,0.9375,shared
n11495,4,1.0,1.0,1.0,1.0,1.0,shared
n11496,4,1.0,1.0,1.0,1.0,1.0,shared
n11497,4,1.0,1.0,1.0,1.0,1.0,shared
n11498,4,1.0,1.0,1.0,1.0,1.0,shared
n11499,3,0.75,1.0,1.0,1.0,0.9375,shared
n11500,4,1.0,1.0,1.0,1.0,1.0,shared
n11501,3,0.75,1.0,1.0,1.0,0.9375,shared
n11502,4,1.0,1.0,1.0,1.0,1.0,shared
n11503,3,0.75,1.0,1.0,1.0,0.9375,shared
n11504,4,1.0,1.0,1.0,1.0,1.0,shared
n11505,4,1.0,1.0,1.0,1.0,1.0,shared
n11506,4,1.0,1.0,1.0,1.0,1.0,shared
n11507,4,1.0,1.0,1.0,1.0,1.0,shared
n11508,4,1.0,0.5,1.0,1.0,0.875,shared
n11509,4,1.0,1.0,1.0,1.0,1.0,shared
n11510,3,0.75,1.0,1.0,1.0,0.9375,shared
n11511,4,1.0,1.0,1.0,1.0,1.0,shared
n11512,4,1.0,1.0,1.0,1.0,1.0,shared
n11513,3,0.75,1.0,1.0,1.0,0.9375,shared
n11514,3,0.75,1.0,1.0,1.0,0.9375,shared
n11515,4,1.0,1.0,1.0,1.0,1.0,shared
n11516,4,1.0,1.0,1.0,1.0,1.0,shared
n11517,4,1.0,1.0,1.0,1.0,1.0,shared
n11518,3,0.75,1.0,1.0,1.0,0.9375,shared
n11519,4,1.0,1.0,1.0,1.0,1.0,shared
n11520,4,1.0,1.0,1.0,1.0,1.0,shared
n11521,4,1.0,1.0,1.0,1.0,1.0,shared
n11522,3,0.75,1.0,1.0,1.0,0.9375,shared
n11523,4,1.0,1.0,1.0,1.0,1.0,shared
n11524,4,1.0,1.0,1.0,1.0,1.0,shared
n11525,4,1.0,1.0,1.0,1.0,1.0,shared
n11526,3,0.75,1.0,1.0,1.0,0.9375,shared
n11527,4,1.0,1.0,1.0,1.0,1.0,shared
n11528,4,1.0,1.0,1.0,1.0,1.0,shared
n11529,4,1.0,1.0,1.0,1.0,1.0,shared
n11530,4,1.0,1.0,1.0,1.0,1.0,shared
n11531,3,0.75,1.0,1.0,1.0,0.9375,shared
n11532,3,0.75,1.0,1.0,1.0,0.9375,shared
n11533,4,1.0,1.0,1.0,1.0,1.0,shared
n11534,4,1.0,1.0,1.0,1.0,1.0,shared
n11535,4,1.0,1.0,1.0,1.0,1.0,shared
n11536,4,1.0,1.0,1.0,1.0,1.0,shared
n11537,4,1.0,1.0,1.0,1.0,1.0,shared
n11538,4,1.0,1.0,1.0,1.0,1.0,shared
n11539,4,1.0,1.0,1.0,1.0,1.0,shared
n11540,3,0.75,1.0,1.0,1.0,0.9375,shared
n11541,4,1.0,1.0,1.0,1.0,1.0,shared
n11542,4,1.0,1.0,1.0,1.0,1.0,shared
n11543,3,0.75,1.0,1.0,1.0,0.9375,shared
n11544,3,0.75,1.0,1.0,1.0,0.9375,shared
n11545,4,1.0,0.5,0.5,1.0,0.75,shared
n11546,3,0.75,1.0,1.0,1.0,0.9375,shared
n11547,4,1.0,1.0,1.0,1.0,1.0,shared
n11548,4,1.0,1.0,1.0,1.0,1.0,shared
n11549,4,1.0,1.0,1.0,1.0,1.0,shared
n11550,4,1.0,1.0,1.0,1.0,1.0,shared
n11551,4,1.0,1.0,1.0,1.0,1.0,shared
n11552,4,1.0,1.0,1.0,1.0,1.0,shared
n11553,3,0.75,1.0,1.0,1.0,0.9375,shared
n11554,4,1.0,1.0,1.0,1.0,1.0,shared
n11555,3,0.75,1.0,1.0,1.0,0.9375,shared
n11556,4,1.0,1.0,1.0,1.0,1.0,shared
n11557,4,1.0,1.0,1.0,1.0,1.0,shared
n11558,3,0.75,1.0,1.0,1.0,0.9375,shared
n11559,3,0.75,1.0,1.0,1.0,0.9375,shared
n11560,4,1.0,1.0,1.0,1.0,1.0,shared
n11561,4,1.0,1.0,1.0,1.0,1.0,shared
n11562,3,0.75,1.0,1.0,1.0,0.9375,shared
n11563,4,1.0,1.0,1.0,1.0,1.0,shared
n11564,4,1.0,1.0,1.0,1.0,1.0,shared
n11565,4,1.0,1.0,1.0,1.0,1.0,shared
n11566,3,0.75,1.0,1.0,1.0,0.9375,shared
n11567,4,1.0,1.0,1.0,1.0,1.0,shared
n11568,4,1.0,1.0,1.0,1.0,1.0,shared
n11569,3,0.75,1.0,1.0,1.0,0.9375,shared
n11570,4,1.0,1.0,1.0,1.0,1.0,shared
n11571,4,1.0,1.0,1.0,1.0,1.0,shared
n11572,3,0.75,1.0,1.0,1.0,0.9375,shared
n11573,4,1.0,1.0,1.0,1.0,1.0,shared
n11574,4,1.0,1.0,0.7333333333333333,1.0,0.9333333333333333,shared
n11575,4,1.0,1.0,1.0,1.0,1.0,shared
n11576,4,1.0,1.0,1.0,1.0,1.0,shared
n11577,4,1.0,1.0,1.0,1.0,1.0,shared
n11578,4,1.0,1.0,1.0,1.0,1.0,shared
n11579,4,1.0,1.0,1.0,1.0,1.0,shared
n11580,4,1.0,1.0,1.0,1.0,1.0,shared
n11581,4,1.0,1.0,1.0,1.0,1.0,shared
n11582,4,1.0,1.0,1.0,1.0,1.0,shared
n11583,4,1.0,1.0,1.0,1.0,1.0,shared
n11584,4,1.0,1.0,1.0,1.0,1.0,shared
n11585,4,1.0,1.0,1.0,1.0,1.0,shared
n11586,4,1.0,1.0,1.0,1.0,1.0,shared
n11587,4,1.0,1.0,1.0,1.0,1.0,shared
n11588,4,1.0,1.0,1.0,1.0,1.0,shared
n11589,4,1.0,1.0,1.0,1.0,1.0,shared
n11590,4,1.0,1.0,1.0,1.0,1.0,shared
n11591,3,0.75,1.0,1.0,1.0,0.9375,shared
n11592,3,0.75,1.0,1.0,1.0,0.9375,shared
n11593,4,1.0,1.0,1.0,1.0,1.0,shared
n11594,4,1.0,1.0,1.0,1.0,1.0,shared
n11595,4,1.0,1.0,1.0,1.0,1.0,shared
n11596,3,0.75,1.0,1.0,1.0,0.9375,shared
n11597,3,0.75,1.0,1.0,1.0,0.9375,shared
n11598,3,0.75,1.0,1.0,1.0,0.9375,shared
n11599,3,0.75,1.0,1.0,1.0,0.9375,shared
n11600,4,1.0,1.0,1.0,1.0,1.0,shared
n11601,3,0.75,1.0,1.0,1.0,0.9375,shared
n11602,4,1.0,1.0,1.0,1.0,1.0,shared
n11603,4,1.0,1.0,1.0,1.0,1.0,shared
n11604,4,1.0,1.0,1.0,1.0,1.0,shared
n11605,4,1.0,1.0,1.0,1.0,1.0,shared
n11606,4,1.0,1.0,1.0,1.0,1.0,shared
n11607,4,1.0,1.0,1.0,1.0,1.0,shared
n11608,4,1.0,1.0,1.0,1.0,1.0,shared
n11609,3,0.75,1.0,1.0,1.0,0.9375,shared
n11610,3,0.75,1.0,1.0,1.0,0.9375,shared
n11611,3,0.75,1.0,1.0,1.0,0.9375,shared
n11612,4,1.0,1.0,1.0,1.0,1.0,shared
n11613,4,1.0,1.0,1.0,1.0,1.0,shared
n11614,4,1.0,1.0,1.0,1.0,1.0,shared
n11615,4,1.0,1.0,1.0,1.0,1.0,shared
n11616,3,0.75,1.0,1.0,1.0,0.9375,shared
n11617,4,1.0,1.0,1.0,1.0,1.0,shared
n11618,3,0.75,1.0,1.0,1.0,0.9375,shared
n11619,4,1.0,1.0,1.0,1.0,1.0,shared
n11620,4,1.0,1.0,1.0,1.0,1.0,shared
n11621,4,1.0,1.0,1.0,1.0,1.0,shared
n11622,4,1.0,1.0,1.0,1.0,1.0,shared
n11623,4,1.0,1.0,1.0,1.0,1.0,shared
n11624,4,1.0,1.0,1.0,1.0,1.0,shared
n11625,4,1.0,1.0,1.0,1.0,1.0,shared
n11626,3,0.75,1.0,1.0,1.0,0.9375,shared
n11627,4,1.0,1.0,1.0,1.0,1.0,shared
n11628,4,1.0,0.5,0.5,1.0,0.75,shared
n11629,4,1.0,1.0,1.0,1.0,1.0,shared
n11630,4,1.0,1.0,1.0,1.0,1.0,shared
n11631,3,0.75,1.0,1.0,1.0,0.9375,shared
n11632,3,0.75,1.0,1.0,1.0,0.9375,shared
n11633,4,1.0,1.0,1.0,1.0,1.0,shared
n11634,4,1.0,1.0,1.0,1.0,1.0,shared
n11635,4,1.0,1.0,1.0,1.0,1.0,shared
n11636,4,1.0,1.0,1.0,1.0,1.0,shared
n11637,3,0.75,1.0,1.0,1.0,0.9375,shared
n11638,4,1.0,1.0,1.0,1.0,1.0,shared
n11639,4,1.0,1.0,1.0,1.0,1.0,shared
n11640,4,1.0,1.0,1.0,1.0,1.0,shared
n11641,4,1.0,1.0,1.0,1.0,1.0,shared
n11642,3,0.75,1.0,1.0,1.0,0.9375,shared
n11643,4,1.0,1.0,1.0,1.0,1.0,shared
n11644,3,0.75,1.0,1.0,1.0,0.9375,shared
n11645,4,1.0,1.0,1.0,1.0,1.0,shared
n11646,3,0.75,1.0,1.0,1.0,0.9375,shared
n11647,4,1.0,1.0,1.0,1.0,1.0,shared
n11648,4,1.0,1.0,1.0,1.0,1.0,shared
n11649,4,1.0,1.0,1.0,1.0,1.0,shared
n11650,4,1.0,1.0,1.0,1.0,1.0,shared
n11651,4,1.0,1.0,1.0,1.0,1.0,shared
n11652,4,1.0,1.0,1.0,1.0,1.0,shared
n11653,4,1.0,1.0,1.0,1.0,1.0,shared
n11654,3,0.75,1.0,1.0,1.0,0.9375,shared
n11655,4,1.0,1.0,1.0,1.0,1.0,shared
n11656,4,1.0,1.0,1.0,1.0,1.0,shared
n11657,4,1.0,1.0,1.0,1.0,1.0,shared
n11658,4,1.0,1.0,1.0,1.0,1.0,shared
n11659,4,1.0,1.0,1.0,1.0,1.0,shared
n11660,4,1.0,1.0,1.0,1.0,1.0,shared
n11661,4,1.0,1.0,1.0,1.0,1.0,shared
n11662,4,1.0,1.0,1.0,1.0,1.0,shared
n11663,4,1.0,1.0,1.0,1.0,1.0,shared
n11664,4,1.0,1.0,1.0,1.0,1.0,shared
n11665,4,1.0,1.0,1.0,1.0,1.0,shared
n11666,4,1.0,1.0,1.0,1.0,1.0,shared
n11667,4,1.0,1.0,1.0,1.0,1.0,shared
n11668,4,1.0,1.0,1.0,1.0,1.0,shared
n11669,4,1.0,1.0,1.0,1.0,1.0,shared
n11670,4,1.0,1.0,1.0,1.0,1.0,shared
n11671,4,1.0,1.0,1.0,1.0,1.0,shared
n11672,4,1.0,1.0,1.0,1.0,1.0,shared
n11673,4,1.0,1.0,1.0,1.0,1.0,shared
n11674,3,0.75,1.0,1.0,1.0,0.9375,shared
n11675,4,1.0,1.0,1.0,1.0,1.0,shared
n11676,4,1.0,1.0,1.0,1.0,1.0,shared
n11677,4,1.0,1.0,1.0,1.0,1.0,shared
n11678,3,0.75,1.0,1.0,1.0,0.9375,shared
n11679,3,0.75,1.0,1.0,1.0,0.9375,shared
n11680,3,0.75,1.0,1.0,1.0,0.9375,shared
n11681,4,1.0,1.0,1.0,1.0,1.0,shared
n11682,4,1.0,1.0,1.0,1.0,1.0,shared
n11683,4,1.0,1.0,1.0,1.0,1.0,shared
n11684,3,0.75,1.0,1.0,1.0,0.9375,shared
n11685,4,1.0,1.0,1.0,1.0,1.0,shared
n11686,4,1.0,1.0,1.0,1.0,1.0,shared
n11687,3,0.75,1.0,1.0,1.0,0.9375,shared
n11688,4,1.0,1.0,1.0,1.0,1.0,shared
n11689,4,1.0,1.0,1.0,1.0,1.0,shared
n11690,3,0.75,1.0,1.0,1.0,0.9375,shared
n11691,3,0.75,1.0,1.0,1.0,0.9375,shared
n11692,4,1.0,1.0,1.0,1.0,1.0,shared
n11693,4,1.0,1.0,1.0,1.0,1.0,shared
n11694,3,0.75,1.0,1.0,1.0,0.9375,shared
n11695,3,0.75,1.0,1.0,1.0,0.9375,shared
n11696,3,0.75,1.0,1.0,1.0,0.9375,shared
n11697,4,1.0,1.0,0.5714285714285714,1.0,0.8928571428571428,shared
n11698,4,1.0,1.0,1.0,1.0,1.0,shared
n11699,3,0.75,1.0,1.0,1.0,0.9375,shared
n11700,4,1.0,1.0,1.0,1.0,1.0,shared
n11701,3,0.75,1.0,1.0,1.0,0.9375,shared
n11702,4,1.0,1.0,1.0,1.0,1.0,shared
n11703,4,1.0,1.0,1.0,1.0,1.0,shared
n11704,4,1.0,1.0,1.0,1.0,1.0,shared
n11705,4,1.0,1.0,1.0,1.0,1.0,shared
n11706,4,1.0,1.0,1.0,1.0,1.0,shared
n11707,4,1.0,1.0,1.0,1.0,1.0,shared
n11708,4,1.0,1.0,1.0,1.0,1.0,shared
n11709,4,1.0,1.0,1.0,1.0,1.0,shared
n11710,4,1.0,1.0,1.0,1.0,1.0,shared
n11711,4,1.0,1.0,1.0,1.0,1.0,shared
n11712,4,1.0,1.0,1.0,1.0,1.0,shared
n11713,4,1.0,1.0,1.0,1.0,1.0,shared
n11714,4,1.0,1.0,1.0,1.0,1.0,shared
n11715,4,1.0,1.0,1.0,1.0,1.0,shared
n11716,3,0.75,1.0,1.0,1.0,0.9375,shared
n11717,4,1.0,1.0,1.0,1.0,1.0,shared
n11718,3,0.75,1.0,1.0,1.0,0.9375,shared
n11719,3,0.75,1.0,1.0,1.0,0.9375,shared
n11720,4,1.0,1.0,1.0,1.0,1.0,shared
n11721,4,1.0,1.0,1.0,1.0,1.0,shared
n11722,3,0.75,1.0,1.0,1.0,0.9375,shared
n11723,4,1.0,1.0,1.0,1.0,1.0,shared
n11724,4,1.0,1.0,1.0,1.0,1.0,shared
n11725,4,1.0,1.0,1.0,1.0,1.0,shared
n11726,4,1.0,1.0,1.0,1.0,1.0,shared
n11727,4,1.0,1.0,1.0,1.0,1.0,shared
n11728,3,0.75,1.0,1.0,1.0,0.9375,shared
n11729,3,0.75,1.0,1.0,1.0,0.9375,shared
n11730,4,1.0,1.0,1.0,1.0,1.0,shared
n11731,4,1.0,1.0,1.0,1.0,1.0,shared
n11732,4,1.0,1.0,1.0,1.0,1.0,shared
n11733,4,1.0,1.0,1.0,1.0,1.0,shared
n11734,4,1.0,1.0,1.0,1.0,1.0,shared
n11735,4,1.0,1.0,1.0,1.0,1.0,shared
n11736,3,0.75,1.0,1.0,1.0,0.9375,shared
n11737,4,1.0,1.0,1.0,1.0,1.0,shared
n11738,4,1.0,1.0,1.0,1.0,1.0,shared
n11739,4,1.0,1.0,1.0,1.0,1.0,shared
n11740,4,1.0,1.0,1.0,1.0,1.0,shared
n11741,4,1.0,1.0,1.0,1.0,1.0,shared
n11742,3,0.75,1.0,1.0,1.0,0.9375,shared
n11743,4,1.0,1.0,1.0,1.0,1.0,shared
n11744,3,0.75,1.0,1.0,1.0,0.9375,shared
n11745,4,1.0,1.0,1.0,1.0,1.0,shared
n11746,4,1.0,1.0,1.0,1.0,1.0,shared
n11747,4,1.0,1.0,1.0,1.0,1.0,shared
n11748,4,1.0,1.0,1.0,1.0,1.0,shared
n11749,4,1.0,1.0,1.0,1.0,1.0,shared
n11750,4,1.0,1.0,1.0,1.0,1.0,shared
n11751,4,1.0,1.0,1.0,1.0,1.0,shared
n11752,4,1.0,1.0,1.0,1.0,1.0,shared
n11753,4,1.0,1.0,1.0,1.0,1.0,shared
n11754,4,1.0,1.0,1.0,1.0,1.0,shared
n11755,4,1.0,1.0,1.0,1.0,1.0,shared
n11756,4,1.0,1.0,1.0,1.0,1.0,shared
n11757,4,1.0,1.0,0.4,1.0,0.85,shared
n11758,4,1.0,1.0,1.0,1.0,1.0,shared
n11759,4,1.0,1.0,1.0,1.0,1.0,shared
n11760,3,0.75,1.0,1.0,1.0,0.9375,shared
n11761,4,1.0,1.0,1.0,1.0,1.0,shared
n11762,4,1.0,1.0,1.0,1.0,1.0,shared
n11763,4,1.0,1.0,1.0,1.0,1.0,shared
n11764,4,1.0,1.0,1.0,1.0,1.0,shared
n11765,3,0.75,1.0,1.0,1.0,0.9375,shared
n11766,4,1.0,1.0,1.0,1.0,1.0,shared
n11767,3,0.75,1.0,1.0,1.0,0.9375,shared
n11768,4,1.0,1.0,1.0,1.0,1.0,shared
n11769,4,1.0,1.0,1.0,1.0,1.0,shared
n11770,4,1.0,1.0,1.0,1.0,1.0,shared
n11771,4,1.0,1.0,1.0,1.0,1.0,shared
n11772,4,1.0,1.0,1.0,1.0,1.0,shared
n11773,4,1.0,1.0,1.0,1.0,1.0,shared
n11774,4,1.0,1.0,1.0,1.0,1.0,shared
n11775,4,1.0,1.0,1.0,1.0,1.0,shared
n11776,3,0.75,1.0,1.0,1.0,0.9375,shared
n11777,4,1.0,1.0,1.0,1.0,1.0,shared
n11778,4,1.0,1.0,1.0,1.0,1.0,shared
n11779,4,1.0,1.0,1.0,1.0,1.0,shared
n11780,3,0.75,1.0,1.0,1.0,0.9375,shared
n11781,4,1.0,1.0,1.0,1.0,1.0,shared
n11782,3,0.75,1.0,1.0,1.0,0.9375,shared
n11783,3,0.75,1.0,1.0,1.0,0.9375,shared
n11784,4,1.0,1.0,1.0,1.0,1.0,shared
n11785,3,0.75,1.0,1.0,1.0,0.9375,shared
n11786,4,1.0,1.0,1.0,1.0,1.0,shared
n11787,4,1.0,1.0,1.0,1.0,1.0,shared
n11788,4,1.0,1.0,1.0,1.0,1.0,shared
n11789,4,1.0,1.0,1.0,1.0,1.0,shared
n11790,4,1.0,1.0,1.0,1.0,1.0,shared
n11791,4,1.0,1.0,1.0,1.0,1.0,shared
n11792,4,1.0,1.0,1.0,1.0,1.0,shared
n11793,4,1.0,1.0,1.0,1.0,1.0,shared
n11794,4,1.0,1.0,1.0,1.0,1.0,shared
n11795,4,1.0,1.0,1.0,1.0,1.0,shared
n11796,3,0.75,1.0,1.0,1.0,0.9375,shared
n11797,4,1.0,1.0,1.0,1.0,1.0,shared
n11798,4,1.0,1.0,1.0,1.0,1.0,shared
n11799,4,1.0,1.0,1.0,1.0,1.0,shared
n11800,4,1.0,0.5714285714285714,0.5714285714285714,1.0,0.7857142857142857,shared
n11801,4,1.0,1.0,1.0,1.0,1.0,shared
n11802,3,0.75,1.0,1.0,1.0,0.9375,shared
n11803,4,1.0,1.0,1.0,1.0,1.0,shared
n11804,4,1.0,1.0,1.0,1.0,1.0,shared
n11805,4,1.0,1.0,1.0,1.0,1.0,shared
n11806,4,1.0,1.0,1.0,1.0,1.0,shared
n11807,4,1.0,1.0,1.0,1.0,1.0,shared
n11808,4,1.0,1.0,1.0,1.0,1.0,shared
n11809,4,1.0,1.0,1.0,1.0,1.0,shared
n11810,4,1.0,1.0,1.0,1.0,1.0,shared
n11811,3,0.75,1.0,1.0,1.0,0.9375,shared
n11812,4,1.0,1.0,1.0,1.0,1.0,shared
n11813,4,1.0,1.0,1.0,1.0,1.0,shared
n11814,4,1.0,1.0,1.0,1.0,1.0,shared
n11815,3,0.75,1.0,1.0,1.0,0.9375,shared
n11816,4,1.0,1.0,1.0,1.0,1.0,shared
n11817,4,1.0,0.5,0.5,1.0,0.75,shared
n11818,3,0.75,1.0,1.0,1.0,0.9375,shared
n11819,4,1.0,1.0,1.0,1.0,1.0,shared
n11820,4,1.0,1.0,1.0,1.0,1.0,shared
n11821,4,1.0,1.0,1.0,1.0,1.0,shared
n11822,4,1.0,1.0,1.0,1.0,1.0,shared
n11823,4,1.0,1.0,1.0,1.0,1.0,shared
n11824,4,1.0,1.0,1.0,1.0,1.0,shared
n11825,4,1.0,1.0,1.0,1.0,1.0,shared
n11826,4,1.0,1.0,1.0,1.0,1.0,shared
n11827,4,1.0,1.0,1.0,1.0,1.0,shared
n11828,4,1.0,1.0,1.0,1.0,1.0,shared
n11829,4,1.0,1.0,1.0,1.0,1.0,shared
n11830,4,1.0,1.0,1.0,1.0,1.0,shared
n11831,4,1.0,1.0,1.0,1.0,1.0,shared
n11832,4,1.0,1.0,1.0,1.0,1.0,shared
n11833,4,1.0,1.0,1.0,1.0,1.0,shared
n11834,3,0.75,1.0,1.0,1.0,0.9375,shared
n11835,4,1.0,1.0,1.0,1.0,1.0,shared
n11836,4,1.0,1.0,1.0,1.0,1.0,shared
n11837,3,0.75,1.0,1.0,1.0,0.9375,shared
n11838,4,1.0,1.0,1.0,1.0,1.0,shared
n11839,4,1.0,1.0,1.0,1.0,1.0,shared
n11840,3,0.75,1.0,1.0,1.0,0.9375,shared
n11841,4,1.0,1.0,1.0,1.0,1.0,shared
n11842,4,1.0,1.0,1.0,1.0,1.0,shared
n11843,4,1.0,1.0,1.0,1.0,1.0,shared
n11844,4,1.0,1.0,1.0,1.0,1.0,shared
n11845,4,1.0,1.0,1.0,1.0,1.0,shared
n11846,3,0.75,1.0,1.0,1.0,0.9375,shared
n11847,4,1.0,1.0,1.0,1.0,1.0,shared
n11848,4,1.0,1.0,1.0,1.0,1.0,shared
n11849,4,1.0,1.0,1.0,1.0,1.0,shared
n11850,4,1.0,1.0,1.0,1.0,1.0,shared
n11851,4,1.0,1.0,1.0,1.0,1.0,shared
n11852,4,1.0,1.0,1.0,1.0,1.0,shared
n11853,3,0.75,1.0,1.0,1.0,0.9375,shared
n11854,4,1.0,1.0,1.0,1.0,1.0,shared
n11855,4,1.0,1.0,1.0,1.0,1.0,shared
n11856,4,1.0,1.0,1.0,1.0,1.0,shared
n11857,4,1.0,1.0,1.0,1.0,1.0,shared
n11858,4,1.0,1.0,1.0,1.0,1.0,shared
n11859,4,1.0,1.0,1.0,1.0,1.0,shared
n11860,4,1.0,0.75,1.0,1.0,0.9375,shared
n11861,4,1.0,1.0,1.0,1.0,1.0,shared
n11862,3,0.75,1.0,1.0,1.0,0.9375,shared
n11863,4,1.0,1.0,1.0,1.0,1.0,shared
n11864,4,1.0,1.0,1.0,1.0,1.0,shared
n11865,4,1.0,1.0,1.0,1.0,1.0,shared
n11866,3,0.75,1.0,1.0,1.0,0.9375,shared
n11867,4,1.0,1.0,1.0,1.0,1.0,shared
n11868,4,1.0,1.0,1.0,1.0,1.0,shared
n11869,4,1.0,1.0,1.0,1.0,1.0,shared
n11870,4,1.0,1.0,1.0,1.0,1.0,shared
n11871,3,0.75,1.0,1.0,1.0,0.9375,shared
n11872,3,0.75,1.0,1.0,1.0,0.9375,shared
n11873,4,1.0,1.0,1.0,1.0,1.0,shared
n11874,4,1.0,1.0,1.0,1.0,1.0,shared
n11875,4,1.0,1.0,1.0,1.0,1.0,shared
n11876,4,1.0,1.0,1.0,1.0,1.0,shared
n11877,4,1.0,1.0,1.0,1.0,1.0,shared
n11878,4,1.0,1.0,1.0,1.0,1.0,shared
n11879,4,1.0,1.0,1.0,1.0,1.0,shared
n11880,4,1.0,1.0,1.0,1.0,1.0,shared
n11881,4,1.0,1.0,1.0,1.0,1.0,shared
n11882,4,1.0,1.0,1.0,1.0,1.0,shared
n11883,4,1.0,1.0,1.0,1.0,1.0,shared
n11884,4,1.0,1.0,1.0,1.0,1.0,shared
n11885,4,1.0,1.0,0.5,1.0,0.875,shared
n11886,4,1.0,1.0,1.0,1.0,1.0,shared
n11887,4,1.0,1.0,1.0,1.0,1.0,shared
n11888,4,1.0,1.0,1.0,1.0,1.0,shared
n11889,4,1.0,1.0,1.0,1.0,1.0,shared
n11890,4,1.0,1.0,1.0,1.0,1.0,shared
n11891,4,1.0,1.0,1.0,1.0,1.0,shared
n11892,4,1.0,1.0,1.0,1.0,1.0,shared
n11893,3,0.75,1.0,1.0,1.0,0.9375,shared
n11894,4,1.0,1.0,1.0,1.0,1.0,shared
n11895,4,1.0,1.0,1.0,1.0,1.0,shared
n11896,4,1.0,1.0,1.0,1.0,1.0,shared
n11897,4,1.0,1.0,1.0,1.0,1.0,shared
n11898,4,1.0,1.0,1.0,1.0,1.0,shared
n11899,4,1.0,1.0,1.0,1.0,1.0,shared
n11900,4,1.0,1.0,1.0,1.0,1.0,shared
n11901,4,1.0,1.0,1.0,1.0,1.0,shared
n11902,4,1.0,1.0,1.0,1.0,1.0,shared
n11903,3,0.75,1.0,1.0,1.0,0.9375,shared
n11904,4,1.0,1.0,1.0,1.0,1.0,shared
n11905,4,1.0,1.0,1.0,1.0,1.0,shared
n11906,4,1.0,1.0,1.0,1.0,1.0,shared
n11907,4,1.0,1.0,1.0,1.0,1.0,shared
n11908,4,1.0,1.0,1.0,1.0,1.0,shared
n11909,4,1.0,1.0,1.0,1.0,1.0,shared
n11910,4,1.0,1.0,1.0,1.0,1.0,shared
n11911,4,1.0,1.0,1.0,1.0,1.0,shared
n11912,3,0.75,1.0,1.0,1.0,0.9375,shared
n11913,4,1.0,1.0,1.0,1.0,1.0,shared
n11914,4,1.0,1.0,1.0,1.0,1.0,shared
n11915,4,1.0,1.0,1.0,1.0,1.0,shared
n11916,4,1.0,1.0,1.0,1.0,1.0,shared
n11917,4,1.0,0.5714285714285714,0.5714285714285714,1.0,0.7857142857142857,shared
n11918,4,1.0,1.0,1.0,1.0,1.0,shared
n11919,4,1.0,1.0,1.0,1.0,1.0,shared
n11920,4,1.0,1.0,1.0,1.0,1.0,shared
n11921,3,0.75,1.0,1.0,1.0,0.9375,shared
n11922,4,1.0,1.0,1.0,1.0,1.0,shared
n11923,4,1.0,1.0,1.0,1.0,1.0,shared
n11924,4,1.0,1.0,1.0,1.0,1.0,shared
n11925,4,1.0,1.0,1.0,1.0,1.0,shared
n11926,3,0.75,1.0,1.0,1.0,0.9375,shared
n11927,4,1.0,1.0,1.0,1.0,1.0,shared
n11928,4,1.0,1.0,1.0,1.0,1.0,shared
n11929,4,1.0,1.0,1.0,1.0,1.0,shared
n11930,4,1.0,1.0,1.0,1.0,1.0,shared
n11931,3,0.75,1.0,1.0,1.0,0.9375,shared
n11932,3,0.75,1.0,1.0,1.0,0.9375,shared
n11933,4,1.0,1.0,1.0,1.0,1.0,shared
n11934,4,1.0,1.0,1.0,1.0,1.0,shared
n11935,3,0.75,0.6666666666666666,1.0,1.0,0.8541666666666666,shared
n11936,3,0.75,1.0,1.0,1.0,0.9375,shared
n11937,4,1.0,1.0,1.0,1.0,1.0,shared
n11938,3,0.75,1.0,1.0,1.0,0.9375,shared
n11939,4,1.0,1.0,1.0,1.0,1.0,shared
n11940,4,1.0,1.0,1.0,1.0,1.0,shared
n11941,3,0.75,1.0,1.0,1.0,0.9375,shared
n11942,4,1.0,1.0,1.0,1.0,1.0,shared
n11943,4,1.0,1.0,1.0,1.0,1.0,shared
n11944,4,1.0,1.0,1.0,1.0,1.0,shared
n11945,4,1.0,1.0,1.0,1.0,1.0,shared
n11946,4,1.0,1.0,1.0,1.0,1.0,shared
n11947,4,1.0,1.0,1.0,1.0,1.0,shared
n11948,4,1.0,1.0,1.0,1.0,1.0,shared
n11949,3,0.75,1.0,1.0,1.0,0.9375,shared
n11950,3,0.75,1.0,1.0,1.0,0.9375,shared
n11951,3,0.75,1.0,1.0,1.0,0.9375,shared
n11952,4,1.0,1.0,1.0,1.0,1.0,shared
n11953,3,0.75,1.0,1.0,1.0,0.9375,shared
n11954,3,0.75,1.0,1.0,1.0,0.9375,shared
n11955,4,1.0,1.0,1.0,1.0,1.0,shared
n11956,4,1.0,1.0,1.0,1.0,1.0,shared
n11957,4,1.0,1.0,1.0,1.0,1.0,shared
n11958,4,1.0,1.0,1.0,1.0,1.0,shared
n11959,4,1.0,1.0,1.0,1.0,1.0,shared
n11960,4,1.0,1.0,1.0,1.0,1.0,shared
n11961,4,1.0,1.0,1.0,1.0,1.0,shared
n11962,4,1.0,1.0,1.0,1.0,1.0,shared
n11963,4,1.0,1.0,1.0,1.0,1.0,shared
n11964,4,1.0,1.0,1.0,1.0,1.0,shared
n11965,3,0.75,1.0,1.0,1.0,0.9375,shared
n11966,4,1.0,1.0,1.0,1.0,1.0,shared
n11967,3,0.75,1.0,1.0,1.0,0.9375,shared
n11968,4,1.0,1.0,1.0,1.0,1.0,shared
n11969,3,0.75,1.0,1.0,1.0,0.9375,shared
n11970,3,0.75,1.0,1.0,1.0,0.9375,shared
n11971,4,1.0,1.0,1.0,1.0,1.0,shared
n11972,4,1.0,1.0,1.0,1.0,1.0,shared
n11973,4,1.0,1.0,1.0,1.0,1.0,shared
n11974,4,1.0,1.0,1.0,1.0,1.0,shared
n11975,4,1.0,1.0,1.0,1.0,1.0,shared
n11976,4,1.0,1.0,1.0,1.0,1.0,shared
n11977,4,1.0,1.0,1.0,1.0,1.0,shared
n11978,3,0.75,1.0,1.0,1.0,0.9375,shared
n11979,3,0.75,1.0,1.0,1.0,0.9375,shared
n11980,3,0.75,1.0,1.0,1.0,0.9375,shared
n11981,4,1.0,1.0,1.0,1.0,1.0,shared
n11982,4,1.0,1.0,1.0,1.0,1.0,shared
n11983,4,1.0,1.0,1.0,1.0,1.0,shared
n11984,3,0.75,1.0,1.0,1.0,0.9375,shared
n11985,3,0.75,1.0,1.0,1.0,0.9375,shared
n11986,4,1.0,1.0,1.0,1.0,1.0,shared
n11987,4,1.0,1.0,1.0,1.0,1.0,shared
n11988,4,1.0,1.0,1.0,1.0,1.0,shared
n11989,4,1.0,1.0,1.0,1.0,1.0,shared
n11990,4,1.0,1.0,1.0,1.0,1.0,shared
n11991,4,1.0,1.0,1.0,1.0,1.0,shared
n11992,4,1.0,1.0,1.0,1.0,1.0,shared
n11993,3,0.75,1.0,1.0,1.0,0.9375,shared
n11994,4,1.0,1.0,1.0,1.0,1.0,shared
n11995,3,0.75,1.0,1.0,1.0,0.9375,shared
n11996,4,1.0,1.0,1.0,1.0,1.0,shared
n11997,4,1.0,1.0,1.0,1.0,1.0,shared
n11998,4,1.0,1.0,1.0,1.0,1.0,shared
n11999,4,1.0,1.0,1.0,1.0,1.0,shared
n12000,4,1.0,1.0,1.0,1.0,1.0,shared
n12001,3,0.75,1.0,1.0,1.0,0.9375,shared
n12002,4,1.0,1.0,1.0,1.0,1.0,shared
n12003,4,1.0,1.0,1.0,1.0,1.0,shared
n12004,3,0.75,1.0,1.0,1.0,0.9375,shared
n12005,3,0.75,1.0,1.0,1.0,0.9375,shared
n12006,4,1.0,1.0,1.0,1.0,1.0,shared
n12007,4,1.0,1.0,1.0,1.0,1.0,shared
n12008,4,1.0,1.0,1.0,1.0,1.0,shared
n12009,4,1.0,1.0,1.0,1.0,1.0,shared
n12010,3,0.75,1.0,1.0,1.0,0.9375,shared
n12011,4,1.0,1.0,1.0,1.0,1.0,shared
n12012,3,0.75,1.0,1.0,1.0,0.9375,shared
n12013,3,0.75,1.0,1.0,1.0,0.9375,shared
n12014,3,0.75,1.0,1.0,1.0,0.9375,shared
n12015,4,1.0,1.0,1.0,1.0,1.0,shared
n12016,3,0.75,1.0,1.0,1.0,0.9375,shared
n12017,3,0.75,1.0,1.0,1.0,0.9375,shared
n12018,4,1.0,1.0,1.0,1.0,1.0,shared
n12019,4,1.0,1.0,1.0,1.0,1.0,shared
n12020,3,0.75,1.0,1.0,1.0,0.9375,shared
n12021,4,1.0,1.0,1.0,1.0,1.0,shared
n12022,3,0.75,1.0,1.0,1.0,0.9375,shared
n12023,4,1.0,1.0,1.0,1.0,1.0,shared
n12024,3,0.75,1.0,1.0,1.0,0.9375,shared
n12025,3,0.75,1.0,1.0,1.0,0.9375,shared
n12026,4,1.0,1.0,1.0,1.0,1.0,shared
n12027,4,1.0,0.5714285714285714,0.5714285714285714,1.0,0.7857142857142857,shared
n12028,4,1.0,1.0,1.0,1.0,1.0,shared
n12029,4,1.0,1.0,1.0,1.0,1.0,shared
n12030,4,1.0,1.0,1.0,1.0,1.0,shared
n12031,3,0.75,1.0,1.0,1.0,0.9375,shared
n12032,3,0.75,1.0,1.0,1.0,0.9375,shared
n12033,4,1.0,1.0,1.0,1.0,1.0,shared
n12034,3,0.75,1.0,1.0,1.0,0.9375,shared
n12035,3,0.75,1.0,1.0,1.0,0.9375,shared
n12036,4,1.0,1.0,1.0,1.0,1.0,shared
n12037,3,0.75,1.0,1.0,1.0,0.9375,shared
n12038,4,1.0,1.0,1.0,1.0,1.0,shared
n12039,4,1.0,1.0,1.0,1.0,1.0,shared
n12040,4,1.0,1.0,1.0,1.0,1.0,shared
n12041,4,1.0,1.0,1.0,1.0,1.0,shared
n12042,4,1.0,1.0,1.0,1.0,1.0,shared
n12043,3,0.75,1.0,1.0,1.0,0.9375,shared
n12044,4,1.0,1.0,1.0,1.0,1.0,shared
n12045,4,1.0,1.0,1.0,1.0,1.0,shared
n12046,4,1.0,1.0,1.0,1.0,1.0,shared
n12047,4,1.0,1.0,1.0,1.0,1.0,shared
n12048,4,1.0,1.0,0.5714285714285714,1.0,0.8928571428571428,shared
n12049,3,0.75,1.0,1.0,1.0,0.9375,shared
n12050,4,1.0,1.0,1.0,1.0,1.0,shared
n12051,3,0.75,1.0,1.0,1.0,0.9375,shared
n12052,3,0.75,1.0,1.0,1.0,0.9375,shared
n12053,3,0.75,1.0,1.0,1.0,0.9375,shared
n12054,4,1.0,1.0,1.0,1.0,1.0,shared
n12055,4,1.0,1.0,1.0,1.0,1.0,shared
n12056,4,1.0,1.0,1.0,1.0,1.0,shared
n12057,4,1.0,1.0,1.0,1.0,1.0,shared
n12058,3,0.75,1.0,1.0,1.0,0.9375,shared
n12059,3,0.75,1.0,1.0,1.0,0.9375,shared
n12060,4,1.0,1.0,1.0,1.0,1.0,shared
n12061,3,0.75,1.0,1.0,1.0,0.9375,shared
n12062,3,0.75,1.0,1.0,1.0,0.9375,shared
n12063,4,1.0,1.0,1.0,1.0,1.0,shared
n12064,3,0.75,1.0,1.0,1.0,0.9375,shared
n12065,3,0.75,1.0,1.0,1.0,0.9375,shared
n12066,3,0.75,1.0,1.0,1.0,0.9375,shared
n12067,4,1.0,1.0,1.0,1.0,1.0,shared
n12068,4,1.0,1.0,1.0,1.0,1.0,shared
n12069,3,0.75,1.0,1.0,1.0,0.9375,shared
n12070,4,1.0,1.0,1.0,1.0,1.0,shared
n12071,4,1.0,1.0,1.0,1.0,1.0,shared
n12072,4,1.0,1.0,1.0,1.0,1.0,shared
n12073,4,1.0,1.0,1.0,1.0,1.0,shared
n12074,3,0.75,1.0,1.0,1.0,0.9375,shared
n12075,3,0.75,1.0,1.0,1.0,0.9375,shared
n12076,3,0.75,1.0,1.0,1.0,0.9375,shared
n12077,3,0.75,1.0,1.0,1.0,0.9375,shared
n12078,4,1.0,1.0,1.0,1.0,1.0,shared
n12079,4,1.0,1.0,1.0,1.0,1.0,shared
n12080,4,1.0,1.0,1.0,1.0,1.0,shared
n12081,3,0.75,1.0,1.0,1.0,0.9375,shared
n12082,3,0.75,1.0,1.0,1.0,0.9375,shared
n12083,4,1.0,1.0,1.0,1.0,1.0,shared
n12084,3,0.75,1.0,1.0,1.0,0.9375,shared
n12085,4,1.0,1.0,1.0,1.0,1.0,shared
n12086,3,0.75,1.0,1.0,1.0,0.9375,shared
n12087,3,0.75,1.0,1.0,1.0,0.9375,shared
n12088,3,0.75,1.0,1.0,1.0,0.9375,shared
n12089,4,1.0,1.0,1.0,1.0,1.0,shared
n12090,4,1.0,1.0,1.0,1.0,1.0,shared
n12091,4,1.0,1.0,1.0,1.0,1.0,shared
n12092,4,1.0,0.5,0.5,1.0,0.75,shared
n12093,3,0.75,1.0,1.0,1.0,0.9375,shared
n12094,4,1.0,1.0,1.0,1.0,1.0,shared
n12095,4,1.0,1.0,1.0,1.0,1.0,shared
n12096,4,1.0,1.0,1.0,1.0,1.0,shared
n12097,3,0.75,1.0,1.0,1.0,0.9375,shared
n12098,4,1.0,1.0,1.0,1.0,1.0,shared
n12099,4,1.0,1.0,1.0,1.0,1.0,shared
n12100,4,1.0,0.5,0.5,1.0,0.75,shared
n12101,4,1.0,1.0,1.0,1.0,1.0,shared
n12102,3,0.75,1.0,1.0,1.0,0.9375,shared
n12103,3,0.75,1.0,1.0,1.0,0.9375,shared
n12104,4,1.0,1.0,1.0,1.0,1.0,shared
n12105,4,1.0,0.6363636363636364,1.0,1.0,0.9090909090909091,shared
n12106,4,1.0,1.0,1.0,1.0,1.0,shared
n12107,4,1.0,1.0,1.0,1.0,1.0,shared
n12108,4,1.0,1.0,1.0,1.0,1.0,shared
n12109,3,0.75,1.0,1.0,1.0,0.9375,shared
n12110,3,0.75,1.0,1.0,1.0,0.9375,shared
n12111,3,0.75,1.0,1.0,1.0,0.9375,shared
n12112,4,1.0,1.0,1.0,1.0,1.0,shared
n12113,4,1.0,1.0,1.0,1.0,1.0,shared
n12114,4,1.0,1.0,1.0,1.0,1.0,shared
n12115,4,1.0,1.0,1.0,1.0,1.0,shared
n12116,4,1.0,1.0,1.0,1.0,1.0,shared
n12117,4,1.0,1.0,1.0,1.0,1.0,shared
n12118,4,1.0,1.0,1.0,1.0,1.0,shared
n12119,4,1.0,1.0,1.0,1.0,1.0,shared
n12120,4,1.0,1.0,1.0,1.0,1.0,shared
n12121,4,1.0,1.0,1.0,1.0,1.0,shared
n12122,4,1.0,1.0,1.0,1.0,1.0,shared
n12123,4,1.0,1.0,1.0,1.0,1.0,shared
n12124,4,1.0,1.0,1.0,1.0,1.0,shared
n12125,3,0.75,1.0,1.0,1.0,0.9375,shared
n12126,3,0.75,1.0,1.0,1.0,0.9375,shared
n12127,3,0.75,1.0,1.0,1.0,0.9375,shared
n12128,4,1.0,1.0,1.0,1.0,1.0,shared
n12129,4,1.0,1.0,1.0,1.0,1.0,shared
n12130,3,0.75,1.0,1.0,1.0,0.9375,shared
n12131,4,1.0,1.0,1.0,1.0,1.0,shared
n12132,4,1.0,1.0,1.0,1.0,1.0,shared
n12133,4,1.0,1.0,1.0,1.0,1.0,shared
n12134,3,0.75,1.0,1.0,1.0,0.9375,shared
n12135,3,0.75,1.0,1.0,1.0,0.9375,shared
n12136,4,1.0,1.0,1.0,1.0,1.0,shared
n12137,3,0.75,1.0,1.0,1.0,0.9375,shared
n12138,4,1.0,1.0,1.0,1.0,1.0,shared
n12139,3,0.75,1.0,1.0,1.0,0.9375,shared
n12140,4,1.0,1.0,1.0,1.0,1.0,shared
n12141,4,1.0,1.0,1.0,1.0,1.0,shared
n12142,4,1.0,1.0,1.0,1.0,1.0,shared
n12143,4,1.0,1.0,1.0,1.0,1.0,shared
n12144,3,0.75,1.0,1.0,1.0,0.9375,shared
n12145,4,1.0,1.0,1.0,1.0,1.0,shared
n12146,4,1.0,1.0,1.0,1.0,1.0,shared
n12147,3,0.75,1.0,1.0,1.0,0.9375,shared
n12148,3,0.75,1.0,1.0,1.0,0.9375,shared
n12149,4,1.0,1.0,1.0,1.0,1.0,shared
n12150,3,0.75,1.0,1.0,1.0,0.9375,shared
n12151,3,0.75,1.0,1.0,1.0,0.9375,shared
n12152,4,1.0,1.0,1.0,1.0,1.0,shared
n12153,3,0.75,1.0,1.0,1.0,0.9375,shared
n12154,4,1.0,1.0,1.0,1.0,1.0,shared
n12155,3,0.75,1.0,1.0,1.0,0.9375,shared
n12156,3,0.75,1.0,1.0,1.0,0.9375,shared
n12157,4,1.0,1.0,1.0,1.0,1.0,shared
n12158,4,1.0,1.0,1.0,1.0,1.0,shared
n12159,4,1.0,1.0,1.0,1.0,1.0,shared
n12160,3,0.75,1.0,1.0,1.0,0.9375,shared
n12161,4,1.0,1.0,1.0,1.0,1.0,shared
n12162,4,1.0,1.0,1.0,1.0,1.0,shared
n12163,4,1.0,1.0,1.0,1.0,1.0,shared
n12164,4,1.0,1.0,1.0,1.0,1.0,shared
n12165,3,0.75,1.0,1.0,1.0,0.9375,shared
n12166,4,1.0,1.0,1.0,1.0,1.0,shared
n12167,3,0.75,1.0,1.0,1.0,0.9375,shared
n12168,4,1.0,1.0,1.0,1.0,1.0,shared
n12169,4,1.0,1.0,1.0,1.0,1.0,shared
n12170,4,1.0,1.0,1.0,1.0,1.0,shared
n12171,4,1.0,1.0,1.0,1.0,1.0,shared
n12172,4,1.0,1.0,1.0,1.0,1.0,shared
n12173,4,1.0,1.0,1.0,1.0,1.0,shared
n12174,4,1.0,1.0,1.0,1.0,1.0,shared
n12175,4,1.0,1.0,1.0,1.0,1.0,shared
n12176,4,1.0,1.0,1.0,1.0,1.0,shared
n12177,3,0.75,1.0,1.0,1.0,0.9375,shared
n12178,4,1.0,1.0,1.0,1.0,1.0,shared
n12179,4,1.0,1.0,1.0,1.0,1.0,shared
n12180,3,0.75,1.0,1.0,1.0,0.9375,shared
n12181,4,1.0,1.0,1.0,1.0,1.0,shared
n12182,4,1.0,1.0,1.0,1.0,1.0,shared
n12183,4,1.0,1.0,1.0,1.0,1.0,shared
n12184,4,1.0,1.0,1.0,1.0,1.0,shared
n12185,4,1.0,1.0,1.0,1.0,1.0,shared
n12186,4,1.0,1.0,1.0,1.0,1.0,shared
n12187,3,0.75,1.0,1.0,1.0,0.9375,shared
n12188,4,1.0,1.0,1.0,1.0,1.0,shared
n12189,4,1.0,1.0,1.0,1.0,1.0,shared
n12190,3,0.75,1.0,1.0,1.0,0.9375,shared
n12191,4,1.0,1.0,1.0,1.0,1.0,shared
n12192,4,1.0,1.0,1.0,1.0,1.0,shared
n12193,4,1.0,1.0,1.0,1.0,1.0,shared
n12194,4,1.0,1.0,1.0,1.0,1.0,shared
n12195,4,1.0,1.0,1.0,1.0,1.0,shared
n12196,4,1.0,1.0,1.0,1.0,1.0,shared
n12197,4,1.0,1.0,1.0,1.0,1.0,shared
n12198,3,0.75,1.0,1.0,1.0,0.9375,shared
n12199,4,1.0,1.0,1.0,1.0,1.0,shared
n12200,4,1.0,1.0,1.0,1.0,1.0,shared
n12201,3,0.75,1.0,1.0,1.0,0.9375,shared
n12202,4,1.0,1.0,1.0,1.0,1.0,shared
n12203,4,1.0,1.0,1.0,1.0,1.0,shared
n12204,4,1.0,1.0,1.0,1.0,1.0,shared
n12205,4,1.0,1.0,1.0,1.0,1.0,shared
n12206,4,1.0,1.0,1.0,1.0,1.0,shared
n12207,4,1.0,1.0,1.0,1.0,1.0,shared
n12208,3,0.75,1.0,1.0,1.0,0.9375,shared
n12209,4,1.0,1.0,1.0,1.0,1.0,shared
n12210,3,0.75,1.0,1.0,1.0,0.9375,shared
n12211,4,1.0,1.0,1.0,1.0,1.0,shared
n12212,4,1.0,1.0,1.0,1.0,1.0,shared
n12213,4,1.0,1.0,1.0,1.0,1.0,shared
n12214,4,1.0,1.0,1.0,1.0,1.0,shared
n12215,4,1.0,1.0,1.0,1.0,1.0,shared
n12216,4,1.0,1.0,1.0,1.0,1.0,shared
n12217,4,1.0,1.0,1.0,1.0,1.0,shared
n12218,4,1.0,1.0,1.0,1.0,1.0,shared
n12219,4,1.0,1.0,1.0,1.0,1.0,shared
n12220,4,1.0,1.0,1.0,1.0,1.0,shared
n12221,3,0.75,1.0,1.0,1.0,0.9375,shared
n12222,4,1.0,1.0,1.0,1.0,1.0,shared
n12223,4,1.0,1.0,1.0,1.0,1.0,shared
n12224,4,1.0,1.0,1.0,1.0,1.0,shared
n12225,4,1.0,1.0,1.0,1.0,1.0,shared
n12226,4,1.0,1.0,1.0,1.0,1.0,shared
n12227,4,1.0,1.0,1.0,1.0,1.0,shared
n12228,4,1.0,0.6666666666666666,1.0,1.0,0.9166666666666666,shared
n12229,4,1.0,1.0,1.0,1.0,1.0,shared
n12230,3,0.75,1.0,1.0,1.0,0.9375,shared
n12231,4,1.0,1.0,1.0,1.0,1.0,shared
n12232,4,1.0,1.0,1.0,1.0,1.0,shared
n12233,4,1.0,1.0,1.0,1.0,1.0,shared
n12234,3,0.75,1.0,1.0,1.0,0.9375,shared
n12235,4,1.0,1.0,1.0,1.0,1.0,shared
n12236,4,1.0,1.0,1.0,1.0,1.0,shared
n12237,3,0.75,1.0,1.0,1.0,0.9375,shared
n12238,4,1.0,1.0,1.0,1.0,1.0,shared
n12239,3,0.75,1.0,1.0,1.0,0.9375,shared
n12240,3,0.75,1.0,1.0,1.0,0.9375,shared
n12241,3,0.75,1.0,1.0,1.0,0.9375,shared
n12242,3,0.75,1.0,1.0,1.0,0.9375,shared
n12243,4,1.0,1.0,1.0,1.0,1.0,shared
n12244,3,0.75,1.0,1.0,1.0,0.9375,shared
n12245,3,0.75,1.0,1.0,1.0,0.9375,shared
n12246,3,0.75,1.0,1.0,1.0,0.9375,shared
n12247,4,1.0,0.5714285714285714,0.5714285714285714,1.0,0.7857142857142857,shared
n12248,4,1.0,0.6363636363636364,0.36363636363636365,1.0,0.75,shared
n12249,4,1.0,1.0,1.0,1.0,1.0,shared
n12250,3,0.75,1.0,1.0,1.0,0.9375,shared
n12251,4,1.0,1.0,1.0,1.0,1.0,shared
n12252,4,1.0,1.0,1.0,1.0,1.0,shared
n12253,4,1.0,1.0,1.0,1.0,1.0,shared
n12254,4,1.0,1.0,1.0,1.0,1.0,shared
n12255,3,0.75,1.0,1.0,1.0,0.9375,shared
n12256,4,1.0,1.0,1.0,1.0,1.0,shared
n12257,4,1.0,1.0,1.0,1.0,1.0,shared
n12258,4,1.0,1.0,1.0,1.0,1.0,shared
n12259,3,0.75,1.0,1.0,1.0,0.9375,shared
n12260,4,1.0,1.0,1.0,1.0,1.0,shared
n12261,4,1.0,1.0,1.0,1.0,1.0,shared
n12262,4,1.0,1.0,1.0,1.0,1.0,shared
n12263,4,1.0,1.0,1.0,1.0,1.0,shared
n12264,4,1.0,1.0,1.0,1.0,1.0,shared
n12265,4,1.0,1.0,1.0,1.0,1.0,shared
n12266,4,1.0,1.0,1.0,1.0,1.0,shared
n12267,4,1.0,1.0,1.0,1.0,1.0,shared
n12268,4,1.0,1.0,1.0,1.0,1.0,shared
n12269,4,1.0,1.0,1.0,1.0,1.0,shared
n12270,3,0.75,1.0,1.0,1.0,0.9375,shared
n12271,4,1.0,1.0,1.0,1.0,1.0,shared
n12272,4,1.0,1.0,1.0,1.0,1.0,shared
n12273,3,0.75,1.0,1.0,1.0,0.9375,shared
n12274,4,1.0,1.0,1.0,1.0,1.0,shared
n12275,4,1.0,1.0,1.0,1.0,1.0,shared
n12276,4,1.0,1.0,1.0,1.0,1.0,shared
n12277,3,0.75,1.0,1.0,1.0,0.9375,shared
n12278,4,1.0,1.0,1.0,1.0,1.0,shared
n12279,4,1.0,1.0,1.0,1.0,1.0,shared
n12280,4,1.0,1.0,1.0,1.0,1.0,shared
n12281,4,1.0,1.0,1.0,1.0,1.0,shared
n12282,3,0.75,1.0,1.0,1.0,0.9375,shared
n12283,3,0.75,1.0,1.0,1.0,0.9375,shared
n12284,4,1.0,1.0,1.0,1.0,1.0,shared
n12285,4,1.0,1.0,1.0,1.0,1.0,shared
n12286,4,1.0,1.0,1.0,1.0,1.0,shared
n12287,3,0.75,1.0,1.0,1.0,0.9375,shared
n12288,4,1.0,1.0,1.0,1.0,1.0,shared
n12289,3,0.75,1.0,1.0,1.0,0.9375,shared
n12290,4,1.0,1.0,1.0,1.0,1.0,shared
n12291,4,1.0,1.0,1.0,1.0,1.0,shared
n12292,4,1.0,1.0,1.0,1.0,1.0,shared
n12293,3,0.75,1.0,1.0,1.0,0.9375,shared
n12294,4,1.0,1.0,1.0,1.0,1.0,shared
n12295,3,0.75,1.0,1.0,1.0,0.9375,shared
n12296,4,1.0,1.0,1.0,1.0,1.0,shared
n12297,4,1.0,0.7,0.7,1.0,0.85,shared
n12298,4,1.0,1.0,1.0,1.0,1.0,shared
n12299,4,1.0,1.0,1.0,1.0,1.0,shared
n12300,4,1.0,1.0,1.0,1.0,1.0,shared
n12301,3,0.75,1.0,1.0,1.0,0.9375,shared
n12302,4,1.0,1.0,1.0,1.0,1.0,shared
n12303,3,0.75,1.0,1.0,1.0,0.9375,shared
n12304,3,0.75,1.0,1.0,1.0,0.9375,shared
n12305,4,1.0,1.0,1.0,1.0,1.0,shared
n12306,4,1.0,1.0,1.0,1.0,1.0,shared
n12307,4,1.0,1.0,1.0,1.0,1.0,shared
n12308,4,1.0,1.0,1.0,1.0,1.0,shared
n12309,3,0.75,1.0,1.0,1.0,0.9375,shared
n12310,4,1.0,1.0,1.0,1.0,1.0,shared
n12311,3,0.75,1.0,1.0,1.0,0.9375,shared
n12312,4,1.0,1.0,1.0,1.0,1.0,shared
n12313,3,0.75,1.0,1.0,1.0,0.9375,shared
n12314,3,0.75,1.0,1.0,1.0,0.9375,shared
n12315,4,1.0,1.0,1.0,1.0,1.0,shared
n12316,4,1.0,1.0,1.0,1.0,1.0,shared
n12317,4,1.0,1.0,1.0,1.0,1.0,shared
n12318,4,1.0,1.0,1.0,1.0,1.0,shared
n12319,4,1.0,1.0,1.0,1.0,1.0,shared
n12320,4,1.0,1.0,1.0,1.0,1.0,shared
n12321,4,1.0,1.0,1.0,1.0,1.0,shared
n12322,3,0.75,1.0,1.0,1.0,0.9375,shared
n12323,3,0.75,1.0,1.0,1.0,0.9375,shared
n12324,3,0.75,1.0,1.0,1.0,0.9375,shared
n12325,3,0.75,1.0,1.0,1.0,0.9375,shared
n12326,4,1.0,1.0,1.0,1.0,1.0,shared
n12327,4,1.0,1.0,1.0,1.0,1.0,shared
n12328,3,0.75,1.0,1.0,1.0,0.9375,shared
n12329,4,1.0,1.0,1.0,1.0,1.0,shared
n12330,4,1.0,1.0,1.0,1.0,1.0,shared
n12331,3,0.75,1.0,1.0,1.0,0.9375,shared
n12332,4,1.0,1.0,1.0,1.0,1.0,shared
n12333,3,0.75,1.0,1.0,1.0,0.9375,shared
n12334,4,1.0,0.5714285714285714,0.5714285714285714,1.0,0.7857142857142857,shared
n12335,4,1.0,1.0,1.0,1.0,1.0,shared
n12336,3,0.75,1.0,1.0,1.0,0.9375,shared
n12337,3,0.75,1.0,1.0,1.0,0.9375,shared
n12338,4,1.0,1.0,1.0,1.0,1.0,shared
n12339,4,1.0,1.0,1.0,1.0,1.0,shared
n12340,4,1.0,0.5714285714285714,0.5714285714285714,1.0,0.7857142857142857,shared
n12341,4,1.0,1.0,1.0,1.0,1.0,shared
n12342,3,0.75,1.0,1.0,1.0,0.9375,shared
n12343,3,0.75,1.0,1.0,1.0,0.9375,shared
n12344,3,0.75,1.0,1.0,1.0,0.9375,shared
n12345,4,1.0,1.0,1.0,1.0,1.0,shared
n12346,4,1.0,1.0,1.0,1.0,1.0,shared
n12347,3,0.75,1.0,1.0,1.0,0.9375,shared
n12348,4,1.0,1.0,1.0,1.0,1.0,shared
n12349,3,0.75,1.0,1.0,1.0,0.9375,shared
n12350,4,1.0,1.0,1.0,1.0,1.0,shared
n12351,3,0.75,1.0,1.0,1.0,0.9375,shared
n12352,4,1.0,1.0,1.0,1.0,1.0,shared
n12353,4,1.0,1.0,1.0,1.0,1.0,shared
n12354,3,0.75,1.0,1.0,1.0,0.9375,shared
n12355,4,1.0,1.0,1.0,1.0,1.0,shared
n12356,3,0.75,1.0,1.0,1.0,0.9375,shared
n12357,3,0.75,1.0,1.0,1.0,0.9375,shared
n12358,4,1.0,1.0,1.0,1.0,1.0,shared
n12359,4,1.0,1.0,1.0,1.0,1.0,shared
n12360,4,1.0,1.0,1.0,1.0,1.0,shared
n12361,4,1.0,1.0,1.0,1.0,1.0,shared
n12362,3,0.75,1.0,1.0,1.0,0.9375,shared
n12363,3,0.75,1.0,1.0,1.0,0.9375,shared
n12364,4,1.0,1.0,1.0,1.0,1.0,shared
n12365,4,1.0,1.0,1.0,1.0,1.0,shared
n12366,4,1.0,1.0,1.0,1.0,1.0,shared
n12367,3,0.75,1.0,1.0,1.0,0.9375,shared
n12368,3,0.75,1.0,1.0,1.0,0.9375,shared
n12369,4,1.0,1.0,1.0,1.0,1.0,shared
n12370,3,0.75,1.0,1.0,1.0,0.9375,shared
n12371,4,1.0,1.0,1.0,1.0,1.0,shared
n12372,3,0.75,1.0,1.0,1.0,0.9375,shared
n12373,3,0.75,1.0,1.0,1.0,0.9375,shared
n12374,4,1.0,1.0,1.0,1.0,1.0,shared
n12375,3,0.75,1.0,1.0,1.0,0.9375,shared
n12376,3,0.75,1.0,1.0,1.0,0.9375,shared
n12377,3,0.75,1.0,1.0,1.0,0.9375,shared
n12378,4,1.0,1.0,1.0,1.0,1.0,shared
n12379,4,1.0,1.0,1.0,1.0,1.0,shared
n12380,3,0.75,1.0,1.0,1.0,0.9375,shared
n12381,3,0.75,1.0,1.0,1.0,0.9375,shared
n12382,4,1.0,0.5,1.0,1.0,0.875,shared
n12383,4,1.0,1.0,1.0,1.0,1.0,shared
n12384,4,1.0,1.0,1.0,1.0,1.0,shared
n12385,4,1.0,1.0,1.0,1.0,1.0,shared
n12386,4,1.0,1.0,1.0,1.0,1.0,shared
n12387,4,1.0,1.0,1.0,1.0,1.0,shared
n12388,4,1.0,1.0,1.0,1.0,1.0,shared
n12389,3,0.75,1.0,1.0,1.0,0.9375,shared
n12390,4,1.0,1.0,1.0,1.0,1.0,shared
n12391,4,1.0,1.0,1.0,1.0,1.0,shared
n12392,3,0.75,1.0,1.0,1.0,0.9375,shared
n12393,4,1.0,1.0,1.0,1.0,1.0,shared
n12394,4,1.0,1.0,1.0,1.0,1.0,shared
n12395,4,1.0,1.0,1.0,1.0,1.0,shared
n12396,4,1.0,1.0,1.0,1.0,1.0,shared
n12397,4,1.0,1.0,1.0,1.0,1.0,shared
n12398,3,0.75,1.0,1.0,1.0,0.9375,shared
n12399,4,1.0,1.0,1.0,1.0,1.0,shared
n12400,4,1.0,1.0,1.0,1.0,1.0,shared
n12401,4,1.0,1.0,1.0,1.0,1.0,shared
n12402,3,0.75,1.0,1.0,1.0,0.9375,shared
n12403,4,1.0,1.0,1.0,1.0,1.0,shared
n12404,4,1.0,1.0,1.0,1.0,1.0,shared
n12405,4,1.0,1.0,1.0,1.0,1.0,shared
n12406,4,1.0,1.0,1.0,1.0,1.0,shared
n12407,3,0.75,1.0,1.0,1.0,0.9375,shared
n12408,4,1.0,0.5714285714285714,0.5714285714285714,1.0,0.7857142857142857,shared
n12409,4,1.0,1.0,1.0,1.0,1.0,shared
n12410,4,1.0,1.0,1.0,1.0,1.0,shared
n12411,4,1.0,1.0,1.0,1.0,1.0,shared
n12412,4,1.0,1.0,1.0,1.0,1.0,shared
n12413,3,0.75,1.0,1.0,1.0,0.9375,shared
n12414,3,0.75,1.0,1.0,1.0,0.9375,shared
n12415,4,1.0,1.0,1.0,1.0,1.0,shared
n12416,4,1.0,1.0,1.0,1.0,1.0,shared
n12417,4,1.0,1.0,1.0,1.0,1.0,shared
n12418,4,1.0,1.0,1.0,1.0,1.0,shared
n12419,4,1.0,1.0,1.0,1.0,1.0,shared
n12420,4,1.0,1.0,1.0,1.0,1.0,shared
n12421,4,1.0,1.0,1.0,1.0,1.0,shared
n12422,4,1.0,1.0,1.0,1.0,1.0,shared
n12423,3,0.75,1.0,1.0,1.0,0.9375,shared
n12424,3,0.75,1.0,1.0,1.0,0.9375,shared
n12425,4,1.0,1.0,1.0,1.0,1.0,shared
n12426,4,1.0,1.0,1.0,1.0,1.0,shared
n12427,4,1.0,1.0,1.0,1.0,1.0,shared
n12428,4,1.0,1.0,1.0,1.0,1.0,shared
n12429,4,1.0,1.0,1.0,1.0,1.0,shared
n12430,4,1.0,1.0,1.0,1.0,1.0,shared
n12431,3,0.75,1.0,1.0,1.0,0.9375,shared
n12432,4,1.0,1.0,1.0,1.0,1.0,shared
n12433,4,1.0,1.0,1.0,1.0,1.0,shared
n12434,3,0.75,1.0,1.0,1.0,0.9375,shared
n12435,4,1.0,1.0,1.0,1.0,1.0,shared
n12436,4,1.0,1.0,1.0,1.0,1.0,shared
n12437,4,1.0,1.0,1.0,1.0,1.0,shared
n12438,4,1.0,1.0,1.0,1.0,1.0,shared
n12439,3,0.75,1.0,1.0,1.0,0.9375,shared
n12440,4,1.0,1.0,1.0,1.0,1.0,shared
n12441,3,0.75,1.0,1.0,1.0,0.9375,shared
n12442,4,1.0,1.0,1.0,1.0,1.0,shared
n12443,4,1.0,1.0,1.0,1.0,1.0,shared
n12444,3,0.75,1.0,1.0,1.0,0.9375,shared
n12445,4,1.0,1.0,1.0,1.0,1.0,shared
n12446,4,1.0,1.0,1.0,1.0,1.0,shared
n12447,4,1.0,1.0,1.0,1.0,1.0,shared
n12448,4,1.0,1.0,1.0,1.0,1.0,shared
n12449,4,1.0,1.0,1.0,1.0,1.0,shared
n12450,4,1.0,1.0,1.0,1.0,1.0,shared
n12451,4,1.0,1.0,1.0,1.0,1.0,shared
n12452,4,1.0,1.0,1.0,1.0,1.0,shared
n12453,4,1.0,1.0,1.0,1.0,1.0,shared
n12454,4,1.0,1.0,1.0,1.0,1.0,shared
n12455,3,0.75,1.0,1.0,1.0,0.9375,shared
n12456,4,1.0,1.0,1.0,1.0,1.0,shared
n12457,3,0.75,1.0,1.0,1.0,0.9375,shared
n12458,3,0.75,1.0,1.0,1.0,0.9375,shared
n12459,4,1.0,1.0,1.0,1.0,1.0,shared
n12460,3,0.75,1.0,1.0,1.0,0.9375,shared
n12461,4,1.0,1.0,1.0,1.0,1.0,shared
n12462,3,0.75,1.0,1.0,1.0,0.9375,shared
n12463,4,1.0,1.0,1.0,1.0,1.0,shared
n12464,4,1.0,1.0,1.0,1.0,1.0,shared
n12465,4,1.0,1.0,1.0,1.0,1.0,shared
n12466,4,1.0,1.0,1.0,1.0,1.0,shared
n12467,4,1.0,1.0,1.0,1.0,1.0,shared
n12468,3,0.75,1.0,1.0,1.0,0.9375,shared
n12469,4,1.0,1.0,1.0,1.0,1.0,shared
n12470,4,1.0,1.0,1.0,1.0,1.0,shared
n12471,3,0.75,1.0,1.0,1.0,0.9375,shared
n12472,4,1.0,1.0,1.0,1.0,1.0,shared
n12473,4,1.0,0.5714285714285714,0.5714285714285714,1.0,0.7857142857142857,shared
n12474,4,1.0,1.0,1.0,1.0,1.0,shared
n12475,4,1.0,1.0,1.0,1.0,1.0,shared
n12476,4,1.0,1.0,1.0,1.0,1.0,shared
n12477,4,1.0,1.0,1.0,1.0,1.0,shared
n12478,4,1.0,1.0,1.0,1.0,1.0,shared
n12479,4,1.0,1.0,1.0,1.0,1.0,shared
n12480,4,1.0,1.0,1.0,1.0,1.0,shared
n12481,3,0.75,1.0,1.0,1.0,0.9375,shared
n12482,4,1.0,1.0,1.0,1.0,1.0,shared
n12483,4,1.0,1.0,1.0,1.0,1.0,shared
n12484,3,0.75,1.0,1.0,1.0,0.9375,shared
n12485,4,1.0,1.0,1.0,1.0,1.0,shared
n12486,4,1.0,1.0,1.0,1.0,1.0,shared
n12487,4,1.0,1.0,1.0,1.0,1.0,shared
n12488,4,1.0,1.0,1.0,1.0,1.0,shared
n12489,4,1.0,0.46153846153846156,0.6153846153846154,1.0,0.7692307692307693,shared
n12490,4,1.0,1.0,1.0,1.0,1.0,shared
n12491,4,1.0,1.0,1.0,1.0,1.0,shared
n12492,4,1.0,1.0,1.0,1.0,1.0,shared
n12493,3,0.75,1.0,1.0,1.0,0.9375,shared
n12494,4,1.0,1.0,1.0,1.0,1.0,shared
n12495,4,1.0,1.0,1.0,1.0,1.0,shared
n12496,4,1.0,1.0,1.0,1.0,1.0,shared
n12497,3,0.75,1.0,1.0,1.0,0.9375,shared
n12498,3,0.75,1.0,1.0,1.0,0.9375,shared
n12499,4,1.0,1.0,1.0,1.0,1.0,shared
n12500,3,0.75,1.0,1.0,1.0,0.9375,shared
n12501,4,1.0,1.0,1.0,1.0,1.0,shared
n12502,4,1.0,0.5,1.0,1.0,0.875,shared
n12503,3,0.75,1.0,1.0,1.0,0.9375,shared
n12504,3,0.75,1.0,1.0,1.0,0.9375,shared
n12505,4,1.0,1.0,1.0,1.0,1.0,shared
n12506,3,0.75,1.0,1.0,1.0,0.9375,shared
n12507,4,1.0,1.0,1.0,1.0,1.0,shared
n12508,4,1.0,1.0,1.0,1.0,1.0,shared
n12509,3,0.75,1.0,1.0,1.0,0.9375,shared
n12510,4,1.0,1.0,1.0,1.0,1.0,shared
n12511,4,1.0,1.0,1.0,1.0,1.0,shared
n12512,4,1.0,1.0,1.0,1.0,1.0,shared
n12513,4,1.0,1.0,1.0,1.0,1.0,shared
n12514,3,0.75,1.0,1.0,1.0,0.9375,shared
n12515,4,1.0,1.0,1.0,1.0,1.0,shared
n12516,4,1.0,1.0,1.0,1.0,1.0,shared
n12517,3,0.75,1.0,1.0,1.0,0.9375,shared
n12518,4,1.0,1.0,1.0,1.0,1.0,shared
n12519,3,0.75,1.0,1.0,1.0,0.9375,shared
n12520,3,0.75,1.0,1.0,1.0,0.9375,shared
n12521,4,1.0,1.0,1.0,1.0,1.0,shared
n12522,4,1.0,1.0,1.0,1.0,1.0,shared
n12523,4,1.0,1.0,1.0,1.0,1.0,shared
n12524,4,1.0,1.0,1.0,1.0,1.0,shared
n12525,3,0.75,1.0,1.0,1.0,0.9375,shared
n12526,4,1.0,1.0,1.0,1.0,1.0,shared
n12527,4,1.0,1.0,1.0,1.0,1.0,shared
n12528,4,1.0,1.0,1.0,1.0,1.0,shared
n12529,4,1.0,1.0,1.0,1.0,1.0,shared
n12530,4,1.0,1.0,1.0,1.0,1.0,shared
n12531,4,1.0,1.0,1.0,1.0,1.0,shared
n12532,4,1.0,1.0,1.0,1.0,1.0,shared
n12533,4,1.0,1.0,1.0,1.0,1.0,shared
n12534,4,1.0,1.0,1.0,1.0,1.0,shared
n12535,4,1.0,1.0,1.0,1.0,1.0,shared
n12536,3,0.75,1.0,1.0,1.0,0.9375,shared
n12537,4,1.0,1.0,1.0,1.0,1.0,shared
n12538,3,0.75,1.0,1.0,1.0,0.9375,shared
n12539,3,0.75,1.0,1.0,1.0,0.9375,shared
n12540,4,1.0,1.0,1.0,1.0,1.0,shared
n12541,4,1.0,1.0,1.0,1.0,1.0,shared
n12542,3,0.75,1.0,1.0,1.0,0.9375,shared
n12543,4,1.0,1.0,1.0,1.0,1.0,shared
n12544,4,1.0,1.0,1.0,1.0,1.0,shared
n12545,4,1.0,1.0,1.0,1.0,1.0,shared
n12546,3,0.75,1.0,1.0,1.0,0.9375,shared
n12547,3,0.75,1.0,1.0,1.0,0.9375,shared
n12548,4,1.0,1.0,1.0,1.0,1.0,shared
n12549,3,0.75,1.0,1.0,1.0,0.9375,shared
n12550,4,1.0,1.0,0.6666666666666666,1.0,0.9166666666666666,shared
n12551,3,0.75,1.0,1.0,1.0,0.9375,shared
n12552,4,1.0,1.0,1.0,1.0,1.0,shared
n12553,4,1.0,1.0,1.0,1.0,1.0,shared
n12554,4,1.0,1.0,1.0,1.0,1.0,shared
n12555,4,1.0,1.0,1.0,1.0,1.0,shared
n12556,3,0.75,1.0,1.0,1.0,0.9375,shared
n12557,4,1.0,1.0,1.0,1.0,1.0,shared
n12558,4,1.0,1.0,1.0,1.0,1.0,shared
n12559,4,1.0,1.0,1.0,1.0,1.0,shared
n12560,4,1.0,0.7894736842105263,1.0,1.0,0.9473684210526316,shared
n12561,3,0.75,1.0,1.0,1.0,0.9375,shared
n12562,4,1.0,1.0,1.0,1.0,1.0,shared
n12563,4,1.0,1.0,1.0,1.0,1.0,shared
n12564,3,0.75,1.0,1.0,1.0,0.9375,shared
n12565,4,1.0,1.0,1.0,1.0,1.0,shared
n12566,3,0.75,1.0,1.0,1.0,0.9375,shared
n12567,3,0.75,1.0,1.0,1.0,0.9375,shared
n12568,4,1.0,1.0,1.0,1.0,1.0,shared
n12569,4,1.0,1.0,1.0,1.0,1.0,shared
n12570,4,1.0,1.0,1.0,1.0,1.0,shared
n12571,4,1.0,1.0,1.0,1.0,1.0,shared
n12572,3,0.75,1.0,1.0,1.0,0.9375,shared
n12573,4,1.0,1.0,1.0,1.0,1.0,shared
n12574,4,1.0,1.0,1.0,1.0,1.0,shared
n12575,4,1.0,1.0,1.0,1.0,1.0,shared
n12576,4,1.0,1.0,1.0,1.0,1.0,shared
n12577,4,1.0,1.0,1.0,1.0,1.0,shared
n12578,4,1.0,0.5,0.5,1.0,0.75,shared
n12579,4,1.0,1.0,1.0,1.0,1.0,shared
n12580,4,1.0,1.0,1.0,1.0,1.0,shared
n12581,3,0.75,1.0,1.0,1.0,0.9375,shared
n12582,3,0.75,1.0,1.0,1.0,0.9375,shared
n12583,4,1.0,1.0,1.0,1.0,1.0,shared
n12584,4,1.0,0.5714285714285714,0.5714285714285714,1.0,0.7857142857142857,shared
n12585,3,0.75,1.0,1.0,1.0,0.9375,shared
n12586,4,1.0,1.0,1.0,1.0,1.0,shared
n12587,3,0.75,1.0,1.0,1.0,0.9375,shared
n12588,4,1.0,1.0,1.0,1.0,1.0,shared
n12589,4,1.0,1.0,1.0,1.0,1.0,shared
n12590,4,1.0,1.0,1.0,1.0,1.0,shared
n12591,4,1.0,1.0,1.0,1.0,1.0,shared
n12592,4,1.0,1.0,1.0,1.0,1.0,shared
n12593,4,1.0,1.0,1.0,1.0,1.0,shared
n12594,4,1.0,1.0,1.0,1.0,1.0,shared
n12595,4,1.0,1.0,1.0,1.0,1.0,shared
n12596,4,1.0,1.0,1.0,1.0,1.0,shared
n12597,4,1.0,1.0,1.0,1.0,1.0,shared
n12598,4,1.0,1.0,1.0,1.0,1.0,shared
n12599,4,1.0,1.0,1.0,1.0,1.0,shared
n12600,4,1.0,1.0,1.0,1.0,1.0,shared
n12601,4,1.0,1.0,1.0,1.0,1.0,shared
n12602,4,1.0,1.0,1.0,1.0,1.0,shared
n12603,3,0.75,1.0,1.0,1.0,0.9375,shared
n12604,4,1.0,1.0,1.0,1.0,1.0,shared
n12605,4,1.0,1.0,1.0,1.0,1.0,shared
n12606,4,1.0,1.0,1.0,1.0,1.0,shared
n12607,4,1.0,1.0,1.0,1.0,1.0,shared
n12608,4,1.0,1.0,1.0,1.0,1.0,shared
n12609,4,1.0,1.0,1.0,1.0,1.0,shared
n12610,4,1.0,1.0,1.0,1.0,1.0,shared
n12611,3,0.75,1.0,1.0,1.0,0.9375,shared
n12612,3,0.75,1.0,1.0,1.0,0.9375,shared
n12613,4,1.0,1.0,1.0,1.0,1.0,shared
n12614,4,1.0,1.0,1.0,1.0,1.0,shared
n12615,4,1.0,1.0,1.0,1.0,1.0,shared
n12616,3,0.75,1.0,1.0,1.0,0.9375,shared
n12617,4,1.0,0.5714285714285714,1.0,1.0,0.8928571428571428,shared
n12618,3,0.75,1.0,1.0,1.0,0.9375,shared
n12619,3,0.75,1.0,1.0,1.0,0.9375,shared
n12620,4,1.0,1.0,1.0,1.0,1.0,shared
n12621,4,1.0,1.0,1.0,1.0,1.0,shared
n12622,4,1.0,1.0,1.0,1.0,1.0,shared
n12623,4,1.0,1.0,1.0,1.0,1.0,shared
n12624,4,1.0,1.0,1.0,1.0,1.0,shared
n12625,3,0.75,1.0,1.0,1.0,0.9375,shared
n12626,4,1.0,1.0,1.0,1.0,1.0,shared
n12627,4,1.0,1.0,1.0,1.0,1.0,shared
n12628,3,0.75,1.0,1.0,1.0,0.9375,shared
n12629,3,0.75,1.0,1.0,1.0,0.9375,shared
n12630,3,0.75,1.0,1.0,1.0,0.9375,shared
n12631,4,1.0,1.0,1.0,1.0,1.0,shared
n12632,4,1.0,1.0,1.0,1.0,1.0,shared
n12633,1,0.25,1.0,1.0,1.0,0.8125,rescued_private
n12634,4,1.0,1.0,1.0,1.0,1.0,shared
n12635,4,1.0,1.0,1.0,1.0,1.0,shared
n12636,3,0.75,1.0,1.0,1.0,0.9375,shared
n12637,4,1.0,1.0,1.0,1.0,1.0,shared
n12638,4,1.0,1.0,1.0,1.0,1.0,shared
n12639,3,0.75,1.0,1.0,1.0,0.9375,shared
n12640,4,1.0,1.0,1.0,1.0,1.0,shared
n12641,4,1.0,1.0,1.0,1.0,1.0,shared
n12642,4,1.0,1.0,1.0,1.0,1.0,shared
n12643,3,0.75,1.0,1.0,1.0,0.9375,shared
n12644,3,0.75,1.0,1.0,1.0,0.9375,shared
n12645,4,1.0,1.0,1.0,1.0,1.0,shared
n12646,3,0.75,1.0,1.0,1.0,0.9375,shared
n12647,3,0.75,1.0,1.0,1.0,0.9375,shared
n12648,4,1.0,1.0,1.0,1.0,1.0,shared
n12649,3,0.75,1.0,1.0,1.0,0.9375,shared
n12650,3,0.75,1.0,1.0,1.0,0.9375,shared
n12651,4,1.0,1.0,1.0,1.0,1.0,shared
n12652,4,1.0,1.0,1.0,1.0,1.0,shared
n12653,4,1.0,1.0,1.0,1.0,1.0,shared
n12654,3,0.75,1.0,1.0,1.0,0.9375,shared
n12655,4,1.0,1.0,1.0,1.0,1.0,shared
n12656,4,1.0,1.0,1.0,1.0,1.0,shared
n12657,4,1.0,1.0,1.0,1.0,1.0,shared
n12658,3,0.75,1.0,1.0,1.0,0.9375,shared
n12659,4,1.0,1.0,1.0,1.0,1.0,shared
n12660,4,1.0,1.0,1.0,1.0,1.0,shared
n12661,4,1.0,1.0,1.0,1.0,1.0,shared
n12662,4,1.0,1.0,1.0,1.0,1.0,shared
n12663,3,0.75,1.0,1.0,1.0,0.9375,shared
n12664,3,0.75,1.0,1.0,1.0,0.9375,shared
n12665,4,1.0,1.0,1.0,1.0,1.0,shared
n12666,4,1.0,1.0,1.0,1.0,1.0,shared
n12667,4,1.0,1.0,1.0,1.0,1.0,shared
n12668,3,0.75,1.0,1.0,1.0,0.9375,shared
n12669,3,0.75,1.0,1.0,1.0,0.9375,shared
n12670,4,1.0,1.0,1.0,1.0,1.0,shared
n12671,4,1.0,1.0,1.0,1.0,1.0,shared
n12672,4,1.0,1.0,0.5,1.0,0.875,shared
n12673,4,1.0,1.0,1.0,1.0,1.0,shared
n12674,4,1.0,1.0,1.0,1.0,1.0,shared
n12675,3,0.75,1.0,1.0,1.0,0.9375,shared
n12676,4,1.0,1.0,1.0,1.0,1.0,shared
n12677,3,0.75,1.0,1.0,1.0,0.9375,shared
n12678,3,0.75,1.0,1.0,1.0,0.9375,shared
n12679,4,1.0,1.0,1.0,1.0,1.0,shared
n12680,3,0.75,1.0,1.0,1.0,0.9375,shared
n12681,3,0.75,1.0,1.0,1.0,0.9375,shared
n12682,4,1.0,1.0,1.0,1.0,1.0,shared
n12683,4,1.0,1.0,1.0,1.0,1.0,shared
n12684,4,1.0,1.0,1.0,1.0,1.0,shared
n12685,4,1.0,1.0,1.0,1.0,1.0,shared
n12686,4,1.0,1.0,1.0,1.0,1.0,shared
n12687,4,1.0,1.0,1.0,1.0,1.0,shared
n12688,4,1.0,1.0,1.0,1.0,1.0,shared
n12689,4,1.0,1.0,1.0,1.0,1.0,shared
n12690,3,0.75,1.0,1.0,1.0,0.9375,shared
n12691,4,1.0,1.0,1.0,1.0,1.0,shared
n12692,4,1.0,1.0,1.0,1.0,1.0,shared
n12693,4,1.0,1.0,1.0,1.0,1.0,shared
n12694,4,1.0,1.0,1.0,1.0,1.0,shared
n12695,4,1.0,0.5,1.0,1.0,0.875,shared
n12696,4,1.0,1.0,1.0,1.0,1.0,shared
n12697,3,0.75,1.0,1.0,1.0,0.9375,shared
n12698,4,1.0,1.0,1.0,1.0,1.0,shared
n12699,3,0.75,1.0,1.0,1.0,0.9375,shared
n12700,4,1.0,1.0,1.0,1.0,1.0,shared
n12701,4,1.0,1.0,1.0,1.0,1.0,shared
n12702,4,1.0,1.0,1.0,1.0,1.0,shared
n12703,4,1.0,1.0,1.0,1.0,1.0,shared
n12704,4,1.0,1.0,1.0,1.0,1.0,shared
n12705,4,1.0,1.0,1.0,1.0,1.0,shared
n12706,4,1.0,1.0,1.0,1.0,1.0,shared
n12707,3,0.75,1.0,1.0,1.0,0.9375,shared
n12708,4,1.0,1.0,1.0,1.0,1.0,shared
n12709,4,1.0,1.0,1.0,1.0,1.0,shared
n12710,4,1.0,1.0,1.0,1.0,1.0,shared
n12711,3,0.75,1.0,1.0,1.0,0.9375,shared
n12712,4,1.0,1.0,1.0,1.0,1.0,shared
n12713,4,1.0,1.0,1.0,1.0,1.0,shared
n12714,3,0.75,1.0,1.0,1.0,0.9375,shared
n12715,4,1.0,1.0,1.0,1.0,1.0,shared
n12716,4,1.0,1.0,1.0,1.0,1.0,shared
n12717,3,0.75,1.0,1.0,1.0,0.9375,shared
n12718,4,1.0,1.0,1.0,1.0,1.0,shared
n12719,3,0.75,1.0,1.0,1.0,0.9375,shared
n12720,3,0.75,1.0,1.0,1.0,0.9375,shared
n12721,3,0.75,1.0,1.0,1.0,0.9375,shared
n12722,4,1.0,1.0,1.0,1.0,1.0,shared
n12723,4,1.0,1.0,1.0,1.0,1.0,shared
n12724,4,1.0,1.0,1.0,1.0,1.0,shared
n12725,4,1.0,1.0,1.0,1.0,1.0,shared
n12726,4,1.0,1.0,1.0,1.0,1.0,shared
n12727,3,0.75,1.0,1.0,1.0,0.9375,shared
n12728,4,1.0,1.0,1.0,1.0,1.0,shared
n12729,4,1.0,1.0,1.0,1.0,1.0,shared
n12730,4,1.0,1.0,1.0,1.0,1.0,shared
n12731,4,1.0,1.0,1.0,1.0,1.0,shared
n12732,4,1.0,1.0,1.0,1.0,1.0,shared
n12733,4,1.0,1.0,1.0,1.0,1.0,shared
n12734,4,1.0,1.0,1.0,1.0,1.0,shared
n12735,3,0.75,1.0,1.0,1.0,0.9375,shared
n12736,4,1.0,1.0,1.0,1.0,1.0,shared
n12737,4,1.0,1.0,1.0,1.0,1.0,shared
n12738,3,0.75,1.0,1.0,1.0,0.9375,shared
n12739,4,1.0,1.0,1.0,1.0,1.0,shared
n12740,3,0.75,1.0,1.0,1.0,0.9375,shared
n12741,4,1.0,1.0,1.0,1.0,1.0,shared
n12742,4,1.0,1.0,1.0,1.0,1.0,shared
n12743,4,1.0,1.0,1.0,1.0,1.0,shared
n12744,3,0.75,1.0,1.0,1.0,0.9375,shared
n12745,4,1.0,1.0,1.0,1.0,1.0,shared
n12746,4,1.0,0.5,0.5,1.0,0.75,shared
n12747,4,1.0,1.0,1.0,1.0,1.0,shared
n12748,4,1.0,1.0,1.0,1.0,1.0,shared
n12749,4,1.0,1.0,1.0,1.0,1.0,shared
n12750,4,1.0,1.0,1.0,1.0,1.0,shared
n12751,4,1.0,1.0,1.0,1.0,1.0,shared
n12752,4,1.0,1.0,1.0,1.0,1.0,shared
n12753,4,1.0,1.0,1.0,1.0,1.0,shared
n12754,4,1.0,1.0,1.0,1.0,1.0,shared
n12755,3,0.75,1.0,1.0,1.0,0.9375,shared
n12756,4,1.0,1.0,1.0,1.0,1.0,shared
n12757,4,1.0,1.0,1.0,1.0,1.0,shared
n12758,3,0.75,1.0,1.0,1.0,0.9375,shared
n12759,4,1.0,1.0,1.0,1.0,1.0,shared
n12760,3,0.75,1.0,1.0,1.0,0.9375,shared
n12761,3,0.75,1.0,1.0,1.0,0.9375,shared
n12762,4,1.0,1.0,1.0,1.0,1.0,shared
n12763,4,1.0,1.0,1.0,1.0,1.0,shared
n12764,4,1.0,1.0,1.0,1.0,1.0,shared
n12765,3,0.75,1.0,1.0,1.0,0.9375,shared
n12766,4,1.0,1.0,1.0,1.0,1.0,shared
n12767,3,0.75,1.0,1.0,1.0,0.9375,shared
n12768,3,0.75,1.0,1.0,1.0,0.9375,shared
n12769,4,1.0,1.0,1.0,1.0,1.0,shared
n12770,4,1.0,1.0,1.0,1.0,1.0,shared
n12771,4,1.0,1.0,1.0,1.0,1.0,shared
n12772,3,0.75,1.0,1.0,1.0,0.9375,shared
n12773,4,1.0,1.0,1.0,1.0,1.0,shared
n12774,4,1.0,1.0,1.0,1.0,1.0,shared
n12775,4,1.0,1.0,1.0,1.0,1.0,shared
n12776,3,0.75,1.0,1.0,1.0,0.9375,shared
n12777,4,1.0,1.0,1.0,1.0,1.0,shared
n12778,4,1.0,1.0,1.0,1.0,1.0,shared
n12779,4,1.0,1.0,1.0,1.0,1.0,shared
n12780,3,0.75,1.0,1.0,1.0,0.9375,shared
n12781,3,0.75,1.0,1.0,1.0,0.9375,shared
n12782,3,0.75,1.0,1.0,1.0,0.9375,shared
n12783,4,1.0,1.0,1.0,1.0,1.0,shared
n12784,4,1.0,1.0,1.0,1.0,1.0,shared
n12785,3,0.75,1.0,1.0,1.0,0.9375,shared
n12786,4,1.0,1.0,1.0,1.0,1.0,shared
n12787,4,1.0,1.0,1.0,1.0,1.0,shared
n12788,3,0.75,1.0,1.0,1.0,0.9375,shared
n12789,3,0.75,1.0,1.0,1.0,0.9375,shared
n12790,4,1.0,1.0,1.0,1.0,1.0,shared
n12791,4,1.0,1.0,1.0,1.0,1.0,shared
n12792,4,1.0,1.0,1.0,1.0,1.0,shared
n12793,3,0.75,1.0,1.0,1.0,0.9375,shared
n12794,3,0.75,1.0,1.0,1.0,0.9375,shared
n12795,4,1.0,1.0,1.0,1.0,1.0,shared
n12796,3,0.75,1.0,1.0,1.0,0.9375,shared
n12797,4,1.0,1.0,1.0,1.0,1.0,shared
n12798,4,1.0,1.0,1.0,1.0,1.0,shared
n12799,4,1.0,1.0,1.0,1.0,1.0,shared
n12800,3,0.75,1.0,1.0,1.0,0.9375,shared
n12801,3,0.75,1.0,1.0,1.0,0.9375,shared
n12802,3,0.75,1.0,1.0,1.0,0.9375,shared
n12803,4,1.0,1.0,1.0,1.0,1.0,shared
n12804,4,1.0,1.0,1.0,1.0,1.0,shared
n12805,3,0.75,1.0,1.0,1.0,0.9375,shared
n12806,4,1.0,1.0,1.0,1.0,1.0,shared
n12807,4,1.0,1.0,1.0,1.0,1.0,shared
n12808,4,1.0,1.0,1.0,1.0,1.0,shared
n12809,4,1.0,1.0,1.0,1.0,1.0,shared
n12810,4,1.0,1.0,1.0,1.0,1.0,shared
n12811,4,1.0,1.0,1.0,1.0,1.0,shared
n12812,4,1.0,1.0,1.0,1.0,1.0,shared
n12813,4,1.0,1.0,1.0,1.0,1.0,shared
n12814,4,1.0,1.0,1.0,1.0,1.0,shared
n12815,4,1.0,1.0,1.0,1.0,1.0,shared
n12816,3,0.75,1.0,1.0,1.0,0.9375,shared
n12817,3,0.75,1.0,1.0,1.0,0.9375,shared
n12818,4,1.0,1.0,1.0,1.0,1.0,shared
n12819,4,1.0,1.0,1.0,1.0,1.0,shared
n12820,3,0.75,1.0,1.0,1.0,0.9375,shared
n12821,4,1.0,1.0,1.0,1.0,1.0,shared
n12822,4,1.0,1.0,1.0,1.0,1.0,shared
n12823,3,0.75,1.0,1.0,1.0,0.9375,shared
n12824,4,1.0,1.0,1.0,1.0,1.0,shared
n12825,4,1.0,1.0,1.0,1.0,1.0,shared
n12826,4,1.0,1.0,1.0,1.0,1.0,shared
n12827,4,1.0,1.0,1.0,1.0,1.0,shared
n12828,4,1.0,1.0,1.0,1.0,1.0,shared
n12829,4,1.0,1.0,1.0,1.0,1.0,shared
n12830,3,0.75,1.0,1.0,1.0,0.9375,shared
n12831,4,1.0,1.0,1.0,1.0,1.0,shared
n12832,4,1.0,1.0,1.0,1.0,1.0,shared
n12833,4,1.0,1.0,1.0,1.0,1.0,shared
n12834,3,0.75,1.0,1.0,1.0,0.9375,shared
n12835,3,0.75,1.0,1.0,1.0,0.9375,shared
n12836,3,0.75,1.0,1.0,1.0,0.9375,shared
n12837,3,0.75,1.0,1.0,1.0,0.9375,shared
n12838,4,1.0,1.0,1.0,1.0,1.0,shared
n12839,4,1.0,1.0,1.0,1.0,1.0,shared
n12840,4,1.0,1.0,1.0,1.0,1.0,shared
n12841,3,0.75,1.0,1.0,1.0,0.9375,shared
n12842,3,0.75,1.0,1.0,1.0,0.9375,shared
n12843,3,0.75,1.0,1.0,1.0,0.9375,shared
n12844,4,1.0,1.0,1.0,1.0,1.0,shared
n12845,4,1.0,1.0,1.0,1.0,1.0,shared
n12846,4,1.0,1.0,1.0,1.0,1.0,shared
n12847,3,0.75,1.0,1.0,1.0,0.9375,shared
n12848,4,1.0,0.5,0.5,1.0,0.75,shared
n12849,4,1.0,1.0,1.0,1.0,1.0,shared
n12850,4,1.0,1.0,1.0,1.0,1.0,shared
n12851,3,0.75,1.0,1.0,1.0,0.9375,shared
n12852,4,1.0,1.0,1.0,1.0,1.0,shared
n12853,4,1.0,1.0,1.0,1.0,1.0,shared
n12854,4,1.0,1.0,1.0,1.0,1.0,shared
n12855,3,0.75,1.0,1.0,1.0,0.9375,shared
n12856,4,1.0,1.0,1.0,1.0,1.0,shared
n12857,4,1.0,1.0,1.0,1.0,1.0,shared
n12858,3,0.75,1.0,1.0,1.0,0.9375,shared
n12859,3,0.75,1.0,1.0,1.0,0.9375,shared
n12860,3,0.75,1.0,1.0,1.0,0.9375,shared
n12861,4,1.0,1.0,1.0,1.0,1.0,shared
n12862,4,1.0,1.0,1.0,1.0,1.0,shared
n12863,4,1.0,1.0,1.0,1.0,1.0,shared
n12864,3,0.75,1.0,1.0,1.0,0.9375,shared
n12865,4,1.0,1.0,1.0,1.0,1.0,shared
n12866,4,1.0,1.0,1.0,1.0,1.0,shared
n12867,4,1.0,1.0,1.0,1.0,1.0,shared
n12868,3,0.75,1.0,1.0,1.0,0.9375,shared
n12869,4,1.0,1.0,1.0,1.0,1.0,shared
n12870,4,1.0,1.0,1.0,1.0,1.0,shared
n12871,4,1.0,1.0,1.0,1.0,1.0,shared
n12872,4,1.0,1.0,1.0,1.0,1.0,shared
n12873,3,0.75,1.0,1.0,1.0,0.9375,shared
n12874,4,1.0,0.5714285714285714,0.5714285714285714,1.0,0.7857142857142857,shared
n12875,4,1.0,1.0,1.0,1.0,1.0,shared
n12876,3,0.75,1.0,1.0,1.0,0.9375,shared
n12877,3,0.75,1.0,1.0,1.0,0.9375,shared
n12878,4,1.0,1.0,1.0,1.0,1.0,shared
n12879,3,0.75,1.0,1.0,1.0,0.9375,shared
n12880,4,1.0,1.0,1.0,1.0,1.0,shared
n12881,4,1.0,1.0,1.0,1.0,1.0,shared
n12882,4,1.0,0.6363636363636364,1.0,1.0,0.9090909090909091,shared
n12883,4,1.0,1.0,1.0,1.0,1.0,shared
n12884,4,1.0,1.0,1.0,1.0,1.0,shared
n12885,4,1.0,1.0,1.0,1.0,1.0,shared
n12886,4,1.0,1.0,1.0,1.0,1.0,shared
n12887,4,1.0,1.0,1.0,1.0,1.0,shared
n12888,4,1.0,1.0,1.0,1.0,1.0,shared
n12889,4,1.0,1.0,1.0,1.0,1.0,shared
n12890,3,0.75,1.0,1.0,1.0,0.9375,shared
n12891,3,0.75,1.0,1.0,1.0,0.9375,shared
n12892,4,1.0,1.0,1.0,1.0,1.0,shared
n12893,4,1.0,1.0,1.0,1.0,1.0,shared
n12894,4,1.0,1.0,1.0,1.0,1.0,shared
n12895,3,0.75,1.0,1.0,1.0,0.9375,shared
n12896,4,1.0,1.0,1.0,1.0,1.0,shared
n12897,4,1.0,1.0,1.0,1.0,1.0,shared
n12898,4,1.0,1.0,1.0,1.0,1.0,shared
n12899,4,1.0,1.0,1.0,1.0,1.0,shared
n12900,4,1.0,1.0,1.0,1.0,1.0,shared
n12901,4,1.0,1.0,1.0,1.0,1.0,shared
n12902,4,1.0,1.0,1.0,1.0,1.0,shared
n12903,4,1.0,1.0,1.0,1.0,1.0,shared
n12904,3,0.75,1.0,1.0,1.0,0.9375,shared
n12905,4,1.0,1.0,1.0,1.0,1.0,shared
n12906,4,1.0,1.0,1.0,1.0,1.0,shared
n12907,4,1.0,1.0,1.0,1.0,1.0,shared
n12908,4,1.0,1.0,1.0,1.0,1.0,shared
n12909,4,1.0,1.0,1.0,1.0,1.0,shared
n12910,4,1.0,1.0,1.0,1.0,1.0,shared
n12911,4,1.0,1.0,1.0,1.0,1.0,shared
n12912,4,1.0,1.0,1.0,1.0,1.0,shared
n12913,4,1.0,1.0,1.0,1.0,1.0,shared
n12914,3,0.75,1.0,1.0,1.0,0.9375,shared
n12915,3,0.75,1.0,1.0,1.0,0.9375,shared
n12916,4,1.0,1.0,1.0,1.0,1.0,shared
n12917,4,1.0,1.0,1.0,1.0,1.0,shared
n12918,3,0.75,1.0,1.0,1.0,0.9375,shared
n12919,4,1.0,1.0,1.0,1.0,1.0,shared
n12920,4,1.0,1.0,1.0,1.0,1.0,shared
n12921,4,1.0,1.0,1.0,1.0,1.0,shared
n12922,4,1.0,1.0,1.0,1.0,1.0,shared
n12923,3,0.75,1.0,1.0,1.0,0.9375,shared
n12924,4,1.0,0.5348837209302325,0.9069767441860465,1.0,0.8604651162790697,shared
n12925,4,1.0,1.0,1.0,1.0,1.0,shared
n12926,1,0.25,1.0,1.0,1.0,0.8125,rescued_private
n12927,3,0.75,1.0,1.0,1.0,0.9375,shared
n12928,4,1.0,1.0,1.0,1.0,1.0,shared
n12929,3,0.75,1.0,1.0,1.0,0.9375,shared
n12930,4,1.0,1.0,1.0,1.0,1.0,shared
n12931,4,1.0,1.0,1.0,1.0,1.0,shared
n12932,3,0.75,1.0,1.0,1.0,0.9375,shared
n12933,4,1.0,1.0,1.0,1.0,1.0,shared
n12934,4,1.0,1.0,1.0,1.0,1.0,shared
n12935,3,0.75,1.0,1.0,1.0,0.9375,shared
n12936,3,0.75,1.0,1.0,1.0,0.9375,shared
n12937,4,1.0,1.0,1.0,1.0,1.0,shared
n12938,4,1.0,1.0,1.0,1.0,1.0,shared
n12939,4,1.0,1.0,1.0,1.0,1.0,shared
n12940,4,1.0,1.0,1.0,1.0,1.0,shared
n12941,4,1.0,1.0,1.0,1.0,1.0,shared
n12942,4,1.0,1.0,1.0,1.0,1.0,shared
n12943,4,1.0,1.0,1.0,1.0,1.0,shared
n12944,4,1.0,1.0,1.0,1.0,1.0,shared
n12945,3,0.75,1.0,1.0,1.0,0.9375,shared
n12946,4,1.0,1.0,1.0,1.0,1.0,shared
n12947,3,0.75,1.0,1.0,1.0,0.9375,shared
n12948,3,0.75,1.0,1.0,1.0,0.9375,shared
n12949,4,1.0,1.0,1.0,1.0,1.0,shared
n12950,3,0.75,1.0,1.0,1.0,0.9375,shared
n12951,3,0.75,1.0,1.0,1.0,0.9375,shared
n12952,3,0.75,1.0,1.0,1.0,0.9375,shared
n12953,4,1.0,1.0,1.0,1.0,1.0,shared
n12954,4,1.0,1.0,1.0,1.0,1.0,shared
n12955,4,1.0,1.0,1.0,1.0,1.0,shared
n12956,4,1.0,1.0,1.0,1.0,1.0,shared
n12957,4,1.0,1.0,1.0,1.0,1.0,shared
n12958,4,1.0,1.0,1.0,1.0,1.0,shared
n12959,4,1.0,1.0,1.0,1.0,1.0,shared
n12960,4,1.0,1.0,1.0,1.0,1.0,shared
n12961,4,1.0,1.0,1.0,1.0,1.0,shared
n12962,4,1.0,1.0,1.0,1.0,1.0,shared
n12963,4,1.0,1.0,1.0,1.0,1.0,shared
n12964,3,0.75,1.0,1.0,1.0,0.9375,shared
n12965,4,1.0,1.0,1.0,1.0,1.0,shared
n12966,4,1.0,1.0,1.0,1.0,1.0,shared
n12967,4,1.0,1.0,1.0,1.0,1.0,shared
n12968,4,1.0,1.0,1.0,1.0,1.0,shared
n12969,3,0.75,1.0,1.0,1.0,0.9375,shared
n12970,4,1.0,1.0,1.0,1.0,1.0,shared
n12971,4,1.0,1.0,1.0,1.0,1.0,shared
n12972,4,1.0,1.0,1.0,1.0,1.0,shared
n12973,4,1.0,1.0,1.0,1.0,1.0,shared
n12974,4,1.0,1.0,1.0,1.0,1.0,shared
n12975,3,0.75,1.0,1.0,1.0,0.9375,shared
n12976,4,1.0,1.0,1.0,1.0,1.0,shared
n12977,3,0.75,1.0,1.0,1.0,0.9375,shared
n12978,4,1.0,1.0,1.0,1.0,1.0,shared
n12979,4,1.0,1.0,1.0,1.0,1.0,shared
n12980,4,1.0,1.0,1.0,1.0,1.0,shared
n12981,4,1.0,1.0,1.0,1.0,1.0,shared
n12982,3,0.75,1.0,1.0,1.0,0.9375,shared
n12983,4,1.0,1.0,1.0,1.0,1.0,shared
n12984,4,1.0,1.0,1.0,1.0,1.0,shared
n12985,4,1.0,1.0,1.0,1.0,1.0,shared
n12986,4,1.0,1.0,1.0,1.0,1.0,shared
n12987,4,1.0,1.0,1.0,1.0,1.0,shared
n12988,4,1.0,1.0,1.0,1.0,1.0,shared
n12989,3,0.75,1.0,1.0,1.0,0.9375,shared
n12990,4,1.0,1.0,1.0,1.0,1.0,shared
n12991,3,0.75,1.0,1.0,1.0,0.9375,shared
n12992,4,1.0,1.0,1.0,1.0,1.0,shared
n12993,4,1.0,1.0,1.0,1.0,1.0,shared
n12994,3,0.75,1.0,1.0,1.0,0.9375,shared
n12995,4,1.0,1.0,1.0,1.0,1.0,shared
n12996,4,1.0,1.0,1.0,1.0,1.0,shared
n12997,3,0.75,1.0,1.0,1.0,0.9375,shared
n12998,4,1.0,1.0,1.0,1.0,1.0,shared
n12999,4,1.0,1.0,1.0,1.0,1.0,shared
n13000,3,0.75,1.0,1.0,1.0,0.9375,shared
n13001,4,1.0,1.0,1.0,1.0,1.0,shared
n13002,4,1.0,1.0,1.0,1.0,1.0,shared
n13003,4,1.0,1.0,1.0,1.0,1.0,shared
n13004,4,1.0,1.0,1.0,1.0,1.0,shared
n13005,4,1.0,1.0,1.0,1.0,1.0,shared
n13006,3,0.75,1.0,1.0,1.0,0.9375,shared
n13007,3,0.75,1.0,1.0,1.0,0.9375,shared
n13008,4,1.0,1.0,1.0,1.0,1.0,shared
n13009,4,1.0,1.0,1.0,1.0,1.0,shared
n13010,4,1.0,1.0,1.0,1.0,1.0,shared
n13011,3,0.75,1.0,1.0,1.0,0.9375,shared
n13012,4,1.0,1.0,1.0,1.0,1.0,shared
n13013,4,1.0,1.0,1.0,1.0,1.0,shared
n13014,4,1.0,1.0,1.0,1.0,1.0,shared
n13015,4,1.0,1.0,1.0,1.0,1.0,shared
n13016,3,0.75,1.0,1.0,1.0,0.9375,shared
n13017,4,1.0,1.0,1.0,1.0,1.0,shared
n13018,3,0.75,1.0,1.0,1.0,0.9375,shared
n13019,4,1.0,1.0,1.0,1.0,1.0,shared
n13020,4,1.0,1.0,1.0,1.0,1.0,shared
n13021,4,1.0,1.0,1.0,1.0,1.0,shared
n13022,4,1.0,1.0,1.0,1.0,1.0,shared
n13023,4,1.0,1.0,1.0,1.0,1.0,shared
n13024,3,0.75,1.0,1.0,1.0,0.9375,shared
n13025,4,1.0,1.0,1.0,1.0,1.0,shared
n13026,4,1.0,1.0,1.0,1.0,1.0,shared
n13027,4,1.0,1.0,1.0,1.0,1.0,shared
n13028,4,1.0,1.0,1.0,1.0,1.0,shared
n13029,4,1.0,1.0,1.0,1.0,1.0,shared
n13030,4,1.0,0.5,1.0,1.0,0.875,shared
n13031,4,1.0,1.0,1.0,1.0,1.0,shared
n13032,3,0.75,1.0,1.0,1.0,0.9375,shared
n13033,4,1.0,1.0,1.0,1.0,1.0,shared
n13034,4,1.0,1.0,1.0,1.0,1.0,shared
n13035,3,0.75,1.0,1.0,1.0,0.9375,shared
n13036,3,0.75,1.0,1.0,1.0,0.9375,shared
n13037,4,1.0,1.0,1.0,1.0,1.0,shared
n13038,4,1.0,1.0,1.0,1.0,1.0,shared
n13039,3,0.75,1.0,1.0,1.0,0.9375,shared
n13040,4,1.0,1.0,1.0,1.0,1.0,shared
n13041,4,1.0,0.5714285714285714,0.5714285714285714,1.0,0.7857142857142857,shared
n13042,3,0.75,1.0,1.0,1.0,0.9375,shared
n13043,4,1.0,1.0,1.0,1.0,1.0,shared
n13044,4,1.0,1.0,1.0,1.0,1.0,shared
n13045,4,1.0,1.0,1.0,1.0,1.0,shared
n13046,3,0.75,1.0,1.0,1.0,0.9375,shared
n13047,4,1.0,1.0,1.0,1.0,1.0,shared
n13048,4,1.0,1.0,1.0,1.0,1.0,shared
n13049,4,1.0,1.0,1.0,1.0,1.0,shared
n13050,4,1.0,1.0,1.0,1.0,1.0,shared
n13051,4,1.0,1.0,1.0,1.0,1.0,shared
n13052,4,1.0,1.0,1.0,1.0,1.0,shared
n13053,4,1.0,1.0,1.0,1.0,1.0,shared
n13054,3,0.75,1.0,1.0,1.0,0.9375,shared
n13055,3,0.75,1.0,1.0,1.0,0.9375,shared
n13056,4,1.0,1.0,1.0,1.0,1.0,shared
n13057,4,1.0,1.0,1.0,1.0,1.0,shared
n13058,4,1.0,1.0,1.0,1.0,1.0,shared
n13059,4,1.0,1.0,1.0,1.0,1.0,shared
n13060,4,1.0,1.0,1.0,1.0,1.0,shared
n13061,4,1.0,1.0,1.0,1.0,1.0,shared
n13062,4,1.0,1.0,1.0,1.0,1.0,shared
n13063,4,1.0,1.0,1.0,1.0,1.0,shared
n13064,4,1.0,1.0,1.0,1.0,1.0,shared
n13065,4,1.0,1.0,1.0,1.0,1.0,shared
n13066,4,1.0,1.0,1.0,1.0,1.0,shared
n13067,4,1.0,1.0,1.0,1.0,1.0,shared
n13068,4,1.0,1.0,1.0,1.0,1.0,shared
n13069,4,1.0,1.0,1.0,1.0,1.0,shared
n13070,3,0.75,1.0,1.0,1.0,0.9375,shared
n13071,4,1.0,1.0,1.0,1.0,1.0,shared
n13072,4,1.0,1.0,1.0,1.0,1.0,shared
n13073,3,0.75,1.0,1.0,1.0,0.9375,shared
n13074,4,1.0,1.0,1.0,1.0,1.0,shared
n13075,3,0.75,1.0,1.0,1.0,0.9375,shared
n13076,4,1.0,1.0,1.0,1.0,1.0,shared
n13077,4,1.0,1.0,1.0,1.0,1.0,shared
n13078,4,1.0,1.0,1.0,1.0,1.0,shared
n13079,4,1.0,1.0,1.0,1.0,1.0,shared
n13080,4,1.0,1.0,1.0,1.0,1.0,shared
n13081,4,1.0,1.0,1.0,1.0,1.0,shared
n13082,4,1.0,1.0,1.0,1.0,1.0,shared
n13083,3,0.75,1.0,1.0,1.0,0.9375,shared
n13084,4,1.0,1.0,1.0,1.0,1.0,shared
n13085,4,1.0,1.0,1.0,1.0,1.0,shared
n13086,4,1.0,1.0,1.0,1.0,1.0,shared
n13087,4,1.0,1.0,1.0,1.0,1.0,shared
n13088,4,1.0,1.0,1.0,1.0,1.0,shared
n13089,4,1.0,1.0,1.0,1.0,1.0,shared
n13090,4,1.0,1.0,1.0,1.0,1.0,shared
n13091,4,1.0,1.0,1.0,1.0,1.0,shared
n13092,4,1.0,1.0,1.0,1.0,1.0,shared
n13093,4,1.0,1.0,1.0,1.0,1.0,shared
n13094,3,0.75,1.0,1.0,1.0,0.9375,shared
n13095,3,0.75,1.0,1.0,1.0,0.9375,shared
n13096,3,0.75,1.0,1.0,1.0,0.9375,shared
n13097,4,1.0,1.0,1.0,1.0,1.0,shared
n13098,3,0.75,1.0,1.0,1.0,0.9375,shared
n13099,3,0.75,1.0,1.0,1.0,0.9375,shared
n13100,3,0.75,1.0,1.0,1.0,0.9375,shared
n13101,3,0.75,1.0,1.0,1.0,0.9375,shared
n13102,3,0.75,1.0,1.0,1.0,0.9375,shared
n13103,3,0.75,1.0,1.0,1.0,0.9375,shared
n13104,3,0.75,1.0,1.0,1.0,0.9375,shared
n13105,4,1.0,1.0,1.0,1.0,1.0,shared
n13106,4,1.0,1.0,1.0,1.0,1.0,shared
n13107,4,1.0,1.0,1.0,1.0,1.0,shared
n13108,4,1.0,1.0,1.0,1.0,1.0,shared
n13109,4,1.0,1.0,1.0,1.0,1.0,shared
n13110,4,1.0,1.0,1.0,1.0,1.0,shared
n13111,4,1.0,0.5714285714285714,0.5714285714285714,1.0,0.7857142857142857,shared
n13112,4,1.0,1.0,1.0,1.0,1.0,shared
n13113,3,0.75,1.0,1.0,1.0,0.9375,shared
n13114,3,0.75,1.0,1.0,1.0,0.9375,shared
n13115,4,1.0,1.0,1.0,1.0,1.0,shared
n13116,4,1.0,1.0,1.0,1.0,1.0,shared
n13117,4,1.0,1.0,1.0,1.0,1.0,shared
n13118,4,1.0,1.0,1.0,1.0,1.0,shared
n13119,4,1.0,1.0,1.0,1.0,1.0,shared
n13120,4,1.0,1.0,1.0,1.0,1.0,shared
n13121,3,0.75,1.0,1.0,1.0,0.9375,shared
n13122,3,0.75,1.0,1.0,1.0,0.9375,shared
n13123,4,1.0,1.0,1.0,1.0,1.0,shared
n13124,4,1.0,1.0,1.0,1.0,1.0,shared
n13125,4,1.0,1.0,1.0,1.0,1.0,shared
n13126,4,1.0,1.0,1.0,1.0,1.0,shared
n13127,4,1.0,1.0,1.0,1.0,1.0,shared
n13128,3,0.75,1.0,1.0,1.0,0.9375,shared
n13129,4,1.0,1.0,1.0,1.0,1.0,shared
n13130,4,1.0,1.0,1.0,1.0,1.0,shared
n13131,4,1.0,1.0,1.0,1.0,1.0,shared
n13132,4,1.0,1.0,1.0,1.0,1.0,shared
n13133,4,1.0,1.0,1.0,1.0,1.0,shared
n13134,4,1.0,1.0,1.0,1.0,1.0,shared
n13135,3,0.75,1.0,1.0,1.0,0.9375,shared
n13136,4,1.0,1.0,1.0,1.0,1.0,shared
n13137,4,1.0,1.0,1.0,1.0,1.0,shared
n13138,4,1.0,1.0,1.0,1.0,1.0,shared
n13139,4,1.0,1.0,1.0,1.0,1.0,shared
n13140,4,1.0,1.0,1.0,1.0,1.0,shared
n13141,4,1.0,1.0,1.0,1.0,1.0,shared
n13142,4,1.0,1.0,1.0,1.0,1.0,shared
n13143,4,1.0,1.0,1.0,1.0,1.0,shared
n13144,4,1.0,1.0,1.0,1.0,1.0,shared
n13145,4,1.0,1.0,1.0,1.0,1.0,shared
n13146,4,1.0,1.0,1.0,1.0,1.0,shared
n13147,4,1.0,1.0,1.0,1.0,1.0,shared
n13148,4,1.0,1.0,1.0,1.0,1.0,shared
n13149,4,1.0,1.0,1.0,1.0,1.0,shared
n13150,3,0.75,1.0,1.0,1.0,0.9375,shared
n13151,4,1.0,1.0,1.0,1.0,1.0,shared
n13152,3,0.75,1.0,1.0,1.0,0.9375,shared
n13153,4,1.0,1.0,1.0,1.0,1.0,shared
n13154,4,1.0,1.0,1.0,1.0,1.0,shared
n13155,4,1.0,1.0,1.0,1.0,1.0,shared
n13156,3,0.75,1.0,1.0,1.0,0.9375,shared
n13157,4,1.0,1.0,1.0,1.0,1.0,shared
n13158,4,1.0,1.0,1.0,1.0,1.0,shared
n13159,4,1.0,1.0,1.0,1.0,1.0,shared
n13160,4,1.0,1.0,1.0,1.0,1.0,shared
n13161,3,0.75,1.0,1.0,1.0,0.9375,shared
n13162,3,0.75,1.0,1.0,1.0,0.9375,shared
n13163,4,1.0,1.0,1.0,1.0,1.0,shared
n13164,4,1.0,1.0,1.0,1.0,1.0,shared
n13165,4,1.0,1.0,1.0,1.0,1.0,shared
n13166,4,1.0,1.0,1.0,1.0,1.0,shared
n13167,4,1.0,1.0,1.0,1.0,1.0,shared
n13168,4,1.0,1.0,1.0,1.0,1.0,shared
n13169,4,1.0,1.0,1.0,1.0,1.0,shared
n13170,4,1.0,1.0,1.0,1.0,1.0,shared
n13171,3,0.75,1.0,1.0,1.0,0.9375,shared
n13172,4,1.0,1.0,1.0,1.0,1.0,shared
n13173,4,1.0,1.0,1.0,1.0,1.0,shared
n13174,4,1.0,1.0,1.0,1.0,1.0,shared
n13175,3,0.75,1.0,1.0,1.0,0.9375,shared
n13176,4,1.0,1.0,1.0,1.0,1.0,shared
n13177,4,1.0,1.0,1.0,1.0,1.0,shared
n13178,4,1.0,1.0,1.0,1.0,1.0,shared
n13179,3,0.75,1.0,1.0,1.0,0.9375,shared
n13180,4,1.0,1.0,1.0,1.0,1.0,shared
n13181,4,1.0,1.0,1.0,1.0,1.0,shared
n13182,4,1.0,1.0,1.0,1.0,1.0,shared
n13183,4,1.0,1.0,1.0,1.0,1.0,shared
n13184,3,0.75,1.0,1.0,1.0,0.9375,shared
n13185,4,1.0,1.0,1.0,1.0,1.0,shared
n13186,4,1.0,1.0,1.0,1.0,1.0,shared
n13187,4,1.0,1.0,1.0,1.0,1.0,shared
n13188,4,1.0,1.0,1.0,1.0,1.0,shared
n13189,4,1.0,1.0,1.0,1.0,1.0,shared
n13190,4,1.0,1.0,1.0,1.0,1.0,shared
n13191,4,1.0,1.0,1.0,1.0,1.0,shared
n13192,4,1.0,1.0,1.0,1.0,1.0,shared
n13193,4,1.0,1.0,1.0,1.0,1.0,shared
n13194,4,1.0,1.0,1.0,1.0,1.0,shared
n13195,4,1.0,1.0,1.0,1.0,1.0,shared
n13196,4,1.0,1.0,1.0,1.0,1.0,shared
n13197,3,0.75,1.0,1.0,1.0,0.9375,shared
n13198,3,0.75,1.0,1.0,1.0,0.9375,shared
n13199,3,0.75,1.0,1.0,1.0,0.9375,shared
n13200,4,1.0,1.0,1.0,1.0,1.0,shared
n13201,4,1.0,1.0,1.0,1.0,1.0,shared
n13202,4,1.0,1.0,1.0,1.0,1.0,shared
n13203,3,0.75,1.0,1.0,1.0,0.9375,shared
n13204,4,1.0,1.0,1.0,1.0,1.0,shared
n13205,3,0.75,1.0,1.0,1.0,0.9375,shared
n13206,4,1.0,1.0,1.0,1.0,1.0,shared
n13207,3,0.75,1.0,1.0,1.0,0.9375,shared
n13208,4,1.0,1.0,1.0,1.0,1.0,shared
n13209,4,1.0,1.0,1.0,1.0,1.0,shared
n13210,4,1.0,1.0,1.0,1.0,1.0,shared
n13211,4,1.0,1.0,1.0,1.0,1.0,shared
n13212,4,1.0,1.0,1.0,1.0,1.0,shared
n13213,3,0.75,1.0,1.0,1.0,0.9375,shared
n13214,4,1.0,1.0,1.0,1.0,1.0,shared
n13215,4,1.0,1.0,1.0,1.0,1.0,shared
n13216,4,1.0,1.0,1.0,1.0,1.0,shared
n13217,4,1.0,1.0,1.0,1.0,1.0,shared
n13218,4,1.0,1.0,1.0,1.0,1.0,shared
n13219,4,1.0,1.0,1.0,1.0,1.0,shared
n13220,3,0.75,1.0,1.0,1.0,0.9375,shared
n13221,4,1.0,1.0,1.0,1.0,1.0,shared
n13222,4,1.0,1.0,1.0,1.0,1.0,shared
n13223,3,0.75,1.0,1.0,1.0,0.9375,shared
n13224,3,0.75,1.0,1.0,1.0,0.9375,shared
n13225,3,0.75,1.0,1.0,1.0,0.9375,shared
n13226,3,0.75,1.0,1.0,1.0,0.9375,shared
n13227,4,1.0,1.0,1.0,1.0,1.0,shared
n13228,4,1.0,1.0,1.0,1.0,1.0,shared
n13229,4,1.0,1.0,1.0,1.0,1.0,shared
n13230,4,1.0,1.0,1.0,1.0,1.0,shared
n13231,4,1.0,1.0,1.0,1.0,1.0,shared
n13232,4,1.0,1.0,1.0,1.0,1.0,shared
n13233,4,1.0,1.0,1.0,1.0,1.0,shared
n13234,3,0.75,1.0,1.0,1.0,0.9375,shared
n13235,4,1.0,1.0,1.0,1.0,1.0,shared
n13236,3,0.75,1.0,1.0,1.0,0.9375,shared
n13237,4,1.0,0.5714285714285714,0.5714285714285714,1.0,0.7857142857142857,shared
n13238,3,0.75,1.0,1.0,1.0,0.9375,shared
n13239,4,1.0,1.0,1.0,1.0,1.0,shared
n13240,4,1.0,1.0,1.0,1.0,1.0,shared
n13241,3,0.75,1.0,1.0,1.0,0.9375,shared
n13242,3,0.75,1.0,1.0,1.0,0.9375,shared
n13243,4,1.0,1.0,1.0,1.0,1.0,shared
n13244,4,1.0,1.0,1.0,1.0,1.0,shared
n13245,3,0.75,1.0,1.0,1.0,0.9375,shared
n13246,3,0.75,1.0,1.0,1.0,0.9375,shared
n13247,4,1.0,1.0,1.0,1.0,1.0,shared
n13248,3,0.75,1.0,1.0,1.0,0.9375,shared
n13249,4,1.0,1.0,1.0,1.0,1.0,shared
n13250,3,0.75,1.0,1.0,1.0,0.9375,shared
n13251,3,0.75,1.0,1.0,1.0,0.9375,shared
n13252,4,1.0,1.0,1.0,1.0,1.0,shared
n13253,4,1.0,1.0,1.0,1.0,1.0,shared
n13254,4,1.0,1.0,1.0,1.0,1.0,shared
n13255,3,0.75,1.0,1.0,1.0,0.9375,shared
n13256,3,0.75,1.0,1.0,1.0,0.9375,shared
n13257,4,1.0,1.0,1.0,1.0,1.0,shared
n13258,4,1.0,1.0,1.0,1.0,1.0,shared
n13259,4,1.0,1.0,1.0,1.0,1.0,shared
n13260,4,1.0,1.0,1.0,1.0,1.0,shared
n13261,4,1.0,1.0,1.0,1.0,1.0,shared
n13262,4,1.0,1.0,1.0,1.0,1.0,shared
n13263,3,0.75,1.0,1.0,1.0,0.9375,shared
n13264,4,1.0,1.0,1.0,1.0,1.0,shared
n13265,3,0.75,1.0,1.0,1.0,0.9375,shared
n13266,4,1.0,1.0,1.0,1.0,1.0,shared
n13267,4,1.0,1.0,1.0,1.0,1.0,shared
n13268,3,0.75,1.0,1.0,1.0,0.9375,shared
n13269,4,1.0,1.0,1.0,1.0,1.0,shared
n13270,3,0.75,1.0,1.0,1.0,0.9375,shared
n13271,4,1.0,1.0,1.0,1.0,1.0,shared
n13272,4,1.0,1.0,1.0,1.0,1.0,shared
n13273,3,0.75,1.0,1.0,1.0,0.9375,shared
n13274,4,1.0,1.0,1.0,1.0,1.0,shared
n13275,4,1.0,1.0,1.0,1.0,1.0,shared
n13276,4,1.0,1.0,1.0,1.0,1.0,shared
n13277,3,0.75,1.0,1.0,1.0,0.9375,shared
n13278,3,0.75,1.0,0.3333333333333333,1.0,0.7708333333333334,shared
n13279,3,0.75,1.0,1.0,1.0,0.9375,shared
n13280,3,0.75,1.0,1.0,1.0,0.9375,shared
n13281,4,1.0,1.0,1.0,1.0,1.0,shared
n13282,4,1.0,0.5,0.5,1.0,0.75,shared
n13283,4,1.0,0.5,0.5,1.0,0.75,shared
n13284,4,1.0,1.0,1.0,1.0,1.0,shared
n13285,4,1.0,1.0,1.0,1.0,1.0,shared
n13286,3,0.75,1.0,1.0,1.0,0.9375,shared
n13287,4,1.0,1.0,1.0,1.0,1.0,shared
n13288,4,1.0,0.5714285714285714,0.5714285714285714,1.0,0.7857142857142857,shared
n13289,3,0.75,1.0,1.0,1.0,0.9375,shared
n13290,4,1.0,1.0,1.0,1.0,1.0,shared
n13291,4,1.0,1.0,1.0,1.0,1.0,shared
n13292,3,0.75,1.0,1.0,1.0,0.9375,shared
n13293,4,1.0,1.0,1.0,1.0,1.0,shared
n13294,4,1.0,1.0,1.0,1.0,1.0,shared
n13295,4,1.0,1.0,1.0,1.0,1.0,shared
n13296,4,1.0,1.0,1.0,1.0,1.0,shared
n13297,4,1.0,1.0,1.0,1.0,1.0,shared
n13298,4,1.0,1.0,1.0,1.0,1.0,shared
n13299,4,1.0,1.0,1.0,1.0,1.0,shared
n13300,4,1.0,1.0,1.0,1.0,1.0,shared
n13301,4,1.0,1.0,1.0,1.0,1.0,shared
n13302,4,1.0,1.0,1.0,1.0,1.0,shared
n13303,3,0.75,1.0,1.0,1.0,0.9375,shared
n13304,4,1.0,1.0,1.0,1.0,1.0,shared
n13305,4,1.0,1.0,1.0,1.0,1.0,shared
n13306,4,1.0,1.0,1.0,1.0,1.0,shared
n13307,3,0.75,1.0,1.0,1.0,0.9375,shared
n13308,4,1.0,1.0,1.0,1.0,1.0,shared
n13309,3,0.75,1.0,1.0,1.0,0.9375,shared
n13310,3,0.75,1.0,1.0,1.0,0.9375,shared
n13311,4,1.0,1.0,1.0,1.0,1.0,shared
n13312,4,1.0,1.0,1.0,1.0,1.0,shared
n13313,4,1.0,1.0,1.0,1.0,1.0,shared
n13314,4,1.0,1.0,1.0,1.0,1.0,shared
n13315,3,0.75,1.0,1.0,1.0,0.9375,shared
n13316,4,1.0,1.0,1.0,1.0,1.0,shared
n13317,4,1.0,1.0,1.0,1.0,1.0,shared
n13318,4,1.0,1.0,1.0,1.0,1.0,shared
n13319,4,1.0,1.0,1.0,1.0,1.0,shared
n13320,3,0.75,1.0,1.0,1.0,0.9375,shared
n13321,4,1.0,1.0,1.0,1.0,1.0,shared
n13322,4,1.0,1.0,1.0,1.0,1.0,shared
n13323,4,1.0,1.0,1.0,1.0,1.0,shared
n13324,3,0.75,1.0,1.0,1.0,0.9375,shared
n13325,4,1.0,1.0,1.0,1.0,1.0,shared
n13326,3,0.75,1.0,1.0,1.0,0.9375,shared
n13327,4,1.0,1.0,1.0,1.0,1.0,shared
n13328,4,1.0,1.0,1.0,1.0,1.0,shared
n13329,4,1.0,1.0,1.0,1.0,1.0,shared
n13330,3,0.75,1.0,1.0,1.0,0.9375,shared
n13331,4,1.0,1.0,1.0,1.0,1.0,shared
n13332,4,1.0,1.0,1.0,1.0,1.0,shared
n13333,4,1.0,1.0,1.0,1.0,1.0,shared
n13334,4,1.0,1.0,1.0,1.0,1.0,shared
n13335,4,1.0,1.0,1.0,1.0,1.0,shared
n13336,4,1.0,1.0,1.0,1.0,1.0,shared
n13337,4,1.0,1.0,1.0,1.0,1.0,shared
n13338,4,1.0,1.0,1.0,1.0,1.0,shared
n13339,4,1.0,1.0,1.0,1.0,1.0,shared
n13340,4,1.0,1.0,1.0,1.0,1.0,shared
n13341,4,1.0,1.0,1.0,1.0,1.0,shared
n13342,3,0.75,1.0,1.0,1.0,0.9375,shared
n13343,4,1.0,1.0,1.0,1.0,1.0,shared
n13344,4,1.0,1.0,1.0,1.0,1.0,shared
n13345,3,0.75,1.0,1.0,1.0,0.9375,shared
n13346,3,0.75,1.0,1.0,1.0,0.9375,shared
n13347,4,1.0,0.5714285714285714,0.5714285714285714,1.0,0.7857142857142857,shared
n13348,4,1.0,1.0,1.0,1.0,1.0,shared
n13349,4,1.0,1.0,1.0,1.0,1.0,shared
n13350,3,0.75,1.0,1.0,1.0,0.9375,shared
n13351,4,1.0,1.0,1.0,1.0,1.0,shared
n13352,4,1.0,1.0,1.0,1.0,1.0,shared
n13353,4,1.0,0.36363636363636365,0.36363636363636365,1.0,0.6818181818181819,shared
n13354,4,1.0,0.5,0.5,1.0,0.75,shared
n13355,3,0.75,1.0,1.0,1.0,0.9375,shared
n13356,4,1.0,1.0,1.0,1.0,1.0,shared
n13357,4,1.0,1.0,1.0,1.0,1.0,shared
n13358,4,1.0,1.0,1.0,1.0,1.0,shared
n13359,3,0.75,1.0,1.0,1.0,0.9375,shared
n13360,4,1.0,1.0,1.0,1.0,1.0,shared
n13361,3,0.75,1.0,1.0,1.0,0.9375,shared
n13362,4,1.0,1.0,1.0,1.0,1.0,shared
n13363,4,1.0,1.0,1.0,1.0,1.0,shared
n13364,4,1.0,0.3333333333333333,1.0,1.0,0.8333333333333333,shared
n13365,3,0.75,1.0,1.0,1.0,0.9375,shared
n13366,4,1.0,1.0,1.0,1.0,1.0,shared
n13367,4,1.0,1.0,1.0,1.0,1.0,shared
n13368,4,1.0,1.0,1.0,1.0,1.0,shared
n13369,3,0.75,1.0,1.0,1.0,0.9375,shared
n13370,4,1.0,1.0,1.0,1.0,1.0,shared
n13371,4,1.0,1.0,1.0,1.0,1.0,shared
n13372,4,1.0,1.0,1.0,1.0,1.0,shared
n13373,4,1.0,1.0,1.0,1.0,1.0,shared
n13374,4,1.0,1.0,1.0,1.0,1.0,shared
n13375,4,1.0,1.0,1.0,1.0,1.0,shared
n13376,4,1.0,1.0,1.0,1.0,1.0,shared
n13377,4,1.0,1.0,1.0,1.0,1.0,shared
n13378,4,1.0,1.0,1.0,1.0,1.0,shared
n13379,3,0.75,1.0,1.0,1.0,0.9375,shared
n13380,3,0.75,1.0,1.0,1.0,0.9375,shared
n13381,4,1.0,1.0,1.0,1.0,1.0,shared
n13382,3,0.75,1.0,1.0,1.0,0.9375,shared
n13383,3,0.75,1.0,1.0,1.0,0.9375,shared
n13384,4,1.0,1.0,1.0,1.0,1.0,shared
n13385,4,1.0,1.0,1.0,1.0,1.0,shared
n13386,4,1.0,1.0,1.0,1.0,1.0,shared
n13387,4,1.0,1.0,1.0,1.0,1.0,shared
n13388,4,1.0,1.0,1.0,1.0,1.0,shared
n13389,4,1.0,1.0,1.0,1.0,1.0,shared
n13390,4,1.0,1.0,1.0,1.0,1.0,shared
n13391,3,0.75,1.0,1.0,1.0,0.9375,shared
n13392,3,0.75,1.0,1.0,1.0,0.9375,shared
n13393,4,1.0,1.0,1.0,1.0,1.0,shared
n13394,4,1.0,0.5,1.0,1.0,0.875,shared
n13395,4,1.0,1.0,1.0,1.0,1.0,shared
n13396,3,0.75,1.0,1.0,1.0,0.9375,shared
n13397,4,1.0,1.0,1.0,1.0,1.0,shared
n13398,4,1.0,1.0,1.0,1.0,1.0,shared
n13399,3,0.75,1.0,1.0,1.0,0.9375,shared
n13400,4,1.0,1.0,1.0,1.0,1.0,shared
n13401,4,1.0,1.0,1.0,1.0,1.0,shared
n13402,3,0.75,1.0,1.0,1.0,0.9375,shared
n13403,4,1.0,0.5789473684210527,0.3684210526315789,1.0,0.736842105263158,shared
n13404,4,1.0,1.0,1.0,1.0,1.0,shared
n13405,3,0.75,1.0,1.0,1.0,0.9375,shared
n13406,4,1.0,1.0,1.0,1.0,1.0,shared
n13407,4,1.0,1.0,1.0,1.0,1.0,shared
n13408,3,0.75,1.0,1.0,1.0,0.9375,shared
n13409,4,1.0,1.0,0.5714285714285714,1.0,0.8928571428571428,shared
n13410,4,1.0,1.0,1.0,1.0,1.0,shared
n13411,4,1.0,1.0,1.0,1.0,1.0,shared
n13412,4,1.0,1.0,1.0,1.0,1.0,shared
n13413,4,1.0,1.0,1.0,1.0,1.0,shared
n13414,4,1.0,1.0,1.0,1.0,1.0,shared
n13415,4,1.0,1.0,1.0,1.0,1.0,shared
n13416,4,1.0,1.0,1.0,1.0,1.0,shared
n13417,4,1.0,1.0,1.0,1.0,1.0,shared
n13418,4,1.0,1.0,1.0,1.0,1.0,shared
n13419,3,0.75,1.0,1.0,1.0,0.9375,shared
n13420,4,1.0,1.0,1.0,1.0,1.0,shared
n13421,4,1.0,1.0,1.0,1.0,1.0,shared
n13422,4,1.0,1.0,1.0,1.0,1.0,shared
n13423,3,0.75,1.0,1.0,1.0,0.9375,shared
n13424,4,1.0,0.3333333333333333,0.6666666666666666,1.0,0.75,shared
n13425,4,1.0,1.0,1.0,1.0,1.0,shared
n13426,4,1.0,1.0,1.0,1.0,1.0,shared
n13427,4,1.0,1.0,1.0,1.0,1.0,shared
n13428,4,1.0,1.0,1.0,1.0,1.0,shared
n13429,4,1.0,1.0,1.0,1.0,1.0,shared
n13430,4,1.0,1.0,1.0,1.0,1.0,shared
n13431,3,0.75,1.0,1.0,1.0,0.9375,shared
n13432,3,0.75,1.0,1.0,1.0,0.9375,shared
n13433,4,1.0,1.0,1.0,1.0,1.0,shared
n13434,3,0.75,1.0,1.0,1.0,0.9375,shared
n13435,4,1.0,1.0,1.0,1.0,1.0,shared
n13436,4,1.0,1.0,1.0,1.0,1.0,shared
n13437,4,1.0,1.0,1.0,1.0,1.0,shared
n13438,4,1.0,1.0,1.0,1.0,1.0,shared
n13439,3,0.75,1.0,1.0,1.0,0.9375,shared
n13440,3,0.75,1.0,1.0,1.0,0.9375,shared
n13441,4,1.0,1.0,1.0,1.0,1.0,shared
n13442,3,0.75,1.0,1.0,1.0,0.9375,shared
n13443,4,1.0,0.5,1.0,1.0,0.875,shared
n13444,4,1.0,1.0,1.0,1.0,1.0,shared
n13445,3,0.75,1.0,1.0,1.0,0.9375,shared
n13446,4,1.0,1.0,1.0,1.0,1.0,shared
n13447,4,1.0,1.0,1.0,1.0,1.0,shared
n13448,4,1.0,1.0,1.0,1.0,1.0,shared
n13449,3,0.75,1.0,1.0,1.0,0.9375,shared
n13450,4,1.0,1.0,1.0,1.0,1.0,shared
n13451,3,0.75,1.0,1.0,1.0,0.9375,shared
n13452,3,0.75,1.0,1.0,1.0,0.9375,shared
n13453,3,0.75,1.0,1.0,1.0,0.9375,shared
n13454,4,1.0,1.0,1.0,1.0,1.0,shared
n13455,3,0.75,1.0,1.0,1.0,0.9375,shared
n13456,4,1.0,1.0,1.0,1.0,1.0,shared
n13457,4,1.0,1.0,1.0,1.0,1.0,shared
n13458,3,0.75,1.0,1.0,1.0,0.9375,shared
n13459,4,1.0,1.0,1.0,1.0,1.0,shared
n13460,3,0.75,1.0,1.0,1.0,0.9375,shared
n13461,3,0.75,1.0,1.0,1.0,0.9375,shared
n13462,4,1.0,1.0,1.0,1.0,1.0,shared
n13463,4,1.0,1.0,1.0,1.0,1.0,shared
n13464,4,1.0,1.0,1.0,1.0,1.0,shared
n13465,4,1.0,1.0,1.0,1.0,1.0,shared
n13466,4,1.0,0.8333333333333334,0.5,1.0,0.8333333333333334,shared
n13467,3,0.75,1.0,1.0,1.0,0.9375,shared
n13468,4,1.0,1.0,1.0,1.0,1.0,shared
n13469,4,1.0,1.0,1.0,1.0,1.0,shared
n13470,4,1.0,1.0,1.0,1.0,1.0,shared
n13471,3,0.75,1.0,1.0,1.0,0.9375,shared
n13472,4,1.0,1.0,1.0,1.0,1.0,shared
n13473,4,1.0,1.0,1.0,1.0,1.0,shared
n13474,4,1.0,1.0,1.0,1.0,1.0,shared
n13475,3,0.75,1.0,1.0,1.0,0.9375,shared
n13476,4,1.0,1.0,1.0,1.0,1.0,shared
n13477,3,0.75,1.0,1.0,1.0,0.9375,shared
n13478,4,1.0,1.0,1.0,1.0,1.0,shared
n13479,4,1.0,1.0,1.0,1.0,1.0,shared
n13480,4,1.0,1.0,1.0,1.0,1.0,shared
n13481,4,1.0,1.0,1.0,1.0,1.0,shared
n13482,4,1.0,1.0,1.0,1.0,1.0,shared
n13483,4,1.0,1.0,1.0,1.0,1.0,shared
n13484,4,1.0,1.0,1.0,1.0,1.0,shared
n13485,3,0.75,1.0,1.0,1.0,0.9375,shared
n13486,4,1.0,1.0,1.0,1.0,1.0,shared
n13487,4,1.0,1.0,1.0,1.0,1.0,shared
n13488,4,1.0,1.0,1.0,1.0,1.0,shared
n13489,4,1.0,1.0,1.0,1.0,1.0,shared
n13490,4,1.0,1.0,1.0,1.0,1.0,shared
n13491,4,1.0,1.0,1.0,1.0,1.0,shared
n13492,4,1.0,0.5,0.5,1.0,0.75,shared
n13493,4,1.0,1.0,1.0,1.0,1.0,shared
n13494,4,1.0,1.0,1.0,1.0,1.0,shared
n13495,4,1.0,1.0,1.0,1.0,1.0,shared
n13496,4,1.0,1.0,1.0,1.0,1.0,shared
n13497,3,0.75,1.0,1.0,1.0,0.9375,shared
n13498,3,0.75,1.0,1.0,1.0,0.9375,shared
n13499,3,0.75,1.0,1.0,1.0,0.9375,shared
n13500,4,1.0,0.5714285714285714,0.5714285714285714,1.0,0.7857142857142857,shared
n13501,4,1.0,1.0,1.0,1.0,1.0,shared
n13502,4,1.0,1.0,1.0,1.0,1.0,shared
n13503,4,1.0,1.0,1.0,1.0,1.0,shared
n13504,4,1.0,1.0,1.0,1.0,1.0,shared
n13505,4,1.0,1.0,1.0,1.0,1.0,shared
n13506,4,1.0,1.0,1.0,1.0,1.0,shared
n13507,3,0.75,1.0,1.0,1.0,0.9375,shared
n13508,4,1.0,1.0,1.0,1.0,1.0,shared
n13509,3,0.75,1.0,1.0,1.0,0.9375,shared
n13510,4,1.0,1.0,1.0,1.0,1.0,shared
n13511,3,0.75,1.0,1.0,1.0,0.9375,shared
n13512,4,1.0,1.0,1.0,1.0,1.0,shared
n13513,4,1.0,1.0,1.0,1.0,1.0,shared
n13514,4,1.0,1.0,1.0,1.0,1.0,shared
n13515,4,1.0,1.0,1.0,1.0,1.0,shared
n13516,4,1.0,1.0,1.0,1.0,1.0,shared
n13517,3,0.75,1.0,1.0,1.0,0.9375,shared
n13518,4,1.0,1.0,1.0,1.0,1.0,shared
n13519,3,0.75,1.0,1.0,1.0,0.9375,shared
n13520,4,1.0,1.0,1.0,1.0,1.0,shared
n13521,4,1.0,1.0,1.0,1.0,1.0,shared
n13522,3,0.75,1.0,1.0,1.0,0.9375,shared
n13523,4,1.0,0.5,0.5,1.0,0.75,shared
n13524,4,1.0,1.0,1.0,1.0,1.0,shared
n13525,4,1.0,1.0,1.0,1.0,1.0,shared
n13526,3,0.75,1.0,1.0,1.0,0.9375,shared
n13527,4,1.0,1.0,1.0,1.0,1.0,shared
n13528,4,1.0,0.75,0.75,1.0,0.875,shared
n13529,3,0.75,1.0,1.0,1.0,0.9375,shared
n13530,4,1.0,1.0,1.0,1.0,1.0,shared
n13531,4,1.0,1.0,1.0,1.0,1.0,shared
n13532,3,0.75,1.0,1.0,1.0,0.9375,shared
n13533,3,0.75,1.0,1.0,1.0,0.9375,shared
n13534,4,1.0,1.0,1.0,1.0,1.0,shared
n13535,3,0.75,1.0,1.0,1.0,0.9375,shared
n13536,3,0.75,1.0,1.0,1.0,0.9375,shared
n13537,3,0.75,1.0,1.0,1.0,0.9375,shared
n13538,3,0.75,1.0,1.0,1.0,0.9375,shared
n13539,3,0.75,1.0,1.0,1.0,0.9375,shared
n13540,3,0.75,1.0,1.0,1.0,0.9375,shared
n13541,4,1.0,1.0,1.0,1.0,1.0,shared
n13542,4,1.0,1.0,1.0,1.0,1.0,shared
n13543,4,1.0,1.0,1.0,1.0,1.0,shared
n13544,4,1.0,1.0,1.0,1.0,1.0,shared
n13545,4,1.0,1.0,1.0,1.0,1.0,shared
n13546,3,0.75,1.0,1.0,1.0,0.9375,shared
n13547,4,1.0,1.0,1.0,1.0,1.0,shared
n13548,3,0.75,1.0,1.0,1.0,0.9375,shared
n13549,3,0.75,1.0,1.0,1.0,0.9375,shared
n13550,4,1.0,1.0,1.0,1.0,1.0,shared
n13551,3,0.75,1.0,1.0,1.0,0.9375,shared
n13552,4,1.0,1.0,1.0,1.0,1.0,shared
n13553,3,0.75,1.0,1.0,1.0,0.9375,shared
n13554,3,0.75,1.0,1.0,1.0,0.9375,shared
n13555,3,0.75,1.0,1.0,1.0,0.9375,shared
n13556,4,1.0,1.0,1.0,1.0,1.0,shared
n13557,3,0.75,1.0,1.0,1.0,0.9375,shared
n13558,3,0.75,1.0,1.0,1.0,0.9375,shared
n13559,3,0.75,1.0,1.0,1.0,0.9375,shared
n13560,4,1.0,1.0,1.0,1.0,1.0,shared
n13561,3,0.75,1.0,1.0,1.0,0.9375,shared
n13562,3,0.75,1.0,1.0,1.0,0.9375,shared
n13563,4,1.0,1.0,1.0,1.0,1.0,shared
n13564,3,0.75,1.0,1.0,1.0,0.9375,shared
n13565,4,1.0,1.0,1.0,1.0,1.0,shared
n13566,4,1.0,1.0,1.0,1.0,1.0,shared
n13567,3,0.75,1.0,1.0,1.0,0.9375,shared
n13568,4,1.0,1.0,1.0,1.0,1.0,shared
n13569,4,1.0,1.0,1.0,1.0,1.0,shared
n13570,3,0.75,1.0,1.0,1.0,0.9375,shared
n13571,3,0.75,1.0,1.0,1.0,0.9375,shared
n13572,4,1.0,1.0,1.0,1.0,1.0,shared
n13573,4,1.0,1.0,1.0,1.0,1.0,shared
n13574,3,0.75,1.0,1.0,1.0,0.9375,shared
n13575,4,1.0,1.0,1.0,1.0,1.0,shared
n13576,4,1.0,1.0,1.0,1.0,1.0,shared
n13577,4,1.0,1.0,1.0,1.0,1.0,shared
n13578,3,0.75,1.0,1.0,1.0,0.9375,shared
n13579,4,1.0,1.0,1.0,1.0,1.0,shared
n13580,4,1.0,1.0,1.0,1.0,1.0,shared
n13581,4,1.0,1.0,1.0,1.0,1.0,shared
n13582,4,1.0,1.0,1.0,1.0,1.0,shared
n13583,4,1.0,1.0,1.0,1.0,1.0,shared
n13584,4,1.0,1.0,1.0,1.0,1.0,shared
n13585,4,1.0,1.0,1.0,1.0,1.0,shared
n13586,3,0.75,1.0,1.0,1.0,0.9375,shared
n13587,4,1.0,1.0,1.0,1.0,1.0,shared
n13588,3,0.75,1.0,1.0,1.0,0.9375,shared
n13589,4,1.0,1.0,1.0,1.0,1.0,shared
n13590,4,1.0,1.0,1.0,1.0,1.0,shared
n13591,4,1.0,1.0,1.0,1.0,1.0,shared
n13592,4,1.0,1.0,1.0,1.0,1.0,shared
n13593,4,1.0,1.0,1.0,1.0,1.0,shared
n13594,3,0.75,1.0,1.0,1.0,0.9375,shared
n13595,3,0.75,1.0,1.0,1.0,0.9375,shared
n13596,3,0.75,1.0,1.0,1.0,0.9375,shared
n13597,4,1.0,1.0,1.0,1.0,1.0,shared
n13598,4,1.0,1.0,1.0,1.0,1.0,shared
n13599,4,1.0,1.0,1.0,1.0,1.0,shared
n13600,3,0.75,1.0,1.0,1.0,0.9375,shared
n13601,3,0.75,1.0,1.0,1.0,0.9375,shared
n13602,4,1.0,1.0,1.0,1.0,1.0,shared
n13603,4,1.0,1.0,1.0,1.0,1.0,shared
n13604,4,1.0,1.0,1.0,1.0,1.0,shared
n13605,4,1.0,1.0,1.0,1.0,1.0,shared
n13606,3,0.75,1.0,1.0,1.0,0.9375,shared
n13607,4,1.0,1.0,1.0,1.0,1.0,shared
n13608,4,1.0,1.0,1.0,1.0,1.0,shared
n13609,4,1.0,1.0,1.0,1.0,1.0,shared
n13610,4,1.0,1.0,1.0,1.0,1.0,shared
n13611,4,1.0,1.0,1.0,1.0,1.0,shared
n13612,4,1.0,1.0,1.0,1.0,1.0,shared
n13613,4,1.0,1.0,1.0,1.0,1.0,shared
n13614,3,0.75,1.0,1.0,1.0,0.9375,shared
n13615,4,1.0,1.0,1.0,1.0,1.0,shared
n13616,4,1.0,0.75,1.0,1.0,0.9375,shared
n13617,4,1.0,1.0,1.0,1.0,1.0,shared
n13618,3,0.75,1.0,1.0,1.0,0.9375,shared
n13619,3,0.75,1.0,1.0,1.0,0.9375,shared
n13620,3,0.75,1.0,1.0,1.0,0.9375,shared
n13621,4,1.0,1.0,1.0,1.0,1.0,shared
n13622,4,1.0,1.0,1.0,1.0,1.0,shared
n13623,3,0.75,1.0,1.0,1.0,0.9375,shared
n13624,4,1.0,1.0,1.0,1.0,1.0,shared
n13625,4,1.0,1.0,1.0,1.0,1.0,shared
n13626,4,1.0,1.0,1.0,1.0,1.0,shared
n13627,4,1.0,1.0,1.0,1.0,1.0,shared
n13628,4,1.0,1.0,1.0,1.0,1.0,shared
n13629,4,1.0,1.0,1.0,1.0,1.0,shared
n13630,3,0.75,1.0,1.0,1.0,0.9375,shared
n13631,4,1.0,1.0,1.0,1.0,1.0,shared
n13632,3,0.75,1.0,1.0,1.0,0.9375,shared
n13633,3,0.75,1.0,1.0,1.0,0.9375,shared
n13634,4,1.0,1.0,1.0,1.0,1.0,shared
n13635,4,1.0,1.0,1.0,1.0,1.0,shared
n13636,4,1.0,1.0,1.0,1.0,1.0,shared
n13637,3,0.75,1.0,1.0,1.0,0.9375,shared
n13638,4,1.0,1.0,1.0,1.0,1.0,shared
n13639,4,1.0,1.0,1.0,1.0,1.0,shared
n13640,4,1.0,1.0,1.0,1.0,1.0,shared
n13641,3,0.75,1.0,1.0,1.0,0.9375,shared
n13642,4,1.0,1.0,1.0,1.0,1.0,shared
n13643,4,1.0,1.0,1.0,1.0,1.0,shared
n13644,4,1.0,1.0,1.0,1.0,1.0,shared
n13645,3,0.75,1.0,1.0,1.0,0.9375,shared
n13646,4,1.0,1.0,1.0,1.0,1.0,shared
n13647,4,1.0,1.0,1.0,1.0,1.0,shared
n13648,4,1.0,1.0,1.0,1.0,1.0,shared
n13649,3,0.75,1.0,1.0,1.0,0.9375,shared
n13650,4,1.0,1.0,1.0,1.0,1.0,shared
n13651,3,0.75,1.0,1.0,1.0,0.9375,shared
n13652,4,1.0,1.0,1.0,1.0,1.0,shared
n13653,4,1.0,1.0,1.0,1.0,1.0,shared
n13654,4,1.0,1.0,1.0,1.0,1.0,shared
n13655,4,1.0,1.0,1.0,1.0,1.0,shared
n13656,4,1.0,1.0,1.0,1.0,1.0,shared
n13657,4,1.0,1.0,1.0,1.0,1.0,shared
n13658,4,1.0,1.0,0.5,1.0,0.875,shared
n13659,4,1.0,1.0,1.0,1.0,1.0,shared
n13660,3,0.75,1.0,1.0,1.0,0.9375,shared
n13661,4,1.0,1.0,1.0,1.0,1.0,shared
n13662,3,0.75,1.0,1.0,1.0,0.9375,shared
n13663,4,1.0,1.0,1.0,1.0,1.0,shared
n13664,4,1.0,1.0,1.0,1.0,1.0,shared
n13665,4,1.0,1.0,1.0,1.0,1.0,shared
n13666,4,1.0,1.0,1.0,1.0,1.0,shared
n13667,4,1.0,1.0,1.0,1.0,1.0,shared
n13668,4,1.0,0.6666666666666666,1.0,1.0,0.9166666666666666,shared
n13669,3,0.75,1.0,1.0,1.0,0.9375,shared
n13670,3,0.75,1.0,1.0,1.0,0.9375,shared
n13671,3,0.75,1.0,1.0,1.0,0.9375,shared
n13672,3,0.75,1.0,1.0,1.0,0.9375,shared
n13673,4,1.0,1.0,1.0,1.0,1.0,shared
n13674,4,1.0,1.0,1.0,1.0,1.0,shared
n13675,4,1.0,0.5714285714285714,0.5714285714285714,1.0,0.7857142857142857,shared
n13676,4,1.0,1.0,1.0,1.0,1.0,shared
n13677,4,1.0,1.0,1.0,1.0,1.0,shared
n13678,4,1.0,1.0,1.0,1.0,1.0,shared
n13679,4,1.0,1.0,1.0,1.0,1.0,shared
n13680,3,0.75,1.0,1.0,1.0,0.9375,shared
n13681,3,0.75,1.0,1.0,1.0,0.9375,shared
n13682,3,0.75,1.0,1.0,1.0,0.9375,shared
n13683,3,0.75,1.0,1.0,1.0,0.9375,shared
n13684,4,1.0,1.0,1.0,1.0,1.0,shared
n13685,4,1.0,1.0,1.0,1.0,1.0,shared
n13686,3,0.75,1.0,1.0,1.0,0.9375,shared
n13687,4,1.0,1.0,1.0,1.0,1.0,shared
n13688,4,1.0,1.0,1.0,1.0,1.0,shared
n13689,4,1.0,1.0,1.0,1.0,1.0,shared
n13690,3,0.75,1.0,1.0,1.0,0.9375,shared
n13691,4,1.0,1.0,1.0,1.0,1.0,shared
n13692,4,1.0,1.0,1.0,1.0,1.0,shared
n13693,3,0.75,1.0,1.0,1.0,0.9375,shared
n13694,3,0.75,1.0,1.0,1.0,0.9375,shared
n13695,3,0.75,1.0,1.0,1.0,0.9375,shared
n13696,4,1.0,1.0,1.0,1.0,1.0,shared
n13697,4,1.0,1.0,1.0,1.0,1.0,shared
n13698,4,1.0,1.0,1.0,1.0,1.0,shared
n13699,3,0.75,1.0,1.0,1.0,0.9375,shared
n13700,3,0.75,1.0,1.0,1.0,0.9375,shared
n13701,3,0.75,1.0,1.0,1.0,0.9375,shared
n13702,4,1.0,1.0,1.0,1.0,1.0,shared
n13703,4,1.0,1.0,1.0,1.0,1.0,shared
n13704,4,1.0,1.0,1.0,1.0,1.0,shared
n13705,4,1.0,1.0,1.0,1.0,1.0,shared
n13706,3,0.75,1.0,1.0,1.0,0.9375,shared
n13707,4,1.0,1.0,1.0,1.0,1.0,shared
n13708,3,0.75,1.0,1.0,1.0,0.9375,shared
n13709,4,1.0,1.0,1.0,1.0,1.0,shared
n13710,4,1.0,1.0,1.0,1.0,1.0,shared
n13711,4,1.0,1.0,1.0,1.0,1.0,shared
n13712,3,0.75,1.0,1.0,1.0,0.9375,shared
n13713,4,1.0,1.0,1.0,1.0,1.0,shared
n13714,4,1.0,1.0,1.0,1.0,1.0,shared
n13715,4,1.0,1.0,1.0,1.0,1.0,shared
n13716,4,1.0,1.0,1.0,1.0,1.0,shared
n13717,4,1.0,0.75,1.0,1.0,0.9375,shared
n13718,4,1.0,1.0,1.0,1.0,1.0,shared
n13719,4,1.0,1.0,1.0,1.0,1.0,shared
n13720,4,1.0,1.0,1.0,1.0,1.0,shared
n13721,3,0.75,1.0,1.0,1.0,0.9375,shared
n13722,3,0.75,1.0,1.0,1.0,0.9375,shared
n13723,1,0.25,1.0,1.0,1.0,0.8125,rescued_private
n13724,3,0.75,1.0,1.0,1.0,0.9375,shared
n13725,4,1.0,1.0,1.0,1.0,1.0,shared
n13726,3,0.75,1.0,1.0,1.0,0.9375,shared
n13727,4,1.0,1.0,1.0,1.0,1.0,shared
n13728,3,0.75,1.0,1.0,1.0,0.9375,shared
n13729,4,1.0,1.0,1.0,1.0,1.0,shared
n13730,3,0.75,1.0,1.0,1.0,0.9375,shared
n13731,4,1.0,1.0,1.0,1.0,1.0,shared
n13732,4,1.0,1.0,1.0,1.0,1.0,shared
n13733,4,1.0,1.0,1.0,1.0,1.0,shared
n13734,4,1.0,1.0,1.0,1.0,1.0,shared
n13735,4,1.0,1.0,1.0,1.0,1.0,shared
n13736,4,1.0,1.0,1.0,1.0,1.0,shared
n13737,4,1.0,1.0,1.0,1.0,1.0,shared
n13738,4,1.0,1.0,1.0,1.0,1.0,shared
n13739,4,1.0,1.0,1.0,1.0,1.0,shared
n13740,4,1.0,1.0,1.0,1.0,1.0,shared
n13741,3,0.75,1.0,1.0,1.0,0.9375,shared
n13742,4,1.0,1.0,1.0,1.0,1.0,shared
n13743,4,1.0,1.0,1.0,1.0,1.0,shared
n13744,4,1.0,1.0,1.0,1.0,1.0,shared
n13745,4,1.0,1.0,1.0,1.0,1.0,shared
n13746,3,0.75,1.0,1.0,1.0,0.9375,shared
n13747,4,1.0,1.0,1.0,1.0,1.0,shared
n13748,3,0.75,1.0,1.0,1.0,0.9375,shared
n13749,4,1.0,1.0,1.0,1.0,1.0,shared
n13750,3,0.75,1.0,1.0,1.0,0.9375,shared
n13751,4,1.0,1.0,1.0,1.0,1.0,shared
n13752,4,1.0,1.0,1.0,1.0,1.0,shared
n13753,4,1.0,1.0,1.0,1.0,1.0,shared
n13754,4,1.0,1.0,1.0,1.0,1.0,shared
n13755,4,1.0,0.5,1.0,1.0,0.875,shared
n13756,4,1.0,1.0,1.0,1.0,1.0,shared
n13757,3,0.75,1.0,1.0,1.0,0.9375,shared
n13758,4,1.0,0.5,1.0,1.0,0.875,shared
n13759,3,0.75,1.0,1.0,1.0,0.9375,shared
n13760,3,0.75,1.0,1.0,1.0,0.9375,shared
n13761,4,1.0,1.0,1.0,1.0,1.0,shared
n13762,4,1.0,1.0,1.0,1.0,1.0,shared
n13763,4,1.0,0.5,0.5,1.0,0.75,shared
n13764,4,1.0,1.0,1.0,1.0,1.0,shared
n13765,4,1.0,1.0,1.0,1.0,1.0,shared
n13766,4,1.0,1.0,1.0,1.0,1.0,shared
n13767,4,1.0,1.0,1.0,1.0,1.0,shared
n13768,4,1.0,1.0,1.0,1.0,1.0,shared
n13769,4,1.0,1.0,1.0,1.0,1.0,shared
n13770,3,0.75,1.0,1.0,1.0,0.9375,shared
n13771,3,0.75,1.0,1.0,1.0,0.9375,shared
n13772,4,1.0,1.0,1.0,1.0,1.0,shared
n13773,3,0.75,1.0,1.0,1.0,0.9375,shared
n13774,4,1.0,1.0,1.0,1.0,1.0,shared
n13775,4,1.0,1.0,1.0,1.0,1.0,shared
n13776,3,0.75,1.0,1.0,1.0,0.9375,shared
n13777,3,0.75,1.0,1.0,1.0,0.9375,shared
n13778,4,1.0,1.0,1.0,1.0,1.0,shared
n13779,4,1.0,1.0,1.0,1.0,1.0,shared
n13780,4,1.0,1.0,1.0,1.0,1.0,shared
n13781,4,1.0,1.0,1.0,1.0,1.0,shared
n13782,3,0.75,1.0,1.0,1.0,0.9375,shared
n13783,3,0.75,1.0,1.0,1.0,0.9375,shared
n13784,4,1.0,1.0,1.0,1.0,1.0,shared
n13785,4,1.0,1.0,1.0,1.0,1.0,shared
n13786,4,1.0,1.0,1.0,1.0,1.0,shared
n13787,4,1.0,1.0,1.0,1.0,1.0,shared
n13788,4,1.0,1.0,1.0,1.0,1.0,shared
n13789,4,1.0,1.0,1.0,1.0,1.0,shared
n13790,4,1.0,1.0,1.0,1.0,1.0,shared
n13791,3,0.75,1.0,1.0,1.0,0.9375,shared
n13792,4,1.0,0.5,0.75,1.0,0.8125,shared
n13793,4,1.0,1.0,1.0,1.0,1.0,shared
n13794,3,0.75,1.0,1.0,1.0,0.9375,shared
n13795,3,0.75,1.0,1.0,1.0,0.9375,shared
n13796,3,0.75,1.0,1.0,1.0,0.9375,shared
n13797,3,0.75,1.0,1.0,1.0,0.9375,shared
n13798,3,0.75,1.0,1.0,1.0,0.9375,shared
n13799,4,1.0,1.0,1.0,1.0,1.0,shared
n13800,4,1.0,1.0,1.0,1.0,1.0,shared
n13801,4,1.0,0.5714285714285714,1.0,1.0,0.8928571428571428,shared
n13802,3,0.75,1.0,1.0,1.0,0.9375,shared
n13803,3,0.75,1.0,1.0,1.0,0.9375,shared
n13804,3,0.75,1.0,1.0,1.0,0.9375,shared
n13805,4,1.0,1.0,1.0,1.0,1.0,shared
n13806,4,1.0,1.0,1.0,1.0,1.0,shared
n13807,3,0.75,0.5,0.5,1.0,0.6875,shared
n13808,4,1.0,1.0,1.0,1.0,1.0,shared
n13809,4,1.0,1.0,1.0,1.0,1.0,shared
n13810,4,1.0,1.0,1.0,1.0,1.0,shared
n13811,4,1.0,1.0,1.0,1.0,1.0,shared
n13812,4,1.0,1.0,1.0,1.0,1.0,shared
n13813,3,0.75,1.0,1.0,1.0,0.9375,shared
n13814,4,1.0,1.0,1.0,1.0,1.0,shared
n13815,4,1.0,1.0,1.0,1.0,1.0,shared
n13816,3,0.75,1.0,1.0,1.0,0.9375,shared
n13817,3,0.75,1.0,1.0,1.0,0.9375,shared
n13818,4,1.0,0.5,0.5,1.0,0.75,shared
n13819,3,0.75,1.0,1.0,1.0,0.9375,shared
n13820,4,1.0,1.0,1.0,1.0,1.0,shared
n13821,3,0.75,1.0,1.0,1.0,0.9375,shared
n13822,3,0.75,1.0,1.0,1.0,0.9375,shared
n13823,4,1.0,1.0,1.0,1.0,1.0,shared
n13824,3,0.75,1.0,1.0,1.0,0.9375,shared
n13825,4,1.0,1.0,1.0,1.0,1.0,shared
n13826,4,1.0,1.0,1.0,1.0,1.0,shared
n13827,4,1.0,1.0,1.0,1.0,1.0,shared
n13828,4,1.0,1.0,1.0,1.0,1.0,shared
n13829,3,0.75,1.0,1.0,1.0,0.9375,shared
n13830,4,1.0,1.0,1.0,1.0,1.0,shared
n13831,3,0.75,1.0,1.0,1.0,0.9375,shared
n13832,3,0.75,1.0,1.0,1.0,0.9375,shared
n13833,4,1.0,1.0,1.0,1.0,1.0,shared
n13834,3,0.75,1.0,1.0,1.0,0.9375,shared
n13835,4,1.0,1.0,1.0,1.0,1.0,shared
n13836,4,1.0,1.0,1.0,1.0,1.0,shared
n13837,4,1.0,1.0,1.0,1.0,1.0,shared
n13838,4,1.0,1.0,1.0,1.0,1.0,shared
n13839,4,1.0,1.0,1.0,1.0,1.0,shared
n13840,4,1.0,0.5714285714285714,0.5714285714285714,1.0,0.7857142857142857,shared
n13841,4,1.0,1.0,1.0,1.0,1.0,shared
n13842,4,1.0,1.0,1.0,1.0,1.0,shared
n13843,4,1.0,1.0,1.0,1.0,1.0,shared
n13844,3,0.75,1.0,1.0,1.0,0.9375,shared
n13845,4,1.0,1.0,1.0,1.0,1.0,shared
n13846,4,1.0,1.0,1.0,1.0,1.0,shared
n13847,4,1.0,1.0,1.0,1.0,1.0,shared
n13848,3,0.75,1.0,1.0,1.0,0.9375,shared
n13849,4,1.0,1.0,1.0,1.0,1.0,shared
n13850,4,1.0,1.0,1.0,1.0,1.0,shared
n13851,3,0.75,1.0,1.0,1.0,0.9375,shared
n13852,4,1.0,1.0,1.0,1.0,1.0,shared
n13853,4,1.0,1.0,1.0,1.0,1.0,shared
n13854,4,1.0,1.0,1.0,1.0,1.0,shared
n13855,4,1.0,1.0,1.0,1.0,1.0,shared
n13856,4,1.0,1.0,1.0,1.0,1.0,shared
n13857,4,1.0,1.0,1.0,1.0,1.0,shared
n13858,3,0.75,1.0,1.0,1.0,0.9375,shared
n13859,3,0.75,1.0,1.0,1.0,0.9375,shared
n13860,3,0.75,1.0,1.0,1.0,0.9375,shared
n13861,4,1.0,1.0,1.0,1.0,1.0,shared
n13862,4,1.0,1.0,1.0,1.0,1.0,shared
n13863,4,1.0,1.0,1.0,1.0,1.0,shared
n13864,3,0.75,1.0,1.0,1.0,0.9375,shared
n13865,3,0.75,1.0,1.0,1.0,0.9375,shared
n13866,4,1.0,1.0,1.0,1.0,1.0,shared
n13867,4,1.0,1.0,1.0,1.0,1.0,shared
n13868,4,1.0,1.0,1.0,1.0,1.0,shared
n13869,4,1.0,1.0,1.0,1.0,1.0,shared
n13870,4,1.0,1.0,1.0,1.0,1.0,shared
n13871,4,1.0,1.0,1.0,1.0,1.0,shared
n13872,3,0.75,1.0,1.0,1.0,0.9375,shared
n13873,4,1.0,1.0,1.0,1.0,1.0,shared
n13874,3,0.75,1.0,1.0,1.0,0.9375,shared
n13875,4,1.0,1.0,1.0,1.0,1.0,shared
n13876,4,1.0,1.0,1.0,1.0,1.0,shared
n13877,3,0.75,1.0,1.0,1.0,0.9375,shared
n13878,4,1.0,1.0,1.0,1.0,1.0,shared
n13879,4,1.0,1.0,1.0,1.0,1.0,shared
n13880,4,1.0,1.0,1.0,1.0,1.0,shared
n13881,4,1.0,1.0,1.0,1.0,1.0,shared
n13882,4,1.0,1.0,1.0,1.0,1.0,shared
n13883,4,1.0,1.0,1.0,1.0,1.0,shared
n13884,4,1.0,1.0,1.0,1.0,1.0,shared
n13885,3,0.75,1.0,1.0,1.0,0.9375,shared
n13886,4,1.0,1.0,1.0,1.0,1.0,shared
n13887,3,0.75,1.0,1.0,1.0,0.9375,shared
n13888,4,1.0,1.0,1.0,1.0,1.0,shared
n13889,4,1.0,1.0,1.0,1.0,1.0,shared
n13890,3,0.75,1.0,1.0,1.0,0.9375,shared
n13891,3,0.75,1.0,1.0,1.0,0.9375,shared
n13892,4,1.0,1.0,1.0,1.0,1.0,shared
n13893,4,1.0,1.0,1.0,1.0,1.0,shared
n13894,4,1.0,1.0,1.0,1.0,1.0,shared
n13895,4,1.0,1.0,1.0,1.0,1.0,shared
n13896,4,1.0,1.0,1.0,1.0,1.0,shared
n13897,4,1.0,1.0,1.0,1.0,1.0,shared
n13898,4,1.0,1.0,1.0,1.0,1.0,shared
n13899,4,1.0,1.0,1.0,1.0,1.0,shared
n13900,4,1.0,1.0,1.0,1.0,1.0,shared
n13901,3,0.75,1.0,1.0,1.0,0.9375,shared
n13902,3,0.75,1.0,1.0,1.0,0.9375,shared
n13903,4,1.0,1.0,1.0,1.0,1.0,shared
n13904,4,1.0,1.0,1.0,1.0,1.0,shared
n13905,3,0.75,1.0,1.0,1.0,0.9375,shared
n13906,3,0.75,1.0,1.0,1.0,0.9375,shared
n13907,4,1.0,1.0,1.0,1.0,1.0,shared
n13908,4,1.0,1.0,1.0,1.0,1.0,shared
n13909,4,1.0,1.0,1.0,1.0,1.0,shared
n13910,4,1.0,1.0,1.0,1.0,1.0,shared
n13911,3,0.75,1.0,1.0,1.0,0.9375,shared
n13912,4,1.0,1.0,1.0,1.0,1.0,shared
n13913,4,1.0,1.0,1.0,1.0,1.0,shared
n13914,4,1.0,0.5,0.5,1.0,0.75,shared
n13915,4,1.0,1.0,1.0,1.0,1.0,shared
n13916,4,1.0,1.0,1.0,1.0,1.0,shared
n13917,4,1.0,1.0,1.0,1.0,1.0,shared
n13918,3,0.75,1.0,1.0,1.0,0.9375,shared
n13919,4,1.0,1.0,1.0,1.0,1.0,shared
n13920,4,1.0,1.0,1.0,1.0,1.0,shared
n13921,4,1.0,1.0,1.0,1.0,1.0,shared
n13922,4,1.0,1.0,1.0,1.0,1.0,shared
n13923,3,0.75,1.0,1.0,1.0,0.9375,shared
n13924,4,1.0,1.0,1.0,1.0,1.0,shared
n13925,3,0.75,1.0,1.0,1.0,0.9375,shared
n13926,4,1.0,1.0,1.0,1.0,1.0,shared
n13927,3,0.75,1.0,1.0,1.0,0.9375,shared
n13928,4,1.0,1.0,1.0,1.0,1.0,shared
n13929,3,0.75,1.0,1.0,1.0,0.9375,shared
n13930,4,1.0,1.0,1.0,1.0,1.0,shared
n13931,4,1.0,1.0,1.0,1.0,1.0,shared
n13932,3,0.75,1.0,1.0,1.0,0.9375,shared
n13933,4,1.0,1.0,1.0,1.0,1.0,shared
n13934,3,0.75,1.0,1.0,1.0,0.9375,shared
n13935,4,1.0,1.0,1.0,1.0,1.0,shared
n13936,4,1.0,0.5,0.5,1.0,0.75,shared
n13937,4,1.0,1.0,1.0,1.0,1.0,shared
n13938,3,0.75,1.0,1.0,1.0,0.9375,shared
n13939,4,1.0,1.0,1.0,1.0,1.0,shared
n13940,3,0.75,1.0,1.0,1.0,0.9375,shared
n13941,4,1.0,1.0,1.0,1.0,1.0,shared
n13942,4,1.0,1.0,1.0,1.0,1.0,shared
n13943,4,1.0,1.0,1.0,1.0,1.0,shared
n13944,3,0.75,1.0,1.0,1.0,0.9375,shared
n13945,3,0.75,1.0,1.0,1.0,0.9375,shared
n13946,4,1.0,1.0,1.0,1.0,1.0,shared
n13947,3,0.75,1.0,1.0,1.0,0.9375,shared
n13948,4,1.0,1.0,1.0,1.0,1.0,shared
n13949,4,1.0,1.0,1.0,1.0,1.0,shared
n13950,3,0.75,1.0,1.0,1.0,0.9375,shared
n13951,4,1.0,1.0,1.0,1.0,1.0,shared
n13952,4,1.0,1.0,1.0,1.0,1.0,shared
n13953,4,1.0,1.0,1.0,1.0,1.0,shared
n13954,4,1.0,1.0,1.0,1.0,1.0,shared
n13955,4,1.0,1.0,1.0,1.0,1.0,shared
n13956,3,0.75,1.0,1.0,1.0,0.9375,shared
n13957,4,1.0,1.0,1.0,1.0,1.0,shared
n13958,3,0.75,1.0,1.0,1.0,0.9375,shared
n13959,4,1.0,1.0,1.0,1.0,1.0,shared
n13960,4,1.0,1.0,1.0,1.0,1.0,shared
n13961,4,1.0,0.5,1.0,1.0,0.875,shared
n13962,4,1.0,1.0,1.0,1.0,1.0,shared
n13963,4,1.0,1.0,1.0,1.0,1.0,shared
n13964,3,0.75,1.0,1.0,1.0,0.9375,shared
n13965,3,0.75,1.0,1.0,1.0,0.9375,shared
n13966,3,0.75,1.0,1.0,1.0,0.9375,shared
n13967,4,1.0,1.0,1.0,1.0,1.0,shared
n13968,4,1.0,1.0,1.0,1.0,1.0,shared
n13969,3,0.75,1.0,1.0,1.0,0.9375,shared
n13970,3,0.75,1.0,1.0,1.0,0.9375,shared
n13971,4,1.0,1.0,1.0,1.0,1.0,shared
n13972,4,1.0,1.0,1.0,1.0,1.0,shared
n13973,3,0.75,1.0,1.0,1.0,0.9375,shared
n13974,4,1.0,1.0,1.0,1.0,1.0,shared
n13975,4,1.0,1.0,1.0,1.0,1.0,shared
n13976,4,1.0,1.0,1.0,1.0,1.0,shared
n13977,4,1.0,1.0,1.0,1.0,1.0,shared
n13978,4,1.0,1.0,1.0,1.0,1.0,shared
n13979,3,0.75,1.0,1.0,1.0,0.9375,shared
n13980,3,0.75,1.0,1.0,1.0,0.9375,shared
n13981,4,1.0,1.0,1.0,1.0,1.0,shared
n13982,3,0.75,1.0,1.0,1.0,0.9375,shared
n13983,4,1.0,1.0,1.0,1.0,1.0,shared
n13984,4,1.0,1.0,1.0,1.0,1.0,shared
n13985,4,1.0,1.0,1.0,1.0,1.0,shared
n13986,4,1.0,1.0,1.0,1.0,1.0,shared
n13987,3,0.75,1.0,1.0,1.0,0.9375,shared
n13988,4,1.0,1.0,1.0,1.0,1.0,shared
n13989,3,0.75,1.0,1.0,1.0,0.9375,shared
n13990,4,1.0,1.0,1.0,1.0,1.0,shared
n13991,4,1.0,1.0,1.0,1.0,1.0,shared
n13992,4,1.0,1.0,1.0,1.0,1.0,shared
n13993,3,0.75,1.0,1.0,1.0,0.9375,shared
n13994,4,1.0,1.0,1.0,1.0,1.0,shared
n13995,4,1.0,0.8478260869565217,0.43478260869565216,1.0,0.8206521739130435,shared
n13996,4,1.0,1.0,1.0,1.0,1.0,shared
n13997,3,0.75,1.0,1.0,1.0,0.9375,shared
n13998,4,1.0,1.0,1.0,1.0,1.0,shared
n13999,3,0.75,1.0,1.0,1.0,0.9375,shared
n14000,4,1.0,1.0,1.0,1.0,1.0,shared
n14001,4,1.0,1.0,1.0,1.0,1.0,shared
n14002,4,1.0,1.0,1.0,1.0,1.0,shared
n14003,4,1.0,1.0,1.0,1.0,1.0,shared
n14004,4,1.0,1.0,1.0,1.0,1.0,shared
n14005,4,1.0,1.0,1.0,1.0,1.0,shared
n14006,3,0.75,1.0,1.0,1.0,0.9375,shared
n14007,3,0.75,1.0,1.0,1.0,0.9375,shared
n14008,4,1.0,1.0,1.0,1.0,1.0,shared
n14009,4,1.0,1.0,1.0,1.0,1.0,shared
n14010,4,1.0,1.0,1.0,1.0,1.0,shared
n14011,4,1.0,1.0,1.0,1.0,1.0,shared
n14012,3,0.75,1.0,1.0,1.0,0.9375,shared
n14013,4,1.0,1.0,1.0,1.0,1.0,shared
n14014,4,1.0,1.0,1.0,1.0,1.0,shared
n14015,4,1.0,1.0,1.0,1.0,1.0,shared
n14016,3,0.75,1.0,1.0,1.0,0.9375,shared
n14017,3,0.75,1.0,1.0,1.0,0.9375,shared
n14018,4,1.0,1.0,1.0,1.0,1.0,shared
n14019,3,0.75,1.0,1.0,1.0,0.9375,shared
n14020,3,0.75,1.0,1.0,1.0,0.9375,shared
n14021,3,0.75,1.0,1.0,1.0,0.9375,shared
n14022,4,1.0,1.0,1.0,1.0,1.0,shared
n14023,4,1.0,1.0,1.0,1.0,1.0,shared
n14024,3,0.75,1.0,1.0,1.0,0.9375,shared
n14025,4,1.0,1.0,1.0,1.0,1.0,shared
n14026,4,1.0,1.0,1.0,1.0,1.0,shared
n14027,4,1.0,1.0,1.0,1.0,1.0,shared
n14028,3,0.75,1.0,1.0,1.0,0.9375,shared
n14029,4,1.0,1.0,1.0,1.0,1.0,shared
n14030,3,0.75,1.0,1.0,1.0,0.9375,shared
n14031,3,0.75,1.0,1.0,1.0,0.9375,shared
n14032,3,0.75,1.0,1.0,1.0,0.9375,shared
n14033,4,1.0,1.0,1.0,1.0,1.0,shared
n14034,4,1.0,1.0,1.0,1.0,1.0,shared
n14035,4,1.0,1.0,1.0,1.0,1.0,shared
n14036,3,0.75,1.0,1.0,1.0,0.9375,shared
n14037,4,1.0,1.0,1.0,1.0,1.0,shared
n14038,3,0.75,1.0,1.0,1.0,0.9375,shared
n14039,3,0.75,1.0,1.0,1.0,0.9375,shared
n14040,3,0.75,1.0,1.0,1.0,0.9375,shared
n14041,3,0.75,1.0,1.0,1.0,0.9375,shared
n14042,4,1.0,0.5,1.0,1.0,0.875,shared
n14043,3,0.75,1.0,1.0,1.0,0.9375,shared
n14044,3,0.75,1.0,1.0,1.0,0.9375,shared
n14045,3,0.75,1.0,1.0,1.0,0.9375,shared
n14046,3,0.75,1.0,1.0,1.0,0.9375,shared
n14047,3,0.75,1.0,1.0,1.0,0.9375,shared
n14048,4,1.0,1.0,1.0,1.0,1.0,shared
n14049,3,0.75,1.0,1.0,1.0,0.9375,shared
n14050,4,1.0,1.0,1.0,1.0,1.0,shared
n14051,4,1.0,1.0,1.0,1.0,1.0,shared
n14052,3,0.75,1.0,1.0,1.0,0.9375,shared
n14053,4,1.0,1.0,1.0,1.0,1.0,shared
n14054,4,1.0,1.0,1.0,1.0,1.0,shared
n14055,4,1.0,1.0,1.0,1.0,1.0,shared
n14056,3,0.75,1.0,1.0,1.0,0.9375,shared
n14057,4,1.0,1.0,1.0,1.0,1.0,shared
n14058,3,0.75,1.0,1.0,1.0,0.9375,shared
n14059,3,0.75,1.0,1.0,1.0,0.9375,shared
n14060,4,1.0,1.0,1.0,1.0,1.0,shared
n14061,3,0.75,1.0,1.0,1.0,0.9375,shared
n14062,4,1.0,1.0,1.0,1.0,1.0,shared
n14063,3,0.75,1.0,1.0,1.0,0.9375,shared
n14064,3,0.75,1.0,1.0,1.0,0.9375,shared
n14065,3,0.75,1.0,1.0,1.0,0.9375,shared
n14066,4,1.0,1.0,1.0,1.0,1.0,shared
n14067,4,1.0,1.0,1.0,1.0,1.0,shared
n14068,4,1.0,1.0,1.0,1.0,1.0,shared
n14069,4,1.0,1.0,1.0,1.0,1.0,shared
n14070,4,1.0,1.0,1.0,1.0,1.0,shared
n14071,4,1.0,1.0,1.0,1.0,1.0,shared
n14072,3,0.75,1.0,1.0,1.0,0.9375,shared
n14073,4,1.0,1.0,1.0,1.0,1.0,shared
n14074,3,0.75,1.0,1.0,1.0,0.9375,shared
n14075,3,0.75,1.0,1.0,1.0,0.9375,shared
n14076,4,1.0,1.0,1.0,1.0,1.0,shared
n14077,4,1.0,1.0,1.0,1.0,1.0,shared
n14078,4,1.0,1.0,1.0,1.0,1.0,shared
n14079,4,1.0,1.0,1.0,1.0,1.0,shared
n14080,4,1.0,1.0,1.0,1.0,1.0,shared
n14081,3,0.75,1.0,1.0,1.0,0.9375,shared
n14082,4,1.0,1.0,1.0,1.0,1.0,shared
n14083,4,1.0,1.0,1.0,1.0,1.0,shared
n14084,3,0.75,1.0,1.0,1.0,0.9375,shared
n14085,3,0.75,1.0,1.0,1.0,0.9375,shared
n14086,3,0.75,1.0,1.0,1.0,0.9375,shared
n14087,4,1.0,1.0,1.0,1.0,1.0,shared
n14088,4,1.0,1.0,1.0,1.0,1.0,shared
n14089,4,1.0,1.0,1.0,1.0,1.0,shared
n14090,4,1.0,1.0,1.0,1.0,1.0,shared
n14091,4,1.0,1.0,1.0,1.0,1.0,shared
n14092,4,1.0,0.5,0.5,1.0,0.75,shared
n14093,4,1.0,1.0,1.0,1.0,1.0,shared
n14094,3,0.75,1.0,1.0,1.0,0.9375,shared
n14095,3,0.75,1.0,1.0,1.0,0.9375,shared
n14096,4,1.0,1.0,1.0,1.0,1.0,shared
n14097,3,0.75,1.0,1.0,1.0,0.9375,shared
n14098,3,0.75,1.0,1.0,1.0,0.9375,shared
n14099,4,1.0,1.0,1.0,1.0,1.0,shared
n14100,3,0.75,1.0,1.0,1.0,0.9375,shared
n14101,4,1.0,1.0,1.0,1.0,1.0,shared
n14102,4,1.0,1.0,1.0,1.0,1.0,shared
n14103,4,1.0,1.0,1.0,1.0,1.0,shared
n14104,3,0.75,1.0,1.0,1.0,0.9375,shared
n14105,4,1.0,1.0,1.0,1.0,1.0,shared
n14106,4,1.0,1.0,1.0,1.0,1.0,shared
n14107,3,0.75,1.0,1.0,1.0,0.9375,shared
n14108,4,1.0,1.0,1.0,1.0,1.0,shared
n14109,3,0.75,1.0,1.0,1.0,0.9375,shared
n14110,4,1.0,1.0,1.0,1.0,1.0,shared
n14111,4,1.0,1.0,1.0,1.0,1.0,shared
n14112,3,0.75,1.0,1.0,1.0,0.9375,shared
n14113,3,0.75,1.0,1.0,1.0,0.9375,shared
n14114,3,0.75,1.0,1.0,1.0,0.9375,shared
n14115,4,1.0,1.0,1.0,1.0,1.0,shared
n14116,3,0.75,1.0,1.0,1.0,0.9375,shared
n14117,4,1.0,1.0,1.0,1.0,1.0,shared
n14118,4,1.0,1.0,1.0,1.0,1.0,shared
n14119,4,1.0,1.0,1.0,1.0,1.0,shared
n14120,4,1.0,1.0,1.0,1.0,1.0,shared
n14121,4,1.0,1.0,1.0,1.0,1.0,shared
n14122,4,1.0,1.0,1.0,1.0,1.0,shared
n14123,3,0.75,1.0,1.0,1.0,0.9375,shared
n14124,3,0.75,1.0,1.0,1.0,0.9375,shared
n14125,4,1.0,1.0,1.0,1.0,1.0,shared
n14126,3,0.75,0.5,0.5,1.0,0.6875,shared
n14127,3,0.75,1.0,1.0,1.0,0.9375,shared
n14128,4,1.0,1.0,1.0,1.0,1.0,shared
n14129,4,1.0,1.0,1.0,1.0,1.0,shared
n14130,4,1.0,1.0,1.0,1.0,1.0,shared
n14131,4,1.0,1.0,1.0,1.0,1.0,shared
n14132,3,0.75,1.0,1.0,1.0,0.9375,shared
n14133,3,0.75,1.0,1.0,1.0,0.9375,shared
n14134,4,1.0,1.0,1.0,1.0,1.0,shared
n14135,4,1.0,1.0,1.0,1.0,1.0,shared
n14136,4,1.0,1.0,1.0,1.0,1.0,shared
n14137,3,0.75,1.0,1.0,1.0,0.9375,shared
n14138,3,0.75,1.0,1.0,1.0,0.9375,shared
n14139,4,1.0,1.0,1.0,1.0,1.0,shared
n14140,4,1.0,1.0,1.0,1.0,1.0,shared
n14141,4,1.0,1.0,1.0,1.0,1.0,shared
n14142,4,1.0,1.0,1.0,1.0,1.0,shared
n14143,4,1.0,1.0,1.0,1.0,1.0,shared
n14144,3,0.75,1.0,1.0,1.0,0.9375,shared
n14145,4,1.0,1.0,1.0,1.0,1.0,shared
n14146,4,1.0,1.0,1.0,1.0,1.0,shared
n14147,3,0.75,1.0,1.0,1.0,0.9375,shared
n14148,4,1.0,1.0,1.0,1.0,1.0,shared
n14149,4,1.0,1.0,1.0,1.0,1.0,shared
n14150,4,1.0,1.0,1.0,1.0,1.0,shared
n14151,3,0.75,1.0,1.0,1.0,0.9375,shared
n14152,4,1.0,1.0,1.0,1.0,1.0,shared
n14153,4,1.0,1.0,1.0,1.0,1.0,shared
n14154,3,0.75,1.0,1.0,1.0,0.9375,shared
n14155,4,1.0,1.0,1.0,1.0,1.0,shared
n14156,3,0.75,1.0,1.0,1.0,0.9375,shared
n14157,3,0.75,1.0,1.0,1.0,0.9375,shared
n14158,4,1.0,1.0,1.0,1.0,1.0,shared
n14159,4,1.0,1.0,1.0,1.0,1.0,shared
n14160,4,1.0,0.5714285714285714,0.5714285714285714,1.0,0.7857142857142857,shared
n14161,4,1.0,1.0,1.0,1.0,1.0,shared
n14162,3,0.75,1.0,1.0,1.0,0.9375,shared
n14163,4,1.0,1.0,1.0,1.0,1.0,shared
n14164,4,1.0,1.0,1.0,1.0,1.0,shared
n14165,3,0.75,1.0,1.0,1.0,0.9375,shared
n14166,3,0.75,1.0,1.0,1.0,0.9375,shared
n14167,4,1.0,1.0,1.0,1.0,1.0,shared
n14168,3,0.75,1.0,1.0,1.0,0.9375,shared
n14169,4,1.0,1.0,1.0,1.0,1.0,shared
n14170,3,0.75,1.0,1.0,1.0,0.9375,shared
n14171,4,1.0,1.0,1.0,1.0,1.0,shared
n14172,4,1.0,1.0,1.0,1.0,1.0,shared
n14173,3,0.75,1.0,1.0,1.0,0.9375,shared
n14174,4,1.0,1.0,1.0,1.0,1.0,shared
n14175,4,1.0,1.0,1.0,1.0,1.0,shared
n14176,3,0.75,1.0,1.0,1.0,0.9375,shared
n14177,3,0.75,1.0,1.0,1.0,0.9375,shared
n14178,3,0.75,1.0,1.0,1.0,0.9375,shared
n14179,3,0.75,1.0,1.0,1.0,0.9375,shared
n14180,4,1.0,1.0,1.0,1.0,1.0,shared
n14181,4,1.0,1.0,1.0,1.0,1.0,shared
n14182,4,1.0,1.0,1.0,1.0,1.0,shared
n14183,3,0.75,1.0,1.0,1.0,0.9375,shared
n14184,4,1.0,1.0,1.0,1.0,1.0,shared
n14185,4,1.0,1.0,1.0,1.0,1.0,shared
n14186,3,0.75,1.0,1.0,1.0,0.9375,shared
n14187,3,0.75,1.0,1.0,1.0,0.9375,shared
n14188,4,1.0,1.0,1.0,1.0,1.0,shared
n14189,3,0.75,1.0,1.0,1.0,0.9375,shared
n14190,4,1.0,1.0,1.0,1.0,1.0,shared
n14191,4,1.0,1.0,1.0,1.0,1.0,shared
n14192,4,1.0,1.0,1.0,1.0,1.0,shared
n14193,4,1.0,1.0,1.0,1.0,1.0,shared
n14194,4,1.0,1.0,1.0,1.0,1.0,shared
n14195,4,1.0,1.0,1.0,1.0,1.0,shared
n14196,3,0.75,1.0,1.0,1.0,0.9375,shared
n14197,3,0.75,1.0,1.0,1.0,0.9375,shared
n14198,4,1.0,0.5714285714285714,0.5714285714285714,1.0,0.7857142857142857,shared
n14199,3,0.75,1.0,1.0,1.0,0.9375,shared
n14200,4,1.0,1.0,1.0,1.0,1.0,shared
n14201,4,1.0,1.0,1.0,1.0,1.0,shared
n14202,3,0.75,1.0,1.0,1.0,0.9375,shared
n14203,4,1.0,1.0,1.0,1.0,1.0,shared
n14204,4,1.0,1.0,1.0,1.0,1.0,shared
n14205,4,1.0,1.0,1.0,1.0,1.0,shared
n14206,3,0.75,1.0,1.0,1.0,0.9375,shared
n14207,4,1.0,1.0,1.0,1.0,1.0,shared
n14208,3,0.75,1.0,1.0,1.0,0.9375,shared
n14209,4,1.0,1.0,1.0,1.0,1.0,shared
n14210,3,0.75,1.0,1.0,1.0,0.9375,shared
n14211,3,0.75,1.0,1.0,1.0,0.9375,shared
n14212,3,0.75,1.0,1.0,1.0,0.9375,shared
n14213,3,0.75,1.0,1.0,1.0,0.9375,shared
n14214,3,0.75,1.0,1.0,1.0,0.9375,shared
n14215,3,0.75,1.0,1.0,1.0,0.9375,shared
n14216,4,1.0,1.0,1.0,1.0,1.0,shared
n14217,3,0.75,1.0,1.0,1.0,0.9375,shared
n14218,4,1.0,1.0,1.0,1.0,1.0,shared
n14219,3,0.75,1.0,1.0,1.0,0.9375,shared
n14220,3,0.75,1.0,1.0,1.0,0.9375,shared
n14221,4,1.0,1.0,1.0,1.0,1.0,shared
n14222,4,1.0,1.0,1.0,1.0,1.0,shared
n14223,3,0.75,1.0,1.0,1.0,0.9375,shared
n14224,3,0.75,1.0,1.0,1.0,0.9375,shared
n14225,3,0.75,1.0,1.0,1.0,0.9375,shared
n14226,4,1.0,1.0,1.0,1.0,1.0,shared
n14227,4,1.0,1.0,1.0,1.0,1.0,shared
n14228,3,0.75,1.0,1.0,1.0,0.9375,shared
n14229,3,0.75,1.0,1.0,1.0,0.9375,shared
n14230,3,0.75,1.0,1.0,1.0,0.9375,shared
n14231,4,1.0,1.0,1.0,1.0,1.0,shared
n14232,4,1.0,1.0,1.0,1.0,1.0,shared
n14233,4,1.0,1.0,1.0,1.0,1.0,shared
n14234,3,0.75,1.0,1.0,1.0,0.9375,shared
n14235,4,1.0,1.0,1.0,1.0,1.0,shared
n14236,4,1.0,1.0,1.0,1.0,1.0,shared
n14237,3,0.75,1.0,1.0,1.0,0.9375,shared
n14238,3,0.75,1.0,1.0,1.0,0.9375,shared
n14239,4,1.0,1.0,1.0,1.0,1.0,shared
n14240,4,1.0,1.0,1.0,1.0,1.0,shared
n14241,3,0.75,1.0,1.0,1.0,0.9375,shared
n14242,3,0.75,1.0,1.0,1.0,0.9375,shared
n14243,4,1.0,0.5714285714285714,0.5714285714285714,1.0,0.7857142857142857,shared
n14244,4,1.0,1.0,1.0,1.0,1.0,shared
n14245,4,1.0,1.0,1.0,1.0,1.0,shared
n14246,4,1.0,1.0,1.0,1.0,1.0,shared
n14247,3,0.75,1.0,1.0,1.0,0.9375,shared
n14248,4,1.0,1.0,1.0,1.0,1.0,shared
n14249,3,0.75,1.0,1.0,1.0,0.9375,shared
n14250,4,1.0,1.0,1.0,1.0,1.0,shared
n14251,4,1.0,1.0,1.0,1.0,1.0,shared
n14252,4,1.0,1.0,1.0,1.0,1.0,shared
n14253,4,1.0,1.0,1.0,1.0,1.0,shared
n14254,4,1.0,1.0,1.0,1.0,1.0,shared
n14255,3,0.75,1.0,1.0,1.0,0.9375,shared
n14256,4,1.0,1.0,1.0,1.0,1.0,shared
n14257,4,1.0,1.0,1.0,1.0,1.0,shared
n14258,4,1.0,1.0,1.0,1.0,1.0,shared
n14259,4,1.0,1.0,1.0,1.0,1.0,shared
n14260,4,1.0,1.0,1.0,1.0,1.0,shared
n14261,4,1.0,0.5,0.5,1.0,0.75,shared
n14262,4,1.0,1.0,1.0,1.0,1.0,shared
n14263,3,0.75,1.0,1.0,1.0,0.9375,shared
n14264,3,0.75,1.0,1.0,1.0,0.9375,shared
n14265,4,1.0,1.0,1.0,1.0,1.0,shared
n14266,4,1.0,1.0,1.0,1.0,1.0,shared
n14267,4,1.0,1.0,1.0,1.0,1.0,shared
n14268,3,0.75,1.0,1.0,1.0,0.9375,shared
n14269,4,1.0,1.0,1.0,1.0,1.0,shared
n14270,3,0.75,1.0,1.0,1.0,0.9375,shared
n14271,4,1.0,1.0,1.0,1.0,1.0,shared
n14272,4,1.0,1.0,1.0,1.0,1.0,shared
n14273,4,1.0,1.0,1.0,1.0,1.0,shared
n14274,3,0.75,1.0,1.0,1.0,0.9375,shared
n14275,4,1.0,1.0,1.0,1.0,1.0,shared
n14276,3,0.75,1.0,1.0,1.0,0.9375,shared
n14277,3,0.75,1.0,1.0,1.0,0.9375,shared
n14278,3,0.75,1.0,1.0,1.0,0.9375,shared
n14279,4,1.0,1.0,1.0,1.0,1.0,shared
n14280,4,1.0,1.0,1.0,1.0,1.0,shared
n14281,4,1.0,0.5714285714285714,0.5714285714285714,1.0,0.7857142857142857,shared
n14282,4,1.0,1.0,1.0,1.0,1.0,shared
n14283,4,1.0,1.0,1.0,1.0,1.0,shared
n14284,3,0.75,1.0,1.0,1.0,0.9375,shared
n14285,1,0.25,1.0,1.0,1.0,0.8125,rescued_private
n14286,4,1.0,1.0,1.0,1.0,1.0,shared
n14287,3,0.75,1.0,1.0,1.0,0.9375,shared
n14288,4,1.0,1.0,1.0,1.0,1.0,shared
n14289,4,1.0,1.0,1.0,1.0,1.0,shared
n14290,4,1.0,1.0,1.0,1.0,1.0,shared
n14291,3,0.75,1.0,1.0,1.0,0.9375,shared
n14292,3,0.75,1.0,1.0,1.0,0.9375,shared
n14293,3,0.75,1.0,1.0,1.0,0.9375,shared
n14294,4,1.0,1.0,1.0,1.0,1.0,shared
n14295,4,1.0,1.0,1.0,1.0,1.0,shared
n14296,4,1.0,0.5714285714285714,0.5714285714285714,1.0,0.7857142857142857,shared
n14297,3,0.75,1.0,1.0,1.0,0.9375,shared
n14298,4,1.0,1.0,1.0,1.0,1.0,shared
n14299,4,1.0,1.0,1.0,1.0,1.0,shared
n14300,4,1.0,1.0,1.0,1.0,1.0,shared
n14301,4,1.0,1.0,1.0,1.0,1.0,shared
n14302,4,1.0,1.0,1.0,1.0,1.0,shared
n14303,4,1.0,1.0,1.0,1.0,1.0,shared
n14304,3,0.75,1.0,1.0,1.0,0.9375,shared
n14305,4,1.0,1.0,1.0,1.0,1.0,shared
n14306,4,1.0,1.0,1.0,1.0,1.0,shared
n14307,4,1.0,1.0,1.0,1.0,1.0,shared
n14308,3,0.75,1.0,1.0,1.0,0.9375,shared
n14309,4,1.0,1.0,1.0,1.0,1.0,shared
n14310,4,1.0,1.0,1.0,1.0,1.0,shared
n14311,3,0.75,1.0,1.0,1.0,0.9375,shared
n14312,4,1.0,1.0,1.0,1.0,1.0,shared
n14313,4,1.0,1.0,1.0,1.0,1.0,shared
n14314,3,0.75,1.0,1.0,1.0,0.9375,shared
n14315,4,1.0,1.0,1.0,1.0,1.0,shared
n14316,3,0.75,1.0,1.0,1.0,0.9375,shared
n14317,4,1.0,1.0,1.0,1.0,1.0,shared
n14318,4,1.0,1.0,1.0,1.0,1.0,shared
n14319,3,0.75,1.0,1.0,1.0,0.9375,shared
n14320,3,0.75,1.0,1.0,1.0,0.9375,shared
n14321,3,0.75,1.0,1.0,1.0,0.9375,shared
n14322,4,1.0,1.0,1.0,1.0,1.0,shared
n14323,3,0.75,1.0,1.0,1.0,0.9375,shared
n14324,3,0.75,1.0,1.0,1.0,0.9375,shared
n14325,4,1.0,1.0,1.0,1.0,1.0,shared
n14326,4,1.0,1.0,1.0,1.0,1.0,shared
n14327,4,1.0,1.0,1.0,1.0,1.0,shared
n14328,4,1.0,1.0,1.0,1.0,1.0,shared
n14329,3,0.75,1.0,1.0,1.0,0.9375,shared
n14330,4,1.0,1.0,1.0,1.0,1.0,shared
n14331,4,1.0,1.0,1.0,1.0,1.0,shared
n14332,4,1.0,0.5,1.0,1.0,0.875,shared
n14333,4,1.0,1.0,1.0,1.0,1.0,shared
n14334,4,1.0,1.0,1.0,1.0,1.0,shared
n14335,4,1.0,1.0,1.0,1.0,1.0,shared
n14336,4,1.0,1.0,1.0,1.0,1.0,shared
n14337,4,1.0,1.0,1.0,1.0,1.0,shared
n14338,4,1.0,1.0,1.0,1.0,1.0,shared
n14339,4,1.0,1.0,1.0,1.0,1.0,shared
n14340,4,1.0,1.0,1.0,1.0,1.0,shared
n14341,3,0.75,1.0,1.0,1.0,0.9375,shared
n14342,3,0.75,1.0,1.0,1.0,0.9375,shared
n14343,4,1.0,0.3333333333333333,0.3333333333333333,1.0,0.6666666666666666,shared
n14344,3,0.75,1.0,1.0,1.0,0.9375,shared
n14345,4,1.0,1.0,1.0,1.0,1.0,shared
n14346,3,0.75,1.0,1.0,1.0,0.9375,shared
n14347,4,1.0,1.0,1.0,1.0,1.0,shared
n14348,4,1.0,1.0,1.0,1.0,1.0,shared
n14349,4,1.0,1.0,1.0,1.0,1.0,shared
n14350,4,1.0,1.0,1.0,1.0,1.0,shared
n14351,4,1.0,0.5,0.5,1.0,0.75,shared
n14352,4,1.0,0.5,1.0,1.0,0.875,shared
n14353,4,1.0,1.0,1.0,1.0,1.0,shared
n14354,3,0.75,1.0,1.0,1.0,0.9375,shared
n14355,4,1.0,1.0,1.0,1.0,1.0,shared
n14356,3,0.75,1.0,1.0,1.0,0.9375,shared
n14357,4,1.0,1.0,1.0,1.0,1.0,shared
n14358,4,1.0,1.0,1.0,1.0,1.0,shared
n14359,3,0.75,1.0,1.0,1.0,0.9375,shared
n14360,4,1.0,1.0,1.0,1.0,1.0,shared
n14361,4,1.0,1.0,1.0,1.0,1.0,shared
n14362,4,1.0,1.0,1.0,1.0,1.0,shared
n14363,4,1.0,1.0,1.0,1.0,1.0,shared
n14364,4,1.0,1.0,1.0,1.0,1.0,shared
n14365,4,1.0,1.0,1.0,1.0,1.0,shared
n14366,4,1.0,1.0,1.0,1.0,1.0,shared
n14367,3,0.75,1.0,1.0,1.0,0.9375,shared
n14368,3,0.75,1.0,1.0,1.0,0.9375,shared
n14369,3,0.75,1.0,1.0,1.0,0.9375,shared
n14370,4,1.0,1.0,1.0,1.0,1.0,shared
n14371,4,1.0,1.0,1.0,1.0,1.0,shared
n14372,4,1.0,1.0,1.0,1.0,1.0,shared
n14373,4,1.0,1.0,1.0,1.0,1.0,shared
n14374,4,1.0,1.0,1.0,1.0,1.0,shared
n14375,3,0.75,1.0,1.0,1.0,0.9375,shared
n14376,3,0.75,1.0,1.0,1.0,0.9375,shared
n14377,4,1.0,1.0,1.0,1.0,1.0,shared
n14378,3,0.75,1.0,1.0,1.0,0.9375,shared
n14379,4,1.0,1.0,1.0,1.0,1.0,shared
n14380,4,1.0,1.0,1.0,1.0,1.0,shared
n14381,4,1.0,1.0,1.0,1.0,1.0,shared
n14382,4,1.0,1.0,1.0,1.0,1.0,shared
n14383,4,1.0,1.0,1.0,1.0,1.0,shared
n14384,4,1.0,1.0,1.0,1.0,1.0,shared
n14385,3,0.75,1.0,1.0,1.0,0.9375,shared
n14386,3,0.75,1.0,1.0,1.0,0.9375,shared
n14387,4,1.0,1.0,1.0,1.0,1.0,shared
n14388,4,1.0,1.0,1.0,1.0,1.0,shared
n14389,4,1.0,1.0,1.0,1.0,1.0,shared
n14390,4,1.0,1.0,1.0,1.0,1.0,shared
n14391,4,1.0,1.0,1.0,1.0,1.0,shared
n14392,4,1.0,1.0,1.0,1.0,1.0,shared
n14393,4,1.0,1.0,1.0,1.0,1.0,shared
n14394,4,1.0,1.0,1.0,1.0,1.0,shared
n14395,4,1.0,1.0,1.0,1.0,1.0,shared
n14396,4,1.0,1.0,1.0,1.0,1.0,shared
n14397,4,1.0,1.0,1.0,1.0,1.0,shared
n14398,4,1.0,1.0,1.0,1.0,1.0,shared
n14399,4,1.0,1.0,1.0,1.0,1.0,shared
n14400,4,1.0,1.0,1.0,1.0,1.0,shared
n14401,4,1.0,1.0,1.0,1.0,1.0,shared
n14402,4,1.0,1.0,1.0,1.0,1.0,shared
n14403,4,1.0,1.0,1.0,1.0,1.0,shared
n14404,3,0.75,1.0,1.0,1.0,0.9375,shared
n14405,4,1.0,1.0,0.5,1.0,0.875,shared
n14406,4,1.0,1.0,1.0,1.0,1.0,shared
n14407,4,1.0,1.0,1.0,1.0,1.0,shared
n14408,4,1.0,1.0,1.0,1.0,1.0,shared
n14409,4,1.0,1.0,1.0,1.0,1.0,shared
n14410,4,1.0,1.0,1.0,1.0,1.0,shared
n14411,4,1.0,1.0,1.0,1.0,1.0,shared
n14412,4,1.0,1.0,1.0,1.0,1.0,shared
n14413,4,1.0,1.0,1.0,1.0,1.0,shared
n14414,4,1.0,1.0,1.0,1.0,1.0,shared
n14415,3,0.75,1.0,1.0,1.0,0.9375,shared
n14416,4,1.0,1.0,1.0,1.0,1.0,shared
n14417,4,1.0,1.0,1.0,1.0,1.0,shared
n14418,4,1.0,1.0,1.0,1.0,1.0,shared
n14419,4,1.0,1.0,1.0,1.0,1.0,shared
n14420,4,1.0,1.0,1.0,1.0,1.0,shared
n14421,4,1.0,1.0,1.0,1.0,1.0,shared
n14422,3,0.75,1.0,1.0,1.0,0.9375,shared
n14423,4,1.0,1.0,1.0,1.0,1.0,shared
n14424,4,1.0,1.0,1.0,1.0,1.0,shared
n14425,4,1.0,1.0,1.0,1.0,1.0,shared
n14426,4,1.0,1.0,1.0,1.0,1.0,shared
n14427,4,1.0,1.0,1.0,1.0,1.0,shared
n14428,3,0.75,1.0,1.0,1.0,0.9375,shared
n14429,3,0.75,1.0,1.0,1.0,0.9375,shared
n14430,4,1.0,1.0,1.0,1.0,1.0,shared
n14431,4,1.0,1.0,1.0,1.0,1.0,shared
n14432,4,1.0,1.0,1.0,1.0,1.0,shared
n14433,1,0.25,1.0,1.0,1.0,0.8125,rescued_private
n14434,4,1.0,1.0,1.0,1.0,1.0,shared
n14435,4,1.0,1.0,1.0,1.0,1.0,shared
n14436,3,0.75,1.0,1.0,1.0,0.9375,shared
n14437,4,1.0,1.0,1.0,1.0,1.0,shared
n14438,3,0.75,1.0,1.0,1.0,0.9375,shared
n14439,4,1.0,1.0,1.0,1.0,1.0,shared
n14440,3,0.75,1.0,1.0,1.0,0.9375,shared
n14441,4,1.0,1.0,1.0,1.0,1.0,shared
n14442,3,0.75,1.0,1.0,1.0,0.9375,shared
n14443,3,0.75,1.0,1.0,1.0,0.9375,shared
n14444,4,1.0,1.0,1.0,1.0,1.0,shared
n14445,4,1.0,1.0,1.0,1.0,1.0,shared
n14446,3,0.75,1.0,1.0,1.0,0.9375,shared
n14447,4,1.0,0.5,0.5,1.0,0.75,shared
n14448,4,1.0,1.0,1.0,1.0,1.0,shared
n14449,4,1.0,1.0,1.0,1.0,1.0,shared
n14450,3,0.75,1.0,1.0,1.0,0.9375,shared
n14451,4,1.0,1.0,1.0,1.0,1.0,shared
n14452,4,1.0,1.0,1.0,1.0,1.0,shared
n14453,4,1.0,1.0,1.0,1.0,1.0,shared
n14454,4,1.0,1.0,1.0,1.0,1.0,shared
n14455,4,1.0,1.0,1.0,1.0,1.0,shared
n14456,4,1.0,1.0,1.0,1.0,1.0,shared
n14457,4,1.0,1.0,1.0,1.0,1.0,shared
n14458,4,1.0,1.0,1.0,1.0,1.0,shared
n14459,3,0.75,1.0,1.0,1.0,0.9375,shared
n14460,3,0.75,1.0,1.0,1.0,0.9375,shared
n14461,4,1.0,1.0,1.0,1.0,1.0,shared
n14462,4,1.0,1.0,1.0,1.0,1.0,shared
n14463,4,1.0,1.0,1.0,1.0,1.0,shared
n14464,4,1.0,1.0,1.0,1.0,1.0,shared
n14465,4,1.0,1.0,1.0,1.0,1.0,shared
n14466,3,0.75,1.0,1.0,1.0,0.9375,shared
n14467,4,1.0,1.0,1.0,1.0,1.0,shared
n14468,4,1.0,1.0,1.0,1.0,1.0,shared
n14469,4,1.0,1.0,1.0,1.0,1.0,shared
n14470,4,1.0,1.0,1.0,1.0,1.0,shared
n14471,4,1.0,1.0,1.0,1.0,1.0,shared
n14472,4,1.0,1.0,1.0,1.0,1.0,shared
n14473,4,1.0,1.0,1.0,1.0,1.0,shared
n14474,4,1.0,1.0,1.0,1.0,1.0,shared
n14475,4,1.0,1.0,1.0,1.0,1.0,shared
n14476,4,1.0,1.0,1.0,1.0,1.0,shared
n14477,4,1.0,1.0,1.0,1.0,1.0,shared
n14478,4,1.0,1.0,1.0,1.0,1.0,shared
n14479,4,1.0,1.0,1.0,1.0,1.0,shared
n14480,4,1.0,1.0,1.0,1.0,1.0,shared
n14481,4,1.0,1.0,1.0,1.0,1.0,shared
n14482,3,0.75,1.0,1.0,1.0,0.9375,shared
n14483,4,1.0,1.0,1.0,1.0,1.0,shared
n14484,3,0.75,1.0,1.0,1.0,0.9375,shared
n14485,4,1.0,1.0,1.0,1.0,1.0,shared
n14486,4,1.0,1.0,1.0,1.0,1.0,shared
n14487,4,1.0,1.0,1.0,1.0,1.0,shared
n14488,3,0.75,1.0,1.0,1.0,0.9375,shared
n14489,4,1.0,1.0,1.0,1.0,1.0,shared
n14490,4,1.0,1.0,1.0,1.0,1.0,shared
n14491,4,1.0,1.0,1.0,1.0,1.0,shared
n14492,4,1.0,1.0,1.0,1.0,1.0,shared
n14493,4,1.0,1.0,1.0,1.0,1.0,shared
n14494,4,1.0,1.0,1.0,1.0,1.0,shared
n14495,4,1.0,1.0,1.0,1.0,1.0,shared
n14496,4,1.0,1.0,1.0,1.0,1.0,shared
n14497,3,0.75,1.0,1.0,1.0,0.9375,shared
n14498,4,1.0,1.0,1.0,1.0,1.0,shared
n14499,4,1.0,1.0,1.0,1.0,1.0,shared
n14500,4,1.0,1.0,1.0,1.0,1.0,shared
n14501,4,1.0,1.0,1.0,1.0,1.0,shared
n14502,4,1.0,0.5714285714285714,0.5714285714285714,1.0,0.7857142857142857,shared
n14503,3,0.75,1.0,1.0,1.0,0.9375,shared
n14504,3,0.75,1.0,1.0,1.0,0.9375,shared
n14505,3,0.75,1.0,1.0,1.0,0.9375,shared
n14506,4,1.0,1.0,1.0,1.0,1.0,shared
n14507,4,1.0,1.0,1.0,1.0,1.0,shared
n14508,4,1.0,1.0,1.0,1.0,1.0,shared
n14509,4,1.0,1.0,1.0,1.0,1.0,shared
n14510,4,1.0,1.0,1.0,1.0,1.0,shared
n14511,4,1.0,1.0,1.0,1.0,1.0,shared
n14512,4,1.0,1.0,1.0,1.0,1.0,shared
n14513,4,1.0,1.0,1.0,1.0,1.0,shared
n14514,4,1.0,1.0,1.0,1.0,1.0,shared
n14515,4,1.0,1.0,1.0,1.0,1.0,shared
n14516,4,1.0,1.0,1.0,1.0,1.0,shared
n14517,4,1.0,0.5714285714285714,0.5714285714285714,1.0,0.7857142857142857,shared
n14518,3,0.75,1.0,1.0,1.0,0.9375,shared
n14519,3,0.75,1.0,1.0,1.0,0.9375,shared
n14520,4,1.0,1.0,1.0,1.0,1.0,shared
n14521,4,1.0,1.0,1.0,1.0,1.0,shared
n14522,4,1.0,1.0,1.0,1.0,1.0,shared
n14523,3,0.75,1.0,1.0,1.0,0.9375,shared
n14524,4,1.0,1.0,1.0,1.0,1.0,shared
n14525,4,1.0,1.0,1.0,1.0,1.0,shared
n14526,4,1.0,1.0,0.3333333333333333,1.0,0.8333333333333334,shared
n14527,4,1.0,1.0,1.0,1.0,1.0,shared
n14528,4,1.0,1.0,1.0,1.0,1.0,shared
n14529,4,1.0,1.0,1.0,1.0,1.0,shared
n14530,3,0.75,1.0,1.0,1.0,0.9375,shared
n14531,3,0.75,1.0,1.0,1.0,0.9375,shared
n14532,4,1.0,1.0,1.0,1.0,1.0,shared
n14533,4,1.0,1.0,1.0,1.0,1.0,shared
n14534,3,0.75,1.0,1.0,1.0,0.9375,shared
n14535,4,1.0,1.0,1.0,1.0,1.0,shared
n14536,3,0.75,1.0,1.0,1.0,0.9375,shared
n14537,4,1.0,1.0,1.0,1.0,1.0,shared
n14538,3,0.75,1.0,1.0,1.0,0.9375,shared
n14539,4,1.0,1.0,1.0,1.0,1.0,shared
n14540,3,0.75,1.0,1.0,1.0,0.9375,shared
n14541,3,0.75,1.0,1.0,1.0,0.9375,shared
n14542,4,1.0,1.0,1.0,1.0,1.0,shared
n14543,3,0.75,1.0,1.0,1.0,0.9375,shared
n14544,4,1.0,1.0,1.0,1.0,1.0,shared
n14545,4,1.0,1.0,1.0,1.0,1.0,shared
n14546,3,0.75,1.0,1.0,1.0,0.9375,shared
n14547,3,0.75,1.0,1.0,1.0,0.9375,shared
n14548,3,0.75,1.0,1.0,1.0,0.9375,shared
n14549,4,1.0,1.0,1.0,1.0,1.0,shared
n14550,3,0.75,1.0,1.0,1.0,0.9375,shared
n14551,4,1.0,1.0,1.0,1.0,1.0,shared
n14552,4,1.0,1.0,1.0,1.0,1.0,shared
n14553,4,1.0,1.0,1.0,1.0,1.0,shared
n14554,4,1.0,1.0,1.0,1.0,1.0,shared
n14555,4,1.0,1.0,1.0,1.0,1.0,shared
n14556,4,1.0,1.0,1.0,1.0,1.0,shared
n14557,3,0.75,1.0,1.0,1.0,0.9375,shared
n14558,4,1.0,1.0,1.0,1.0,1.0,shared
n14559,4,1.0,1.0,1.0,1.0,1.0,shared
n14560,3,0.75,1.0,1.0,1.0,0.9375,shared
n14561,4,1.0,1.0,1.0,1.0,1.0,shared
n14562,4,1.0,1.0,1.0,1.0,1.0,shared
n14563,4,1.0,1.0,0.5,1.0,0.875,shared
n14564,4,1.0,1.0,1.0,1.0,1.0,shared
n14565,3,0.75,1.0,1.0,1.0,0.9375,shared
n14566,4,1.0,1.0,1.0,1.0,1.0,shared
n14567,3,0.75,1.0,1.0,1.0,0.9375,shared
n14568,4,1.0,1.0,1.0,1.0,1.0,shared
n14569,4,1.0,1.0,1.0,1.0,1.0,shared
n14570,3,0.75,1.0,1.0,1.0,0.9375,shared
n14571,3,0.75,1.0,1.0,1.0,0.9375,shared
n14572,3,0.75,1.0,1.0,1.0,0.9375,shared
n14573,3,0.75,1.0,1.0,1.0,0.9375,shared
n14574,4,1.0,1.0,1.0,1.0,1.0,shared
n14575,3,0.75,1.0,1.0,1.0,0.9375,shared
n14576,3,0.75,1.0,1.0,1.0,0.9375,shared
n14577,3,0.75,1.0,1.0,1.0,0.9375,shared
n14578,4,1.0,1.0,1.0,1.0,1.0,shared
n14579,3,0.75,1.0,1.0,1.0,0.9375,shared
n14580,3,0.75,1.0,1.0,1.0,0.9375,shared
n14581,4,1.0,1.0,1.0,1.0,1.0,shared
n14582,4,1.0,1.0,1.0,1.0,1.0,shared
n14583,3,0.75,1.0,1.0,1.0,0.9375,shared
n14584,3,0.75,1.0,1.0,1.0,0.9375,shared
n14585,4,1.0,1.0,1.0,1.0,1.0,shared
n14586,4,1.0,1.0,1.0,1.0,1.0,shared
n14587,4,1.0,1.0,1.0,1.0,1.0,shared
n14588,4,1.0,1.0,1.0,1.0,1.0,shared
n14589,4,1.0,1.0,1.0,1.0,1.0,shared
n14590,4,1.0,1.0,1.0,1.0,1.0,shared
n14591,4,1.0,1.0,1.0,1.0,1.0,shared
n14592,3,0.75,1.0,1.0,1.0,0.9375,shared
n14593,3,0.75,1.0,1.0,1.0,0.9375,shared
n14594,4,1.0,1.0,1.0,1.0,1.0,shared
n14595,4,1.0,1.0,1.0,1.0,1.0,shared
n14596,4,1.0,1.0,1.0,1.0,1.0,shared
n14597,4,1.0,1.0,1.0,1.0,1.0,shared
n14598,4,1.0,1.0,1.0,1.0,1.0,shared
n14599,4,1.0,1.0,1.0,1.0,1.0,shared
n14600,4,1.0,1.0,1.0,1.0,1.0,shared
n14601,4,1.0,1.0,1.0,1.0,1.0,shared
n14602,3,0.75,1.0,1.0,1.0,0.9375,shared
n14603,4,1.0,1.0,1.0,1.0,1.0,shared
n14604,3,0.75,1.0,1.0,1.0,0.9375,shared
n14605,4,1.0,1.0,1.0,1.0,1.0,shared
n14606,4,1.0,1.0,1.0,1.0,1.0,shared
n14607,4,1.0,1.0,1.0,1.0,1.0,shared
n14608,3,0.75,1.0,1.0,1.0,0.9375,shared
n14609,3,0.75,1.0,1.0,1.0,0.9375,shared
n14610,4,1.0,1.0,1.0,1.0,1.0,shared
n14611,3,0.75,1.0,1.0,1.0,0.9375,shared
n14612,3,0.75,1.0,1.0,1.0,0.9375,shared
n14613,4,1.0,1.0,1.0,1.0,1.0,shared
n14614,4,1.0,1.0,1.0,1.0,1.0,shared
n14615,4,1.0,1.0,1.0,1.0,1.0,shared
n14616,4,1.0,1.0,1.0,1.0,1.0,shared
n14617,4,1.0,1.0,1.0,1.0,1.0,shared
n14618,4,1.0,1.0,1.0,1.0,1.0,shared
n14619,3,0.75,1.0,1.0,1.0,0.9375,shared
n14620,4,1.0,1.0,1.0,1.0,1.0,shared
n14621,4,1.0,1.0,1.0,1.0,1.0,shared
n14622,4,1.0,1.0,1.0,1.0,1.0,shared
n14623,4,1.0,1.0,1.0,1.0,1.0,shared
n14624,4,1.0,1.0,1.0,1.0,1.0,shared
n14625,4,1.0,1.0,1.0,1.0,1.0,shared
n14626,4,1.0,1.0,1.0,1.0,1.0,shared
n14627,4,1.0,1.0,1.0,1.0,1.0,shared
n14628,4,1.0,1.0,1.0,1.0,1.0,shared
n14629,4,1.0,1.0,1.0,1.0,1.0,shared
n14630,3,0.75,1.0,1.0,1.0,0.9375,shared
n14631,4,1.0,1.0,1.0,1.0,1.0,shared
n14632,4,1.0,1.0,1.0,1.0,1.0,shared
n14633,3,0.75,1.0,1.0,1.0,0.9375,shared
n14634,4,1.0,1.0,1.0,1.0,1.0,shared
n14635,4,1.0,1.0,1.0,1.0,1.0,shared
n14636,4,1.0,1.0,1.0,1.0,1.0,shared
n14637,4,1.0,1.0,1.0,1.0,1.0,shared
n14638,4,1.0,1.0,1.0,1.0,1.0,shared
n14639,3,0.75,1.0,1.0,1.0,0.9375,shared
n14640,4,1.0,1.0,1.0,1.0,1.0,shared
n14641,4,1.0,1.0,1.0,1.0,1.0,shared
n14642,4,1.0,1.0,1.0,1.0,1.0,shared
n14643,4,1.0,1.0,1.0,1.0,1.0,shared
n14644,4,1.0,1.0,1.0,1.0,1.0,shared
n14645,4,1.0,1.0,1.0,1.0,1.0,shared
n14646,4,1.0,1.0,1.0,1.0,1.0,shared
n14647,4,1.0,1.0,1.0,1.0,1.0,shared
n14648,3,0.75,1.0,1.0,1.0,0.9375,shared
n14649,3,0.75,1.0,1.0,1.0,0.9375,shared
n14650,4,1.0,1.0,1.0,1.0,1.0,shared
n14651,3,0.75,1.0,1.0,1.0,0.9375,shared
n14652,4,1.0,1.0,1.0,1.0,1.0,shared
n14653,4,1.0,1.0,1.0,1.0,1.0,shared
n14654,4,1.0,1.0,1.0,1.0,1.0,shared
n14655,3,0.75,1.0,1.0,1.0,0.9375,shared
n14656,4,1.0,1.0,1.0,1.0,1.0,shared
n14657,3,0.75,1.0,1.0,1.0,0.9375,shared
n14658,4,1.0,1.0,1.0,1.0,1.0,shared
n14659,3,0.75,1.0,1.0,1.0,0.9375,shared
n14660,3,0.75,1.0,1.0,1.0,0.9375,shared
n14661,4,1.0,1.0,1.0,1.0,1.0,shared
n14662,4,1.0,1.0,1.0,1.0,1.0,shared
n14663,4,1.0,1.0,1.0,1.0,1.0,shared
n14664,4,1.0,1.0,1.0,1.0,1.0,shared
n14665,4,1.0,1.0,1.0,1.0,1.0,shared
n14666,4,1.0,1.0,1.0,1.0,1.0,shared
n14667,3,0.75,1.0,1.0,1.0,0.9375,shared
n14668,4,1.0,1.0,1.0,1.0,1.0,shared
n14669,4,1.0,1.0,1.0,1.0,1.0,shared
n14670,4,1.0,1.0,1.0,1.0,1.0,shared
n14671,4,1.0,1.0,1.0,1.0,1.0,shared
n14672,4,1.0,1.0,1.0,1.0,1.0,shared
n14673,4,1.0,1.0,1.0,1.0,1.0,shared
n14674,3,0.75,1.0,1.0,1.0,0.9375,shared
n14675,3,0.75,1.0,1.0,1.0,0.9375,shared
n14676,3,0.75,1.0,1.0,1.0,0.9375,shared
n14677,4,1.0,1.0,1.0,1.0,1.0,shared
n14678,4,1.0,1.0,1.0,1.0,1.0,shared
n14679,3,0.75,1.0,1.0,1.0,0.9375,shared
n14680,3,0.75,1.0,1.0,1.0,0.9375,shared
n14681,3,0.75,1.0,1.0,1.0,0.9375,shared
n14682,4,1.0,1.0,1.0,1.0,1.0,shared
n14683,4,1.0,0.5714285714285714,0.5714285714285714,1.0,0.7857142857142857,shared
n14684,4,1.0,1.0,1.0,1.0,1.0,shared
n14685,4,1.0,1.0,1.0,1.0,1.0,shared
n14686,3,0.75,1.0,1.0,1.0,0.9375,shared
n14687,4,1.0,1.0,1.0,1.0,1.0,shared
n14688,4,1.0,1.0,1.0,1.0,1.0,shared
n14689,4,1.0,1.0,1.0,1.0,1.0,shared
n14690,4,1.0,1.0,1.0,1.0,1.0,shared
n14691,4,1.0,1.0,1.0,1.0,1.0,shared
n14692,4,1.0,1.0,1.0,1.0,1.0,shared
n14693,3,0.75,1.0,1.0,1.0,0.9375,shared
n14694,4,1.0,1.0,1.0,1.0,1.0,shared
n14695,4,1.0,1.0,1.0,1.0,1.0,shared
n14696,4,1.0,1.0,1.0,1.0,1.0,shared
n14697,4,1.0,1.0,1.0,1.0,1.0,shared
n14698,4,1.0,1.0,1.0,1.0,1.0,shared
n14699,4,1.0,1.0,1.0,1.0,1.0,shared
n14700,4,1.0,1.0,1.0,1.0,1.0,shared
n14701,4,1.0,1.0,1.0,1.0,1.0,shared
n14702,4,1.0,1.0,1.0,1.0,1.0,shared
n14703,4,1.0,1.0,1.0,1.0,1.0,shared
n14704,4,1.0,1.0,1.0,1.0,1.0,shared
n14705,4,1.0,1.0,1.0,1.0,1.0,shared
n14706,4,1.0,1.0,1.0,1.0,1.0,shared
n14707,3,0.75,1.0,1.0,1.0,0.9375,shared
n14708,3,0.75,1.0,1.0,1.0,0.9375,shared
n14709,4,1.0,1.0,1.0,1.0,1.0,shared
n14710,4,1.0,1.0,1.0,1.0,1.0,shared
n14711,4,1.0,1.0,1.0,1.0,1.0,shared
n14712,4,1.0,1.0,1.0,1.0,1.0,shared
n14713,3,0.75,1.0,1.0,1.0,0.9375,shared
n14714,4,1.0,1.0,1.0,1.0,1.0,shared
n14715,4,1.0,1.0,1.0,1.0,1.0,shared
n14716,4,1.0,1.0,1.0,1.0,1.0,shared
n14717,4,1.0,1.0,1.0,1.0,1.0,shared
n14718,4,1.0,1.0,1.0,1.0,1.0,shared
n14719,4,1.0,1.0,1.0,1.0,1.0,shared
n14720,3,0.75,1.0,1.0,1.0,0.9375,shared
n14721,4,1.0,1.0,1.0,1.0,1.0,shared
n14722,4,1.0,1.0,1.0,1.0,1.0,shared
n14723,4,1.0,1.0,1.0,1.0,1.0,shared
n14724,4,1.0,1.0,1.0,1.0,1.0,shared
n14725,4,1.0,1.0,1.0,1.0,1.0,shared
n14726,4,1.0,1.0,1.0,1.0,1.0,shared
n14727,4,1.0,1.0,1.0,1.0,1.0,shared
n14728,4,1.0,1.0,1.0,1.0,1.0,shared
n14729,3,0.75,1.0,1.0,1.0,0.9375,shared
n14730,3,0.75,1.0,1.0,1.0,0.9375,shared
n14731,3,0.75,1.0,1.0,1.0,0.9375,shared
n14732,4,1.0,1.0,1.0,1.0,1.0,shared
n14733,4,1.0,1.0,1.0,1.0,1.0,shared
n14734,4,1.0,1.0,1.0,1.0,1.0,shared
n14735,4,1.0,1.0,1.0,1.0,1.0,shared
n14736,3,0.75,1.0,1.0,1.0,0.9375,shared
n14737,4,1.0,1.0,1.0,1.0,1.0,shared
n14738,4,1.0,1.0,1.0,1.0,1.0,shared
n14739,4,1.0,0.48717948717948717,0.5128205128205128,1.0,0.75,shared
n14740,4,1.0,1.0,1.0,1.0,1.0,shared
n14741,4,1.0,1.0,1.0,1.0,1.0,shared
n14742,4,1.0,1.0,1.0,1.0,1.0,shared
n14743,4,1.0,1.0,1.0,1.0,1.0,shared
n14744,4,1.0,1.0,1.0,1.0,1.0,shared
n14745,3,0.75,1.0,1.0,1.0,0.9375,shared
n14746,4,1.0,1.0,1.0,1.0,1.0,shared
n14747,4,1.0,1.0,1.0,1.0,1.0,shared
n14748,3,0.75,1.0,1.0,1.0,0.9375,shared
n14749,4,1.0,1.0,1.0,1.0,1.0,shared
n14750,4,1.0,1.0,1.0,1.0,1.0,shared
n14751,4,1.0,1.0,1.0,1.0,1.0,shared
n14752,4,1.0,1.0,1.0,1.0,1.0,shared
n14753,4,1.0,1.0,1.0,1.0,1.0,shared
n14754,4,1.0,1.0,1.0,1.0,1.0,shared
n14755,4,1.0,1.0,1.0,1.0,1.0,shared
n14756,4,1.0,1.0,1.0,1.0,1.0,shared
n14757,3,0.75,1.0,1.0,1.0,0.9375,shared
n14758,4,1.0,1.0,1.0,1.0,1.0,shared
n14759,4,1.0,1.0,1.0,1.0,1.0,shared
n14760,4,1.0,1.0,1.0,1.0,1.0,shared
n14761,3,0.75,1.0,1.0,1.0,0.9375,shared
n14762,4,1.0,1.0,1.0,1.0,1.0,shared
n14763,4,1.0,1.0,1.0,1.0,1.0,shared
n14764,4,1.0,1.0,1.0,1.0,1.0,shared
n14765,4,1.0,1.0,1.0,1.0,1.0,shared
n14766,4,1.0,1.0,1.0,1.0,1.0,shared
n14767,4,1.0,1.0,1.0,1.0,1.0,shared
n14768,4,1.0,1.0,1.0,1.0,1.0,shared
n14769,4,1.0,1.0,1.0,1.0,1.0,shared
n14770,4,1.0,1.0,1.0,1.0,1.0,shared
n14771,4,1.0,1.0,1.0,1.0,1.0,shared
n14772,4,1.0,1.0,1.0,1.0,1.0,shared
n14773,4,1.0,1.0,1.0,1.0,1.0,shared
n14774,4,1.0,1.0,1.0,1.0,1.0,shared
n14775,3,0.75,1.0,1.0,1.0,0.9375,shared
n14776,4,1.0,1.0,1.0,1.0,1.0,shared
n14777,4,1.0,1.0,1.0,1.0,1.0,shared
n14778,4,1.0,1.0,1.0,1.0,1.0,shared
n14779,4,1.0,1.0,1.0,1.0,1.0,shared
n14780,4,1.0,1.0,1.0,1.0,1.0,shared
n14781,4,1.0,1.0,1.0,1.0,1.0,shared
n14782,3,0.75,1.0,1.0,1.0,0.9375,shared
n14783,3,0.75,1.0,1.0,1.0,0.9375,shared
n14784,4,1.0,1.0,1.0,1.0,1.0,shared
n14785,4,1.0,1.0,1.0,1.0,1.0,shared
n14786,4,1.0,1.0,1.0,1.0,1.0,shared
n14787,3,0.75,1.0,1.0,1.0,0.9375,shared
n14788,3,0.75,1.0,1.0,1.0,0.9375,shared
n14789,4,1.0,1.0,1.0,1.0,1.0,shared
n14790,4,1.0,1.0,1.0,1.0,1.0,shared
n14791,3,0.75,1.0,1.0,1.0,0.9375,shared
n14792,3,0.75,1.0,1.0,1.0,0.9375,shared
n14793,4,1.0,1.0,1.0,1.0,1.0,shared
n14794,4,1.0,1.0,1.0,1.0,1.0,shared
n14795,4,1.0,1.0,1.0,1.0,1.0,shared
n14796,4,1.0,1.0,1.0,1.0,1.0,shared
n14797,4,1.0,1.0,1.0,1.0,1.0,shared
n14798,4,1.0,1.0,1.0,1.0,1.0,shared
n14799,4,1.0,1.0,1.0,1.0,1.0,shared
n14800,4,1.0,1.0,1.0,1.0,1.0,shared
n14801,4,1.0,1.0,1.0,1.0,1.0,shared
n14802,3,0.75,1.0,1.0,1.0,0.9375,shared
n14803,4,1.0,1.0,1.0,1.0,1.0,shared
n14804,4,1.0,1.0,1.0,1.0,1.0,shared
n14805,4,1.0,1.0,1.0,1.0,1.0,shared
n14806,4,1.0,1.0,1.0,1.0,1.0,shared
n14807,3,0.75,1.0,1.0,1.0,0.9375,shared
n14808,3,0.75,1.0,1.0,1.0,0.9375,shared
n14809,4,1.0,1.0,1.0,1.0,1.0,shared
n14810,4,1.0,0.5,0.5,1.0,0.75,shared
n14811,3,0.75,1.0,1.0,1.0,0.9375,shared
n14812,4,1.0,1.0,1.0,1.0,1.0,shared
n14813,4,1.0,1.0,1.0,1.0,1.0,shared
n14814,4,1.0,1.0,1.0,1.0,1.0,shared
n14815,4,1.0,1.0,1.0,1.0,1.0,shared
n14816,4,1.0,1.0,1.0,1.0,1.0,shared
n14817,3,0.75,1.0,1.0,1.0,0.9375,shared
n14818,3,0.75,1.0,1.0,1.0,0.9375,shared
n14819,4,1.0,1.0,1.0,1.0,1.0,shared
n14820,3,0.75,1.0,1.0,1.0,0.9375,shared
n14821,4,1.0,1.0,1.0,1.0,1.0,shared
n14822,4,1.0,1.0,1.0,1.0,1.0,shared
n14823,4,1.0,1.0,1.0,1.0,1.0,shared
n14824,3,0.75,1.0,1.0,1.0,0.9375,shared
n14825,4,1.0,1.0,1.0,1.0,1.0,shared
n14826,4,1.0,1.0,1.0,1.0,1.0,shared
n14827,4,1.0,1.0,1.0,1.0,1.0,shared
n14828,4,1.0,1.0,1.0,1.0,1.0,shared
n14829,4,1.0,1.0,1.0,1.0,1.0,shared
n14830,4,1.0,1.0,1.0,1.0,1.0,shared
n14831,4,1.0,1.0,1.0,1.0,1.0,shared
n14832,4,1.0,1.0,1.0,1.0,1.0,shared
n14833,4,1.0,1.0,1.0,1.0,1.0,shared
n14834,4,1.0,1.0,1.0,1.0,1.0,shared
n14835,4,1.0,1.0,1.0,1.0,1.0,shared
n14836,3,0.75,1.0,1.0,1.0,0.9375,shared
n14837,3,0.75,1.0,1.0,1.0,0.9375,shared
n14838,4,1.0,1.0,1.0,1.0,1.0,shared
n14839,4,1.0,1.0,1.0,1.0,1.0,shared
n14840,4,1.0,1.0,1.0,1.0,1.0,shared
n14841,3,0.75,1.0,1.0,1.0,0.9375,shared
n14842,4,1.0,1.0,1.0,1.0,1.0,shared
n14843,4,1.0,1.0,1.0,1.0,1.0,shared
n14844,4,1.0,1.0,1.0,1.0,1.0,shared
n14845,4,1.0,1.0,1.0,1.0,1.0,shared
n14846,4,1.0,1.0,1.0,1.0,1.0,shared
n14847,4,1.0,1.0,1.0,1.0,1.0,shared
n14848,4,1.0,1.0,1.0,1.0,1.0,shared
n14849,3,0.75,1.0,1.0,1.0,0.9375,shared
n14850,3,0.75,1.0,1.0,1.0,0.9375,shared
n14851,4,1.0,1.0,1.0,1.0,1.0,shared
n14852,4,1.0,1.0,1.0,1.0,1.0,shared
n14853,4,1.0,1.0,1.0,1.0,1.0,shared
n14854,4,1.0,1.0,1.0,1.0,1.0,shared
n14855,4,1.0,1.0,1.0,1.0,1.0,shared
n14856,4,1.0,1.0,1.0,1.0,1.0,shared
n14857,4,1.0,1.0,1.0,1.0,1.0,shared
n14858,4,1.0,1.0,1.0,1.0,1.0,shared
n14859,4,1.0,1.0,1.0,1.0,1.0,shared
n14860,4,1.0,1.0,1.0,1.0,1.0,shared
n14861,4,1.0,1.0,1.0,1.0,1.0,shared
n14862,4,1.0,1.0,1.0,1.0,1.0,shared
n14863,4,1.0,1.0,1.0,1.0,1.0,shared
n14864,4,1.0,1.0,1.0,1.0,1.0,shared
n14865,4,1.0,1.0,1.0,1.0,1.0,shared
n14866,3,0.75,1.0,1.0,1.0,0.9375,shared
n14867,4,1.0,1.0,1.0,1.0,1.0,shared
n14868,4,1.0,1.0,1.0,1.0,1.0,shared
n14869,4,1.0,1.0,1.0,1.0,1.0,shared
n14870,4,1.0,1.0,1.0,1.0,1.0,shared
n14871,4,1.0,1.0,1.0,1.0,1.0,shared
n14872,4,1.0,1.0,1.0,1.0,1.0,shared
n14873,4,1.0,1.0,1.0,1.0,1.0,shared
n14874,4,1.0,1.0,1.0,1.0,1.0,shared
n14875,4,1.0,1.0,1.0,1.0,1.0,shared
n14876,4,1.0,1.0,1.0,1.0,1.0,shared
n14877,4,1.0,1.0,1.0,1.0,1.0,shared
n14878,4,1.0,1.0,1.0,1.0,1.0,shared
n14879,4,1.0,1.0,1.0,1.0,1.0,shared
n14880,4,1.0,1.0,1.0,1.0,1.0,shared
n14881,3,0.75,1.0,1.0,1.0,0.9375,shared
n14882,4,1.0,1.0,1.0,1.0,1.0,shared
n14883,3,0.75,1.0,1.0,1.0,0.9375,shared
n14884,4,1.0,1.0,1.0,1.0,1.0,shared
n14885,4,1.0,1.0,1.0,1.0,1.0,shared
n14886,4,1.0,1.0,1.0,1.0,1.0,shared
n14887,4,1.0,1.0,1.0,1.0,1.0,shared
n14888,4,1.0,1.0,1.0,1.0,1.0,shared
n14889,4,1.0,1.0,1.0,1.0,1.0,shared
n14890,4,1.0,1.0,1.0,1.0,1.0,shared
n14891,4,1.0,1.0,1.0,1.0,1.0,shared
n14892,3,0.75,1.0,1.0,1.0,0.9375,shared
n14893,4,1.0,1.0,1.0,1.0,1.0,shared
n14894,4,1.0,0.5,1.0,1.0,0.875,shared
n14895,4,1.0,1.0,1.0,1.0,1.0,shared
n14896,4,1.0,1.0,1.0,1.0,1.0,shared
n14897,3,0.75,1.0,1.0,1.0,0.9375,shared
n14898,4,1.0,1.0,1.0,1.0,1.0,shared
n14899,4,1.0,1.0,1.0,1.0,1.0,shared
n14900,4,1.0,1.0,1.0,1.0,1.0,shared
n14901,4,1.0,1.0,1.0,1.0,1.0,shared
n14902,3,0.75,1.0,1.0,1.0,0.9375,shared
n14903,3,0.75,1.0,1.0,1.0,0.9375,shared
n14904,3,0.75,1.0,1.0,1.0,0.9375,shared
n14905,4,1.0,1.0,1.0,1.0,1.0,shared
n14906,4,1.0,1.0,1.0,1.0,1.0,shared
n14907,4,1.0,1.0,1.0,1.0,1.0,shared
n14908,4,1.0,1.0,1.0,1.0,1.0,shared
n14909,4,1.0,1.0,1.0,1.0,1.0,shared
n14910,4,1.0,1.0,1.0,1.0,1.0,shared
n14911,4,1.0,1.0,1.0,1.0,1.0,shared
n14912,4,1.0,1.0,1.0,1.0,1.0,shared
n14913,3,0.75,1.0,1.0,1.0,0.9375,shared
n14914,3,0.75,1.0,1.0,1.0,0.9375,shared
n14915,3,0.75,1.0,1.0,1.0,0.9375,shared
n14916,4,1.0,1.0,1.0,1.0,1.0,shared
n14917,4,1.0,1.0,1.0,1.0,1.0,shared
n14918,4,1.0,1.0,1.0,1.0,1.0,shared
n14919,4,1.0,1.0,1.0,1.0,1.0,shared
n14920,4,1.0,1.0,1.0,1.0,1.0,shared
n14921,4,1.0,1.0,1.0,1.0,1.0,shared
n14922,4,1.0,1.0,1.0,1.0,1.0,shared
n14923,4,1.0,1.0,1.0,1.0,1.0,shared
n14924,3,0.75,1.0,1.0,1.0,0.9375,shared
n14925,4,1.0,1.0,1.0,1.0,1.0,shared
n14926,4,1.0,1.0,1.0,1.0,1.0,shared
n14927,4,1.0,1.0,1.0,1.0,1.0,shared
n14928,4,1.0,1.0,1.0,1.0,1.0,shared
n14929,4,1.0,1.0,1.0,1.0,1.0,shared
n14930,3,0.75,1.0,1.0,1.0,0.9375,shared
n14931,4,1.0,1.0,1.0,1.0,1.0,shared
n14932,3,0.75,1.0,1.0,1.0,0.9375,shared
n14933,4,1.0,1.0,1.0,1.0,1.0,shared
n14934,4,1.0,1.0,1.0,1.0,1.0,shared
n14935,4,1.0,1.0,1.0,1.0,1.0,shared
n14936,4,1.0,1.0,1.0,1.0,1.0,shared
n14937,4,1.0,1.0,1.0,1.0,1.0,shared
n14938,3,0.75,1.0,1.0,1.0,0.9375,shared
n14939,4,1.0,1.0,1.0,1.0,1.0,shared
n14940,4,1.0,1.0,1.0,1.0,1.0,shared
n14941,4,1.0,1.0,1.0,1.0,1.0,shared
n14942,4,1.0,1.0,1.0,1.0,1.0,shared
n14943,4,1.0,1.0,1.0,1.0,1.0,shared
n14944,3,0.75,1.0,1.0,1.0,0.9375,shared
n14945,3,0.75,1.0,1.0,1.0,0.9375,shared
n14946,3,0.75,1.0,1.0,1.0,0.9375,shared
n14947,4,1.0,1.0,1.0,1.0,1.0,shared
n14948,4,1.0,0.5,0.5,1.0,0.75,shared
n14949,4,1.0,0.5,0.5,1.0,0.75,shared
n14950,4,1.0,1.0,1.0,1.0,1.0,shared
n14951,3,0.75,1.0,1.0,1.0,0.9375,shared
n14952,4,1.0,1.0,1.0,1.0,1.0,shared
n14953,4,1.0,1.0,1.0,1.0,1.0,shared
n14954,4,1.0,1.0,1.0,1.0,1.0,shared
n14955,4,1.0,1.0,1.0,1.0,1.0,shared
n14956,4,1.0,1.0,1.0,1.0,1.0,shared
n14957,4,1.0,1.0,1.0,1.0,1.0,shared
n14958,3,0.75,1.0,1.0,1.0,0.9375,shared
n14959,3,0.75,1.0,1.0,1.0,0.9375,shared
n14960,3,0.75,1.0,1.0,1.0,0.9375,shared
n14961,4,1.0,1.0,1.0,1.0,1.0,shared
n14962,4,1.0,1.0,1.0,1.0,1.0,shared
n14963,3,0.75,1.0,1.0,1.0,0.9375,shared
n14964,4,1.0,1.0,1.0,1.0,1.0,shared
n14965,3,0.75,1.0,1.0,1.0,0.9375,shared
n14966,4,1.0,1.0,1.0,1.0,1.0,shared
n14967,4,1.0,1.0,1.0,1.0,1.0,shared
n14968,4,1.0,1.0,1.0,1.0,1.0,shared
n14969,4,1.0,1.0,1.0,1.0,1.0,shared
n14970,3,0.75,1.0,1.0,1.0,0.9375,shared
n14971,4,1.0,1.0,1.0,1.0,1.0,shared
n14972,4,1.0,1.0,1.0,1.0,1.0,shared
n14973,4,1.0,1.0,1.0,1.0,1.0,shared
n14974,3,0.75,1.0,1.0,1.0,0.9375,shared
n14975,3,0.75,0.5,0.5,1.0,0.6875,shared
n14976,4,1.0,1.0,1.0,1.0,1.0,shared
n14977,4,1.0,1.0,1.0,1.0,1.0,shared
n14978,4,1.0,1.0,1.0,1.0,1.0,shared
n14979,4,1.0,1.0,1.0,1.0,1.0,shared
n14980,3,0.75,1.0,1.0,1.0,0.9375,shared
n14981,3,0.75,1.0,1.0,1.0,0.9375,shared
n14982,3,0.75,1.0,1.0,1.0,0.9375,shared
n14983,3,0.75,1.0,1.0,1.0,0.9375,shared
n14984,4,1.0,1.0,1.0,1.0,1.0,shared
n14985,4,1.0,1.0,1.0,1.0,1.0,shared
n14986,3,0.75,1.0,1.0,1.0,0.9375,shared
n14987,3,0.75,1.0,1.0,1.0,0.9375,shared
n14988,4,1.0,1.0,1.0,1.0,1.0,shared
n14989,3,0.75,1.0,1.0,1.0,0.9375,shared
n14990,4,1.0,1.0,1.0,1.0,1.0,shared
n14991,4,1.0,1.0,1.0,1.0,1.0,shared
n14992,3,0.75,1.0,1.0,1.0,0.9375,shared
n14993,3,0.75,1.0,1.0,1.0,0.9375,shared
n14994,3,0.75,1.0,1.0,1.0,0.9375,shared
n14995,4,1.0,1.0,1.0,1.0,1.0,shared
n14996,3,0.75,1.0,1.0,1.0,0.9375,shared
n14997,3,0.75,1.0,1.0,1.0,0.9375,shared
n14998,3,0.75,1.0,1.0,1.0,0.9375,shared
n14999,4,1.0,1.0,1.0,1.0,1.0,shared
n15000,3,0.75,1.0,1.0,1.0,0.9375,shared
n15001,4,1.0,1.0,1.0,1.0,1.0,shared
n15002,4,1.0,1.0,1.0,1.0,1.0,shared
n15003,4,1.0,1.0,1.0,1.0,1.0,shared
n15004,4,1.0,1.0,1.0,1.0,1.0,shared
n15005,4,1.0,1.0,1.0,1.0,1.0,shared
n15006,4,1.0,1.0,1.0,1.0,1.0,shared
n15007,3,0.75,1.0,1.0,1.0,0.9375,shared
n15008,4,1.0,1.0,1.0,1.0,1.0,shared
n15009,4,1.0,1.0,1.0,1.0,1.0,shared
n15010,3,0.75,0.5,1.0,1.0,0.8125,shared
n15011,4,1.0,1.0,1.0,1.0,1.0,shared
n15012,4,1.0,1.0,1.0,1.0,1.0,shared
n15013,4,1.0,1.0,1.0,1.0,1.0,shared
n15014,4,1.0,1.0,1.0,1.0,1.0,shared
n15015,4,1.0,1.0,1.0,1.0,1.0,shared
n15016,4,1.0,1.0,1.0,1.0,1.0,shared
n15017,4,1.0,1.0,1.0,1.0,1.0,shared
n15018,4,1.0,1.0,1.0,1.0,1.0,shared
n15019,4,1.0,1.0,1.0,1.0,1.0,shared
n15020,4,1.0,1.0,1.0,1.0,1.0,shared
n15021,4,1.0,1.0,1.0,1.0,1.0,shared
n15022,4,1.0,1.0,1.0,1.0,1.0,shared
n15023,4,1.0,1.0,1.0,1.0,1.0,shared
n15024,4,1.0,1.0,1.0,1.0,1.0,shared
n15025,4,1.0,1.0,1.0,1.0,1.0,shared
n15026,3,0.75,0.5,0.5,1.0,0.6875,shared
n15027,3,0.75,1.0,1.0,1.0,0.9375,shared
n15028,4,1.0,1.0,1.0,1.0,1.0,shared
n15029,4,1.0,1.0,1.0,1.0,1.0,shared
n15030,4,1.0,1.0,1.0,1.0,1.0,shared
n15031,4,1.0,1.0,1.0,1.0,1.0,shared
n15032,4,1.0,1.0,1.0,1.0,1.0,shared
n15033,3,0.75,1.0,1.0,1.0,0.9375,shared
n15034,4,1.0,1.0,1.0,1.0,1.0,shared
n15035,4,1.0,1.0,1.0,1.0,1.0,shared
n15036,4,1.0,1.0,1.0,1.0,1.0,shared
n15037,4,1.0,1.0,1.0,1.0,1.0,shared
n15038,4,1.0,1.0,1.0,1.0,1.0,shared
n15039,3,0.75,1.0,1.0,1.0,0.9375,shared
n15040,4,1.0,1.0,1.0,1.0,1.0,shared
n15041,4,1.0,1.0,1.0,1.0,1.0,shared
n15042,4,1.0,1.0,1.0,1.0,1.0,shared
n15043,3,0.75,1.0,1.0,1.0,0.9375,shared
n15044,4,1.0,1.0,1.0,1.0,1.0,shared
n15045,4,1.0,1.0,1.0,1.0,1.0,shared
n15046,4,1.0,1.0,1.0,1.0,1.0,shared
n15047,3,0.75,1.0,1.0,1.0,0.9375,shared
n15048,4,1.0,1.0,1.0,1.0,1.0,shared
n15049,4,1.0,1.0,1.0,1.0,1.0,shared
n15050,4,1.0,1.0,1.0,1.0,1.0,shared
n15051,4,1.0,1.0,1.0,1.0,1.0,shared
n15052,4,1.0,1.0,1.0,1.0,1.0,shared
n15053,4,1.0,1.0,1.0,1.0,1.0,shared
n15054,3,0.75,1.0,1.0,1.0,0.9375,shared
n15055,4,1.0,1.0,1.0,1.0,1.0,shared
n15056,3,0.75,1.0,1.0,1.0,0.9375,shared
n15057,4,1.0,1.0,1.0,1.0,1.0,shared
n15058,4,1.0,1.0,1.0,1.0,1.0,shared
n15059,4,1.0,1.0,1.0,1.0,1.0,shared
n15060,4,1.0,1.0,1.0,1.0,1.0,shared
n15061,3,0.75,1.0,1.0,1.0,0.9375,shared
n15062,3,0.75,1.0,1.0,1.0,0.9375,shared
n15063,3,0.75,1.0,1.0,1.0,0.9375,shared
n15064,3,0.75,1.0,1.0,1.0,0.9375,shared
n15065,4,1.0,1.0,1.0,1.0,1.0,shared
n15066,4,1.0,1.0,1.0,1.0,1.0,shared
n15067,3,0.75,1.0,1.0,1.0,0.9375,shared
n15068,4,1.0,1.0,1.0,1.0,1.0,shared
n15069,4,1.0,1.0,1.0,1.0,1.0,shared
n15070,4,1.0,1.0,1.0,1.0,1.0,shared
n15071,4,1.0,1.0,1.0,1.0,1.0,shared
n15072,4,1.0,1.0,1.0,1.0,1.0,shared
n15073,4,1.0,1.0,1.0,1.0,1.0,shared
n15074,3,0.75,1.0,1.0,1.0,0.9375,shared
n15075,4,1.0,1.0,1.0,1.0,1.0,shared
n15076,4,1.0,0.6666666666666666,0.3333333333333333,1.0,0.75,shared
n15077,4,1.0,1.0,1.0,1.0,1.0,shared
n15078,3,0.75,1.0,1.0,1.0,0.9375,shared
n15079,4,1.0,1.0,1.0,1.0,1.0,shared
n15080,4,1.0,1.0,1.0,1.0,1.0,shared
n15081,4,1.0,1.0,1.0,1.0,1.0,shared
n15082,3,0.75,1.0,1.0,1.0,0.9375,shared
n15083,4,1.0,1.0,1.0,1.0,1.0,shared
n15084,4,1.0,1.0,1.0,1.0,1.0,shared
n15085,4,1.0,1.0,1.0,1.0,1.0,shared
n15086,4,1.0,1.0,1.0,1.0,1.0,shared
n15087,4,1.0,1.0,1.0,1.0,1.0,shared
n15088,3,0.75,1.0,1.0,1.0,0.9375,shared
n15089,4,1.0,1.0,1.0,1.0,1.0,shared
n15090,4,1.0,1.0,1.0,1.0,1.0,shared
n15091,4,1.0,1.0,1.0,1.0,1.0,shared
n15092,3,0.75,1.0,1.0,1.0,0.9375,shared
n15093,4,1.0,1.0,1.0,1.0,1.0,shared
n15094,4,1.0,1.0,1.0,1.0,1.0,shared
n15095,4,1.0,1.0,1.0,1.0,1.0,shared
n15096,4,1.0,1.0,1.0,1.0,1.0,shared
n15097,4,1.0,0.5,0.5,1.0,0.75,shared
n15098,4,1.0,1.0,1.0,1.0,1.0,shared
n15099,4,1.0,1.0,1.0,1.0,1.0,shared
n15100,4,1.0,1.0,1.0,1.0,1.0,shared
n15101,4,1.0,1.0,1.0,1.0,1.0,shared
n15102,4,1.0,1.0,1.0,1.0,1.0,shared
n15103,4,1.0,1.0,1.0,1.0,1.0,shared
n15104,4,1.0,1.0,1.0,1.0,1.0,shared
n15105,4,1.0,1.0,1.0,1.0,1.0,shared
n15106,4,1.0,1.0,1.0,1.0,1.0,shared
n15107,4,1.0,1.0,1.0,1.0,1.0,shared
n15108,3,0.75,1.0,1.0,1.0,0.9375,shared
n15109,4,1.0,1.0,1.0,1.0,1.0,shared
n15110,3,0.75,1.0,1.0,1.0,0.9375,shared
n15111,4,1.0,1.0,1.0,1.0,1.0,shared
n15112,4,1.0,1.0,1.0,1.0,1.0,shared
n15113,4,1.0,1.0,1.0,1.0,1.0,shared
n15114,4,1.0,1.0,1.0,1.0,1.0,shared
n15115,3,0.75,1.0,1.0,1.0,0.9375,shared
n15116,4,1.0,1.0,1.0,1.0,1.0,shared
n15117,4,1.0,1.0,1.0,1.0,1.0,shared
n15118,4,1.0,1.0,1.0,1.0,1.0,shared
n15119,4,1.0,1.0,1.0,1.0,1.0,shared
n15120,4,1.0,1.0,1.0,1.0,1.0,shared
n15121,3,0.75,1.0,1.0,1.0,0.9375,shared
n15122,4,1.0,1.0,1.0,1.0,1.0,shared
n15123,4,1.0,1.0,1.0,1.0,1.0,shared
n15124,4,1.0,1.0,1.0,1.0,1.0,shared
n15125,3,0.75,1.0,1.0,1.0,0.9375,shared
n15126,3,0.75,1.0,1.0,1.0,0.9375,shared
n15127,4,1.0,1.0,1.0,1.0,1.0,shared
n15128,4,1.0,1.0,1.0,1.0,1.0,shared
n15129,4,1.0,1.0,1.0,1.0,1.0,shared
n15130,4,1.0,1.0,1.0,1.0,1.0,shared
n15131,4,1.0,1.0,1.0,1.0,1.0,shared
n15132,4,1.0,1.0,1.0,1.0,1.0,shared
n15133,3,0.75,1.0,1.0,1.0,0.9375,shared
n15134,4,1.0,1.0,1.0,1.0,1.0,shared
n15135,4,1.0,1.0,1.0,1.0,1.0,shared
n15136,4,1.0,1.0,1.0,1.0,1.0,shared
n15137,3,0.75,1.0,1.0,1.0,0.9375,shared
n15138,4,1.0,1.0,1.0,1.0,1.0,shared
n15139,3,0.75,1.0,1.0,1.0,0.9375,shared
n15140,4,1.0,1.0,1.0,1.0,1.0,shared
n15141,4,1.0,1.0,1.0,1.0,1.0,shared
n15142,4,1.0,1.0,1.0,1.0,1.0,shared
n15143,3,0.75,1.0,1.0,1.0,0.9375,shared
n15144,4,1.0,1.0,1.0,1.0,1.0,shared
n15145,4,1.0,1.0,1.0,1.0,1.0,shared
n15146,3,0.75,1.0,1.0,1.0,0.9375,shared
n15147,4,1.0,1.0,1.0,1.0,1.0,shared
n15148,4,1.0,1.0,1.0,1.0,1.0,shared
n15149,3,0.75,1.0,1.0,1.0,0.9375,shared
n15150,4,1.0,1.0,1.0,1.0,1.0,shared
n15151,4,1.0,1.0,1.0,1.0,1.0,shared
n15152,3,0.75,1.0,1.0,1.0,0.9375,shared
n15153,4,1.0,1.0,1.0,1.0,1.0,shared
n15154,3,0.75,1.0,1.0,1.0,0.9375,shared
n15155,4,1.0,1.0,1.0,1.0,1.0,shared
n15156,4,1.0,1.0,1.0,1.0,1.0,shared
n15157,3,0.75,1.0,1.0,1.0,0.9375,shared
n15158,4,1.0,1.0,1.0,1.0,1.0,shared
n15159,4,1.0,1.0,1.0,1.0,1.0,shared
n15160,3,0.75,1.0,1.0,1.0,0.9375,shared
n15161,4,1.0,1.0,1.0,1.0,1.0,shared
n15162,4,1.0,1.0,1.0,1.0,1.0,shared
n15163,3,0.75,1.0,1.0,1.0,0.9375,shared
n15164,4,1.0,1.0,1.0,1.0,1.0,shared
n15165,3,0.75,1.0,1.0,1.0,0.9375,shared
n15166,4,1.0,1.0,1.0,1.0,1.0,shared
n15167,4,1.0,1.0,1.0,1.0,1.0,shared
n15168,4,1.0,1.0,1.0,1.0,1.0,shared
n15169,4,1.0,1.0,1.0,1.0,1.0,shared
n15170,4,1.0,1.0,1.0,1.0,1.0,shared
n15171,4,1.0,1.0,1.0,1.0,1.0,shared
n15172,4,1.0,1.0,1.0,1.0,1.0,shared
n15173,3,0.75,1.0,1.0,1.0,0.9375,shared
n15174,4,1.0,1.0,1.0,1.0,1.0,shared
n15175,4,1.0,1.0,1.0,1.0,1.0,shared
n15176,4,1.0,1.0,1.0,1.0,1.0,shared
n15177,4,1.0,1.0,1.0,1.0,1.0,shared
n15178,4,1.0,1.0,1.0,1.0,1.0,shared
n15179,4,1.0,1.0,1.0,1.0,1.0,shared
n15180,4,1.0,1.0,1.0,1.0,1.0,shared
n15181,3,0.75,1.0,1.0,1.0,0.9375,shared
n15182,4,1.0,1.0,1.0,1.0,1.0,shared
n15183,3,0.75,1.0,1.0,1.0,0.9375,shared
n15184,3,0.75,1.0,1.0,1.0,0.9375,shared
n15185,4,1.0,1.0,1.0,1.0,1.0,shared
n15186,3,0.75,1.0,1.0,1.0,0.9375,shared
n15187,4,1.0,1.0,1.0,1.0,1.0,shared
n15188,3,0.75,1.0,1.0,1.0,0.9375,shared
n15189,4,1.0,1.0,1.0,1.0,1.0,shared
n15190,4,1.0,1.0,1.0,1.0,1.0,shared
n15191,4,1.0,1.0,1.0,1.0,1.0,shared
n15192,3,0.75,1.0,1.0,1.0,0.9375,shared
n15193,3,0.75,1.0,1.0,1.0,0.9375,shared
n15194,4,1.0,1.0,1.0,1.0,1.0,shared
n15195,4,1.0,1.0,1.0,1.0,1.0,shared
n15196,4,1.0,1.0,1.0,1.0,1.0,shared
n15197,4,1.0,1.0,1.0,1.0,1.0,shared
n15198,4,1.0,1.0,1.0,1.0,1.0,shared
n15199,4,1.0,1.0,1.0,1.0,1.0,shared
n15200,4,1.0,1.0,1.0,1.0,1.0,shared
n15201,4,1.0,1.0,1.0,1.0,1.0,shared
n15202,4,1.0,1.0,1.0,1.0,1.0,shared
n15203,3,0.75,1.0,1.0,1.0,0.9375,shared
n15204,4,1.0,1.0,1.0,1.0,1.0,shared
n15205,3,0.75,1.0,1.0,1.0,0.9375,shared
n15206,3,0.75,1.0,1.0,1.0,0.9375,shared
n15207,3,0.75,1.0,1.0,1.0,0.9375,shared
n15208,4,1.0,1.0,1.0,1.0,1.0,shared
n15209,3,0.75,1.0,1.0,1.0,0.9375,shared
n15210,4,1.0,1.0,1.0,1.0,1.0,shared
n15211,4,1.0,1.0,1.0,1.0,1.0,shared
n15212,4,1.0,1.0,1.0,1.0,1.0,shared
n15213,4,1.0,1.0,1.0,1.0,1.0,shared
n15214,4,1.0,1.0,1.0,1.0,1.0,shared
n15215,4,1.0,1.0,1.0,1.0,1.0,shared
n15216,4,1.0,1.0,1.0,1.0,1.0,shared
n15217,3,0.75,1.0,1.0,1.0,0.9375,shared
n15218,4,1.0,1.0,1.0,1.0,1.0,shared
n15219,4,1.0,1.0,1.0,1.0,1.0,shared
n15220,3,0.75,1.0,1.0,1.0,0.9375,shared
n15221,4,1.0,1.0,1.0,1.0,1.0,shared
n15222,4,1.0,1.0,1.0,1.0,1.0,shared
n15223,4,1.0,1.0,1.0,1.0,1.0,shared
n15224,4,1.0,1.0,1.0,1.0,1.0,shared
n15225,4,1.0,1.0,1.0,1.0,1.0,shared
n15226,4,1.0,1.0,1.0,1.0,1.0,shared
n15227,4,1.0,1.0,1.0,1.0,1.0,shared
n15228,4,1.0,1.0,1.0,1.0,1.0,shared
n15229,4,1.0,1.0,1.0,1.0,1.0,shared
n15230,4,1.0,1.0,1.0,1.0,1.0,shared
n15231,4,1.0,1.0,1.0,1.0,1.0,shared
n15232,4,1.0,1.0,1.0,1.0,1.0,shared
n15233,4,1.0,1.0,1.0,1.0,1.0,shared
n15234,3,0.75,1.0,1.0,1.0,0.9375,shared
n15235,4,1.0,1.0,1.0,1.0,1.0,shared
n15236,4,1.0,1.0,1.0,1.0,1.0,shared
n15237,4,1.0,1.0,1.0,1.0,1.0,shared
n15238,4,1.0,1.0,1.0,1.0,1.0,shared
n15239,4,1.0,1.0,1.0,1.0,1.0,shared
n15240,4,1.0,1.0,1.0,1.0,1.0,shared
n15241,4,1.0,1.0,1.0,1.0,1.0,shared
n15242,3,0.75,1.0,1.0,1.0,0.9375,shared
n15243,4,1.0,1.0,1.0,1.0,1.0,shared
n15244,3,0.75,1.0,1.0,1.0,0.9375,shared
n15245,4,1.0,1.0,1.0,1.0,1.0,shared
n15246,4,1.0,0.5,0.5,1.0,0.75,shared
n15247,4,1.0,1.0,1.0,1.0,1.0,shared
n15248,4,1.0,1.0,1.0,1.0,1.0,shared
n15249,4,1.0,1.0,1.0,1.0,1.0,shared
n15250,4,1.0,1.0,1.0,1.0,1.0,shared
n15251,3,0.75,1.0,1.0,1.0,0.9375,shared
n15252,4,1.0,1.0,1.0,1.0,1.0,shared
n15253,4,1.0,1.0,1.0,1.0,1.0,shared
n15254,3,0.75,1.0,1.0,1.0,0.9375,shared
n15255,4,1.0,1.0,1.0,1.0,1.0,shared
n15256,4,1.0,1.0,1.0,1.0,1.0,shared
n15257,3,0.75,1.0,1.0,1.0,0.9375,shared
n15258,4,1.0,1.0,1.0,1.0,1.0,shared
n15259,4,1.0,1.0,1.0,1.0,1.0,shared
n15260,3,0.75,1.0,1.0,1.0,0.9375,shared
n15261,4,1.0,1.0,1.0,1.0,1.0,shared
n15262,3,0.75,1.0,1.0,1.0,0.9375,shared
n15263,4,1.0,1.0,1.0,1.0,1.0,shared
n15264,4,1.0,1.0,1.0,1.0,1.0,shared
n15265,4,1.0,1.0,1.0,1.0,1.0,shared
n15266,4,1.0,1.0,1.0,1.0,1.0,shared
n15267,4,1.0,1.0,1.0,1.0,1.0,shared
n15268,4,1.0,1.0,1.0,1.0,1.0,shared
n15269,3,0.75,1.0,1.0,1.0,0.9375,shared
n15270,3,0.75,1.0,1.0,1.0,0.9375,shared
n15271,4,1.0,1.0,1.0,1.0,1.0,shared
n15272,4,1.0,1.0,1.0,1.0,1.0,shared
n15273,4,1.0,1.0,1.0,1.0,1.0,shared
n15274,3,0.75,1.0,1.0,1.0,0.9375,shared
n15275,4,1.0,1.0,1.0,1.0,1.0,shared
n15276,4,1.0,1.0,1.0,1.0,1.0,shared
n15277,4,1.0,1.0,1.0,1.0,1.0,shared
n15278,3,0.75,1.0,1.0,1.0,0.9375,shared
n15279,4,1.0,1.0,1.0,1.0,1.0,shared
n15280,4,1.0,1.0,1.0,1.0,1.0,shared
n15281,4,1.0,1.0,1.0,1.0,1.0,shared
n15282,4,1.0,1.0,1.0,1.0,1.0,shared
n15283,4,1.0,1.0,1.0,1.0,1.0,shared
n15284,4,1.0,1.0,1.0,1.0,1.0,shared
n15285,4,1.0,1.0,1.0,1.0,1.0,shared
n15286,3,0.75,1.0,1.0,1.0,0.9375,shared
n15287,3,0.75,1.0,1.0,1.0,0.9375,shared
n15288,4,1.0,1.0,1.0,1.0,1.0,shared
n15289,4,1.0,1.0,1.0,1.0,1.0,shared
n15290,4,1.0,1.0,1.0,1.0,1.0,shared
n15291,4,1.0,1.0,1.0,1.0,1.0,shared
n15292,4,1.0,1.0,1.0,1.0,1.0,shared
n15293,3,0.75,1.0,1.0,1.0,0.9375,shared
n15294,4,1.0,1.0,1.0,1.0,1.0,shared
n15295,4,1.0,1.0,1.0,1.0,1.0,shared
n15296,3,0.75,1.0,1.0,1.0,0.9375,shared
n15297,3,0.75,1.0,1.0,1.0,0.9375,shared
n15298,4,1.0,1.0,1.0,1.0,1.0,shared
n15299,3,0.75,1.0,1.0,1.0,0.9375,shared
n15300,4,1.0,1.0,1.0,1.0,1.0,shared
n15301,4,1.0,1.0,1.0,1.0,1.0,shared
n15302,3,0.75,1.0,1.0,1.0,0.9375,shared
n15303,4,1.0,1.0,1.0,1.0,1.0,shared
n15304,4,1.0,1.0,1.0,1.0,1.0,shared
n15305,4,1.0,1.0,1.0,1.0,1.0,shared
n15306,3,0.75,1.0,1.0,1.0,0.9375,shared
n15307,4,1.0,1.0,1.0,1.0,1.0,shared
n15308,4,1.0,0.5,0.5,1.0,0.75,shared
n15309,4,1.0,1.0,1.0,1.0,1.0,shared
n15310,4,1.0,1.0,1.0,1.0,1.0,shared
n15311,4,1.0,1.0,1.0,1.0,1.0,shared
n15312,3,0.75,1.0,1.0,1.0,0.9375,shared
n15313,4,1.0,1.0,1.0,1.0,1.0,shared
n15314,3,0.75,1.0,1.0,1.0,0.9375,shared
n15315,4,1.0,1.0,1.0,1.0,1.0,shared
n15316,4,1.0,1.0,1.0,1.0,1.0,shared
n15317,3,0.75,1.0,1.0,1.0,0.9375,shared
n15318,4,1.0,1.0,1.0,1.0,1.0,shared
n15319,4,1.0,1.0,1.0,1.0,1.0,shared
n15320,4,1.0,1.0,1.0,1.0,1.0,shared
n15321,3,0.75,1.0,1.0,1.0,0.9375,shared
n15322,4,1.0,1.0,1.0,1.0,1.0,shared
n15323,4,1.0,0.5714285714285714,0.5714285714285714,1.0,0.7857142857142857,shared
n15324,3,0.75,1.0,1.0,1.0,0.9375,shared
n15325,3,0.75,1.0,1.0,1.0,0.9375,shared
n15326,4,1.0,1.0,1.0,1.0,1.0,shared
n15327,4,1.0,1.0,1.0,1.0,1.0,shared
n15328,3,0.75,1.0,1.0,1.0,0.9375,shared
n15329,4,1.0,1.0,1.0,1.0,1.0,shared
n15330,4,1.0,1.0,1.0,1.0,1.0,shared
n15331,3,0.75,1.0,1.0,1.0,0.9375,shared
n15332,4,1.0,1.0,1.0,1.0,1.0,shared
n15333,4,1.0,1.0,1.0,1.0,1.0,shared
n15334,4,1.0,1.0,1.0,1.0,1.0,shared
n15335,4,1.0,1.0,1.0,1.0,1.0,shared
n15336,4,1.0,1.0,1.0,1.0,1.0,shared
n15337,3,0.75,1.0,1.0,1.0,0.9375,shared
n15338,4,1.0,1.0,1.0,1.0,1.0,shared
n15339,4,1.0,1.0,1.0,1.0,1.0,shared
n15340,3,0.75,1.0,1.0,1.0,0.9375,shared
n15341,4,1.0,1.0,1.0,1.0,1.0,shared
n15342,4,1.0,1.0,1.0,1.0,1.0,shared
n15343,4,1.0,1.0,1.0,1.0,1.0,shared
n15344,3,0.75,1.0,1.0,1.0,0.9375,shared
n15345,4,1.0,1.0,1.0,1.0,1.0,shared
n15346,4,1.0,1.0,1.0,1.0,1.0,shared
n15347,4,1.0,1.0,1.0,1.0,1.0,shared
n15348,3,0.75,1.0,1.0,1.0,0.9375,shared
n15349,4,1.0,1.0,1.0,1.0,1.0,shared
n15350,4,1.0,1.0,1.0,1.0,1.0,shared
n15351,3,0.75,1.0,1.0,1.0,0.9375,shared
n15352,3,0.75,1.0,1.0,1.0,0.9375,shared
n15353,4,1.0,1.0,1.0,1.0,1.0,shared
n15354,3,0.75,1.0,1.0,1.0,0.9375,shared
n15355,3,0.75,1.0,1.0,1.0,0.9375,shared
n15356,4,1.0,1.0,1.0,1.0,1.0,shared
n15357,4,1.0,1.0,1.0,1.0,1.0,shared
n15358,4,1.0,1.0,1.0,1.0,1.0,shared
n15359,3,0.75,1.0,1.0,1.0,0.9375,shared
n15360,4,1.0,1.0,1.0,1.0,1.0,shared
n15361,4,1.0,1.0,1.0,1.0,1.0,shared
n15362,4,1.0,1.0,1.0,1.0,1.0,shared
n15363,4,1.0,1.0,1.0,1.0,1.0,shared
n15364,4,1.0,1.0,1.0,1.0,1.0,shared
n15365,3,0.75,1.0,1.0,1.0,0.9375,shared
n15366,4,1.0,1.0,1.0,1.0,1.0,shared
n15367,4,1.0,1.0,1.0,1.0,1.0,shared
n15368,3,0.75,1.0,1.0,1.0,0.9375,shared
n15369,3,0.75,1.0,1.0,1.0,0.9375,shared
n15370,4,1.0,1.0,1.0,1.0,1.0,shared
n15371,4,1.0,1.0,1.0,1.0,1.0,shared
n15372,4,1.0,1.0,1.0,1.0,1.0,shared
n15373,3,0.75,1.0,1.0,1.0,0.9375,shared
n15374,4,1.0,1.0,1.0,1.0,1.0,shared
n15375,4,1.0,1.0,1.0,1.0,1.0,shared
n15376,4,1.0,1.0,1.0,1.0,1.0,shared
n15377,3,0.75,1.0,1.0,1.0,0.9375,shared
n15378,4,1.0,1.0,1.0,1.0,1.0,shared
n15379,4,1.0,1.0,1.0,1.0,1.0,shared
n15380,4,1.0,1.0,1.0,1.0,1.0,shared
n15381,4,1.0,1.0,1.0,1.0,1.0,shared
n15382,4,1.0,1.0,1.0,1.0,1.0,shared
n15383,4,1.0,1.0,1.0,1.0,1.0,shared
n15384,4,1.0,1.0,1.0,1.0,1.0,shared
n15385,4,1.0,1.0,1.0,1.0,1.0,shared
n15386,4,1.0,1.0,1.0,1.0,1.0,shared
n15387,3,0.75,1.0,1.0,1.0,0.9375,shared
n15388,4,1.0,1.0,1.0,1.0,1.0,shared
n15389,4,1.0,1.0,1.0,1.0,1.0,shared
n15390,4,1.0,1.0,1.0,1.0,1.0,shared
n15391,4,1.0,1.0,1.0,1.0,1.0,shared
n15392,4,1.0,1.0,1.0,1.0,1.0,shared
n15393,4,1.0,1.0,1.0,1.0,1.0,shared
n15394,3,0.75,1.0,1.0,1.0,0.9375,shared
n15395,4,1.0,1.0,1.0,1.0,1.0,shared
n15396,4,1.0,1.0,1.0,1.0,1.0,shared
n15397,4,1.0,1.0,1.0,1.0,1.0,shared
n15398,4,1.0,1.0,1.0,1.0,1.0,shared
n15399,4,1.0,1.0,1.0,1.0,1.0,shared
n15400,4,1.0,1.0,1.0,1.0,1.0,shared
n15401,3,0.75,1.0,1.0,1.0,0.9375,shared
n15402,4,1.0,1.0,1.0,1.0,1.0,shared
n15403,3,0.75,1.0,1.0,1.0,0.9375,shared
n15404,4,1.0,1.0,1.0,1.0,1.0,shared
n15405,3,0.75,1.0,1.0,1.0,0.9375,shared
n15406,3,0.75,1.0,1.0,1.0,0.9375,shared
n15407,4,1.0,1.0,1.0,1.0,1.0,shared
n15408,4,1.0,1.0,1.0,1.0,1.0,shared
n15409,3,0.75,1.0,1.0,1.0,0.9375,shared
n15410,4,1.0,1.0,1.0,1.0,1.0,shared
n15411,4,1.0,1.0,1.0,1.0,1.0,shared
n15412,4,1.0,1.0,1.0,1.0,1.0,shared
n15413,4,1.0,1.0,1.0,1.0,1.0,shared
n15414,4,1.0,1.0,1.0,1.0,1.0,shared
n15415,4,1.0,1.0,1.0,1.0,1.0,shared
n15416,4,1.0,1.0,1.0,1.0,1.0,shared
n15417,4,1.0,1.0,1.0,1.0,1.0,shared
n15418,4,1.0,1.0,1.0,1.0,1.0,shared
n15419,4,1.0,1.0,1.0,1.0,1.0,shared
n15420,4,1.0,0.5,0.75,1.0,0.8125,shared
n15421,4,1.0,1.0,1.0,1.0,1.0,shared
n15422,4,1.0,1.0,1.0,1.0,1.0,shared
n15423,4,1.0,1.0,1.0,1.0,1.0,shared
n15424,4,1.0,1.0,1.0,1.0,1.0,shared
n15425,4,1.0,1.0,1.0,1.0,1.0,shared
n15426,4,1.0,1.0,1.0,1.0,1.0,shared
n15427,4,1.0,1.0,1.0,1.0,1.0,shared
n15428,4,1.0,1.0,1.0,1.0,1.0,shared
n15429,4,1.0,1.0,1.0,1.0,1.0,shared
n15430,3,0.75,1.0,1.0,1.0,0.9375,shared
n15431,4,1.0,1.0,1.0,1.0,1.0,shared
n15432,4,1.0,1.0,1.0,1.0,1.0,shared
n15433,3,0.75,1.0,1.0,1.0,0.9375,shared
n15434,4,1.0,1.0,1.0,1.0,1.0,shared
n15435,4,1.0,1.0,1.0,1.0,1.0,shared
n15436,3,0.75,1.0,1.0,1.0,0.9375,shared
n15437,4,1.0,1.0,1.0,1.0,1.0,shared
n15438,4,1.0,1.0,1.0,1.0,1.0,shared
n15439,4,1.0,1.0,1.0,1.0,1.0,shared
n15440,3,0.75,1.0,1.0,1.0,0.9375,shared
n15441,4,1.0,1.0,1.0,1.0,1.0,shared
n15442,4,1.0,1.0,1.0,1.0,1.0,shared
n15443,4,1.0,1.0,1.0,1.0,1.0,shared
n15444,4,1.0,1.0,1.0,1.0,1.0,shared
n15445,3,0.75,1.0,1.0,1.0,0.9375,shared
n15446,4,1.0,1.0,1.0,1.0,1.0,shared
n15447,3,0.75,1.0,1.0,1.0,0.9375,shared
n15448,4,1.0,1.0,1.0,1.0,1.0,shared
n15449,4,1.0,1.0,1.0,1.0,1.0,shared
n15450,4,1.0,1.0,1.0,1.0,1.0,shared
n15451,4,1.0,1.0,1.0,1.0,1.0,shared
n15452,4,1.0,1.0,1.0,1.0,1.0,shared
n15453,4,1.0,1.0,1.0,1.0,1.0,shared
n15454,4,1.0,1.0,1.0,1.0,1.0,shared
n15455,3,0.75,1.0,1.0,1.0,0.9375,shared
n15456,3,0.75,1.0,1.0,1.0,0.9375,shared
n15457,3,0.75,1.0,1.0,1.0,0.9375,shared
n15458,4,1.0,1.0,1.0,1.0,1.0,shared
n15459,4,1.0,1.0,1.0,1.0,1.0,shared
n15460,4,1.0,1.0,1.0,1.0,1.0,shared
n15461,4,1.0,1.0,1.0,1.0,1.0,shared
n15462,4,1.0,1.0,0.5,1.0,0.875,shared
n15463,4,1.0,1.0,1.0,1.0,1.0,shared
n15464,4,1.0,1.0,1.0,1.0,1.0,shared
n15465,4,1.0,1.0,1.0,1.0,1.0,shared
n15466,3,0.75,1.0,1.0,1.0,0.9375,shared
n15467,4,1.0,1.0,1.0,1.0,1.0,shared
n15468,4,1.0,1.0,1.0,1.0,1.0,shared
n15469,3,0.75,1.0,1.0,1.0,0.9375,shared
n15470,3,0.75,1.0,1.0,1.0,0.9375,shared
n15471,4,1.0,1.0,1.0,1.0,1.0,shared
n15472,3,0.75,1.0,1.0,1.0,0.9375,shared
n15473,4,1.0,0.5,0.5,1.0,0.75,shared
n15474,3,0.75,1.0,1.0,1.0,0.9375,shared
n15475,4,1.0,1.0,1.0,1.0,1.0,shared
n15476,4,1.0,1.0,1.0,1.0,1.0,shared
n15477,4,1.0,1.0,1.0,1.0,1.0,shared
n15478,3,0.75,1.0,1.0,1.0,0.9375,shared
n15479,4,1.0,1.0,1.0,1.0,1.0,shared
n15480,3,0.75,1.0,1.0,1.0,0.9375,shared
n15481,3,0.75,1.0,1.0,1.0,0.9375,shared
n15482,3,0.75,1.0,1.0,1.0,0.9375,shared
n15483,3,0.75,1.0,1.0,1.0,0.9375,shared
n15484,3,0.75,1.0,1.0,1.0,0.9375,shared
n15485,3,0.75,1.0,1.0,1.0,0.9375,shared
n15486,3,0.75,1.0,1.0,1.0,0.9375,shared
n15487,4,1.0,1.0,1.0,1.0,1.0,shared
n15488,4,1.0,1.0,1.0,1.0,1.0,shared
n15489,4,1.0,1.0,1.0,1.0,1.0,shared
n15490,3,0.75,1.0,1.0,1.0,0.9375,shared
n15491,4,1.0,1.0,1.0,1.0,1.0,shared
n15492,4,1.0,1.0,1.0,1.0,1.0,shared
n15493,3,0.75,1.0,1.0,1.0,0.9375,shared
n15494,4,1.0,1.0,1.0,1.0,1.0,shared
n15495,3,0.75,1.0,1.0,1.0,0.9375,shared
n15496,3,0.75,0.5,1.0,1.0,0.8125,shared
n15497,4,1.0,1.0,1.0,1.0,1.0,shared
n15498,3,0.75,1.0,1.0,1.0,0.9375,shared
n15499,4,1.0,1.0,1.0,1.0,1.0,shared
n15500,4,1.0,1.0,1.0,1.0,1.0,shared
n15501,4,1.0,1.0,1.0,1.0,1.0,shared
n15502,4,1.0,1.0,1.0,1.0,1.0,shared
n15503,4,1.0,1.0,1.0,1.0,1.0,shared
n15504,4,1.0,1.0,1.0,1.0,1.0,shared
n15505,4,1.0,1.0,1.0,1.0,1.0,shared
n15506,4,1.0,1.0,1.0,1.0,1.0,shared
n15507,3,0.75,1.0,1.0,1.0,0.9375,shared
n15508,4,1.0,1.0,1.0,1.0,1.0,shared
n15509,4,1.0,1.0,1.0,1.0,1.0,shared
n15510,4,1.0,1.0,1.0,1.0,1.0,shared
n15511,4,1.0,1.0,1.0,1.0,1.0,shared
n15512,4,1.0,1.0,1.0,1.0,1.0,shared
n15513,3,0.75,1.0,1.0,1.0,0.9375,shared
n15514,3,0.75,1.0,1.0,1.0,0.9375,shared
n15515,4,1.0,1.0,1.0,1.0,1.0,shared
n15516,4,1.0,1.0,1.0,1.0,1.0,shared
n15517,4,1.0,1.0,1.0,1.0,1.0,shared
n15518,4,1.0,1.0,1.0,1.0,1.0,shared
n15519,3,0.75,1.0,1.0,1.0,0.9375,shared
n15520,4,1.0,1.0,1.0,1.0,1.0,shared
n15521,4,1.0,1.0,1.0,1.0,1.0,shared
n15522,4,1.0,1.0,1.0,1.0,1.0,shared
n15523,4,1.0,1.0,1.0,1.0,1.0,shared
n15524,3,0.75,1.0,1.0,1.0,0.9375,shared
n15525,3,0.75,1.0,1.0,1.0,0.9375,shared
n15526,4,1.0,1.0,1.0,1.0,1.0,shared
n15527,4,1.0,1.0,1.0,1.0,1.0,shared
n15528,4,1.0,1.0,1.0,1.0,1.0,shared
n15529,4,1.0,1.0,1.0,1.0,1.0,shared
n15530,4,1.0,1.0,1.0,1.0,1.0,shared
n15531,4,1.0,1.0,1.0,1.0,1.0,shared
n15532,3,0.75,1.0,1.0,1.0,0.9375,shared
n15533,4,1.0,1.0,1.0,1.0,1.0,shared
n15534,3,0.75,1.0,1.0,1.0,0.9375,shared
n15535,4,1.0,1.0,1.0,1.0,1.0,shared
n15536,4,1.0,1.0,1.0,1.0,1.0,shared
n15537,4,1.0,1.0,1.0,1.0,1.0,shared
n15538,4,1.0,1.0,1.0,1.0,1.0,shared
n15539,3,0.75,1.0,1.0,1.0,0.9375,shared
n15540,4,1.0,1.0,1.0,1.0,1.0,shared
n15541,4,1.0,1.0,1.0,1.0,1.0,shared
n15542,3,0.75,1.0,1.0,1.0,0.9375,shared
n15543,4,1.0,0.5714285714285714,0.5714285714285714,1.0,0.7857142857142857,shared
n15544,4,1.0,1.0,1.0,1.0,1.0,shared
n15545,4,1.0,1.0,1.0,1.0,1.0,shared
n15546,4,1.0,1.0,1.0,1.0,1.0,shared
n15547,4,1.0,1.0,1.0,1.0,1.0,shared
n15548,4,1.0,1.0,1.0,1.0,1.0,shared
n15549,3,0.75,1.0,1.0,1.0,0.9375,shared
n15550,4,1.0,1.0,1.0,1.0,1.0,shared
n15551,4,1.0,1.0,1.0,1.0,1.0,shared
n15552,3,0.75,1.0,1.0,1.0,0.9375,shared
n15553,4,1.0,1.0,1.0,1.0,1.0,shared
n15554,4,1.0,1.0,1.0,1.0,1.0,shared
n15555,4,1.0,1.0,1.0,1.0,1.0,shared
n15556,4,1.0,1.0,1.0,1.0,1.0,shared
n15557,4,1.0,1.0,1.0,1.0,1.0,shared
n15558,4,1.0,1.0,1.0,1.0,1.0,shared
n15559,3,0.75,1.0,1.0,1.0,0.9375,shared
n15560,3,0.75,1.0,1.0,1.0,0.9375,shared
n15561,4,1.0,1.0,1.0,1.0,1.0,shared
n15562,4,1.0,1.0,1.0,1.0,1.0,shared
n15563,4,1.0,1.0,1.0,1.0,1.0,shared
n15564,4,1.0,1.0,1.0,1.0,1.0,shared
n15565,3,0.75,1.0,1.0,1.0,0.9375,shared
n15566,3,0.75,1.0,1.0,1.0,0.9375,shared
n15567,4,1.0,1.0,1.0,1.0,1.0,shared
n15568,4,1.0,0.5714285714285714,0.5714285714285714,1.0,0.7857142857142857,shared
n15569,4,1.0,1.0,1.0,1.0,1.0,shared
n15570,4,1.0,1.0,1.0,1.0,1.0,shared
n15571,4,1.0,1.0,1.0,1.0,1.0,shared
n15572,4,1.0,1.0,1.0,1.0,1.0,shared
n15573,4,1.0,1.0,1.0,1.0,1.0,shared
n15574,3,0.75,1.0,1.0,1.0,0.9375,shared
n15575,4,1.0,0.5,1.0,1.0,0.875,shared
n15576,4,1.0,1.0,1.0,1.0,1.0,shared
n15577,4,1.0,1.0,1.0,1.0,1.0,shared
n15578,4,1.0,1.0,1.0,1.0,1.0,shared
n15579,3,0.75,1.0,1.0,1.0,0.9375,shared
n15580,4,1.0,1.0,1.0,1.0,1.0,shared
n15581,3,0.75,1.0,1.0,1.0,0.9375,shared
n15582,4,1.0,1.0,1.0,1.0,1.0,shared
n15583,3,0.75,1.0,1.0,1.0,0.9375,shared
n15584,4,1.0,1.0,1.0,1.0,1.0,shared
n15585,4,1.0,1.0,1.0,1.0,1.0,shared
n15586,4,1.0,1.0,1.0,1.0,1.0,shared
n15587,4,1.0,1.0,1.0,1.0,1.0,shared
n15588,4,1.0,1.0,1.0,1.0,1.0,shared
n15589,3,0.75,1.0,1.0,1.0,0.9375,shared
n15590,4,1.0,1.0,1.0,1.0,1.0,shared
n15591,3,0.75,1.0,1.0,1.0,0.9375,shared
n15592,4,1.0,0.5,1.0,1.0,0.875,shared
n15593,4,1.0,1.0,1.0,1.0,1.0,shared
n15594,4,1.0,1.0,1.0,1.0,1.0,shared
n15595,4,1.0,1.0,1.0,1.0,1.0,shared
n15596,4,1.0,1.0,1.0,1.0,1.0,shared
n15597,3,0.75,1.0,1.0,1.0,0.9375,shared
n15598,4,1.0,1.0,1.0,1.0,1.0,shared
n15599,3,0.75,1.0,1.0,1.0,0.9375,shared
n15600,4,1.0,1.0,1.0,1.0,1.0,shared
n15601,4,1.0,1.0,1.0,1.0,1.0,shared
n15602,4,1.0,1.0,1.0,1.0,1.0,shared
n15603,4,1.0,1.0,1.0,1.0,1.0,shared
n15604,4,1.0,1.0,1.0,1.0,1.0,shared
n15605,4,1.0,1.0,1.0,1.0,1.0,shared
n15606,4,1.0,1.0,1.0,1.0,1.0,shared
n15607,4,1.0,1.0,1.0,1.0,1.0,shared
n15608,3,0.75,1.0,1.0,1.0,0.9375,shared
n15609,4,1.0,1.0,1.0,1.0,1.0,shared
n15610,4,1.0,1.0,1.0,1.0,1.0,shared
n15611,4,1.0,1.0,1.0,1.0,1.0,shared
n15612,4,1.0,1.0,1.0,1.0,1.0,shared
n15613,3,0.75,1.0,1.0,1.0,0.9375,shared
n15614,4,1.0,1.0,1.0,1.0,1.0,shared
n15615,4,1.0,1.0,1.0,1.0,1.0,shared
n15616,4,1.0,1.0,1.0,1.0,1.0,shared
n15617,4,1.0,1.0,1.0,1.0,1.0,shared
n15618,4,1.0,1.0,1.0,1.0,1.0,shared
n15619,4,1.0,1.0,1.0,1.0,1.0,shared
n15620,3,0.75,1.0,1.0,1.0,0.9375,shared
n15621,4,1.0,1.0,1.0,1.0,1.0,shared
n15622,4,1.0,1.0,1.0,1.0,1.0,shared
n15623,4,1.0,1.0,1.0,1.0,1.0,shared
n15624,4,1.0,1.0,1.0,1.0,1.0,shared
n15625,4,1.0,1.0,1.0,1.0,1.0,shared
n15626,4,1.0,1.0,1.0,1.0,1.0,shared
n15627,4,1.0,1.0,1.0,1.0,1.0,shared
n15628,4,1.0,1.0,1.0,1.0,1.0,shared
n15629,4,1.0,1.0,1.0,1.0,1.0,shared
n15630,4,1.0,1.0,1.0,1.0,1.0,shared
n15631,4,1.0,1.0,1.0,1.0,1.0,shared
n15632,4,1.0,1.0,1.0,1.0,1.0,shared
n15633,4,1.0,1.0,1.0,1.0,1.0,shared
n15634,4,1.0,1.0,1.0,1.0,1.0,shared
n15635,3,0.75,1.0,1.0,1.0,0.9375,shared
n15636,4,1.0,1.0,1.0,1.0,1.0,shared
n15637,4,1.0,0.5,0.5,1.0,0.75,shared
n15638,3,0.75,1.0,1.0,1.0,0.9375,shared
n15639,4,1.0,1.0,1.0,1.0,1.0,shared
n15640,4,1.0,1.0,1.0,1.0,1.0,shared
n15641,4,1.0,1.0,1.0,1.0,1.0,shared
n15642,4,1.0,1.0,1.0,1.0,1.0,shared
n15643,4,1.0,1.0,1.0,1.0,1.0,shared
n15644,4,1.0,1.0,1.0,1.0,1.0,shared
n15645,4,1.0,1.0,1.0,1.0,1.0,shared
n15646,3,0.75,1.0,1.0,1.0,0.9375,shared
n15647,4,1.0,1.0,1.0,1.0,1.0,shared
n15648,3,0.75,1.0,1.0,1.0,0.9375,shared
n15649,4,1.0,1.0,1.0,1.0,1.0,shared
n15650,4,1.0,1.0,1.0,1.0,1.0,shared
n15651,4,1.0,1.0,1.0,1.0,1.0,shared
n15652,4,1.0,1.0,1.0,1.0,1.0,shared
n15653,4,1.0,1.0,1.0,1.0,1.0,shared
n15654,4,1.0,1.0,1.0,1.0,1.0,shared
n15655,3,0.75,1.0,1.0,1.0,0.9375,shared
n15656,4,1.0,1.0,1.0,1.0,1.0,shared
n15657,4,1.0,1.0,1.0,1.0,1.0,shared
n15658,4,1.0,1.0,1.0,1.0,1.0,shared
n15659,4,1.0,1.0,1.0,1.0,1.0,shared
n15660,4,1.0,1.0,1.0,1.0,1.0,shared
n15661,4,1.0,1.0,1.0,1.0,1.0,shared
n15662,4,1.0,1.0,1.0,1.0,1.0,shared
n15663,4,1.0,1.0,1.0,1.0,1.0,shared
n15664,4,1.0,1.0,1.0,1.0,1.0,shared
n15665,4,1.0,1.0,1.0,1.0,1.0,shared
n15666,3,0.75,1.0,1.0,1.0,0.9375,shared
n15667,4,1.0,1.0,1.0,1.0,1.0,shared
n15668,3,0.75,1.0,1.0,1.0,0.9375,shared
n15669,4,1.0,1.0,1.0,1.0,1.0,shared
n15670,4,1.0,1.0,1.0,1.0,1.0,shared
n15671,4,1.0,1.0,1.0,1.0,1.0,shared
n15672,4,1.0,1.0,1.0,1.0,1.0,shared
n15673,4,1.0,1.0,1.0,1.0,1.0,shared
n15674,3,0.75,1.0,1.0,1.0,0.9375,shared
n15675,4,1.0,1.0,1.0,1.0,1.0,shared
n15676,4,1.0,1.0,1.0,1.0,1.0,shared
n15677,4,1.0,1.0,1.0,1.0,1.0,shared
n15678,4,1.0,1.0,1.0,1.0,1.0,shared
n15679,4,1.0,1.0,1.0,1.0,1.0,shared
n15680,3,0.75,1.0,1.0,1.0,0.9375,shared
n15681,4,1.0,1.0,1.0,1.0,1.0,shared
n15682,4,1.0,1.0,1.0,1.0,1.0,shared
n15683,3,0.75,1.0,1.0,1.0,0.9375,shared
n15684,4,1.0,0.5333333333333333,0.7333333333333333,1.0,0.8166666666666667,shared
n15685,3,0.75,1.0,1.0,1.0,0.9375,shared
n15686,4,1.0,1.0,1.0,1.0,1.0,shared
n15687,4,1.0,1.0,1.0,1.0,1.0,shared
n15688,4,1.0,1.0,1.0,1.0,1.0,shared
n15689,4,1.0,1.0,1.0,1.0,1.0,shared
n15690,4,1.0,1.0,1.0,1.0,1.0,shared
n15691,4,1.0,1.0,1.0,1.0,1.0,shared
n15692,4,1.0,1.0,1.0,1.0,1.0,shared
n15693,4,1.0,1.0,1.0,1.0,1.0,shared
n15694,4,1.0,1.0,1.0,1.0,1.0,shared
n15695,4,1.0,1.0,1.0,1.0,1.0,shared
n15696,4,1.0,1.0,1.0,1.0,1.0,shared
n15697,4,1.0,1.0,1.0,1.0,1.0,shared
n15698,3,0.75,1.0,1.0,1.0,0.9375,shared
n15699,3,0.75,1.0,1.0,1.0,0.9375,shared
n15700,4,1.0,1.0,1.0,1.0,1.0,shared
n15701,4,1.0,1.0,1.0,1.0,1.0,shared
n15702,4,1.0,1.0,1.0,1.0,1.0,shared
n15703,4,1.0,1.0,1.0,1.0,1.0,shared
n15704,4,1.0,1.0,1.0,1.0,1.0,shared
n15705,4,1.0,1.0,1.0,1.0,1.0,shared
n15706,3,0.75,1.0,1.0,1.0,0.9375,shared
n15707,3,0.75,1.0,1.0,1.0,0.9375,shared
n15708,3,0.75,1.0,1.0,1.0,0.9375,shared
n15709,3,0.75,1.0,1.0,1.0,0.9375,shared
n15710,4,1.0,1.0,1.0,1.0,1.0,shared
n15711,4,1.0,1.0,1.0,1.0,1.0,shared
n15712,4,1.0,1.0,1.0,1.0,1.0,shared
n15713,4,1.0,1.0,1.0,1.0,1.0,shared
n15714,4,1.0,1.0,1.0,1.0,1.0,shared
n15715,4,1.0,1.0,1.0,1.0,1.0,shared
n15716,3,0.75,1.0,1.0,1.0,0.9375,shared
n15717,4,1.0,1.0,1.0,1.0,1.0,shared
n15718,4,1.0,1.0,1.0,1.0,1.0,shared
n15719,4,1.0,1.0,1.0,1.0,1.0,shared
n15720,4,1.0,1.0,1.0,1.0,1.0,shared
n15721,4,1.0,1.0,1.0,1.0,1.0,shared
n15722,4,1.0,1.0,1.0,1.0,1.0,shared
n15723,4,1.0,1.0,1.0,1.0,1.0,shared
n15724,4,1.0,1.0,1.0,1.0,1.0,shared
n15725,4,1.0,1.0,1.0,1.0,1.0,shared
n15726,4,1.0,1.0,1.0,1.0,1.0,shared
n15727,3,0.75,1.0,1.0,1.0,0.9375,shared
n15728,3,0.75,1.0,1.0,1.0,0.9375,shared
n15729,4,1.0,1.0,1.0,1.0,1.0,shared
n15730,4,1.0,1.0,1.0,1.0,1.0,shared
n15731,3,0.75,1.0,1.0,1.0,0.9375,shared
n15732,4,1.0,1.0,1.0,1.0,1.0,shared
n15733,4,1.0,1.0,1.0,1.0,1.0,shared
n15734,4,1.0,1.0,1.0,1.0,1.0,shared
n15735,4,1.0,1.0,1.0,1.0,1.0,shared
n15736,4,1.0,1.0,1.0,1.0,1.0,shared
n15737,4,1.0,0.5,0.5,1.0,0.75,shared
n15738,4,1.0,1.0,1.0,1.0,1.0,shared
n15739,4,1.0,1.0,1.0,1.0,1.0,shared
n15740,4,1.0,1.0,1.0,1.0,1.0,shared
n15741,3,0.75,1.0,1.0,1.0,0.9375,shared
n15742,4,1.0,1.0,1.0,1.0,1.0,shared
n15743,4,1.0,1.0,1.0,1.0,1.0,shared
n15744,4,1.0,1.0,1.0,1.0,1.0,shared
n15745,4,1.0,1.0,1.0,1.0,1.0,shared
n15746,4,1.0,0.5,0.5,1.0,0.75,shared
n15747,4,1.0,1.0,1.0,1.0,1.0,shared
n15748,4,1.0,1.0,1.0,1.0,1.0,shared
n15749,4,1.0,1.0,1.0,1.0,1.0,shared
n15750,4,1.0,1.0,1.0,1.0,1.0,shared
n15751,4,1.0,1.0,1.0,1.0,1.0,shared
n15752,4,1.0,1.0,1.0,1.0,1.0,shared
n15753,4,1.0,1.0,1.0,1.0,1.0,shared
n15754,4,1.0,1.0,1.0,1.0,1.0,shared
n15755,4,1.0,1.0,1.0,1.0,1.0,shared
n15756,3,0.75,1.0,1.0,1.0,0.9375,shared
n15757,4,1.0,1.0,1.0,1.0,1.0,shared
n15758,4,1.0,1.0,1.0,1.0,1.0,shared
n15759,3,0.75,1.0,1.0,1.0,0.9375,shared
n15760,4,1.0,1.0,1.0,1.0,1.0,shared
n15761,4,1.0,1.0,1.0,1.0,1.0,shared
n15762,3,0.75,1.0,1.0,1.0,0.9375,shared
n15763,4,1.0,1.0,1.0,1.0,1.0,shared
n15764,4,1.0,1.0,1.0,1.0,1.0,shared
n15765,4,1.0,1.0,1.0,1.0,1.0,shared
n15766,3,0.75,1.0,1.0,1.0,0.9375,shared
n15767,4,1.0,1.0,1.0,1.0,1.0,shared
n15768,3,0.75,1.0,1.0,1.0,0.9375,shared
n15769,4,1.0,1.0,1.0,1.0,1.0,shared
n15770,4,1.0,1.0,1.0,1.0,1.0,shared
n15771,4,1.0,1.0,1.0,1.0,1.0,shared
n15772,4,1.0,1.0,1.0,1.0,1.0,shared
n15773,4,1.0,1.0,1.0,1.0,1.0,shared
n15774,3,0.75,1.0,1.0,1.0,0.9375,shared
n15775,4,1.0,0.7857142857142857,1.0,1.0,0.9464285714285714,shared
n15776,3,0.75,1.0,1.0,1.0,0.9375,shared
n15777,4,1.0,1.0,1.0,1.0,1.0,shared
n15778,3,0.75,1.0,1.0,1.0,0.9375,shared
n15779,4,1.0,1.0,1.0,1.0,1.0,shared
n15780,4,1.0,1.0,1.0,1.0,1.0,shared
n15781,4,1.0,1.0,1.0,1.0,1.0,shared
n15782,4,1.0,1.0,1.0,1.0,1.0,shared
n15783,4,1.0,1.0,1.0,1.0,1.0,shared
n15784,3,0.75,1.0,1.0,1.0,0.9375,shared
n15785,4,1.0,1.0,1.0,1.0,1.0,shared
n15786,4,1.0,1.0,1.0,1.0,1.0,shared
n15787,4,1.0,1.0,1.0,1.0,1.0,shared
n15788,4,1.0,1.0,1.0,1.0,1.0,shared
n15789,4,1.0,1.0,1.0,1.0,1.0,shared
n15790,4,1.0,1.0,1.0,1.0,1.0,shared
n15791,4,1.0,1.0,1.0,1.0,1.0,shared
n15792,3,0.75,1.0,1.0,1.0,0.9375,shared
n15793,4,1.0,1.0,1.0,1.0,1.0,shared
n15794,3,0.75,1.0,1.0,1.0,0.9375,shared
n15795,3,0.75,1.0,1.0,1.0,0.9375,shared
n15796,3,0.75,1.0,1.0,1.0,0.9375,shared
n15797,4,1.0,1.0,1.0,1.0,1.0,shared
n15798,4,1.0,1.0,1.0,1.0,1.0,shared
n15799,4,1.0,1.0,1.0,1.0,1.0,shared
n15800,4,1.0,1.0,1.0,1.0,1.0,shared
n15801,3,0.75,1.0,1.0,1.0,0.9375,shared
n15802,4,1.0,1.0,1.0,1.0,1.0,shared
n15803,4,1.0,1.0,1.0,1.0,1.0,shared
n15804,4,1.0,1.0,1.0,1.0,1.0,shared
n15805,4,1.0,1.0,1.0,1.0,1.0,shared
n15806,4,1.0,1.0,1.0,1.0,1.0,shared
n15807,4,1.0,1.0,1.0,1.0,1.0,shared
n15808,4,1.0,1.0,1.0,1.0,1.0,shared
n15809,4,1.0,1.0,1.0,1.0,1.0,shared
n15810,4,1.0,1.0,1.0,1.0,1.0,shared
n15811,3,0.75,1.0,1.0,1.0,0.9375,shared
n15812,4,1.0,1.0,1.0,1.0,1.0,shared
n15813,4,1.0,1.0,1.0,1.0,1.0,shared
n15814,4,1.0,1.0,1.0,1.0,1.0,shared
n15815,4,1.0,1.0,1.0,1.0,1.0,shared
n15816,4,1.0,1.0,1.0,1.0,1.0,shared
n15817,3,0.75,1.0,1.0,1.0,0.9375,shared
n15818,3,0.75,1.0,1.0,1.0,0.9375,shared
n15819,4,1.0,1.0,1.0,1.0,1.0,shared
n15820,4,1.0,1.0,1.0,1.0,1.0,shared
n15821,4,1.0,1.0,1.0,1.0,1.0,shared
n15822,4,1.0,1.0,1.0,1.0,1.0,shared
n15823,4,1.0,1.0,1.0,1.0,1.0,shared
n15824,4,1.0,1.0,1.0,1.0,1.0,shared
n15825,4,1.0,1.0,1.0,1.0,1.0,shared
n15826,3,0.75,1.0,1.0,1.0,0.9375,shared
n15827,4,1.0,1.0,1.0,1.0,1.0,shared
n15828,4,1.0,1.0,1.0,1.0,1.0,shared
n15829,4,1.0,1.0,1.0,1.0,1.0,shared
n15830,3,0.75,1.0,1.0,1.0,0.9375,shared
n15831,3,0.75,1.0,1.0,1.0,0.9375,shared
n15832,4,1.0,1.0,1.0,1.0,1.0,shared
n15833,3,0.75,1.0,1.0,1.0,0.9375,shared
n15834,3,0.75,1.0,1.0,1.0,0.9375,shared
n15835,4,1.0,1.0,1.0,1.0,1.0,shared
n15836,4,1.0,1.0,1.0,1.0,1.0,shared
n15837,4,1.0,1.0,1.0,1.0,1.0,shared
n15838,4,1.0,1.0,1.0,1.0,1.0,shared
n15839,4,1.0,1.0,1.0,1.0,1.0,shared
n15840,4,1.0,1.0,1.0,1.0,1.0,shared
n15841,4,1.0,1.0,1.0,1.0,1.0,shared
n15842,3,0.75,1.0,1.0,1.0,0.9375,shared
n15843,4,1.0,1.0,1.0,1.0,1.0,shared
n15844,4,1.0,1.0,1.0,1.0,1.0,shared
n15845,4,1.0,1.0,1.0,1.0,1.0,shared
n15846,4,1.0,1.0,1.0,1.0,1.0,shared
n15847,4,1.0,1.0,1.0,1.0,1.0,shared
n15848,4,1.0,1.0,1.0,1.0,1.0,shared
n15849,4,1.0,1.0,1.0,1.0,1.0,shared
n15850,4,1.0,1.0,1.0,1.0,1.0,shared
n15851,4,1.0,1.0,1.0,1.0,1.0,shared
n15852,4,1.0,1.0,1.0,1.0,1.0,shared
n15853,4,1.0,1.0,1.0,1.0,1.0,shared
n15854,4,1.0,1.0,1.0,1.0,1.0,shared
n15855,4,1.0,1.0,1.0,1.0,1.0,shared
n15856,3,0.75,1.0,1.0,1.0,0.9375,shared
n15857,3,0.75,1.0,1.0,1.0,0.9375,shared
n15858,4,1.0,0.7333333333333333,1.0,1.0,0.9333333333333333,shared
n15859,4,1.0,1.0,1.0,1.0,1.0,shared
n15860,3,0.75,1.0,1.0,1.0,0.9375,shared
n15861,4,1.0,1.0,1.0,1.0,1.0,shared
n15862,3,0.75,1.0,1.0,1.0,0.9375,shared
n15863,4,1.0,1.0,1.0,1.0,1.0,shared
n15864,3,0.75,1.0,1.0,1.0,0.9375,shared
n15865,4,1.0,1.0,1.0,1.0,1.0,shared
n15866,4,1.0,1.0,1.0,1.0,1.0,shared
n15867,4,1.0,1.0,1.0,1.0,1.0,shared
n15868,3,0.75,1.0,1.0,1.0,0.9375,shared
n15869,4,1.0,1.0,1.0,1.0,1.0,shared
n15870,4,1.0,1.0,1.0,1.0,1.0,shared
n15871,4,1.0,1.0,1.0,1.0,1.0,shared
n15872,4,1.0,1.0,1.0,1.0,1.0,shared
n15873,4,1.0,1.0,1.0,1.0,1.0,shared
n15874,4,1.0,1.0,1.0,1.0,1.0,shared
n15875,4,1.0,1.0,1.0,1.0,1.0,shared
n15876,4,1.0,1.0,1.0,1.0,1.0,shared
n15877,4,1.0,1.0,1.0,1.0,1.0,shared
n15878,4,1.0,1.0,1.0,1.0,1.0,shared
n15879,4,1.0,1.0,1.0,1.0,1.0,shared
n15880,4,1.0,1.0,1.0,1.0,1.0,shared
n15881,4,1.0,1.0,1.0,1.0,1.0,shared
n15882,4,1.0,1.0,1.0,1.0,1.0,shared
n15883,4,1.0,1.0,1.0,1.0,1.0,shared
n15884,4,1.0,1.0,1.0,1.0,1.0,shared
n15885,4,1.0,1.0,1.0,1.0,1.0,shared
n15886,4,1.0,1.0,1.0,1.0,1.0,shared
n15887,4,1.0,1.0,1.0,1.0,1.0,shared
n15888,3,0.75,1.0,1.0,1.0,0.9375,shared
n15889,4,1.0,1.0,1.0,1.0,1.0,shared
n15890,4,1.0,1.0,1.0,1.0,1.0,shared
n15891,3,0.75,1.0,1.0,1.0,0.9375,shared
n15892,4,1.0,1.0,1.0,1.0,1.0,shared
n15893,4,1.0,1.0,1.0,1.0,1.0,shared
n15894,4,1.0,1.0,1.0,1.0,1.0,shared
n15895,4,1.0,1.0,1.0,1.0,1.0,shared
n15896,4,1.0,1.0,1.0,1.0,1.0,shared
n15897,4,1.0,1.0,1.0,1.0,1.0,shared
n15898,4,1.0,1.0,1.0,1.0,1.0,shared
n15899,3,0.75,1.0,1.0,1.0,0.9375,shared
n15900,4,1.0,1.0,1.0,1.0,1.0,shared
n15901,4,1.0,1.0,1.0,1.0,1.0,shared
n15902,4,1.0,1.0,1.0,1.0,1.0,shared
n15903,3,0.75,1.0,1.0,1.0,0.9375,shared
n15904,4,1.0,1.0,1.0,1.0,1.0,shared
n15905,3,0.75,1.0,1.0,1.0,0.9375,shared
n15906,3,0.75,1.0,1.0,1.0,0.9375,shared
n15907,4,1.0,1.0,1.0,1.0,1.0,shared
n15908,4,1.0,1.0,1.0,1.0,1.0,shared
n15909,4,1.0,1.0,1.0,1.0,1.0,shared
n15910,3,0.75,1.0,1.0,1.0,0.9375,shared
n15911,4,1.0,1.0,1.0,1.0,1.0,shared
n15912,4,1.0,1.0,1.0,1.0,1.0,shared
n15913,4,1.0,1.0,1.0,1.0,1.0,shared
n15914,4,1.0,1.0,1.0,1.0,1.0,shared
n15915,4,1.0,1.0,1.0,1.0,1.0,shared
n15916,4,1.0,1.0,1.0,1.0,1.0,shared
n15917,4,1.0,1.0,1.0,1.0,1.0,shared
n15918,4,1.0,1.0,1.0,1.0,1.0,shared
n15919,3,0.75,1.0,1.0,1.0,0.9375,shared
n15920,3,0.75,1.0,1.0,1.0,0.9375,shared
n15921,4,1.0,1.0,1.0,1.0,1.0,shared
n15922,4,1.0,1.0,1.0,1.0,1.0,shared
n15923,4,1.0,1.0,1.0,1.0,1.0,shared
n15924,4,1.0,1.0,1.0,1.0,1.0,shared
n15925,3,0.75,1.0,1.0,1.0,0.9375,shared
n15926,4,1.0,1.0,1.0,1.0,1.0,shared
n15927,4,1.0,1.0,1.0,1.0,1.0,shared
n15928,4,1.0,1.0,0.5,1.0,0.875,shared
n15929,3,0.75,1.0,1.0,1.0,0.9375,shared
n15930,4,1.0,1.0,1.0,1.0,1.0,shared
n15931,3,0.75,1.0,1.0,1.0,0.9375,shared
n15932,4,1.0,1.0,1.0,1.0,1.0,shared
n15933,3,0.75,1.0,1.0,1.0,0.9375,shared
n15934,4,1.0,1.0,1.0,1.0,1.0,shared
n15935,3,0.75,1.0,1.0,1.0,0.9375,shared
n15936,4,1.0,1.0,1.0,1.0,1.0,shared
n15937,4,1.0,1.0,1.0,1.0,1.0,shared
n15938,4,1.0,1.0,1.0,1.0,1.0,shared
n15939,4,1.0,1.0,1.0,1.0,1.0,shared
n15940,4,1.0,1.0,1.0,1.0,1.0,shared
n15941,4,1.0,1.0,1.0,1.0,1.0,shared
n15942,4,1.0,1.0,1.0,1.0,1.0,shared
n15943,4,1.0,1.0,1.0,1.0,1.0,shared
n15944,4,1.0,1.0,1.0,1.0,1.0,shared
n15945,4,1.0,1.0,1.0,1.0,1.0,shared
n15946,4,1.0,1.0,1.0,1.0,1.0,shared
n15947,4,1.0,1.0,1.0,1.0,1.0,shared
n15948,3,0.75,1.0,1.0,1.0,0.9375,shared
n15949,4,1.0,1.0,1.0,1.0,1.0,shared
n15950,4,1.0,1.0,1.0,1.0,1.0,shared
n15951,4,1.0,1.0,1.0,1.0,1.0,shared
n15952,4,1.0,1.0,1.0,1.0,1.0,shared
n15953,4,1.0,1.0,1.0,1.0,1.0,shared
n15954,4,1.0,1.0,1.0,1.0,1.0,shared
n15955,4,1.0,1.0,1.0,1.0,1.0,shared
n15956,3,0.75,1.0,1.0,1.0,0.9375,shared
n15957,3,0.75,1.0,1.0,1.0,0.9375,shared
n15958,4,1.0,1.0,1.0,1.0,1.0,shared
n15959,4,1.0,1.0,1.0,1.0,1.0,shared
n15960,4,1.0,1.0,1.0,1.0,1.0,shared
n15961,4,1.0,1.0,1.0,1.0,1.0,shared
n15962,4,1.0,1.0,1.0,1.0,1.0,shared
n15963,4,1.0,1.0,1.0,1.0,1.0,shared
n15964,4,1.0,1.0,1.0,1.0,1.0,shared
n15965,4,1.0,1.0,1.0,1.0,1.0,shared
n15966,4,1.0,1.0,1.0,1.0,1.0,shared
n15967,4,1.0,1.0,1.0,1.0,1.0,shared
n15968,4,1.0,1.0,1.0,1.0,1.0,shared
n15969,4,1.0,1.0,1.0,1.0,1.0,shared
n15970,4,1.0,1.0,1.0,1.0,1.0,shared
n15971,4,1.0,1.0,1.0,1.0,1.0,shared
n15972,4,1.0,1.0,1.0,1.0,1.0,shared
n15973,4,1.0,1.0,1.0,1.0,1.0,shared
n15974,4,1.0,0.5,0.5,1.0,0.75,shared
n15975,3,0.75,1.0,1.0,1.0,0.9375,shared
n15976,4,1.0,1.0,1.0,1.0,1.0,shared
n15977,4,1.0,1.0,1.0,1.0,1.0,shared
n15978,4,1.0,1.0,1.0,1.0,1.0,shared
n15979,3,0.75,1.0,1.0,1.0,0.9375,shared
n15980,4,1.0,1.0,1.0,1.0,1.0,shared
n15981,4,1.0,1.0,1.0,1.0,1.0,shared
n15982,4,1.0,1.0,1.0,1.0,1.0,shared
n15983,4,1.0,1.0,1.0,1.0,1.0,shared
n15984,4,1.0,1.0,1.0,1.0,1.0,shared
n15985,4,1.0,1.0,1.0,1.0,1.0,shared
n15986,4,1.0,1.0,1.0,1.0,1.0,shared
n15987,4,1.0,1.0,1.0,1.0,1.0,shared
n15988,4,1.0,1.0,1.0,1.0,1.0,shared
n15989,4,1.0,1.0,1.0,1.0,1.0,shared
n15990,4,1.0,1.0,1.0,1.0,1.0,shared
n15991,4,1.0,1.0,1.0,1.0,1.0,shared
n15992,4,1.0,1.0,1.0,1.0,1.0,shared
n15993,4,1.0,1.0,1.0,1.0,1.0,shared
n15994,3,0.75,1.0,1.0,1.0,0.9375,shared
n15995,4,1.0,1.0,1.0,1.0,1.0,shared
n15996,4,1.0,1.0,1.0,1.0,1.0,shared
n15997,4,1.0,1.0,1.0,1.0,1.0,shared
n15998,4,1.0,1.0,1.0,1.0,1.0,shared
n15999,4,1.0,1.0,1.0,1.0,1.0,shared
n16000,4,1.0,1.0,1.0,1.0,1.0,shared
n16001,4,1.0,1.0,1.0,1.0,1.0,shared
n16002,4,1.0,1.0,1.0,1.0,1.0,shared
n16003,4,1.0,1.0,1.0,1.0,1.0,shared
n16004,4,1.0,1.0,1.0,1.0,1.0,shared
n16005,4,1.0,1.0,1.0,1.0,1.0,shared
n16006,3,0.75,1.0,1.0,1.0,0.9375,shared
n16007,4,1.0,1.0,1.0,1.0,1.0,shared
n16008,3,0.75,1.0,1.0,1.0,0.9375,shared
n16009,4,1.0,1.0,1.0,1.0,1.0,shared
n16010,4,1.0,1.0,1.0,1.0,1.0,shared
n16011,4,1.0,1.0,1.0,1.0,1.0,shared
n16012,3,0.75,1.0,1.0,1.0,0.9375,shared
n16013,4,1.0,1.0,1.0,1.0,1.0,shared
n16014,4,1.0,1.0,1.0,1.0,1.0,shared
n16015,4,1.0,1.0,1.0,1.0,1.0,shared
n16016,4,1.0,1.0,1.0,1.0,1.0,shared
n16017,4,1.0,1.0,1.0,1.0,1.0,shared
n16018,4,1.0,1.0,1.0,1.0,1.0,shared
n16019,4,1.0,1.0,1.0,1.0,1.0,shared
n16020,4,1.0,1.0,1.0,1.0,1.0,shared
n16021,4,1.0,1.0,1.0,1.0,1.0,shared
n16022,4,1.0,1.0,1.0,1.0,1.0,shared
n16023,4,1.0,1.0,1.0,1.0,1.0,shared
n16024,4,1.0,1.0,1.0,1.0,1.0,shared
n16025,4,1.0,1.0,1.0,1.0,1.0,shared
n16026,4,1.0,1.0,1.0,1.0,1.0,shared
n16027,4,1.0,1.0,1.0,1.0,1.0,shared
n16028,4,1.0,1.0,1.0,1.0,1.0,shared
n16029,4,1.0,1.0,1.0,1.0,1.0,shared
n16030,3,0.75,1.0,1.0,1.0,0.9375,shared
n16031,4,1.0,1.0,1.0,1.0,1.0,shared
n16032,4,1.0,1.0,1.0,1.0,1.0,shared
n16033,4,1.0,1.0,1.0,1.0,1.0,shared
n16034,4,1.0,1.0,1.0,1.0,1.0,shared
n16035,4,1.0,1.0,1.0,1.0,1.0,shared
n16036,4,1.0,1.0,1.0,1.0,1.0,shared
n16037,4,1.0,1.0,1.0,1.0,1.0,shared
n16038,4,1.0,1.0,1.0,1.0,1.0,shared
n16039,4,1.0,1.0,1.0,1.0,1.0,shared
n16040,4,1.0,1.0,1.0,1.0,1.0,shared
n16041,4,1.0,1.0,1.0,1.0,1.0,shared
n16042,4,1.0,1.0,1.0,1.0,1.0,shared
n16043,4,1.0,1.0,1.0,1.0,1.0,shared
n16044,4,1.0,1.0,1.0,1.0,1.0,shared
n16045,4,1.0,1.0,1.0,1.0,1.0,shared
n16046,4,1.0,1.0,1.0,1.0,1.0,shared
n16047,4,1.0,1.0,1.0,1.0,1.0,shared
n16048,4,1.0,1.0,1.0,1.0,1.0,shared
n16049,4,1.0,1.0,1.0,1.0,1.0,shared
n16050,4,1.0,1.0,1.0,1.0,1.0,shared
n16051,4,1.0,1.0,1.0,1.0,1.0,shared
n16052,4,1.0,1.0,1.0,1.0,1.0,shared
n16053,3,0.75,1.0,1.0,1.0,0.9375,shared
n16054,4,1.0,1.0,1.0,1.0,1.0,shared
n16055,3,0.75,1.0,1.0,1.0,0.9375,shared
n16056,3,0.75,1.0,1.0,1.0,0.9375,shared
n16057,4,1.0,1.0,1.0,1.0,1.0,shared
n16058,3,0.75,1.0,1.0,1.0,0.9375,shared
n16059,4,1.0,1.0,1.0,1.0,1.0,shared
n16060,4,1.0,1.0,1.0,1.0,1.0,shared
n16061,4,1.0,1.0,1.0,1.0,1.0,shared
n16062,4,1.0,1.0,1.0,1.0,1.0,shared
n16063,4,1.0,1.0,1.0,1.0,1.0,shared
n16064,4,1.0,1.0,1.0,1.0,1.0,shared
n16065,4,1.0,1.0,1.0,1.0,1.0,shared
n16066,4,1.0,1.0,1.0,1.0,1.0,shared
n16067,4,1.0,1.0,1.0,1.0,1.0,shared
n16068,4,1.0,1.0,1.0,1.0,1.0,shared
n16069,4,1.0,1.0,1.0,1.0,1.0,shared
n16070,3,0.75,1.0,0.5,1.0,0.8125,shared
n16071,4,1.0,0.5714285714285714,0.5714285714285714,1.0,0.7857142857142857,shared
n16072,4,1.0,1.0,1.0,1.0,1.0,shared
n16073,4,1.0,1.0,1.0,1.0,1.0,shared
n16074,4,1.0,1.0,1.0,1.0,1.0,shared
n16075,4,1.0,1.0,1.0,1.0,1.0,shared
n16076,4,1.0,1.0,1.0,1.0,1.0,shared
n16077,4,1.0,1.0,1.0,1.0,1.0,shared
n16078,3,0.75,1.0,1.0,1.0,0.9375,shared
n16079,3,0.75,1.0,1.0,1.0,0.9375,shared
n16080,4,1.0,1.0,1.0,1.0,1.0,shared
n16081,4,1.0,1.0,1.0,1.0,1.0,shared
n16082,4,1.0,1.0,1.0,1.0,1.0,shared
n16083,4,1.0,1.0,1.0,1.0,1.0,shared
n16084,4,1.0,1.0,1.0,1.0,1.0,shared
n16085,4,1.0,1.0,1.0,1.0,1.0,shared
n16086,4,1.0,1.0,1.0,1.0,1.0,shared
n16087,4,1.0,1.0,1.0,1.0,1.0,shared
n16088,4,1.0,1.0,1.0,1.0,1.0,shared
n16089,4,1.0,1.0,1.0,1.0,1.0,shared
n16090,4,1.0,1.0,1.0,1.0,1.0,shared
n16091,4,1.0,1.0,1.0,1.0,1.0,shared
n16092,4,1.0,1.0,1.0,1.0,1.0,shared
n16093,4,1.0,1.0,1.0,1.0,1.0,shared
n16094,4,1.0,1.0,1.0,1.0,1.0,shared
n16095,4,1.0,1.0,1.0,1.0,1.0,shared
n16096,4,1.0,1.0,1.0,1.0,1.0,shared
n16097,3,0.75,1.0,1.0,1.0,0.9375,shared
n16098,4,1.0,1.0,1.0,1.0,1.0,shared
n16099,4,1.0,1.0,1.0,1.0,1.0,shared
n16100,4,1.0,1.0,1.0,1.0,1.0,shared
n16101,4,1.0,1.0,1.0,1.0,1.0,shared
n16102,3,0.75,1.0,1.0,1.0,0.9375,shared
n16103,4,1.0,1.0,1.0,1.0,1.0,shared
n16104,4,1.0,1.0,1.0,1.0,1.0,shared
n16105,4,1.0,1.0,1.0,1.0,1.0,shared
n16106,4,1.0,1.0,1.0,1.0,1.0,shared
n16107,4,1.0,1.0,1.0,1.0,1.0,shared
n16108,4,1.0,1.0,1.0,1.0,1.0,shared
n16109,4,1.0,1.0,1.0,1.0,1.0,shared
n16110,4,1.0,1.0,1.0,1.0,1.0,shared
n16111,4,1.0,1.0,1.0,1.0,1.0,shared
n16112,4,1.0,1.0,1.0,1.0,1.0,shared
n16113,4,1.0,1.0,1.0,1.0,1.0,shared
n16114,4,1.0,1.0,1.0,1.0,1.0,shared
n16115,4,1.0,1.0,1.0,1.0,1.0,shared
n16116,3,0.75,1.0,1.0,1.0,0.9375,shared
n16117,4,1.0,1.0,1.0,1.0,1.0,shared
n16118,4,1.0,1.0,1.0,1.0,1.0,shared
n16119,4,1.0,1.0,1.0,1.0,1.0,shared
n16120,4,1.0,1.0,1.0,1.0,1.0,shared
n16121,4,1.0,1.0,1.0,1.0,1.0,shared
n16122,4,1.0,1.0,1.0,1.0,1.0,shared
n16123,4,1.0,1.0,1.0,1.0,1.0,shared
n16124,3,0.75,1.0,1.0,1.0,0.9375,shared
n16125,4,1.0,1.0,1.0,1.0,1.0,shared
n16126,4,1.0,1.0,1.0,1.0,1.0,shared
n16127,4,1.0,1.0,1.0,1.0,1.0,shared
n16128,3,0.75,1.0,1.0,1.0,0.9375,shared
n16129,4,1.0,1.0,1.0,1.0,1.0,shared
n16130,4,1.0,1.0,1.0,1.0,1.0,shared
n16131,4,1.0,1.0,1.0,1.0,1.0,shared
n16132,4,1.0,1.0,1.0,1.0,1.0,shared
n16133,4,1.0,1.0,1.0,1.0,1.0,shared
n16134,4,1.0,1.0,1.0,1.0,1.0,shared
n16135,4,1.0,1.0,1.0,1.0,1.0,shared
n16136,3,0.75,1.0,1.0,1.0,0.9375,shared
n16137,4,1.0,1.0,1.0,1.0,1.0,shared
n16138,4,1.0,1.0,1.0,1.0,1.0,shared
n16139,4,1.0,1.0,1.0,1.0,1.0,shared
n16140,4,1.0,1.0,1.0,1.0,1.0,shared
n16141,4,1.0,1.0,1.0,1.0,1.0,shared
n16142,4,1.0,1.0,1.0,1.0,1.0,shared
n16143,4,1.0,1.0,1.0,1.0,1.0,shared
n16144,3,0.75,1.0,1.0,1.0,0.9375,shared
n16145,3,0.75,1.0,1.0,1.0,0.9375,shared
n16146,4,1.0,1.0,1.0,1.0,1.0,shared
n16147,3,0.75,1.0,1.0,1.0,0.9375,shared
n16148,4,1.0,1.0,1.0,1.0,1.0,shared
n16149,4,1.0,1.0,1.0,1.0,1.0,shared
n16150,4,1.0,1.0,1.0,1.0,1.0,shared
n16151,4,1.0,1.0,1.0,1.0,1.0,shared
n16152,4,1.0,1.0,1.0,1.0,1.0,shared
n16153,4,1.0,1.0,1.0,1.0,1.0,shared
n16154,4,1.0,0.5714285714285714,0.5714285714285714,1.0,0.7857142857142857,shared
n16155,3,0.75,1.0,1.0,1.0,0.9375,shared
n16156,4,1.0,1.0,1.0,1.0,1.0,shared
n16157,4,1.0,1.0,1.0,1.0,1.0,shared
n16158,3,0.75,1.0,1.0,1.0,0.9375,shared
n16159,4,1.0,1.0,1.0,1.0,1.0,shared
n16160,4,1.0,1.0,1.0,1.0,1.0,shared
n16161,4,1.0,1.0,1.0,1.0,1.0,shared
n16162,4,1.0,1.0,1.0,1.0,1.0,shared
n16163,4,1.0,1.0,1.0,1.0,1.0,shared
n16164,4,1.0,1.0,1.0,1.0,1.0,shared
n16165,4,1.0,1.0,1.0,1.0,1.0,shared
n16166,4,1.0,1.0,1.0,1.0,1.0,shared
n16167,4,1.0,1.0,1.0,1.0,1.0,shared
n16168,3,0.75,1.0,1.0,1.0,0.9375,shared
n16169,4,1.0,1.0,1.0,1.0,1.0,shared
n16170,4,1.0,1.0,1.0,1.0,1.0,shared
n16171,4,1.0,1.0,1.0,1.0,1.0,shared
n16172,4,1.0,1.0,1.0,1.0,1.0,shared
n16173,4,1.0,1.0,1.0,1.0,1.0,shared
n16174,4,1.0,1.0,1.0,1.0,1.0,shared
n16175,4,1.0,1.0,1.0,1.0,1.0,shared
n16176,4,1.0,1.0,1.0,1.0,1.0,shared
n16177,4,1.0,1.0,1.0,1.0,1.0,shared
n16178,4,1.0,1.0,1.0,1.0,1.0,shared
n16179,3,0.75,1.0,1.0,1.0,0.9375,shared
n16180,4,1.0,1.0,1.0,1.0,1.0,shared
n16181,4,1.0,1.0,1.0,1.0,1.0,shared
n16182,4,1.0,1.0,1.0,1.0,1.0,shared
n16183,3,0.75,1.0,1.0,1.0,0.9375,shared
n16184,4,1.0,1.0,1.0,1.0,1.0,shared
n16185,4,1.0,1.0,1.0,1.0,1.0,shared
n16186,4,1.0,1.0,1.0,1.0,1.0,shared
n16187,4,1.0,1.0,1.0,1.0,1.0,shared
n16188,3,0.75,1.0,1.0,1.0,0.9375,shared
n16189,4,1.0,1.0,1.0,1.0,1.0,shared
n16190,4,1.0,1.0,1.0,1.0,1.0,shared
n16191,3,0.75,1.0,1.0,1.0,0.9375,shared
n16192,4,1.0,1.0,1.0,1.0,1.0,shared
n16193,4,1.0,1.0,1.0,1.0,1.0,shared
n16194,3,0.75,1.0,1.0,1.0,0.9375,shared
n16195,4,1.0,1.0,1.0,1.0,1.0,shared
n16196,4,1.0,1.0,1.0,1.0,1.0,shared
n16197,4,1.0,1.0,1.0,1.0,1.0,shared
n16198,4,1.0,1.0,1.0,1.0,1.0,shared
n16199,4,1.0,1.0,1.0,1.0,1.0,shared
n16200,3,0.75,1.0,1.0,1.0,0.9375,shared
n16201,4,1.0,1.0,1.0,1.0,1.0,shared
n16202,4,1.0,1.0,1.0,1.0,1.0,shared
n16203,4,1.0,1.0,1.0,1.0,1.0,shared
n16204,4,1.0,1.0,1.0,1.0,1.0,shared
n16205,4,1.0,1.0,1.0,1.0,1.0,shared
n16206,4,1.0,1.0,1.0,1.0,1.0,shared
n16207,4,1.0,1.0,1.0,1.0,1.0,shared
n16208,4,1.0,0.5,0.5,1.0,0.75,shared
n16209,4,1.0,1.0,1.0,1.0,1.0,shared
n16210,4,1.0,1.0,1.0,1.0,1.0,shared
n16211,4,1.0,1.0,1.0,1.0,1.0,shared
n16212,4,1.0,1.0,1.0,1.0,1.0,shared
n16213,4,1.0,1.0,1.0,1.0,1.0,shared
n16214,4,1.0,1.0,1.0,1.0,1.0,shared
n16215,3,0.75,1.0,1.0,1.0,0.9375,shared
n16216,4,1.0,1.0,1.0,1.0,1.0,shared
n16217,4,1.0,1.0,1.0,1.0,1.0,shared
n16218,4,1.0,1.0,1.0,1.0,1.0,shared
n16219,4,1.0,1.0,1.0,1.0,1.0,shared
n16220,4,1.0,1.0,1.0,1.0,1.0,shared
n16221,4,1.0,0.5714285714285714,0.5714285714285714,1.0,0.7857142857142857,shared
n16222,4,1.0,1.0,1.0,1.0,1.0,shared
n16223,4,1.0,1.0,1.0,1.0,1.0,shared
n16224,4,1.0,1.0,1.0,1.0,1.0,shared
n16225,4,1.0,1.0,1.0,1.0,1.0,shared
n16226,4,1.0,0.5,0.5,1.0,0.75,shared
n16227,3,0.75,1.0,1.0,1.0,0.9375,shared
n16228,4,1.0,1.0,1.0,1.0,1.0,shared
n16229,4,1.0,1.0,1.0,1.0,1.0,shared
n16230,4,1.0,1.0,1.0,1.0,1.0,shared
n16231,4,1.0,1.0,1.0,1.0,1.0,shared
n16232,4,1.0,1.0,1.0,1.0,1.0,shared
n16233,4,1.0,1.0,1.0,1.0,1.0,shared
n16234,4,1.0,1.0,1.0,1.0,1.0,shared
n16235,3,0.75,1.0,1.0,1.0,0.9375,shared
n16236,4,1.0,1.0,1.0,1.0,1.0,shared
n16237,4,1.0,1.0,1.0,1.0,1.0,shared
n16238,3,0.75,1.0,1.0,1.0,0.9375,shared
n16239,4,1.0,1.0,1.0,1.0,1.0,shared
n16240,4,1.0,1.0,1.0,1.0,1.0,shared
n16241,4,1.0,1.0,1.0,1.0,1.0,shared
n16242,4,1.0,1.0,1.0,1.0,1.0,shared
n16243,4,1.0,1.0,1.0,1.0,1.0,shared
n16244,3,0.75,1.0,1.0,1.0,0.9375,shared
n16245,4,1.0,1.0,1.0,1.0,1.0,shared
n16246,4,1.0,1.0,1.0,1.0,1.0,shared
n16247,4,1.0,1.0,1.0,1.0,1.0,shared
n16248,3,0.75,1.0,1.0,1.0,0.9375,shared
n16249,4,1.0,1.0,1.0,1.0,1.0,shared
n16250,3,0.75,1.0,1.0,1.0,0.9375,shared
n16251,4,1.0,1.0,1.0,1.0,1.0,shared
n16252,4,1.0,1.0,1.0,1.0,1.0,shared
n16253,3,0.75,1.0,1.0,1.0,0.9375,shared
n16254,4,1.0,1.0,1.0,1.0,1.0,shared
n16255,3,0.75,1.0,1.0,1.0,0.9375,shared
n16256,3,0.75,1.0,1.0,1.0,0.9375,shared
n16257,3,0.75,1.0,1.0,1.0,0.9375,shared
n16258,3,0.75,1.0,1.0,1.0,0.9375,shared
n16259,4,1.0,1.0,1.0,1.0,1.0,shared
n16260,4,1.0,1.0,1.0,1.0,1.0,shared
n16261,4,1.0,1.0,1.0,1.0,1.0,shared
n16262,3,0.75,1.0,1.0,1.0,0.9375,shared
n16263,3,0.75,1.0,1.0,1.0,0.9375,shared
n16264,3,0.75,1.0,1.0,1.0,0.9375,shared
n16265,4,1.0,1.0,1.0,1.0,1.0,shared
n16266,3,0.75,1.0,1.0,1.0,0.9375,shared
n16267,4,1.0,1.0,1.0,1.0,1.0,shared
n16268,4,1.0,1.0,1.0,1.0,1.0,shared
n16269,4,1.0,1.0,1.0,1.0,1.0,shared
n16270,4,1.0,1.0,1.0,1.0,1.0,shared
n16271,3,0.75,1.0,1.0,1.0,0.9375,shared
n16272,3,0.75,1.0,1.0,1.0,0.9375,shared
n16273,4,1.0,1.0,1.0,1.0,1.0,shared
n16274,4,1.0,1.0,1.0,1.0,1.0,shared
n16275,4,1.0,1.0,1.0,1.0,1.0,shared
n16276,4,1.0,1.0,1.0,1.0,1.0,shared
n16277,3,0.75,1.0,1.0,1.0,0.9375,shared
n16278,4,1.0,1.0,1.0,1.0,1.0,shared
n16279,3,0.75,1.0,1.0,1.0,0.9375,shared
n16280,4,1.0,1.0,1.0,1.0,1.0,shared
n16281,4,1.0,1.0,1.0,1.0,1.0,shared
n16282,4,1.0,1.0,1.0,1.0,1.0,shared
n16283,4,1.0,1.0,1.0,1.0,1.0,shared
n16284,3,0.75,1.0,1.0,1.0,0.9375,shared
n16285,4,1.0,1.0,1.0,1.0,1.0,shared
n16286,4,1.0,1.0,1.0,1.0,1.0,shared
n16287,4,1.0,1.0,1.0,1.0,1.0,shared
n16288,4,1.0,1.0,1.0,1.0,1.0,shared
n16289,4,1.0,1.0,1.0,1.0,1.0,shared
n16290,4,1.0,1.0,1.0,1.0,1.0,shared
n16291,4,1.0,1.0,1.0,1.0,1.0,shared
n16292,4,1.0,1.0,1.0,1.0,1.0,shared
n16293,3,0.75,1.0,1.0,1.0,0.9375,shared
n16294,4,1.0,1.0,1.0,1.0,1.0,shared
n16295,3,0.75,1.0,1.0,1.0,0.9375,shared
n16296,3,0.75,1.0,1.0,1.0,0.9375,shared
n16297,4,1.0,1.0,1.0,1.0,1.0,shared
n16298,4,1.0,1.0,1.0,1.0,1.0,shared
n16299,4,1.0,1.0,1.0,1.0,1.0,shared
n16300,4,1.0,1.0,1.0,1.0,1.0,shared
n16301,4,1.0,1.0,1.0,1.0,1.0,shared
n16302,4,1.0,1.0,1.0,1.0,1.0,shared
n16303,4,1.0,1.0,1.0,1.0,1.0,shared
n16304,3,0.75,1.0,1.0,1.0,0.9375,shared
n16305,4,1.0,1.0,1.0,1.0,1.0,shared
n16306,4,1.0,1.0,1.0,1.0,1.0,shared
n16307,4,1.0,1.0,1.0,1.0,1.0,shared
n16308,4,1.0,1.0,1.0,1.0,1.0,shared
n16309,4,1.0,1.0,1.0,1.0,1.0,shared
n16310,4,1.0,1.0,1.0,1.0,1.0,shared
n16311,3,0.75,1.0,1.0,1.0,0.9375,shared
n16312,4,1.0,1.0,1.0,1.0,1.0,shared
n16313,4,1.0,1.0,1.0,1.0,1.0,shared
n16314,3,0.75,1.0,1.0,1.0,0.9375,shared
n16315,4,1.0,1.0,1.0,1.0,1.0,shared
n16316,4,1.0,1.0,1.0,1.0,1.0,shared
n16317,4,1.0,1.0,1.0,1.0,1.0,shared
n16318,4,1.0,1.0,1.0,1.0,1.0,shared
n16319,4,1.0,1.0,1.0,1.0,1.0,shared
n16320,4,1.0,1.0,1.0,1.0,1.0,shared
n16321,4,1.0,1.0,1.0,1.0,1.0,shared
n16322,4,1.0,1.0,1.0,1.0,1.0,shared
n16323,4,1.0,1.0,1.0,1.0,1.0,shared
n16324,4,1.0,1.0,1.0,1.0,1.0,shared
n16325,4,1.0,1.0,1.0,1.0,1.0,shared
n16326,4,1.0,1.0,1.0,1.0,1.0,shared
n16327,4,1.0,1.0,1.0,1.0,1.0,shared
n16328,3,0.75,1.0,1.0,1.0,0.9375,shared
n16329,3,0.75,1.0,1.0,1.0,0.9375,shared
n16330,4,1.0,1.0,1.0,1.0,1.0,shared
n16331,3,0.75,1.0,1.0,1.0,0.9375,shared
n16332,3,0.75,1.0,1.0,1.0,0.9375,shared
n16333,4,1.0,1.0,1.0,1.0,1.0,shared
n16334,3,0.75,1.0,1.0,1.0,0.9375,shared
n16335,3,0.75,1.0,1.0,1.0,0.9375,shared
n16336,3,0.75,1.0,1.0,1.0,0.9375,shared
n16337,4,1.0,1.0,1.0,1.0,1.0,shared
n16338,4,1.0,1.0,1.0,1.0,1.0,shared
n16339,4,1.0,1.0,1.0,1.0,1.0,shared
n16340,4,1.0,1.0,1.0,1.0,1.0,shared
n16341,3,0.75,1.0,1.0,1.0,0.9375,shared
n16342,4,1.0,1.0,1.0,1.0,1.0,shared
n16343,3,0.75,1.0,1.0,1.0,0.9375,shared
n16344,4,1.0,1.0,1.0,1.0,1.0,shared
n16345,4,1.0,1.0,1.0,1.0,1.0,shared
n16346,4,1.0,1.0,1.0,1.0,1.0,shared
n16347,3,0.75,1.0,1.0,1.0,0.9375,shared
n16348,4,1.0,1.0,1.0,1.0,1.0,shared
n16349,4,1.0,1.0,1.0,1.0,1.0,shared
n16350,4,1.0,1.0,1.0,1.0,1.0,shared
n16351,4,1.0,1.0,1.0,1.0,1.0,shared
n16352,4,1.0,1.0,1.0,1.0,1.0,shared
n16353,3,0.75,1.0,1.0,1.0,0.9375,shared
n16354,4,1.0,1.0,1.0,1.0,1.0,shared
n16355,4,1.0,1.0,1.0,1.0,1.0,shared
n16356,4,1.0,1.0,1.0,1.0,1.0,shared
n16357,4,1.0,1.0,1.0,1.0,1.0,shared
n16358,4,1.0,1.0,1.0,1.0,1.0,shared
n16359,4,1.0,1.0,1.0,1.0,1.0,shared
n16360,4,1.0,1.0,1.0,1.0,1.0,shared
n16361,4,1.0,1.0,1.0,1.0,1.0,shared
n16362,4,1.0,1.0,1.0,1.0,1.0,shared
n16363,4,1.0,1.0,1.0,1.0,1.0,shared
n16364,4,1.0,1.0,1.0,1.0,1.0,shared
n16365,4,1.0,1.0,1.0,1.0,1.0,shared
n16366,4,1.0,1.0,1.0,1.0,1.0,shared
n16367,4,1.0,1.0,1.0,1.0,1.0,shared
n16368,4,1.0,1.0,1.0,1.0,1.0,shared
n16369,4,1.0,1.0,1.0,1.0,1.0,shared
n16370,4,1.0,1.0,1.0,1.0,1.0,shared
n16371,4,1.0,1.0,1.0,1.0,1.0,shared
n16372,4,1.0,1.0,1.0,1.0,1.0,shared
n16373,4,1.0,1.0,1.0,1.0,1.0,shared
n16374,4,1.0,1.0,1.0,1.0,1.0,shared
n16375,3,0.75,1.0,1.0,1.0,0.9375,shared
n16376,4,1.0,1.0,1.0,1.0,1.0,shared
n16377,4,1.0,1.0,1.0,1.0,1.0,shared
n16378,4,1.0,1.0,1.0,1.0,1.0,shared
n16379,4,1.0,1.0,1.0,1.0,1.0,shared
n16380,4,1.0,1.0,1.0,1.0,1.0,shared
n16381,4,1.0,1.0,1.0,1.0,1.0,shared
n16382,3,0.75,1.0,1.0,1.0,0.9375,shared
n16383,3,0.75,1.0,1.0,1.0,0.9375,shared
n16384,4,1.0,1.0,1.0,1.0,1.0,shared
n16385,4,1.0,1.0,1.0,1.0,1.0,shared
n16386,4,1.0,1.0,1.0,1.0,1.0,shared
n16387,3,0.75,1.0,1.0,1.0,0.9375,shared
n16388,3,0.75,1.0,0.5,1.0,0.8125,shared
n16389,4,1.0,1.0,1.0,1.0,1.0,shared
n16390,4,1.0,1.0,1.0,1.0,1.0,shared
n16391,4,1.0,1.0,1.0,1.0,1.0,shared
n16392,3,0.75,1.0,1.0,1.0,0.9375,shared
n16393,4,1.0,1.0,1.0,1.0,1.0,shared
n16394,4,1.0,1.0,1.0,1.0,1.0,shared
n16395,4,1.0,1.0,1.0,1.0,1.0,shared
n16396,4,1.0,1.0,1.0,1.0,1.0,shared
n16397,4,1.0,1.0,1.0,1.0,1.0,shared
n16398,3,0.75,1.0,1.0,1.0,0.9375,shared
n16399,4,1.0,1.0,1.0,1.0,1.0,shared
n16400,4,1.0,1.0,1.0,1.0,1.0,shared
n16401,4,1.0,1.0,1.0,1.0,1.0,shared
n16402,3,0.75,1.0,1.0,1.0,0.9375,shared
n16403,4,1.0,1.0,1.0,1.0,1.0,shared
n16404,4,1.0,1.0,1.0,1.0,1.0,shared
n16405,4,1.0,1.0,1.0,1.0,1.0,shared
n16406,3,0.75,0.5,1.0,1.0,0.8125,shared
n16407,4,1.0,1.0,1.0,1.0,1.0,shared
n16408,4,1.0,1.0,1.0,1.0,1.0,shared
n16409,4,1.0,1.0,1.0,1.0,1.0,shared
n16410,4,1.0,1.0,1.0,1.0,1.0,shared
n16411,4,1.0,1.0,1.0,1.0,1.0,shared
n16412,4,1.0,1.0,1.0,1.0,1.0,shared
n16413,4,1.0,1.0,1.0,1.0,1.0,shared
n16414,3,0.75,1.0,1.0,1.0,0.9375,shared
n16415,4,1.0,1.0,1.0,1.0,1.0,shared
n16416,4,1.0,1.0,1.0,1.0,1.0,shared
n16417,4,1.0,1.0,1.0,1.0,1.0,shared
n16418,3,0.75,1.0,1.0,1.0,0.9375,shared
n16419,4,1.0,1.0,1.0,1.0,1.0,shared
n16420,4,1.0,1.0,1.0,1.0,1.0,shared
n16421,4,1.0,0.5,0.5,1.0,0.75,shared
n16422,3,0.75,1.0,1.0,1.0,0.9375,shared
n16423,4,1.0,1.0,1.0,1.0,1.0,shared
n16424,3,0.75,1.0,1.0,1.0,0.9375,shared
n16425,4,1.0,1.0,1.0,1.0,1.0,shared
n16426,4,1.0,1.0,1.0,1.0,1.0,shared
n16427,4,1.0,1.0,1.0,1.0,1.0,shared
n16428,4,1.0,1.0,1.0,1.0,1.0,shared
n16429,4,1.0,1.0,1.0,1.0,1.0,shared
n16430,4,1.0,1.0,1.0,1.0,1.0,shared
n16431,4,1.0,1.0,1.0,1.0,1.0,shared
n16432,4,1.0,1.0,1.0,1.0,1.0,shared
n16433,3,0.75,1.0,1.0,1.0,0.9375,shared
n16434,4,1.0,1.0,1.0,1.0,1.0,shared
n16435,4,1.0,1.0,1.0,1.0,1.0,shared
n16436,3,0.75,1.0,1.0,1.0,0.9375,shared
n16437,4,1.0,1.0,1.0,1.0,1.0,shared
n16438,3,0.75,1.0,1.0,1.0,0.9375,shared
n16439,4,1.0,1.0,1.0,1.0,1.0,shared
n16440,3,0.75,1.0,1.0,1.0,0.9375,shared
n16441,4,1.0,1.0,1.0,1.0,1.0,shared
n16442,3,0.75,1.0,1.0,1.0,0.9375,shared
n16443,4,1.0,1.0,1.0,1.0,1.0,shared
n16444,4,1.0,1.0,1.0,1.0,1.0,shared
n16445,4,1.0,1.0,1.0,1.0,1.0,shared
n16446,4,1.0,1.0,1.0,1.0,1.0,shared
n16447,4,1.0,0.25,0.75,1.0,0.75,shared
n16448,4,1.0,1.0,1.0,1.0,1.0,shared
n16449,4,1.0,1.0,1.0,1.0,1.0,shared
n16450,4,1.0,0.6818181818181818,0.8636363636363636,1.0,0.8863636363636364,shared
n16451,4,1.0,1.0,1.0,1.0,1.0,shared
n16452,4,1.0,1.0,1.0,1.0,1.0,shared
n16453,4,1.0,1.0,1.0,1.0,1.0,shared
n16454,4,1.0,0.5714285714285714,0.5714285714285714,1.0,0.7857142857142857,shared
n16455,3,0.75,1.0,1.0,1.0,0.9375,shared
n16456,4,1.0,1.0,1.0,1.0,1.0,shared
n16457,3,0.75,1.0,1.0,1.0,0.9375,shared
n16458,4,1.0,1.0,1.0,1.0,1.0,shared
n16459,4,1.0,1.0,1.0,1.0,1.0,shared
n16460,4,1.0,1.0,1.0,1.0,1.0,shared
n16461,4,1.0,1.0,1.0,1.0,1.0,shared
n16462,4,1.0,1.0,1.0,1.0,1.0,shared
n16463,4,1.0,1.0,1.0,1.0,1.0,shared
n16464,4,1.0,1.0,1.0,1.0,1.0,shared
n16465,4,1.0,1.0,1.0,1.0,1.0,shared
n16466,4,1.0,1.0,1.0,1.0,1.0,shared
n16467,3,0.75,1.0,1.0,1.0,0.9375,shared
n16468,3,0.75,1.0,1.0,1.0,0.9375,shared
n16469,4,1.0,1.0,1.0,1.0,1.0,shared
n16470,4,1.0,1.0,1.0,1.0,1.0,shared
n16471,4,1.0,1.0,1.0,1.0,1.0,shared
n16472,4,1.0,1.0,1.0,1.0,1.0,shared
n16473,4,1.0,1.0,1.0,1.0,1.0,shared
n16474,4,1.0,1.0,1.0,1.0,1.0,shared
n16475,4,1.0,1.0,1.0,1.0,1.0,shared
n16476,4,1.0,1.0,1.0,1.0,1.0,shared
n16477,4,1.0,1.0,1.0,1.0,1.0,shared
n16478,4,1.0,1.0,1.0,1.0,1.0,shared
n16479,3,0.75,1.0,1.0,1.0,0.9375,shared
n16480,3,0.75,1.0,1.0,1.0,0.9375,shared
n16481,3,0.75,1.0,1.0,1.0,0.9375,shared
n16482,4,1.0,1.0,1.0,1.0,1.0,shared
n16483,4,1.0,1.0,1.0,1.0,1.0,shared
n16484,4,1.0,1.0,1.0,1.0,1.0,shared
n16485,4,1.0,1.0,1.0,1.0,1.0,shared
n16486,4,1.0,1.0,1.0,1.0,1.0,shared
n16487,4,1.0,1.0,1.0,1.0,1.0,shared
n16488,4,1.0,1.0,1.0,1.0,1.0,shared
n16489,4,1.0,1.0,1.0,1.0,1.0,shared
n16490,4,1.0,1.0,1.0,1.0,1.0,shared
n16491,3,0.75,1.0,1.0,1.0,0.9375,shared
n16492,4,1.0,1.0,1.0,1.0,1.0,shared
n16493,4,1.0,1.0,1.0,1.0,1.0,shared
n16494,4,1.0,1.0,1.0,1.0,1.0,shared
n16495,4,1.0,1.0,1.0,1.0,1.0,shared
n16496,4,1.0,1.0,1.0,1.0,1.0,shared
n16497,4,1.0,1.0,1.0,1.0,1.0,shared
n16498,4,1.0,1.0,1.0,1.0,1.0,shared
n16499,3,0.75,1.0,1.0,1.0,0.9375,shared
n16500,4,1.0,1.0,1.0,1.0,1.0,shared
n16501,4,1.0,1.0,1.0,1.0,1.0,shared
n16502,4,1.0,1.0,1.0,1.0,1.0,shared
n16503,4,1.0,1.0,1.0,1.0,1.0,shared
n16504,3,0.75,1.0,1.0,1.0,0.9375,shared
n16505,3,0.75,1.0,1.0,1.0,0.9375,shared
n16506,4,1.0,1.0,1.0,1.0,1.0,shared
n16507,4,1.0,1.0,1.0,1.0,1.0,shared
n16508,4,1.0,1.0,1.0,1.0,1.0,shared
n16509,4,1.0,1.0,1.0,1.0,1.0,shared
n16510,4,1.0,1.0,1.0,1.0,1.0,shared
n16511,3,0.75,1.0,1.0,1.0,0.9375,shared
n16512,3,0.75,1.0,1.0,1.0,0.9375,shared
n16513,4,1.0,1.0,1.0,1.0,1.0,shared
n16514,4,1.0,1.0,1.0,1.0,1.0,shared
n16515,3,0.75,1.0,1.0,1.0,0.9375,shared
n16516,4,1.0,1.0,1.0,1.0,1.0,shared
n16517,4,1.0,1.0,1.0,1.0,1.0,shared
n16518,4,1.0,1.0,1.0,1.0,1.0,shared
n16519,3,0.75,1.0,1.0,1.0,0.9375,shared
n16520,4,1.0,1.0,1.0,1.0,1.0,shared
n16521,4,1.0,1.0,1.0,1.0,1.0,shared
n16522,4,1.0,1.0,1.0,1.0,1.0,shared
n16523,4,1.0,1.0,1.0,1.0,1.0,shared
n16524,3,0.75,1.0,1.0,1.0,0.9375,shared
n16525,4,1.0,1.0,1.0,1.0,1.0,shared
n16526,4,1.0,1.0,1.0,1.0,1.0,shared
n16527,4,1.0,1.0,1.0,1.0,1.0,shared
n16528,4,1.0,1.0,1.0,1.0,1.0,shared
n16529,3,0.75,1.0,1.0,1.0,0.9375,shared
n16530,4,1.0,1.0,1.0,1.0,1.0,shared
n16531,4,1.0,1.0,1.0,1.0,1.0,shared
n16532,4,1.0,1.0,1.0,1.0,1.0,shared
n16533,4,1.0,1.0,1.0,1.0,1.0,shared
n16534,4,1.0,1.0,1.0,1.0,1.0,shared
n16535,4,1.0,1.0,1.0,1.0,1.0,shared
n16536,3,0.75,1.0,1.0,1.0,0.9375,shared
n16537,4,1.0,1.0,1.0,1.0,1.0,shared
n16538,4,1.0,1.0,1.0,1.0,1.0,shared
n16539,4,1.0,1.0,1.0,1.0,1.0,shared
n16540,4,1.0,1.0,1.0,1.0,1.0,shared
n16541,3,0.75,1.0,1.0,1.0,0.9375,shared
n16542,4,1.0,1.0,1.0,1.0,1.0,shared
n16543,4,1.0,1.0,1.0,1.0,1.0,shared
n16544,4,1.0,1.0,1.0,1.0,1.0,shared
n16545,4,1.0,1.0,1.0,1.0,1.0,shared
n16546,4,1.0,1.0,1.0,1.0,1.0,shared
n16547,3,0.75,1.0,1.0,1.0,0.9375,shared
n16548,4,1.0,1.0,1.0,1.0,1.0,shared
n16549,4,1.0,1.0,1.0,1.0,1.0,shared
n16550,3,0.75,1.0,1.0,1.0,0.9375,shared
n16551,3,0.75,1.0,1.0,1.0,0.9375,shared
n16552,3,0.75,1.0,1.0,1.0,0.9375,shared
n16553,4,1.0,1.0,1.0,1.0,1.0,shared
n16554,4,1.0,1.0,1.0,1.0,1.0,shared
n16555,4,1.0,1.0,1.0,1.0,1.0,shared
n16556,4,1.0,1.0,1.0,1.0,1.0,shared
n16557,4,1.0,1.0,1.0,1.0,1.0,shared
n16558,3,0.75,1.0,1.0,1.0,0.9375,shared
n16559,4,1.0,1.0,1.0,1.0,1.0,shared
n16560,3,0.75,1.0,1.0,1.0,0.9375,shared
n16561,4,1.0,1.0,1.0,1.0,1.0,shared
n16562,4,1.0,1.0,1.0,1.0,1.0,shared
n16563,4,1.0,1.0,1.0,1.0,1.0,shared
n16564,4,1.0,1.0,1.0,1.0,1.0,shared
n16565,4,1.0,1.0,1.0,1.0,1.0,shared
n16566,4,1.0,1.0,1.0,1.0,1.0,shared
n16567,3,0.75,1.0,1.0,1.0,0.9375,shared
n16568,3,0.75,1.0,1.0,1.0,0.9375,shared
n16569,4,1.0,1.0,1.0,1.0,1.0,shared
n16570,4,1.0,1.0,1.0,1.0,1.0,shared
n16571,4,1.0,1.0,1.0,1.0,1.0,shared
n16572,4,1.0,1.0,1.0,1.0,1.0,shared
n16573,3,0.75,1.0,1.0,1.0,0.9375,shared
n16574,4,1.0,1.0,1.0,1.0,1.0,shared
n16575,4,1.0,1.0,1.0,1.0,1.0,shared
n16576,4,1.0,1.0,1.0,1.0,1.0,shared
n16577,4,1.0,1.0,1.0,1.0,1.0,shared
n16578,4,1.0,1.0,1.0,1.0,1.0,shared
n16579,4,1.0,1.0,1.0,1.0,1.0,shared
n16580,4,1.0,1.0,1.0,1.0,1.0,shared
n16581,4,1.0,1.0,1.0,1.0,1.0,shared
n16582,4,1.0,1.0,1.0,1.0,1.0,shared
n16583,4,1.0,1.0,1.0,1.0,1.0,shared
n16584,4,1.0,1.0,1.0,1.0,1.0,shared
n16585,4,1.0,1.0,1.0,1.0,1.0,shared
n16586,4,1.0,1.0,1.0,1.0,1.0,shared
n16587,4,1.0,1.0,1.0,1.0,1.0,shared
n16588,4,1.0,1.0,1.0,1.0,1.0,shared
n16589,4,1.0,1.0,1.0,1.0,1.0,shared
n16590,3,0.75,1.0,1.0,1.0,0.9375,shared
n16591,4,1.0,1.0,1.0,1.0,1.0,shared
n16592,4,1.0,1.0,1.0,1.0,1.0,shared
n16593,4,1.0,1.0,1.0,1.0,1.0,shared
n16594,4,1.0,1.0,1.0,1.0,1.0,shared
n16595,4,1.0,1.0,1.0,1.0,1.0,shared
n16596,4,1.0,1.0,1.0,1.0,1.0,shared
n16597,4,1.0,1.0,1.0,1.0,1.0,shared
n16598,3,0.75,1.0,1.0,1.0,0.9375,shared
n16599,4,1.0,1.0,1.0,1.0,1.0,shared
n16600,4,1.0,1.0,1.0,1.0,1.0,shared
n16601,3,0.75,1.0,1.0,1.0,0.9375,shared
n16602,4,1.0,1.0,1.0,1.0,1.0,shared
n16603,4,1.0,1.0,1.0,1.0,1.0,shared
n16604,4,1.0,1.0,1.0,1.0,1.0,shared
n16605,4,1.0,1.0,1.0,1.0,1.0,shared
n16606,3,0.75,1.0,1.0,1.0,0.9375,shared
n16607,4,1.0,1.0,1.0,1.0,1.0,shared
n16608,4,1.0,1.0,1.0,1.0,1.0,shared
n16609,4,1.0,1.0,1.0,1.0,1.0,shared
n16610,4,1.0,1.0,1.0,1.0,1.0,shared
n16611,3,0.75,1.0,1.0,1.0,0.9375,shared
n16612,4,1.0,1.0,1.0,1.0,1.0,shared
n16613,4,1.0,1.0,1.0,1.0,1.0,shared
n16614,4,1.0,1.0,1.0,1.0,1.0,shared
n16615,4,1.0,1.0,1.0,1.0,1.0,shared
n16616,4,1.0,1.0,1.0,1.0,1.0,shared
n16617,4,1.0,1.0,1.0,1.0,1.0,shared
n16618,3,0.75,1.0,1.0,1.0,0.9375,shared
n16619,4,1.0,1.0,1.0,1.0,1.0,shared
n16620,4,1.0,1.0,1.0,1.0,1.0,shared
n16621,4,1.0,1.0,1.0,1.0,1.0,shared
n16622,4,1.0,1.0,1.0,1.0,1.0,shared
n16623,4,1.0,1.0,1.0,1.0,1.0,shared
n16624,4,1.0,1.0,1.0,1.0,1.0,shared
n16625,4,1.0,1.0,1.0,1.0,1.0,shared
n16626,3,0.75,1.0,1.0,1.0,0.9375,shared
n16627,4,1.0,1.0,1.0,1.0,1.0,shared
n16628,4,1.0,1.0,1.0,1.0,1.0,shared
n16629,4,1.0,1.0,1.0,1.0,1.0,shared
n16630,4,1.0,1.0,1.0,1.0,1.0,shared
n16631,4,1.0,1.0,1.0,1.0,1.0,shared
n16632,4,1.0,1.0,1.0,1.0,1.0,shared
n16633,4,1.0,1.0,1.0,1.0,1.0,shared
n16634,4,1.0,1.0,1.0,1.0,1.0,shared
n16635,4,1.0,1.0,1.0,1.0,1.0,shared
n16636,4,1.0,1.0,1.0,1.0,1.0,shared
n16637,3,0.75,1.0,1.0,1.0,0.9375,shared
n16638,4,1.0,1.0,1.0,1.0,1.0,shared
n16639,3,0.75,1.0,1.0,1.0,0.9375,shared
n16640,4,1.0,1.0,1.0,1.0,1.0,shared
n16641,3,0.75,1.0,1.0,1.0,0.9375,shared
n16642,4,1.0,1.0,1.0,1.0,1.0,shared
n16643,4,1.0,1.0,1.0,1.0,1.0,shared
n16644,4,1.0,1.0,1.0,1.0,1.0,shared
n16645,4,1.0,1.0,1.0,1.0,1.0,shared
n16646,4,1.0,1.0,1.0,1.0,1.0,shared
n16647,4,1.0,1.0,1.0,1.0,1.0,shared
n16648,4,1.0,1.0,1.0,1.0,1.0,shared
n16649,4,1.0,1.0,1.0,1.0,1.0,shared
n16650,4,1.0,1.0,1.0,1.0,1.0,shared
n16651,4,1.0,1.0,1.0,1.0,1.0,shared
n16652,4,1.0,1.0,1.0,1.0,1.0,shared
n16653,4,1.0,1.0,1.0,1.0,1.0,shared
n16654,4,1.0,1.0,1.0,1.0,1.0,shared
n16655,4,1.0,1.0,1.0,1.0,1.0,shared
n16656,4,1.0,1.0,1.0,1.0,1.0,shared
n16657,4,1.0,1.0,1.0,1.0,1.0,shared
n16658,4,1.0,1.0,1.0,1.0,1.0,shared
n16659,4,1.0,1.0,1.0,1.0,1.0,shared
n16660,4,1.0,1.0,1.0,1.0,1.0,shared
n16661,4,1.0,1.0,1.0,1.0,1.0,shared
n16662,4,1.0,1.0,1.0,1.0,1.0,shared
n16663,4,1.0,1.0,1.0,1.0,1.0,shared
n16664,4,1.0,1.0,1.0,1.0,1.0,shared
n16665,3,0.75,1.0,1.0,1.0,0.9375,shared
n16666,3,0.75,1.0,1.0,1.0,0.9375,shared
n16667,4,1.0,1.0,1.0,1.0,1.0,shared
n16668,4,1.0,1.0,1.0,1.0,1.0,shared
n16669,4,1.0,1.0,1.0,1.0,1.0,shared
n16670,3,0.75,1.0,1.0,1.0,0.9375,shared
n16671,4,1.0,1.0,1.0,1.0,1.0,shared
n16672,4,1.0,1.0,1.0,1.0,1.0,shared
n16673,4,1.0,1.0,1.0,1.0,1.0,shared
n16674,4,1.0,1.0,1.0,1.0,1.0,shared
n16675,4,1.0,1.0,1.0,1.0,1.0,shared
n16676,4,1.0,1.0,1.0,1.0,1.0,shared
n16677,4,1.0,1.0,1.0,1.0,1.0,shared
n16678,4,1.0,1.0,1.0,1.0,1.0,shared
n16679,4,1.0,1.0,1.0,1.0,1.0,shared
n16680,3,0.75,1.0,1.0,1.0,0.9375,shared
n16681,3,0.75,1.0,1.0,1.0,0.9375,shared
n16682,4,1.0,1.0,1.0,1.0,1.0,shared
n16683,4,1.0,1.0,1.0,1.0,1.0,shared
n16684,4,1.0,1.0,1.0,1.0,1.0,shared
n16685,4,1.0,1.0,1.0,1.0,1.0,shared
n16686,3,0.75,1.0,1.0,1.0,0.9375,shared
n16687,4,1.0,1.0,1.0,1.0,1.0,shared
n16688,4,1.0,1.0,1.0,1.0,1.0,shared
n16689,4,1.0,1.0,1.0,1.0,1.0,shared
n16690,4,1.0,1.0,1.0,1.0,1.0,shared
n16691,4,1.0,1.0,1.0,1.0,1.0,shared
n16692,4,1.0,1.0,1.0,1.0,1.0,shared
n16693,4,1.0,1.0,1.0,1.0,1.0,shared
n16694,4,1.0,1.0,1.0,1.0,1.0,shared
n16695,4,1.0,1.0,1.0,1.0,1.0,shared
n16696,4,1.0,1.0,1.0,1.0,1.0,shared
n16697,4,1.0,1.0,1.0,1.0,1.0,shared
n16698,4,1.0,1.0,1.0,1.0,1.0,shared
n16699,4,1.0,1.0,1.0,1.0,1.0,shared
n16700,4,1.0,1.0,1.0,1.0,1.0,shared
n16701,4,1.0,1.0,1.0,1.0,1.0,shared
n16702,4,1.0,1.0,1.0,1.0,1.0,shared
n16703,3,0.75,1.0,1.0,1.0,0.9375,shared
n16704,4,1.0,1.0,1.0,1.0,1.0,shared
n16705,4,1.0,1.0,1.0,1.0,1.0,shared
n16706,4,1.0,1.0,1.0,1.0,1.0,shared
n16707,4,1.0,1.0,1.0,1.0,1.0,shared
n16708,3,0.75,1.0,1.0,1.0,0.9375,shared
n16709,4,1.0,1.0,1.0,1.0,1.0,shared
n16710,4,1.0,1.0,1.0,1.0,1.0,shared
n16711,4,1.0,1.0,1.0,1.0,1.0,shared
n16712,4,1.0,1.0,1.0,1.0,1.0,shared
n16713,4,1.0,1.0,1.0,1.0,1.0,shared
n16714,4,1.0,1.0,1.0,1.0,1.0,shared
n16715,3,0.75,1.0,1.0,1.0,0.9375,shared
n16716,4,1.0,1.0,1.0,1.0,1.0,shared
n16717,4,1.0,1.0,1.0,1.0,1.0,shared
n16718,4,1.0,1.0,1.0,1.0,1.0,shared
n16719,4,1.0,1.0,1.0,1.0,1.0,shared
n16720,4,1.0,1.0,1.0,1.0,1.0,shared
n16721,4,1.0,1.0,1.0,1.0,1.0,shared
n16722,4,1.0,1.0,1.0,1.0,1.0,shared
n16723,4,1.0,1.0,1.0,1.0,1.0,shared
n16724,4,1.0,1.0,1.0,1.0,1.0,shared
n16725,4,1.0,1.0,1.0,1.0,1.0,shared
n16726,4,1.0,1.0,1.0,1.0,1.0,shared
n16727,3,0.75,1.0,1.0,1.0,0.9375,shared
n16728,4,1.0,1.0,1.0,1.0,1.0,shared
n16729,4,1.0,1.0,1.0,1.0,1.0,shared
n16730,4,1.0,1.0,1.0,1.0,1.0,shared
n16731,4,1.0,1.0,1.0,1.0,1.0,shared
n16732,4,1.0,1.0,1.0,1.0,1.0,shared
n16733,4,1.0,1.0,1.0,1.0,1.0,shared
n16734,4,1.0,1.0,1.0,1.0,1.0,shared
n16735,3,0.75,1.0,1.0,1.0,0.9375,shared
n16736,4,1.0,1.0,1.0,1.0,1.0,shared
n16737,3,0.75,1.0,1.0,1.0,0.9375,shared
n16738,4,1.0,1.0,1.0,1.0,1.0,shared
n16739,4,1.0,1.0,1.0,1.0,1.0,shared
n16740,4,1.0,1.0,1.0,1.0,1.0,shared
n16741,4,1.0,1.0,1.0,1.0,1.0,shared
n16742,4,1.0,1.0,1.0,1.0,1.0,shared
n16743,4,1.0,1.0,1.0,1.0,1.0,shared
n16744,4,1.0,1.0,1.0,1.0,1.0,shared
n16745,4,1.0,1.0,1.0,1.0,1.0,shared
n16746,3,0.75,1.0,1.0,1.0,0.9375,shared
n16747,4,1.0,1.0,1.0,1.0,1.0,shared
n16748,3,0.75,1.0,1.0,1.0,0.9375,shared
n16749,3,0.75,1.0,1.0,1.0,0.9375,shared
n16750,4,1.0,1.0,1.0,1.0,1.0,shared
n16751,3,0.75,1.0,1.0,1.0,0.9375,shared
n16752,4,1.0,1.0,1.0,1.0,1.0,shared
n16753,4,1.0,1.0,1.0,1.0,1.0,shared
n16754,4,1.0,1.0,1.0,1.0,1.0,shared
n16755,4,1.0,1.0,1.0,1.0,1.0,shared
n16756,4,1.0,1.0,1.0,1.0,1.0,shared
n16757,4,1.0,1.0,1.0,1.0,1.0,shared
n16758,4,1.0,1.0,1.0,1.0,1.0,shared
n16759,4,1.0,1.0,1.0,1.0,1.0,shared
n16760,4,1.0,1.0,1.0,1.0,1.0,shared
n16761,4,1.0,1.0,1.0,1.0,1.0,shared
n16762,4,1.0,1.0,1.0,1.0,1.0,shared
n16763,4,1.0,1.0,1.0,1.0,1.0,shared
n16764,4,1.0,1.0,1.0,1.0,1.0,shared
n16765,3,0.75,1.0,1.0,1.0,0.9375,shared
n16766,4,1.0,1.0,1.0,1.0,1.0,shared
n16767,4,1.0,1.0,1.0,1.0,1.0,shared
n16768,4,1.0,1.0,1.0,1.0,1.0,shared
n16769,4,1.0,1.0,1.0,1.0,1.0,shared
n16770,4,1.0,1.0,1.0,1.0,1.0,shared
n16771,3,0.75,1.0,1.0,1.0,0.9375,shared
n16772,4,1.0,1.0,1.0,1.0,1.0,shared
n16773,4,1.0,1.0,1.0,1.0,1.0,shared
n16774,3,0.75,1.0,1.0,1.0,0.9375,shared
n16775,4,1.0,1.0,1.0,1.0,1.0,shared
n16776,4,1.0,1.0,1.0,1.0,1.0,shared
n16777,4,1.0,1.0,1.0,1.0,1.0,shared
n16778,4,1.0,1.0,1.0,1.0,1.0,shared
n16779,4,1.0,1.0,1.0,1.0,1.0,shared
n16780,4,1.0,1.0,1.0,1.0,1.0,shared
n16781,4,1.0,1.0,1.0,1.0,1.0,shared
n16782,4,1.0,1.0,1.0,1.0,1.0,shared
n16783,4,1.0,1.0,1.0,1.0,1.0,shared
n16784,3,0.75,1.0,1.0,1.0,0.9375,shared
n16785,4,1.0,1.0,1.0,1.0,1.0,shared
n16786,4,1.0,1.0,1.0,1.0,1.0,shared
n16787,4,1.0,1.0,1.0,1.0,1.0,shared
n16788,3,0.75,1.0,1.0,1.0,0.9375,shared
n16789,4,1.0,1.0,1.0,1.0,1.0,shared
n16790,3,0.75,1.0,1.0,1.0,0.9375,shared
n16791,4,1.0,1.0,1.0,1.0,1.0,shared
n16792,3,0.75,1.0,1.0,1.0,0.9375,shared
n16793,4,1.0,1.0,1.0,1.0,1.0,shared
n16794,4,1.0,1.0,1.0,1.0,1.0,shared
n16795,4,1.0,1.0,1.0,1.0,1.0,shared
n16796,4,1.0,1.0,1.0,1.0,1.0,shared
n16797,4,1.0,1.0,1.0,1.0,1.0,shared
n16798,4,1.0,1.0,1.0,1.0,1.0,shared
n16799,3,0.75,1.0,1.0,1.0,0.9375,shared
n16800,4,1.0,1.0,1.0,1.0,1.0,shared
n16801,3,0.75,1.0,1.0,1.0,0.9375,shared
n16802,4,1.0,1.0,1.0,1.0,1.0,shared
n16803,4,1.0,1.0,1.0,1.0,1.0,shared
n16804,4,1.0,1.0,1.0,1.0,1.0,shared
n16805,4,1.0,1.0,1.0,1.0,1.0,shared
n16806,4,1.0,1.0,1.0,1.0,1.0,shared
n16807,3,0.75,1.0,1.0,1.0,0.9375,shared
n16808,4,1.0,1.0,1.0,1.0,1.0,shared
n16809,4,1.0,1.0,1.0,1.0,1.0,shared
n16810,4,1.0,1.0,1.0,1.0,1.0,shared
n16811,4,1.0,1.0,1.0,1.0,1.0,shared
n16812,4,1.0,1.0,1.0,1.0,1.0,shared
n16813,4,1.0,1.0,1.0,1.0,1.0,shared
n16814,4,1.0,1.0,1.0,1.0,1.0,shared
n16815,4,1.0,1.0,1.0,1.0,1.0,shared
n16816,4,1.0,1.0,1.0,1.0,1.0,shared
n16817,4,1.0,1.0,1.0,1.0,1.0,shared
n16818,4,1.0,1.0,1.0,1.0,1.0,shared
n16819,4,1.0,1.0,1.0,1.0,1.0,shared
n16820,4,1.0,1.0,1.0,1.0,1.0,shared
n16821,4,1.0,1.0,1.0,1.0,1.0,shared
n16822,4,1.0,1.0,1.0,1.0,1.0,shared
n16823,4,1.0,1.0,1.0,1.0,1.0,shared
n16824,4,1.0,1.0,1.0,1.0,1.0,shared
n16825,4,1.0,1.0,1.0,1.0,1.0,shared
n16826,4,1.0,1.0,1.0,1.0,1.0,shared
n16827,4,1.0,1.0,1.0,1.0,1.0,shared
n16828,4,1.0,1.0,1.0,1.0,1.0,shared
n16829,4,1.0,1.0,1.0,1.0,1.0,shared
n16830,4,1.0,1.0,1.0,1.0,1.0,shared
n16831,4,1.0,1.0,1.0,1.0,1.0,shared
n16832,4,1.0,1.0,1.0,1.0,1.0,shared
n16833,4,1.0,1.0,1.0,1.0,1.0,shared
n16834,3,0.75,1.0,1.0,1.0,0.9375,shared
n16835,4,1.0,1.0,1.0,1.0,1.0,shared
n16836,4,1.0,1.0,1.0,1.0,1.0,shared
n16837,4,1.0,1.0,1.0,1.0,1.0,shared
n16838,3,0.75,1.0,1.0,1.0,0.9375,shared
n16839,4,1.0,1.0,1.0,1.0,1.0,shared
n16840,3,0.75,1.0,1.0,1.0,0.9375,shared
n16841,4,1.0,1.0,1.0,1.0,1.0,shared
n16842,4,1.0,1.0,1.0,1.0,1.0,shared
n16843,4,1.0,1.0,1.0,1.0,1.0,shared
n16844,3,0.75,1.0,1.0,1.0,0.9375,shared
n16845,4,1.0,1.0,1.0,1.0,1.0,shared
n16846,4,1.0,1.0,1.0,1.0,1.0,shared
n16847,4,1.0,1.0,1.0,1.0,1.0,shared
n16848,4,1.0,1.0,1.0,1.0,1.0,shared
n16849,4,1.0,1.0,1.0,1.0,1.0,shared
n16850,4,1.0,1.0,1.0,1.0,1.0,shared
n16851,4,1.0,1.0,1.0,1.0,1.0,shared
n16852,4,1.0,1.0,1.0,1.0,1.0,shared
n16853,4,1.0,1.0,1.0,1.0,1.0,shared
n16854,4,1.0,1.0,1.0,1.0,1.0,shared
n16855,4,1.0,1.0,1.0,1.0,1.0,shared
n16856,4,1.0,1.0,1.0,1.0,1.0,shared
n16857,3,0.75,1.0,1.0,1.0,0.9375,shared
n16858,4,1.0,1.0,1.0,1.0,1.0,shared
n16859,4,1.0,1.0,1.0,1.0,1.0,shared
n16860,4,1.0,1.0,1.0,1.0,1.0,shared
n16861,4,1.0,1.0,1.0,1.0,1.0,shared
n16862,4,1.0,1.0,1.0,1.0,1.0,shared
n16863,4,1.0,1.0,1.0,1.0,1.0,shared
n16864,4,1.0,1.0,1.0,1.0,1.0,shared
n16865,4,1.0,1.0,1.0,1.0,1.0,shared
n16866,4,1.0,1.0,1.0,1.0,1.0,shared
n16867,4,1.0,1.0,1.0,1.0,1.0,shared
n16868,4,1.0,1.0,1.0,1.0,1.0,shared
n16869,4,1.0,1.0,1.0,1.0,1.0,shared
n16870,4,1.0,1.0,1.0,1.0,1.0,shared
n16871,4,1.0,1.0,1.0,1.0,1.0,shared
n16872,4,1.0,1.0,1.0,1.0,1.0,shared
n16873,3,0.75,1.0,1.0,1.0,0.9375,shared
n16874,4,1.0,1.0,1.0,1.0,1.0,shared
n16875,4,1.0,1.0,1.0,1.0,1.0,shared
n16876,4,1.0,1.0,1.0,1.0,1.0,shared
n16877,3,0.75,1.0,1.0,1.0,0.9375,shared
n16878,4,1.0,1.0,1.0,1.0,1.0,shared
n16879,4,1.0,1.0,1.0,1.0,1.0,shared
n16880,4,1.0,1.0,1.0,1.0,1.0,shared
n16881,4,1.0,1.0,1.0,1.0,1.0,shared
n16882,4,1.0,1.0,1.0,1.0,1.0,shared
n16883,4,1.0,1.0,1.0,1.0,1.0,shared
n16884,3,0.75,1.0,1.0,1.0,0.9375,shared
n16885,4,1.0,1.0,1.0,1.0,1.0,shared
n16886,4,1.0,1.0,1.0,1.0,1.0,shared
n16887,4,1.0,1.0,1.0,1.0,1.0,shared
n16888,4,1.0,1.0,1.0,1.0,1.0,shared
n16889,3,0.75,1.0,1.0,1.0,0.9375,shared
n16890,4,1.0,1.0,1.0,1.0,1.0,shared
n16891,4,1.0,1.0,1.0,1.0,1.0,shared
n16892,4,1.0,1.0,1.0,1.0,1.0,shared
n16893,3,0.75,1.0,1.0,1.0,0.9375,shared
n16894,4,1.0,1.0,1.0,1.0,1.0,shared
n16895,4,1.0,1.0,1.0,1.0,1.0,shared
n16896,4,1.0,1.0,1.0,1.0,1.0,shared
n16897,4,1.0,1.0,1.0,1.0,1.0,shared
n16898,4,1.0,1.0,1.0,1.0,1.0,shared
n16899,4,1.0,1.0,1.0,1.0,1.0,shared
n16900,4,1.0,1.0,1.0,1.0,1.0,shared
n16901,3,0.75,1.0,1.0,1.0,0.9375,shared
n16902,4,1.0,1.0,1.0,1.0,1.0,shared
n16903,3,0.75,1.0,1.0,1.0,0.9375,shared
n16904,3,0.75,1.0,1.0,1.0,0.9375,shared
n16905,4,1.0,1.0,1.0,1.0,1.0,shared
n16906,4,1.0,1.0,1.0,1.0,1.0,shared
n16907,4,1.0,1.0,1.0,1.0,1.0,shared
n16908,4,1.0,1.0,1.0,1.0,1.0,shared
n16909,4,1.0,1.0,1.0,1.0,1.0,shared
n16910,4,1.0,1.0,1.0,1.0,1.0,shared
n16911,3,0.75,1.0,1.0,1.0,0.9375,shared
n16912,4,1.0,1.0,1.0,1.0,1.0,shared
n16913,4,1.0,1.0,1.0,1.0,1.0,shared
n16914,4,1.0,1.0,1.0,1.0,1.0,shared
n16915,4,1.0,1.0,1.0,1.0,1.0,shared
n16916,4,1.0,1.0,1.0,1.0,1.0,shared
n16917,4,1.0,1.0,1.0,1.0,1.0,shared
n16918,4,1.0,1.0,1.0,1.0,1.0,shared
n16919,4,1.0,1.0,1.0,1.0,1.0,shared
n16920,4,1.0,1.0,1.0,1.0,1.0,shared
n16921,4,1.0,0.7,1.0,1.0,0.925,shared
n16922,4,1.0,1.0,1.0,1.0,1.0,shared
n16923,4,1.0,1.0,1.0,1.0,1.0,shared
n16924,4,1.0,1.0,1.0,1.0,1.0,shared
n16925,4,1.0,1.0,1.0,1.0,1.0,shared
n16926,4,1.0,1.0,1.0,1.0,1.0,shared
n16927,4,1.0,1.0,1.0,1.0,1.0,shared
n16928,4,1.0,1.0,1.0,1.0,1.0,shared
n16929,4,1.0,1.0,1.0,1.0,1.0,shared
n16930,4,1.0,1.0,1.0,1.0,1.0,shared
n16931,4,1.0,1.0,1.0,1.0,1.0,shared
n16932,4,1.0,1.0,1.0,1.0,1.0,shared
n16933,4,1.0,1.0,1.0,1.0,1.0,shared
n16934,3,0.75,1.0,1.0,1.0,0.9375,shared
n16935,4,1.0,1.0,1.0,1.0,1.0,shared
n16936,4,1.0,1.0,1.0,1.0,1.0,shared
n16937,3,0.75,1.0,1.0,1.0,0.9375,shared
n16938,4,1.0,1.0,1.0,1.0,1.0,shared
n16939,4,1.0,1.0,1.0,1.0,1.0,shared
n16940,3,0.75,1.0,1.0,1.0,0.9375,shared
n16941,4,1.0,1.0,1.0,1.0,1.0,shared
n16942,3,0.75,1.0,1.0,1.0,0.9375,shared
n16943,4,1.0,1.0,1.0,1.0,1.0,shared
n16944,4,1.0,1.0,1.0,1.0,1.0,shared
n16945,4,1.0,1.0,1.0,1.0,1.0,shared
n16946,4,1.0,1.0,1.0,1.0,1.0,shared
n16947,4,1.0,1.0,1.0,1.0,1.0,shared
n16948,4,1.0,1.0,1.0,1.0,1.0,shared
n16949,4,1.0,1.0,1.0,1.0,1.0,shared
n16950,4,1.0,1.0,1.0,1.0,1.0,shared
n16951,4,1.0,1.0,1.0,1.0,1.0,shared
n16952,4,1.0,1.0,1.0,1.0,1.0,shared
n16953,4,1.0,1.0,1.0,1.0,1.0,shared
n16954,3,0.75,1.0,1.0,1.0,0.9375,shared
n16955,4,1.0,1.0,1.0,1.0,1.0,shared
n16956,4,1.0,1.0,1.0,1.0,1.0,shared
n16957,4,1.0,1.0,1.0,1.0,1.0,shared
n16958,4,1.0,1.0,1.0,1.0,1.0,shared
n16959,4,1.0,1.0,1.0,1.0,1.0,shared
n16960,4,1.0,1.0,1.0,1.0,1.0,shared
n16961,4,1.0,1.0,1.0,1.0,1.0,shared
n16962,4,1.0,1.0,1.0,1.0,1.0,shared
n16963,4,1.0,1.0,1.0,1.0,1.0,shared
n16964,4,1.0,1.0,1.0,1.0,1.0,shared
n16965,4,1.0,1.0,1.0,1.0,1.0,shared
n16966,4,1.0,1.0,1.0,1.0,1.0,shared
n16967,4,1.0,1.0,1.0,1.0,1.0,shared
n16968,3,0.75,1.0,1.0,1.0,0.9375,shared
n16969,4,1.0,1.0,1.0,1.0,1.0,shared
n16970,3,0.75,1.0,1.0,1.0,0.9375,shared
n16971,4,1.0,1.0,1.0,1.0,1.0,shared
n16972,3,0.75,1.0,1.0,1.0,0.9375,shared
n16973,4,1.0,1.0,1.0,1.0,1.0,shared
n16974,3,0.75,1.0,1.0,1.0,0.9375,shared
n16975,3,0.75,1.0,0.5,1.0,0.8125,shared
n16976,4,1.0,1.0,1.0,1.0,1.0,shared
n16977,4,1.0,1.0,1.0,1.0,1.0,shared
n16978,4,1.0,1.0,1.0,1.0,1.0,shared
n16979,4,1.0,1.0,1.0,1.0,1.0,shared
n16980,4,1.0,1.0,1.0,1.0,1.0,shared
n16981,4,1.0,1.0,1.0,1.0,1.0,shared
n16982,3,0.75,1.0,1.0,1.0,0.9375,shared
n16983,4,1.0,1.0,1.0,1.0,1.0,shared
n16984,4,1.0,1.0,1.0,1.0,1.0,shared
n16985,4,1.0,1.0,1.0,1.0,1.0,shared
n16986,4,1.0,1.0,1.0,1.0,1.0,shared
n16987,4,1.0,1.0,1.0,1.0,1.0,shared
n16988,4,1.0,1.0,1.0,1.0,1.0,shared
n16989,4,1.0,1.0,1.0,1.0,1.0,shared
n16990,4,1.0,1.0,1.0,1.0,1.0,shared
n16991,3,0.75,1.0,1.0,1.0,0.9375,shared
n16992,4,1.0,1.0,1.0,1.0,1.0,shared
n16993,4,1.0,1.0,1.0,1.0,1.0,shared
n16994,3,0.75,1.0,1.0,1.0,0.9375,shared
n16995,4,1.0,1.0,1.0,1.0,1.0,shared
n16996,4,1.0,1.0,1.0,1.0,1.0,shared
n16997,3,0.75,1.0,1.0,1.0,0.9375,shared
n16998,4,1.0,1.0,1.0,1.0,1.0,shared
n16999,3,0.75,1.0,1.0,1.0,0.9375,shared
n17000,3,0.75,1.0,1.0,1.0,0.9375,shared
n17001,4,1.0,1.0,1.0,1.0,1.0,shared
n17002,4,1.0,1.0,1.0,1.0,1.0,shared
n17003,4,1.0,1.0,1.0,1.0,1.0,shared
n17004,4,1.0,1.0,1.0,1.0,1.0,shared
n17005,4,1.0,1.0,1.0,1.0,1.0,shared
n17006,4,1.0,1.0,1.0,1.0,1.0,shared
n17007,4,1.0,1.0,1.0,1.0,1.0,shared
n17008,4,1.0,1.0,1.0,1.0,1.0,shared
n17009,4,1.0,1.0,1.0,1.0,1.0,shared
n17010,4,1.0,1.0,1.0,1.0,1.0,shared
n17011,4,1.0,1.0,1.0,1.0,1.0,shared
n17012,3,0.75,1.0,1.0,1.0,0.9375,shared
n17013,3,0.75,1.0,1.0,1.0,0.9375,shared
n17014,4,1.0,1.0,1.0,1.0,1.0,shared
n17015,4,1.0,1.0,1.0,1.0,1.0,shared
n17016,4,1.0,1.0,1.0,1.0,1.0,shared
n17017,4,1.0,1.0,1.0,1.0,1.0,shared
n17018,4,1.0,1.0,1.0,1.0,1.0,shared
n17019,4,1.0,1.0,1.0,1.0,1.0,shared
n17020,4,1.0,1.0,1.0,1.0,1.0,shared
n17021,4,1.0,1.0,1.0,1.0,1.0,shared
n17022,4,1.0,1.0,1.0,1.0,1.0,shared
n17023,4,1.0,1.0,1.0,1.0,1.0,shared
n17024,3,0.75,1.0,1.0,1.0,0.9375,shared
n17025,4,1.0,1.0,1.0,1.0,1.0,shared
n17026,4,1.0,1.0,1.0,1.0,1.0,shared
n17027,4,1.0,1.0,1.0,1.0,1.0,shared
n17028,3,0.75,1.0,1.0,1.0,0.9375,shared
n17029,4,1.0,1.0,1.0,1.0,1.0,shared
n17030,4,1.0,1.0,1.0,1.0,1.0,shared
n17031,4,1.0,1.0,1.0,1.0,1.0,shared
n17032,4,1.0,1.0,1.0,1.0,1.0,shared
n17033,3,0.75,1.0,1.0,1.0,0.9375,shared
n17034,4,1.0,1.0,1.0,1.0,1.0,shared
n17035,3,0.75,1.0,1.0,1.0,0.9375,shared
n17036,4,1.0,1.0,1.0,1.0,1.0,shared
n17037,4,1.0,1.0,1.0,1.0,1.0,shared
n17038,3,0.75,1.0,1.0,1.0,0.9375,shared
n17039,3,0.75,1.0,1.0,1.0,0.9375,shared
n17040,4,1.0,1.0,1.0,1.0,1.0,shared
n17041,3,0.75,1.0,1.0,1.0,0.9375,shared
n17042,4,1.0,1.0,1.0,1.0,1.0,shared
n17043,3,0.75,1.0,1.0,1.0,0.9375,shared
n17044,4,1.0,1.0,1.0,1.0,1.0,shared
n17045,4,1.0,1.0,1.0,1.0,1.0,shared
n17046,4,1.0,1.0,1.0,1.0,1.0,shared
n17047,4,1.0,0.5,1.0,1.0,0.875,shared
n17048,4,1.0,1.0,1.0,1.0,1.0,shared
n17049,4,1.0,1.0,1.0,1.0,1.0,shared
n17050,3,0.75,1.0,1.0,1.0,0.9375,shared
n17051,3,0.75,1.0,1.0,1.0,0.9375,shared
n17052,4,1.0,1.0,1.0,1.0,1.0,shared
n17053,4,1.0,1.0,1.0,1.0,1.0,shared
n17054,4,1.0,1.0,0.631578947368421,1.0,0.9078947368421053,shared
n17055,4,1.0,0.5,0.5,1.0,0.75,shared
n17056,4,1.0,1.0,1.0,1.0,1.0,shared
n17057,4,1.0,1.0,1.0,1.0,1.0,shared
n17058,4,1.0,1.0,1.0,1.0,1.0,shared
n17059,4,1.0,1.0,1.0,1.0,1.0,shared
n17060,3,0.75,1.0,1.0,1.0,0.9375,shared
n17061,4,1.0,1.0,1.0,1.0,1.0,shared
n17062,4,1.0,1.0,1.0,1.0,1.0,shared
n17063,3,0.75,1.0,1.0,1.0,0.9375,shared
n17064,4,1.0,1.0,1.0,1.0,1.0,shared
n17065,4,1.0,1.0,1.0,1.0,1.0,shared
n17066,4,1.0,0.5,0.5,1.0,0.75,shared
n17067,4,1.0,1.0,1.0,1.0,1.0,shared
n17068,4,1.0,1.0,1.0,1.0,1.0,shared
n17069,4,1.0,1.0,1.0,1.0,1.0,shared
n17070,4,1.0,1.0,1.0,1.0,1.0,shared
n17071,4,1.0,1.0,1.0,1.0,1.0,shared
n17072,4,1.0,1.0,1.0,1.0,1.0,shared
n17073,4,1.0,1.0,1.0,1.0,1.0,shared
n17074,4,1.0,1.0,1.0,1.0,1.0,shared
n17075,4,1.0,1.0,1.0,1.0,1.0,shared
n17076,3,0.75,1.0,1.0,1.0,0.9375,shared
n17077,4,1.0,1.0,1.0,1.0,1.0,shared
n17078,4,1.0,1.0,1.0,1.0,1.0,shared
n17079,4,1.0,1.0,1.0,1.0,1.0,shared
n17080,4,1.0,1.0,1.0,1.0,1.0,shared
n17081,4,1.0,1.0,1.0,1.0,1.0,shared
n17082,3,0.75,1.0,1.0,1.0,0.9375,shared
n17083,4,1.0,1.0,1.0,1.0,1.0,shared
n17084,4,1.0,1.0,1.0,1.0,1.0,shared
n17085,4,1.0,1.0,1.0,1.0,1.0,shared
n17086,4,1.0,1.0,1.0,1.0,1.0,shared
n17087,4,1.0,1.0,1.0,1.0,1.0,shared
n17088,3,0.75,1.0,1.0,1.0,0.9375,shared
n17089,3,0.75,1.0,1.0,1.0,0.9375,shared
n17090,4,1.0,1.0,1.0,1.0,1.0,shared
n17091,4,1.0,1.0,1.0,1.0,1.0,shared
n17092,4,1.0,1.0,1.0,1.0,1.0,shared
n17093,4,1.0,1.0,1.0,1.0,1.0,shared
n17094,4,1.0,1.0,1.0,1.0,1.0,shared
n17095,4,1.0,1.0,1.0,1.0,1.0,shared
n17096,4,1.0,1.0,1.0,1.0,1.0,shared
n17097,4,1.0,1.0,1.0,1.0,1.0,shared
n17098,4,1.0,1.0,1.0,1.0,1.0,shared
n17099,4,1.0,1.0,1.0,1.0,1.0,shared
n17100,4,1.0,1.0,1.0,1.0,1.0,shared
n17101,4,1.0,1.0,1.0,1.0,1.0,shared
n17102,3,0.75,1.0,1.0,1.0,0.9375,shared
n17103,4,1.0,0.5714285714285714,0.5714285714285714,1.0,0.7857142857142857,shared
n17104,4,1.0,1.0,1.0,1.0,1.0,shared
n17105,4,1.0,1.0,1.0,1.0,1.0,shared
n17106,3,0.75,1.0,1.0,1.0,0.9375,shared
n17107,4,1.0,1.0,1.0,1.0,1.0,shared
n17108,4,1.0,1.0,1.0,1.0,1.0,shared
n17109,4,1.0,1.0,1.0,1.0,1.0,shared
n17110,3,0.75,1.0,1.0,1.0,0.9375,shared
n17111,4,1.0,1.0,1.0,1.0,1.0,shared
n17112,4,1.0,1.0,1.0,1.0,1.0,shared
n17113,4,1.0,1.0,1.0,1.0,1.0,shared
n17114,4,1.0,1.0,1.0,1.0,1.0,shared
n17115,3,0.75,1.0,1.0,1.0,0.9375,shared
n17116,3,0.75,1.0,1.0,1.0,0.9375,shared
n17117,4,1.0,1.0,0.26666666666666666,1.0,0.8166666666666667,shared
n17118,4,1.0,1.0,1.0,1.0,1.0,shared
n17119,3,0.75,1.0,1.0,1.0,0.9375,shared
n17120,4,1.0,1.0,1.0,1.0,1.0,shared
n17121,3,0.75,1.0,1.0,1.0,0.9375,shared
n17122,4,1.0,1.0,1.0,1.0,1.0,shared
n17123,4,1.0,1.0,1.0,1.0,1.0,shared
n17124,4,1.0,1.0,1.0,1.0,1.0,shared
n17125,4,1.0,1.0,1.0,1.0,1.0,shared
n17126,3,0.75,1.0,1.0,1.0,0.9375,shared
n17127,4,1.0,1.0,0.5,1.0,0.875,shared
n17128,3,0.75,1.0,1.0,1.0,0.9375,shared
n17129,3,0.75,1.0,1.0,1.0,0.9375,shared
n17130,4,1.0,1.0,1.0,1.0,1.0,shared
n17131,3,0.75,1.0,1.0,1.0,0.9375,shared
n17132,4,1.0,1.0,1.0,1.0,1.0,shared
n17133,3,0.75,1.0,1.0,1.0,0.9375,shared
n17134,4,1.0,1.0,1.0,1.0,1.0,shared
n17135,4,1.0,1.0,1.0,1.0,1.0,shared
n17136,4,1.0,1.0,1.0,1.0,1.0,shared
n17137,4,1.0,1.0,1.0,1.0,1.0,shared
n17138,4,1.0,1.0,1.0,1.0,1.0,shared
n17139,3,0.75,1.0,1.0,1.0,0.9375,shared
n17140,4,1.0,1.0,1.0,1.0,1.0,shared
n17141,4,1.0,1.0,1.0,1.0,1.0,shared
n17142,3,0.75,1.0,1.0,1.0,0.9375,shared
n17143,4,1.0,1.0,1.0,1.0,1.0,shared
n17144,4,1.0,1.0,1.0,1.0,1.0,shared
n17145,4,1.0,1.0,1.0,1.0,1.0,shared
n17146,3,0.75,1.0,1.0,1.0,0.9375,shared
n17147,3,0.75,1.0,1.0,1.0,0.9375,shared
n17148,3,0.75,1.0,1.0,1.0,0.9375,shared
n17149,3,0.75,1.0,1.0,1.0,0.9375,shared
n17150,3,0.75,1.0,1.0,1.0,0.9375,shared
n17151,4,1.0,1.0,1.0,1.0,1.0,shared
n17152,4,1.0,1.0,1.0,1.0,1.0,shared
n17153,3,0.75,1.0,1.0,1.0,0.9375,shared
n17154,4,1.0,1.0,1.0,1.0,1.0,shared
n17155,4,1.0,1.0,1.0,1.0,1.0,shared
n17156,4,1.0,1.0,1.0,1.0,1.0,shared
n17157,4,1.0,1.0,1.0,1.0,1.0,shared
n17158,4,1.0,1.0,1.0,1.0,1.0,shared
n17159,4,1.0,1.0,1.0,1.0,1.0,shared
n17160,4,1.0,1.0,1.0,1.0,1.0,shared
n17161,4,1.0,0.5,0.5,1.0,0.75,shared
n17162,4,1.0,1.0,1.0,1.0,1.0,shared
n17163,4,1.0,1.0,1.0,1.0,1.0,shared
n17164,4,1.0,1.0,1.0,1.0,1.0,shared
n17165,4,1.0,1.0,1.0,1.0,1.0,shared
n17166,4,1.0,1.0,1.0,1.0,1.0,shared
n17167,3,0.75,1.0,1.0,1.0,0.9375,shared
n17168,4,1.0,1.0,1.0,1.0,1.0,shared
n17169,4,1.0,1.0,1.0,1.0,1.0,shared
n17170,4,1.0,1.0,1.0,1.0,1.0,shared
n17171,4,1.0,1.0,1.0,1.0,1.0,shared
n17172,4,1.0,1.0,1.0,1.0,1.0,shared
n17173,4,1.0,1.0,1.0,1.0,1.0,shared
n17174,4,1.0,1.0,1.0,1.0,1.0,shared
n17175,4,1.0,0.5,0.5,1.0,0.75,shared
n17176,4,1.0,1.0,1.0,1.0,1.0,shared
n17177,4,1.0,1.0,1.0,1.0,1.0,shared
n17178,4,1.0,1.0,1.0,1.0,1.0,shared
n17179,3,0.75,1.0,1.0,1.0,0.9375,shared
n17180,4,1.0,1.0,1.0,1.0,1.0,shared
n17181,4,1.0,1.0,1.0,1.0,1.0,shared
n17182,4,1.0,1.0,1.0,1.0,1.0,shared
n17183,4,1.0,1.0,1.0,1.0,1.0,shared
n17184,4,1.0,1.0,1.0,1.0,1.0,shared
n17185,4,1.0,1.0,1.0,1.0,1.0,shared
n17186,4,1.0,1.0,1.0,1.0,1.0,shared
n17187,4,1.0,1.0,1.0,1.0,1.0,shared
n17188,4,1.0,1.0,1.0,1.0,1.0,shared
n17189,4,1.0,1.0,1.0,1.0,1.0,shared
n17190,4,1.0,1.0,1.0,1.0,1.0,shared
n17191,4,1.0,1.0,1.0,1.0,1.0,shared
n17192,4,1.0,1.0,1.0,1.0,1.0,shared
n17193,3,0.75,1.0,1.0,1.0,0.9375,shared
n17194,3,0.75,1.0,1.0,1.0,0.9375,shared
n17195,4,1.0,1.0,1.0,1.0,1.0,shared
n17196,4,1.0,1.0,1.0,1.0,1.0,shared
n17197,4,1.0,1.0,1.0,1.0,1.0,shared
n17198,4,1.0,1.0,1.0,1.0,1.0,shared
n17199,4,1.0,1.0,1.0,1.0,1.0,shared
n17200,4,1.0,1.0,1.0,1.0,1.0,shared
n17201,4,1.0,1.0,1.0,1.0,1.0,shared
n17202,4,1.0,1.0,1.0,1.0,1.0,shared
n17203,4,1.0,1.0,1.0,1.0,1.0,shared
n17204,3,0.75,1.0,1.0,1.0,0.9375,shared
n17205,4,1.0,1.0,1.0,1.0,1.0,shared
n17206,4,1.0,1.0,1.0,1.0,1.0,shared
n17207,3,0.75,1.0,1.0,1.0,0.9375,shared
n17208,4,1.0,1.0,1.0,1.0,1.0,shared
n17209,3,0.75,1.0,1.0,1.0,0.9375,shared
n17210,3,0.75,1.0,1.0,1.0,0.9375,shared
n17211,4,1.0,1.0,1.0,1.0,1.0,shared
n17212,4,1.0,1.0,1.0,1.0,1.0,shared
n17213,4,1.0,1.0,1.0,1.0,1.0,shared
n17214,4,1.0,1.0,1.0,1.0,1.0,shared
n17215,3,0.75,1.0,1.0,1.0,0.9375,shared
n17216,3,0.75,1.0,1.0,1.0,0.9375,shared
n17217,3,0.75,1.0,1.0,1.0,0.9375,shared
n17218,3,0.75,1.0,1.0,1.0,0.9375,shared
n17219,4,1.0,1.0,1.0,1.0,1.0,shared
n17220,3,0.75,1.0,1.0,1.0,0.9375,shared
n17221,3,0.75,1.0,1.0,1.0,0.9375,shared
n17222,3,0.75,1.0,1.0,1.0,0.9375,shared
n17223,3,0.75,1.0,1.0,1.0,0.9375,shared
n17224,3,0.75,1.0,1.0,1.0,0.9375,shared
n17225,4,1.0,1.0,1.0,1.0,1.0,shared
n17226,4,1.0,1.0,1.0,1.0,1.0,shared
n17227,3,0.75,1.0,1.0,1.0,0.9375,shared
n17228,4,1.0,1.0,1.0,1.0,1.0,shared
n17229,4,1.0,1.0,1.0,1.0,1.0,shared
n17230,4,1.0,1.0,1.0,1.0,1.0,shared
n17231,4,1.0,1.0,1.0,1.0,1.0,shared
n17232,3,0.75,1.0,1.0,1.0,0.9375,shared
n17233,4,1.0,1.0,1.0,1.0,1.0,shared
n17234,4,1.0,1.0,1.0,1.0,1.0,shared
n17235,4,1.0,1.0,1.0,1.0,1.0,shared
n17236,4,1.0,1.0,1.0,1.0,1.0,shared
n17237,4,1.0,1.0,1.0,1.0,1.0,shared
n17238,3,0.75,1.0,1.0,1.0,0.9375,shared
n17239,4,1.0,1.0,1.0,1.0,1.0,shared
n17240,4,1.0,1.0,1.0,1.0,1.0,shared
n17241,3,0.75,1.0,1.0,1.0,0.9375,shared
n17242,4,1.0,1.0,1.0,1.0,1.0,shared
n17243,3,0.75,1.0,1.0,1.0,0.9375,shared
n17244,3,0.75,1.0,1.0,1.0,0.9375,shared
n17245,3,0.75,1.0,1.0,1.0,0.9375,shared
n17246,4,1.0,0.5714285714285714,1.0,1.0,0.8928571428571428,shared
n17247,4,1.0,1.0,1.0,1.0,1.0,shared
n17248,4,1.0,1.0,1.0,1.0,1.0,shared
n17249,4,1.0,1.0,1.0,1.0,1.0,shared
n17250,3,0.75,1.0,1.0,1.0,0.9375,shared
n17251,4,1.0,1.0,1.0,1.0,1.0,shared
n17252,3,0.75,1.0,1.0,1.0,0.9375,shared
n17253,4,1.0,1.0,1.0,1.0,1.0,shared
n17254,4,1.0,1.0,1.0,1.0,1.0,shared
n17255,3,0.75,1.0,1.0,1.0,0.9375,shared
n17256,4,1.0,1.0,1.0,1.0,1.0,shared
n17257,4,1.0,1.0,1.0,1.0,1.0,shared
n17258,4,1.0,1.0,1.0,1.0,1.0,shared
n17259,4,1.0,1.0,1.0,1.0,1.0,shared
n17260,4,1.0,1.0,1.0,1.0,1.0,shared
n17261,4,1.0,1.0,1.0,1.0,1.0,shared
n17262,4,1.0,1.0,1.0,1.0,1.0,shared
n17263,4,1.0,1.0,1.0,1.0,1.0,shared
n17264,4,1.0,1.0,1.0,1.0,1.0,shared
n17265,4,1.0,1.0,1.0,1.0,1.0,shared
n17266,4,1.0,1.0,1.0,1.0,1.0,shared
n17267,4,1.0,1.0,1.0,1.0,1.0,shared
n17268,4,1.0,1.0,1.0,1.0,1.0,shared
n17269,4,1.0,1.0,1.0,1.0,1.0,shared
n17270,4,1.0,0.6,0.6,1.0,0.8,shared
n17271,4,1.0,1.0,1.0,1.0,1.0,shared
n17272,4,1.0,1.0,1.0,1.0,1.0,shared
n17273,3,0.75,1.0,1.0,1.0,0.9375,shared
n17274,4,1.0,1.0,1.0,1.0,1.0,shared
n17275,4,1.0,1.0,1.0,1.0,1.0,shared
n17276,4,1.0,1.0,1.0,1.0,1.0,shared
n17277,4,1.0,1.0,1.0,1.0,1.0,shared
n17278,4,1.0,1.0,1.0,1.0,1.0,shared
n17279,4,1.0,1.0,1.0,1.0,1.0,shared
n17280,4,1.0,1.0,1.0,1.0,1.0,shared
n17281,4,1.0,1.0,1.0,1.0,1.0,shared
n17282,4,1.0,0.5,0.5,1.0,0.75,shared
n17283,4,1.0,1.0,1.0,1.0,1.0,shared
n17284,4,1.0,1.0,1.0,1.0,1.0,shared
n17285,3,0.75,1.0,1.0,1.0,0.9375,shared
n17286,4,1.0,1.0,1.0,1.0,1.0,shared
n17287,4,1.0,1.0,1.0,1.0,1.0,shared
n17288,4,1.0,1.0,1.0,1.0,1.0,shared
n17289,4,1.0,1.0,1.0,1.0,1.0,shared
n17290,4,1.0,1.0,1.0,1.0,1.0,shared
n17291,4,1.0,1.0,1.0,1.0,1.0,shared
n17292,3,0.75,1.0,1.0,1.0,0.9375,shared
n17293,4,1.0,0.5,0.5,1.0,0.75,shared
n17294,4,1.0,1.0,1.0,1.0,1.0,shared
n17295,3,0.75,1.0,1.0,1.0,0.9375,shared
n17296,4,1.0,1.0,1.0,1.0,1.0,shared
n17297,3,0.75,1.0,1.0,1.0,0.9375,shared
n17298,3,0.75,1.0,1.0,1.0,0.9375,shared
n17299,4,1.0,1.0,1.0,1.0,1.0,shared
n17300,4,1.0,1.0,1.0,1.0,1.0,shared
n17301,3,0.75,1.0,1.0,1.0,0.9375,shared
n17302,3,0.75,1.0,1.0,1.0,0.9375,shared
n17303,3,0.75,1.0,1.0,1.0,0.9375,shared
n17304,4,1.0,1.0,1.0,1.0,1.0,shared
n17305,4,1.0,1.0,1.0,1.0,1.0,shared
n17306,4,1.0,1.0,1.0,1.0,1.0,shared
n17307,4,1.0,1.0,1.0,1.0,1.0,shared
n17308,3,0.75,1.0,1.0,1.0,0.9375,shared
n17309,4,1.0,1.0,1.0,1.0,1.0,shared
n17310,4,1.0,1.0,1.0,1.0,1.0,shared
n17311,4,1.0,1.0,1.0,1.0,1.0,shared
n17312,4,1.0,1.0,1.0,1.0,1.0,shared
n17313,4,1.0,1.0,1.0,1.0,1.0,shared
n17314,4,1.0,1.0,1.0,1.0,1.0,shared
n17315,4,1.0,1.0,1.0,1.0,1.0,shared
n17316,4,1.0,1.0,1.0,1.0,1.0,shared
n17317,3,0.75,1.0,1.0,1.0,0.9375,shared
n17318,4,1.0,1.0,1.0,1.0,1.0,shared
n17319,4,1.0,1.0,1.0,1.0,1.0,shared
n17320,4,1.0,1.0,1.0,1.0,1.0,shared
n17321,4,1.0,1.0,1.0,1.0,1.0,shared
n17322,4,1.0,1.0,1.0,1.0,1.0,shared
n17323,4,1.0,1.0,1.0,1.0,1.0,shared
n17324,4,1.0,1.0,1.0,1.0,1.0,shared
n17325,3,0.75,1.0,1.0,1.0,0.9375,shared
n17326,4,1.0,1.0,1.0,1.0,1.0,shared
n17327,4,1.0,1.0,1.0,1.0,1.0,shared
n17328,4,1.0,1.0,1.0,1.0,1.0,shared
n17329,4,1.0,1.0,1.0,1.0,1.0,shared
n17330,4,1.0,1.0,1.0,1.0,1.0,shared
n17331,4,1.0,1.0,1.0,1.0,1.0,shared
n17332,4,1.0,1.0,1.0,1.0,1.0,shared
n17333,4,1.0,1.0,1.0,1.0,1.0,shared
n17334,4,1.0,1.0,1.0,1.0,1.0,shared
n17335,4,1.0,1.0,1.0,1.0,1.0,shared
n17336,4,1.0,1.0,1.0,1.0,1.0,shared
n17337,3,0.75,1.0,1.0,1.0,0.9375,shared
n17338,4,1.0,1.0,1.0,1.0,1.0,shared
n17339,4,1.0,1.0,1.0,1.0,1.0,shared
n17340,4,1.0,1.0,1.0,1.0,1.0,shared
n17341,3,0.75,1.0,1.0,1.0,0.9375,shared
n17342,4,1.0,1.0,1.0,1.0,1.0,shared
n17343,4,1.0,1.0,1.0,1.0,1.0,shared
n17344,4,1.0,1.0,1.0,1.0,1.0,shared
n17345,3,0.75,1.0,1.0,1.0,0.9375,shared
n17346,4,1.0,1.0,1.0,1.0,1.0,shared
n17347,4,1.0,1.0,1.0,1.0,1.0,shared
n17348,4,1.0,1.0,1.0,1.0,1.0,shared
n17349,4,1.0,1.0,1.0,1.0,1.0,shared
n17350,4,1.0,1.0,1.0,1.0,1.0,shared
n17351,4,1.0,1.0,1.0,1.0,1.0,shared
n17352,4,1.0,1.0,1.0,1.0,1.0,shared
n17353,4,1.0,1.0,1.0,1.0,1.0,shared
n17354,4,1.0,1.0,1.0,1.0,1.0,shared
n17355,4,1.0,1.0,1.0,1.0,1.0,shared
n17356,3,0.75,1.0,1.0,1.0,0.9375,shared
n17357,3,0.75,1.0,1.0,1.0,0.9375,shared
n17358,4,1.0,1.0,1.0,1.0,1.0,shared
n17359,4,1.0,1.0,1.0,1.0,1.0,shared
n17360,4,1.0,1.0,1.0,1.0,1.0,shared
n17361,4,1.0,1.0,1.0,1.0,1.0,shared
n17362,4,1.0,1.0,1.0,1.0,1.0,shared
n17363,4,1.0,1.0,1.0,1.0,1.0,shared
n17364,4,1.0,1.0,1.0,1.0,1.0,shared
n17365,4,1.0,1.0,1.0,1.0,1.0,shared
n17366,4,1.0,1.0,1.0,1.0,1.0,shared
n17367,4,1.0,0.5714285714285714,0.5714285714285714,1.0,0.7857142857142857,shared
n17368,3,0.75,1.0,1.0,1.0,0.9375,shared
n17369,3,0.75,1.0,1.0,1.0,0.9375,shared
n17370,3,0.75,1.0,1.0,1.0,0.9375,shared
n17371,4,1.0,1.0,1.0,1.0,1.0,shared
n17372,3,0.75,1.0,1.0,1.0,0.9375,shared
n17373,4,1.0,1.0,1.0,1.0,1.0,shared
n17374,1,0.25,1.0,1.0,1.0,0.8125,rescued_private
n17375,4,1.0,1.0,1.0,1.0,1.0,shared
n17376,4,1.0,1.0,1.0,1.0,1.0,shared
n17377,4,1.0,1.0,1.0,1.0,1.0,shared
n17378,4,1.0,1.0,1.0,1.0,1.0,shared
n17379,4,1.0,1.0,1.0,1.0,1.0,shared
n17380,4,1.0,1.0,1.0,1.0,1.0,shared
n17381,4,1.0,1.0,1.0,1.0,1.0,shared
n17382,3,0.75,1.0,1.0,1.0,0.9375,shared
n17383,3,0.75,1.0,1.0,1.0,0.9375,shared
n17384,3,0.75,1.0,1.0,1.0,0.9375,shared
n17385,4,1.0,1.0,1.0,1.0,1.0,shared
n17386,4,1.0,1.0,1.0,1.0,1.0,shared
n17387,3,0.75,1.0,1.0,1.0,0.9375,shared
n17388,4,1.0,1.0,1.0,1.0,1.0,shared
n17389,4,1.0,1.0,1.0,1.0,1.0,shared
n17390,3,0.75,1.0,1.0,1.0,0.9375,shared
n17391,4,1.0,1.0,1.0,1.0,1.0,shared
n17392,4,1.0,1.0,1.0,1.0,1.0,shared
n17393,4,1.0,1.0,1.0,1.0,1.0,shared
n17394,4,1.0,1.0,1.0,1.0,1.0,shared
n17395,4,1.0,1.0,1.0,1.0,1.0,shared
n17396,4,1.0,1.0,1.0,1.0,1.0,shared
n17397,4,1.0,1.0,1.0,1.0,1.0,shared
n17398,4,1.0,1.0,0.5,1.0,0.875,shared
n17399,4,1.0,1.0,1.0,1.0,1.0,shared
n17400,4,1.0,1.0,1.0,1.0,1.0,shared
n17401,4,1.0,1.0,1.0,1.0,1.0,shared
n17402,4,1.0,1.0,1.0,1.0,1.0,shared
n17403,3,0.75,1.0,1.0,1.0,0.9375,shared
n17404,4,1.0,1.0,1.0,1.0,1.0,shared
n17405,4,1.0,1.0,1.0,1.0,1.0,shared
n17406,4,1.0,1.0,1.0,1.0,1.0,shared
n17407,4,1.0,1.0,1.0,1.0,1.0,shared
n17408,4,1.0,1.0,1.0,1.0,1.0,shared
n17409,4,1.0,1.0,1.0,1.0,1.0,shared
n17410,4,1.0,1.0,1.0,1.0,1.0,shared
n17411,4,1.0,1.0,1.0,1.0,1.0,shared
n17412,4,1.0,1.0,1.0,1.0,1.0,shared
n17413,4,1.0,1.0,1.0,1.0,1.0,shared
n17414,4,1.0,1.0,1.0,1.0,1.0,shared
n17415,3,0.75,1.0,1.0,1.0,0.9375,shared
n17416,4,1.0,1.0,1.0,1.0,1.0,shared
n17417,3,0.75,1.0,1.0,1.0,0.9375,shared
n17418,3,0.75,1.0,1.0,1.0,0.9375,shared
n17419,4,1.0,1.0,1.0,1.0,1.0,shared
n17420,3,0.75,1.0,1.0,1.0,0.9375,shared
n17421,3,0.75,1.0,1.0,1.0,0.9375,shared
n17422,3,0.75,1.0,1.0,1.0,0.9375,shared
n17423,4,1.0,1.0,1.0,1.0,1.0,shared
n17424,4,1.0,1.0,1.0,1.0,1.0,shared
n17425,4,1.0,1.0,1.0,1.0,1.0,shared
n17426,4,1.0,1.0,1.0,1.0,1.0,shared
n17427,4,1.0,1.0,1.0,1.0,1.0,shared
n17428,4,1.0,1.0,1.0,1.0,1.0,shared
n17429,3,0.75,1.0,1.0,1.0,0.9375,shared
n17430,4,1.0,1.0,1.0,1.0,1.0,shared
n17431,4,1.0,1.0,1.0,1.0,1.0,shared
n17432,4,1.0,1.0,1.0,1.0,1.0,shared
n17433,4,1.0,1.0,1.0,1.0,1.0,shared
n17434,4,1.0,1.0,1.0,1.0,1.0,shared
n17435,3,0.75,1.0,1.0,1.0,0.9375,shared
n17436,4,1.0,1.0,1.0,1.0,1.0,shared
n17437,4,1.0,1.0,1.0,1.0,1.0,shared
n17438,4,1.0,1.0,1.0,1.0,1.0,shared
n17439,4,1.0,1.0,1.0,1.0,1.0,shared
n17440,4,1.0,1.0,1.0,1.0,1.0,shared
n17441,3,0.75,1.0,1.0,1.0,0.9375,shared
n17442,3,0.75,1.0,1.0,1.0,0.9375,shared
n17443,4,1.0,1.0,1.0,1.0,1.0,shared
n17444,4,1.0,1.0,1.0,1.0,1.0,shared
n17445,4,1.0,1.0,1.0,1.0,1.0,shared
n17446,4,1.0,1.0,1.0,1.0,1.0,shared
n17447,3,0.75,1.0,1.0,1.0,0.9375,shared
n17448,4,1.0,1.0,1.0,1.0,1.0,shared
n17449,4,1.0,1.0,1.0,1.0,1.0,shared
n17450,4,1.0,1.0,1.0,1.0,1.0,shared
n17451,4,1.0,1.0,1.0,1.0,1.0,shared
n17452,3,0.75,1.0,1.0,1.0,0.9375,shared
n17453,3,0.75,1.0,1.0,1.0,0.9375,shared
n17454,3,0.75,1.0,1.0,1.0,0.9375,shared
n17455,4,1.0,1.0,1.0,1.0,1.0,shared
n17456,4,1.0,1.0,1.0,1.0,1.0,shared
n17457,4,1.0,1.0,1.0,1.0,1.0,shared
n17458,4,1.0,0.7,1.0,1.0,0.925,shared
n17459,4,1.0,1.0,1.0,1.0,1.0,shared
n17460,3,0.75,1.0,1.0,1.0,0.9375,shared
n17461,4,1.0,1.0,1.0,1.0,1.0,shared
n17462,3,0.75,1.0,1.0,1.0,0.9375,shared
n17463,4,1.0,1.0,1.0,1.0,1.0,shared
n17464,4,1.0,1.0,1.0,1.0,1.0,shared
n17465,4,1.0,1.0,1.0,1.0,1.0,shared
n17466,4,1.0,1.0,1.0,1.0,1.0,shared
n17467,4,1.0,1.0,1.0,1.0,1.0,shared
n17468,4,1.0,1.0,1.0,1.0,1.0,shared
n17469,4,1.0,1.0,1.0,1.0,1.0,shared
n17470,4,1.0,1.0,1.0,1.0,1.0,shared
n17471,3,0.75,1.0,1.0,1.0,0.9375,shared
n17472,4,1.0,1.0,1.0,1.0,1.0,shared
n17473,4,1.0,1.0,1.0,1.0,1.0,shared
n17474,3,0.75,1.0,1.0,1.0,0.9375,shared
n17475,4,1.0,1.0,1.0,1.0,1.0,shared
n17476,3,0.75,1.0,1.0,1.0,0.9375,shared
n17477,4,1.0,1.0,1.0,1.0,1.0,shared
n17478,4,1.0,1.0,1.0,1.0,1.0,shared
n17479,4,1.0,1.0,1.0,1.0,1.0,shared
n17480,4,1.0,1.0,1.0,1.0,1.0,shared
n17481,4,1.0,1.0,1.0,1.0,1.0,shared
n17482,3,0.75,1.0,1.0,1.0,0.9375,shared
n17483,4,1.0,1.0,1.0,1.0,1.0,shared
n17484,3,0.75,1.0,1.0,1.0,0.9375,shared
n17485,4,1.0,1.0,1.0,1.0,1.0,shared
n17486,4,1.0,1.0,1.0,1.0,1.0,shared
n17487,4,1.0,1.0,1.0,1.0,1.0,shared
n17488,4,1.0,1.0,1.0,1.0,1.0,shared
n17489,4,1.0,1.0,1.0,1.0,1.0,shared
n17490,3,0.75,1.0,1.0,1.0,0.9375,shared
n17491,4,1.0,1.0,1.0,1.0,1.0,shared
n17492,3,0.75,1.0,1.0,1.0,0.9375,shared
n17493,3,0.75,1.0,1.0,1.0,0.9375,shared
n17494,4,1.0,1.0,1.0,1.0,1.0,shared
n17495,4,1.0,1.0,1.0,1.0,1.0,shared
n17496,4,1.0,1.0,1.0,1.0,1.0,shared
n17497,4,1.0,1.0,1.0,1.0,1.0,shared
n17498,3,0.75,1.0,1.0,1.0,0.9375,shared
n17499,4,1.0,1.0,1.0,1.0,1.0,shared
n17500,4,1.0,1.0,1.0,1.0,1.0,shared
n17501,4,1.0,1.0,1.0,1.0,1.0,shared
n17502,4,1.0,1.0,1.0,1.0,1.0,shared
n17503,3,0.75,1.0,1.0,1.0,0.9375,shared
n17504,4,1.0,1.0,1.0,1.0,1.0,shared
n17505,4,1.0,1.0,1.0,1.0,1.0,shared
n17506,4,1.0,1.0,1.0,1.0,1.0,shared
n17507,4,1.0,1.0,1.0,1.0,1.0,shared
n17508,4,1.0,1.0,1.0,1.0,1.0,shared
n17509,3,0.75,1.0,1.0,1.0,0.9375,shared
n17510,4,1.0,1.0,1.0,1.0,1.0,shared
n17511,4,1.0,1.0,1.0,1.0,1.0,shared
n17512,4,1.0,1.0,1.0,1.0,1.0,shared
n17513,4,1.0,1.0,1.0,1.0,1.0,shared
n17514,4,1.0,1.0,1.0,1.0,1.0,shared
n17515,4,1.0,1.0,1.0,1.0,1.0,shared
n17516,4,1.0,1.0,1.0,1.0,1.0,shared
n17517,4,1.0,0.5,0.5,1.0,0.75,shared
n17518,3,0.75,1.0,1.0,1.0,0.9375,shared
n17519,3,0.75,1.0,1.0,1.0,0.9375,shared
n17520,4,1.0,1.0,1.0,1.0,1.0,shared
n17521,4,1.0,1.0,1.0,1.0,1.0,shared
n17522,4,1.0,1.0,1.0,1.0,1.0,shared
n17523,4,1.0,1.0,1.0,1.0,1.0,shared
n17524,3,0.75,1.0,1.0,1.0,0.9375,shared
n17525,4,1.0,0.6363636363636364,0.6363636363636364,1.0,0.8181818181818181,shared
n17526,4,1.0,1.0,1.0,1.0,1.0,shared
n17527,4,1.0,1.0,1.0,1.0,1.0,shared
n17528,3,0.75,1.0,1.0,1.0,0.9375,shared
n17529,3,0.75,1.0,1.0,1.0,0.9375,shared
n17530,4,1.0,1.0,1.0,1.0,1.0,shared
n17531,3,0.75,1.0,1.0,1.0,0.9375,shared
n17532,3,0.75,1.0,1.0,1.0,0.9375,shared
n17533,4,1.0,1.0,1.0,1.0,1.0,shared
n17534,3,0.75,1.0,1.0,1.0,0.9375,shared
n17535,4,1.0,1.0,1.0,1.0,1.0,shared
n17536,3,0.75,1.0,1.0,1.0,0.9375,shared
n17537,4,1.0,1.0,1.0,1.0,1.0,shared
n17538,4,1.0,1.0,1.0,1.0,1.0,shared
n17539,3,0.75,1.0,1.0,1.0,0.9375,shared
n17540,4,1.0,1.0,1.0,1.0,1.0,shared
n17541,4,1.0,1.0,1.0,1.0,1.0,shared
n17542,4,1.0,1.0,1.0,1.0,1.0,shared
n17543,4,1.0,1.0,1.0,1.0,1.0,shared
n17544,4,1.0,1.0,1.0,1.0,1.0,shared
n17545,4,1.0,1.0,1.0,1.0,1.0,shared
n17546,3,0.75,1.0,1.0,1.0,0.9375,shared
n17547,4,1.0,1.0,1.0,1.0,1.0,shared
n17548,4,1.0,1.0,1.0,1.0,1.0,shared
n17549,4,1.0,1.0,1.0,1.0,1.0,shared
n17550,3,0.75,1.0,1.0,1.0,0.9375,shared
n17551,3,0.75,1.0,1.0,1.0,0.9375,shared
n17552,3,0.75,1.0,1.0,1.0,0.9375,shared
n17553,4,1.0,1.0,1.0,1.0,1.0,shared
n17554,3,0.75,1.0,1.0,1.0,0.9375,shared
n17555,4,1.0,1.0,1.0,1.0,1.0,shared
n17556,4,1.0,1.0,1.0,1.0,1.0,shared
n17557,4,1.0,1.0,1.0,1.0,1.0,shared
n17558,4,1.0,1.0,1.0,1.0,1.0,shared
n17559,4,1.0,1.0,1.0,1.0,1.0,shared
n17560,3,0.75,1.0,1.0,1.0,0.9375,shared
n17561,4,1.0,1.0,1.0,1.0,1.0,shared
n17562,3,0.75,1.0,1.0,1.0,0.9375,shared
n17563,3,0.75,1.0,1.0,1.0,0.9375,shared
n17564,4,1.0,1.0,1.0,1.0,1.0,shared
n17565,4,1.0,1.0,1.0,1.0,1.0,shared
n17566,4,1.0,1.0,1.0,1.0,1.0,shared
n17567,3,0.75,1.0,1.0,1.0,0.9375,shared
n17568,4,1.0,1.0,1.0,1.0,1.0,shared
n17569,4,1.0,1.0,1.0,1.0,1.0,shared
n17570,4,1.0,1.0,1.0,1.0,1.0,shared
n17571,3,0.75,1.0,1.0,1.0,0.9375,shared
n17572,4,1.0,1.0,1.0,1.0,1.0,shared
n17573,4,1.0,1.0,1.0,1.0,1.0,shared
n17574,4,1.0,1.0,1.0,1.0,1.0,shared
n17575,4,1.0,1.0,1.0,1.0,1.0,shared
n17576,4,1.0,1.0,1.0,1.0,1.0,shared
n17577,4,1.0,1.0,1.0,1.0,1.0,shared
n17578,4,1.0,1.0,1.0,1.0,1.0,shared
n17579,4,1.0,1.0,1.0,1.0,1.0,shared
n17580,4,1.0,1.0,1.0,1.0,1.0,shared
n17581,4,1.0,1.0,1.0,1.0,1.0,shared
n17582,3,0.75,1.0,1.0,1.0,0.9375,shared
n17583,4,1.0,1.0,1.0,1.0,1.0,shared
n17584,3,0.75,1.0,1.0,1.0,0.9375,shared
n17585,3,0.75,1.0,1.0,1.0,0.9375,shared
n17586,4,1.0,1.0,1.0,1.0,1.0,shared
n17587,3,0.75,1.0,1.0,1.0,0.9375,shared
n17588,3,0.75,1.0,1.0,1.0,0.9375,shared
n17589,3,0.75,1.0,1.0,1.0,0.9375,shared
n17590,4,1.0,1.0,1.0,1.0,1.0,shared
n17591,4,1.0,1.0,1.0,1.0,1.0,shared
n17592,4,1.0,1.0,1.0,1.0,1.0,shared
n17593,4,1.0,1.0,1.0,1.0,1.0,shared
n17594,3,0.75,1.0,1.0,1.0,0.9375,shared
n17595,4,1.0,1.0,1.0,1.0,1.0,shared
n17596,3,0.75,1.0,1.0,1.0,0.9375,shared
n17597,4,1.0,1.0,1.0,1.0,1.0,shared
n17598,3,0.75,1.0,1.0,1.0,0.9375,shared
n17599,4,1.0,1.0,1.0,1.0,1.0,shared
n17600,3,0.75,1.0,1.0,1.0,0.9375,shared
n17601,3,0.75,1.0,1.0,1.0,0.9375,shared
n17602,4,1.0,1.0,1.0,1.0,1.0,shared
n17603,4,1.0,1.0,1.0,1.0,1.0,shared
n17604,3,0.75,1.0,0.5,1.0,0.8125,shared
n17605,3,0.75,1.0,1.0,1.0,0.9375,shared
n17606,4,1.0,1.0,1.0,1.0,1.0,shared
n17607,4,1.0,1.0,1.0,1.0,1.0,shared
n17608,3,0.75,0.5,0.5,1.0,0.6875,shared
n17609,3,0.75,1.0,1.0,1.0,0.9375,shared
n17610,4,1.0,1.0,1.0,1.0,1.0,shared
n17611,4,1.0,1.0,1.0,1.0,1.0,shared
n17612,4,1.0,0.6363636363636364,0.6363636363636364,1.0,0.8181818181818181,shared
n17613,3,0.75,1.0,1.0,1.0,0.9375,shared
n17614,3,0.75,1.0,1.0,1.0,0.9375,shared
n17615,4,1.0,1.0,1.0,1.0,1.0,shared
n17616,4,1.0,1.0,1.0,1.0,1.0,shared
n17617,4,1.0,1.0,1.0,1.0,1.0,shared
n17618,4,1.0,1.0,1.0,1.0,1.0,shared
n17619,4,1.0,1.0,1.0,1.0,1.0,shared
n17620,4,1.0,1.0,1.0,1.0,1.0,shared
n17621,4,1.0,1.0,1.0,1.0,1.0,shared
n17622,3,0.75,1.0,1.0,1.0,0.9375,shared
n17623,4,1.0,1.0,1.0,1.0,1.0,shared
n17624,4,1.0,1.0,1.0,1.0,1.0,shared
n17625,4,1.0,1.0,1.0,1.0,1.0,shared
n17626,4,1.0,1.0,1.0,1.0,1.0,shared
n17627,4,1.0,1.0,1.0,1.0,1.0,shared
n17628,4,1.0,1.0,1.0,1.0,1.0,shared
n17629,4,1.0,1.0,1.0,1.0,1.0,shared
n17630,4,1.0,1.0,1.0,1.0,1.0,shared
n17631,4,1.0,1.0,1.0,1.0,1.0,shared
n17632,3,0.75,1.0,1.0,1.0,0.9375,shared
n17633,4,1.0,1.0,1.0,1.0,1.0,shared
n17634,4,1.0,1.0,1.0,1.0,1.0,shared
n17635,4,1.0,1.0,1.0,1.0,1.0,shared
n17636,4,1.0,1.0,1.0,1.0,1.0,shared
n17637,4,1.0,1.0,1.0,1.0,1.0,shared
n17638,4,1.0,1.0,1.0,1.0,1.0,shared
n17639,3,0.75,1.0,1.0,1.0,0.9375,shared
n17640,4,1.0,1.0,1.0,1.0,1.0,shared
n17641,4,1.0,1.0,1.0,1.0,1.0,shared
n17642,4,1.0,1.0,1.0,1.0,1.0,shared
n17643,4,1.0,1.0,1.0,1.0,1.0,shared
n17644,3,0.75,1.0,1.0,1.0,0.9375,shared
n17645,4,1.0,1.0,1.0,1.0,1.0,shared
n17646,3,0.75,1.0,1.0,1.0,0.9375,shared
n17647,4,1.0,1.0,1.0,1.0,1.0,shared
n17648,3,0.75,1.0,1.0,1.0,0.9375,shared
n17649,3,0.75,1.0,1.0,1.0,0.9375,shared
n17650,4,1.0,1.0,1.0,1.0,1.0,shared
n17651,4,1.0,1.0,1.0,1.0,1.0,shared
n17652,4,1.0,1.0,1.0,1.0,1.0,shared
n17653,4,1.0,1.0,1.0,1.0,1.0,shared
n17654,3,0.75,1.0,1.0,1.0,0.9375,shared
n17655,3,0.75,1.0,1.0,1.0,0.9375,shared
n17656,4,1.0,1.0,1.0,1.0,1.0,shared
n17657,4,1.0,1.0,1.0,1.0,1.0,shared
n17658,4,1.0,1.0,1.0,1.0,1.0,shared
n17659,4,1.0,1.0,1.0,1.0,1.0,shared
n17660,4,1.0,1.0,1.0,1.0,1.0,shared
n17661,4,1.0,1.0,1.0,1.0,1.0,shared
n17662,4,1.0,1.0,1.0,1.0,1.0,shared
n17663,4,1.0,1.0,1.0,1.0,1.0,shared
n17664,3,0.75,1.0,1.0,1.0,0.9375,shared
n17665,4,1.0,1.0,1.0,1.0,1.0,shared
n17666,4,1.0,1.0,1.0,1.0,1.0,shared
n17667,4,1.0,1.0,1.0,1.0,1.0,shared
n17668,3,0.75,1.0,1.0,1.0,0.9375,shared
n17669,4,1.0,1.0,1.0,1.0,1.0,shared
n17670,4,1.0,1.0,1.0,1.0,1.0,shared
n17671,4,1.0,1.0,1.0,1.0,1.0,shared
n17672,3,0.75,1.0,1.0,1.0,0.9375,shared
n17673,3,0.75,1.0,1.0,1.0,0.9375,shared
n17674,4,1.0,1.0,1.0,1.0,1.0,shared
n17675,4,1.0,1.0,1.0,1.0,1.0,shared
n17676,4,1.0,1.0,1.0,1.0,1.0,shared
n17677,4,1.0,1.0,1.0,1.0,1.0,shared
n17678,4,1.0,1.0,1.0,1.0,1.0,shared
n17679,4,1.0,1.0,1.0,1.0,1.0,shared
n17680,4,1.0,1.0,1.0,1.0,1.0,shared
n17681,4,1.0,1.0,1.0,1.0,1.0,shared
n17682,4,1.0,1.0,1.0,1.0,1.0,shared
n17683,4,1.0,1.0,1.0,1.0,1.0,shared
n17684,4,1.0,1.0,1.0,1.0,1.0,shared
n17685,4,1.0,1.0,1.0,1.0,1.0,shared
n17686,4,1.0,1.0,1.0,1.0,1.0,shared
n17687,4,1.0,0.5,0.5,1.0,0.75,shared
n17688,3,0.75,1.0,1.0,1.0,0.9375,shared
n17689,4,1.0,1.0,1.0,1.0,1.0,shared
n17690,4,1.0,1.0,1.0,1.0,1.0,shared
n17691,4,1.0,1.0,1.0,1.0,1.0,shared
n17692,4,1.0,1.0,1.0,1.0,1.0,shared
n17693,3,0.75,1.0,1.0,1.0,0.9375,shared
n17694,3,0.75,1.0,1.0,1.0,0.9375,shared
n17695,4,1.0,1.0,1.0,1.0,1.0,shared
n17696,4,1.0,1.0,1.0,1.0,1.0,shared
n17697,4,1.0,1.0,1.0,1.0,1.0,shared
n17698,3,0.75,1.0,1.0,1.0,0.9375,shared
n17699,4,1.0,1.0,1.0,1.0,1.0,shared
n17700,4,1.0,1.0,1.0,1.0,1.0,shared
n17701,4,1.0,1.0,1.0,1.0,1.0,shared
n17702,4,1.0,1.0,1.0,1.0,1.0,shared
n17703,4,1.0,1.0,1.0,1.0,1.0,shared
n17704,4,1.0,1.0,1.0,1.0,1.0,shared
n17705,4,1.0,1.0,1.0,1.0,1.0,shared
n17706,4,1.0,1.0,1.0,1.0,1.0,shared
n17707,4,1.0,1.0,1.0,1.0,1.0,shared
n17708,4,1.0,1.0,1.0,1.0,1.0,shared
n17709,4,1.0,1.0,1.0,1.0,1.0,shared
n17710,4,1.0,1.0,1.0,1.0,1.0,shared
n17711,4,1.0,1.0,1.0,1.0,1.0,shared
n17712,4,1.0,1.0,1.0,1.0,1.0,shared
n17713,4,1.0,1.0,1.0,1.0,1.0,shared
n17714,4,1.0,1.0,1.0,1.0,1.0,shared
n17715,4,1.0,1.0,1.0,1.0,1.0,shared
n17716,4,1.0,1.0,1.0,1.0,1.0,shared
n17717,4,1.0,1.0,1.0,1.0,1.0,shared
n17718,3,0.75,1.0,1.0,1.0,0.9375,shared
n17719,4,1.0,1.0,1.0,1.0,1.0,shared
n17720,4,1.0,1.0,1.0,1.0,1.0,shared
n17721,4,1.0,1.0,1.0,1.0,1.0,shared
n17722,3,0.75,1.0,1.0,1.0,0.9375,shared
n17723,4,1.0,1.0,1.0,1.0,1.0,shared
n17724,3,0.75,1.0,1.0,1.0,0.9375,shared
n17725,4,1.0,1.0,1.0,1.0,1.0,shared
n17726,4,1.0,1.0,1.0,1.0,1.0,shared
n17727,4,1.0,1.0,1.0,1.0,1.0,shared
n17728,4,1.0,1.0,1.0,1.0,1.0,shared
n17729,4,1.0,1.0,1.0,1.0,1.0,shared
n17730,3,0.75,1.0,1.0,1.0,0.9375,shared
n17731,3,0.75,1.0,1.0,1.0,0.9375,shared
n17732,4,1.0,1.0,1.0,1.0,1.0,shared
n17733,4,1.0,1.0,1.0,1.0,1.0,shared
n17734,4,1.0,1.0,1.0,1.0,1.0,shared
n17735,4,1.0,1.0,1.0,1.0,1.0,shared
n17736,4,1.0,1.0,1.0,1.0,1.0,shared
n17737,3,0.75,1.0,1.0,1.0,0.9375,shared
n17738,3,0.75,1.0,1.0,1.0,0.9375,shared
n17739,3,0.75,1.0,1.0,1.0,0.9375,shared
n17740,4,1.0,1.0,1.0,1.0,1.0,shared
n17741,4,1.0,1.0,1.0,1.0,1.0,shared
n17742,3,0.75,1.0,1.0,1.0,0.9375,shared
n17743,4,1.0,1.0,1.0,1.0,1.0,shared
n17744,4,1.0,1.0,1.0,1.0,1.0,shared
n17745,4,1.0,1.0,1.0,1.0,1.0,shared
n17746,4,1.0,1.0,1.0,1.0,1.0,shared
n17747,4,1.0,1.0,1.0,1.0,1.0,shared
n17748,4,1.0,1.0,1.0,1.0,1.0,shared
n17749,4,1.0,1.0,1.0,1.0,1.0,shared
n17750,4,1.0,1.0,1.0,1.0,1.0,shared
n17751,4,1.0,1.0,1.0,1.0,1.0,shared
n17752,3,0.75,1.0,1.0,1.0,0.9375,shared
n17753,4,1.0,1.0,1.0,1.0,1.0,shared
n17754,4,1.0,1.0,1.0,1.0,1.0,shared
n17755,3,0.75,1.0,1.0,1.0,0.9375,shared
n17756,3,0.75,1.0,1.0,1.0,0.9375,shared
n17757,3,0.75,1.0,1.0,1.0,0.9375,shared
n17758,4,1.0,1.0,1.0,1.0,1.0,shared
n17759,3,0.75,1.0,1.0,1.0,0.9375,shared
n17760,3,0.75,1.0,1.0,1.0,0.9375,shared
n17761,4,1.0,1.0,1.0,1.0,1.0,shared
n17762,4,1.0,1.0,1.0,1.0,1.0,shared
n17763,4,1.0,1.0,1.0,1.0,1.0,shared
n17764,4,1.0,1.0,1.0,1.0,1.0,shared
n17765,3,0.75,1.0,1.0,1.0,0.9375,shared
n17766,4,1.0,1.0,1.0,1.0,1.0,shared
n17767,4,1.0,1.0,1.0,1.0,1.0,shared
n17768,4,1.0,1.0,1.0,1.0,1.0,shared
n17769,4,1.0,1.0,1.0,1.0,1.0,shared
n17770,4,1.0,1.0,1.0,1.0,1.0,shared
n17771,4,1.0,1.0,1.0,1.0,1.0,shared
n17772,4,1.0,1.0,1.0,1.0,1.0,shared
n17773,4,1.0,1.0,1.0,1.0,1.0,shared
n17774,3,0.75,1.0,1.0,1.0,0.9375,shared
n17775,4,1.0,1.0,1.0,1.0,1.0,shared
n17776,4,1.0,1.0,1.0,1.0,1.0,shared
n17777,4,1.0,1.0,1.0,1.0,1.0,shared
n17778,3,0.75,1.0,1.0,1.0,0.9375,shared
n17779,4,1.0,1.0,1.0,1.0,1.0,shared
n17780,3,0.75,1.0,1.0,1.0,0.9375,shared
n17781,4,1.0,1.0,1.0,1.0,1.0,shared
n17782,3,0.75,1.0,1.0,1.0,0.9375,shared
n17783,3,0.75,1.0,1.0,1.0,0.9375,shared
n17784,4,1.0,1.0,1.0,1.0,1.0,shared
n17785,3,0.75,1.0,1.0,1.0,0.9375,shared
n17786,3,0.75,1.0,1.0,1.0,0.9375,shared
n17787,3,0.75,1.0,1.0,1.0,0.9375,shared
n17788,4,1.0,1.0,1.0,1.0,1.0,shared
n17789,4,1.0,1.0,1.0,1.0,1.0,shared
n17790,4,1.0,1.0,1.0,1.0,1.0,shared
n17791,3,0.75,1.0,1.0,1.0,0.9375,shared
n17792,4,1.0,1.0,1.0,1.0,1.0,shared
n17793,3,0.75,1.0,1.0,1.0,0.9375,shared
n17794,4,1.0,1.0,1.0,1.0,1.0,shared
n17795,4,1.0,1.0,1.0,1.0,1.0,shared
n17796,4,1.0,1.0,1.0,1.0,1.0,shared
n17797,4,1.0,1.0,1.0,1.0,1.0,shared
n17798,3,0.75,1.0,1.0,1.0,0.9375,shared
n17799,4,1.0,1.0,1.0,1.0,1.0,shared
n17800,4,1.0,1.0,1.0,1.0,1.0,shared
n17801,4,1.0,1.0,1.0,1.0,1.0,shared
n17802,4,1.0,1.0,1.0,1.0,1.0,shared
n17803,4,1.0,1.0,1.0,1.0,1.0,shared
n17804,4,1.0,1.0,1.0,1.0,1.0,shared
n17805,4,1.0,1.0,1.0,1.0,1.0,shared
n17806,3,0.75,1.0,1.0,1.0,0.9375,shared
n17807,4,1.0,1.0,1.0,1.0,1.0,shared
n17808,4,1.0,1.0,1.0,1.0,1.0,shared
n17809,4,1.0,1.0,1.0,1.0,1.0,shared
n17810,4,1.0,1.0,1.0,1.0,1.0,shared
n17811,3,0.75,1.0,1.0,1.0,0.9375,shared
n17812,4,1.0,1.0,1.0,1.0,1.0,shared
n17813,4,1.0,1.0,1.0,1.0,1.0,shared
n17814,4,1.0,1.0,1.0,1.0,1.0,shared
n17815,4,1.0,1.0,1.0,1.0,1.0,shared
n17816,4,1.0,1.0,1.0,1.0,1.0,shared
n17817,4,1.0,1.0,1.0,1.0,1.0,shared
n17818,4,1.0,1.0,1.0,1.0,1.0,shared
n17819,4,1.0,1.0,1.0,1.0,1.0,shared
n17820,4,1.0,1.0,1.0,1.0,1.0,shared
n17821,4,1.0,1.0,1.0,1.0,1.0,shared
n17822,4,1.0,1.0,1.0,1.0,1.0,shared
n17823,4,1.0,1.0,1.0,1.0,1.0,shared
n17824,4,1.0,1.0,1.0,1.0,1.0,shared
n17825,4,1.0,1.0,1.0,1.0,1.0,shared
n17826,4,1.0,1.0,1.0,1.0,1.0,shared
n17827,4,1.0,1.0,1.0,1.0,1.0,shared
n17828,4,1.0,1.0,1.0,1.0,1.0,shared
n17829,4,1.0,1.0,1.0,1.0,1.0,shared
n17830,4,1.0,1.0,1.0,1.0,1.0,shared
n17831,4,1.0,1.0,1.0,1.0,1.0,shared
n17832,3,0.75,1.0,1.0,1.0,0.9375,shared
n17833,4,1.0,1.0,1.0,1.0,1.0,shared
n17834,4,1.0,1.0,1.0,1.0,1.0,shared
n17835,3,0.75,1.0,1.0,1.0,0.9375,shared
n17836,4,1.0,1.0,1.0,1.0,1.0,shared
n17837,3,0.75,1.0,1.0,1.0,0.9375,shared
n17838,4,1.0,1.0,1.0,1.0,1.0,shared
n17839,4,1.0,1.0,1.0,1.0,1.0,shared
n17840,4,1.0,1.0,1.0,1.0,1.0,shared
n17841,4,1.0,1.0,1.0,1.0,1.0,shared
n17842,4,1.0,1.0,1.0,1.0,1.0,shared
n17843,4,1.0,1.0,1.0,1.0,1.0,shared
n17844,3,0.75,1.0,1.0,1.0,0.9375,shared
n17845,3,0.75,1.0,1.0,1.0,0.9375,shared
n17846,4,1.0,1.0,1.0,1.0,1.0,shared
n17847,4,1.0,1.0,1.0,1.0,1.0,shared
n17848,4,1.0,1.0,1.0,1.0,1.0,shared
n17849,4,1.0,1.0,1.0,1.0,1.0,shared
n17850,4,1.0,1.0,1.0,1.0,1.0,shared
n17851,4,1.0,1.0,1.0,1.0,1.0,shared
n17852,4,1.0,1.0,1.0,1.0,1.0,shared
n17853,4,1.0,1.0,1.0,1.0,1.0,shared
n17854,4,1.0,1.0,1.0,1.0,1.0,shared
n17855,4,1.0,1.0,1.0,1.0,1.0,shared
n17856,4,1.0,1.0,1.0,1.0,1.0,shared
n17857,4,1.0,1.0,1.0,1.0,1.0,shared
n17858,4,1.0,1.0,1.0,1.0,1.0,shared
n17859,3,0.75,1.0,1.0,1.0,0.9375,shared
n17860,4,1.0,1.0,1.0,1.0,1.0,shared
n17861,4,1.0,1.0,1.0,1.0,1.0,shared
n17862,4,1.0,0.5,1.0,1.0,0.875,shared
n17863,3,0.75,1.0,1.0,1.0,0.9375,shared
n17864,4,1.0,1.0,1.0,1.0,1.0,shared
n17865,4,1.0,1.0,1.0,1.0,1.0,shared
n17866,4,1.0,1.0,1.0,1.0,1.0,shared
n17867,4,1.0,1.0,1.0,1.0,1.0,shared
n17868,4,1.0,1.0,1.0,1.0,1.0,shared
n17869,4,1.0,1.0,1.0,1.0,1.0,shared
n17870,4,1.0,1.0,1.0,1.0,1.0,shared
n17871,4,1.0,1.0,1.0,1.0,1.0,shared
n17872,4,1.0,1.0,1.0,1.0,1.0,shared
n17873,4,1.0,1.0,1.0,1.0,1.0,shared
n17874,4,1.0,1.0,1.0,1.0,1.0,shared
n17875,4,1.0,1.0,1.0,1.0,1.0,shared
n17876,4,1.0,1.0,1.0,1.0,1.0,shared
n17877,4,1.0,1.0,1.0,1.0,1.0,shared
n17878,4,1.0,1.0,1.0,1.0,1.0,shared
n17879,3,0.75,1.0,1.0,1.0,0.9375,shared
n17880,3,0.75,1.0,1.0,1.0,0.9375,shared
n17881,4,1.0,1.0,1.0,1.0,1.0,shared
n17882,4,1.0,1.0,1.0,1.0,1.0,shared
n17883,4,1.0,1.0,1.0,1.0,1.0,shared
n17884,4,1.0,1.0,1.0,1.0,1.0,shared
n17885,4,1.0,1.0,0.5714285714285714,1.0,0.8928571428571428,shared
n17886,3,0.75,1.0,1.0,1.0,0.9375,shared
n17887,4,1.0,1.0,1.0,1.0,1.0,shared
n17888,4,1.0,1.0,1.0,1.0,1.0,shared
n17889,4,1.0,1.0,1.0,1.0,1.0,shared
n17890,4,1.0,1.0,1.0,1.0,1.0,shared
n17891,3,0.75,1.0,1.0,1.0,0.9375,shared
n17892,4,1.0,1.0,1.0,1.0,1.0,shared
n17893,4,1.0,1.0,1.0,1.0,1.0,shared
n17894,4,1.0,1.0,1.0,1.0,1.0,shared
n17895,4,1.0,1.0,1.0,1.0,1.0,shared
n17896,4,1.0,1.0,1.0,1.0,1.0,shared
n17897,4,1.0,1.0,1.0,1.0,1.0,shared
n17898,4,1.0,1.0,1.0,1.0,1.0,shared
n17899,3,0.75,1.0,1.0,1.0,0.9375,shared
n17900,4,1.0,1.0,1.0,1.0,1.0,shared
n17901,4,1.0,1.0,1.0,1.0,1.0,shared
n17902,4,1.0,1.0,1.0,1.0,1.0,shared
n17903,4,1.0,1.0,1.0,1.0,1.0,shared
n17904,3,0.75,1.0,1.0,1.0,0.9375,shared
n17905,4,1.0,1.0,1.0,1.0,1.0,shared
n17906,4,1.0,1.0,1.0,1.0,1.0,shared
n17907,4,1.0,1.0,1.0,1.0,1.0,shared
n17908,3,0.75,1.0,1.0,1.0,0.9375,shared
n17909,4,1.0,0.5,0.5,1.0,0.75,shared
n17910,4,1.0,1.0,1.0,1.0,1.0,shared
n17911,4,1.0,1.0,1.0,1.0,1.0,shared
n17912,3,0.75,1.0,1.0,1.0,0.9375,shared
n17913,3,0.75,1.0,1.0,1.0,0.9375,shared
n17914,4,1.0,1.0,1.0,1.0,1.0,shared
n17915,4,1.0,1.0,1.0,1.0,1.0,shared
n17916,3,0.75,1.0,1.0,1.0,0.9375,shared
n17917,4,1.0,1.0,1.0,1.0,1.0,shared
n17918,4,1.0,1.0,1.0,1.0,1.0,shared
n17919,4,1.0,1.0,1.0,1.0,1.0,shared
n17920,3,0.75,1.0,1.0,1.0,0.9375,shared
n17921,4,1.0,1.0,1.0,1.0,1.0,shared
n17922,4,1.0,1.0,1.0,1.0,1.0,shared
n17923,4,1.0,1.0,1.0,1.0,1.0,shared
n17924,4,1.0,1.0,1.0,1.0,1.0,shared
n17925,4,1.0,1.0,1.0,1.0,1.0,shared
n17926,4,1.0,1.0,1.0,1.0,1.0,shared
n17927,4,1.0,1.0,1.0,1.0,1.0,shared
n17928,4,1.0,1.0,1.0,1.0,1.0,shared
n17929,4,1.0,1.0,1.0,1.0,1.0,shared
n17930,4,1.0,1.0,1.0,1.0,1.0,shared
n17931,4,1.0,1.0,1.0,1.0,1.0,shared
n17932,4,1.0,0.4666666666666667,1.0,1.0,0.8666666666666667,shared
n17933,4,1.0,1.0,1.0,1.0,1.0,shared
n17934,3,0.75,1.0,1.0,1.0,0.9375,shared
n17935,4,1.0,1.0,1.0,1.0,1.0,shared
n17936,4,1.0,1.0,1.0,1.0,1.0,shared
n17937,4,1.0,1.0,1.0,1.0,1.0,shared
n17938,4,1.0,1.0,1.0,1.0,1.0,shared
n17939,3,0.75,1.0,1.0,1.0,0.9375,shared
n17940,4,1.0,1.0,1.0,1.0,1.0,shared
n17941,4,1.0,1.0,1.0,1.0,1.0,shared
n17942,4,1.0,1.0,1.0,1.0,1.0,shared
n17943,4,1.0,1.0,1.0,1.0,1.0,shared
n17944,3,0.75,1.0,1.0,1.0,0.9375,shared
n17945,4,1.0,1.0,1.0,1.0,1.0,shared
n17946,4,1.0,1.0,1.0,1.0,1.0,shared
n17947,3,0.75,1.0,1.0,1.0,0.9375,shared
n17948,4,1.0,1.0,1.0,1.0,1.0,shared
n17949,4,1.0,1.0,1.0,1.0,1.0,shared
n17950,3,0.75,1.0,1.0,1.0,0.9375,shared
n17951,4,1.0,1.0,1.0,1.0,1.0,shared
n17952,4,1.0,1.0,1.0,1.0,1.0,shared
n17953,4,1.0,1.0,1.0,1.0,1.0,shared
n17954,4,1.0,1.0,1.0,1.0,1.0,shared
n17955,4,1.0,1.0,1.0,1.0,1.0,shared
n17956,4,1.0,1.0,1.0,1.0,1.0,shared
n17957,4,1.0,1.0,1.0,1.0,1.0,shared
n17958,3,0.75,1.0,1.0,1.0,0.9375,shared
n17959,4,1.0,1.0,1.0,1.0,1.0,shared
n17960,4,1.0,1.0,1.0,1.0,1.0,shared
n17961,4,1.0,1.0,1.0,1.0,1.0,shared
n17962,4,1.0,1.0,1.0,1.0,1.0,shared
n17963,3,0.75,1.0,1.0,1.0,0.9375,shared
n17964,4,1.0,1.0,1.0,1.0,1.0,shared
n17965,4,1.0,1.0,1.0,1.0,1.0,shared
n17966,4,1.0,1.0,1.0,1.0,1.0,shared
n17967,4,1.0,1.0,1.0,1.0,1.0,shared
n17968,4,1.0,1.0,1.0,1.0,1.0,shared
n17969,4,1.0,1.0,1.0,1.0,1.0,shared
n17970,4,1.0,0.5714285714285714,0.5714285714285714,1.0,0.7857142857142857,shared
n17971,4,1.0,1.0,1.0,1.0,1.0,shared
n17972,4,1.0,1.0,1.0,1.0,1.0,shared
n17973,3,0.75,1.0,1.0,1.0,0.9375,shared
n17974,4,1.0,1.0,1.0,1.0,1.0,shared
n17975,4,1.0,1.0,1.0,1.0,1.0,shared
n17976,3,0.75,1.0,1.0,1.0,0.9375,shared
n17977,4,1.0,1.0,1.0,1.0,1.0,shared
n17978,4,1.0,1.0,1.0,1.0,1.0,shared
n17979,4,1.0,1.0,1.0,1.0,1.0,shared
n17980,4,1.0,1.0,1.0,1.0,1.0,shared
n17981,4,1.0,1.0,1.0,1.0,1.0,shared
n17982,4,1.0,1.0,1.0,1.0,1.0,shared
n17983,3,0.75,1.0,1.0,1.0,0.9375,shared
n17984,4,1.0,1.0,1.0,1.0,1.0,shared
n17985,4,1.0,1.0,1.0,1.0,1.0,shared
n17986,4,1.0,1.0,1.0,1.0,1.0,shared
n17987,3,0.75,1.0,1.0,1.0,0.9375,shared
n17988,4,1.0,1.0,1.0,1.0,1.0,shared
n17989,3,0.75,1.0,1.0,1.0,0.9375,shared
n17990,3,0.75,1.0,1.0,1.0,0.9375,shared
n17991,3,0.75,1.0,1.0,1.0,0.9375,shared
n17992,4,1.0,0.5,0.5,1.0,0.75,shared
n17993,3,0.75,1.0,1.0,1.0,0.9375,shared
n17994,4,1.0,1.0,1.0,1.0,1.0,shared
n17995,4,1.0,1.0,1.0,1.0,1.0,shared
n17996,4,1.0,1.0,1.0,1.0,1.0,shared
n17997,4,1.0,1.0,1.0,1.0,1.0,shared
n17998,4,1.0,1.0,1.0,1.0,1.0,shared
n17999,4,1.0,1.0,1.0,1.0,1.0,shared
n18000,4,1.0,1.0,1.0,1.0,1.0,shared
n18001,4,1.0,1.0,1.0,1.0,1.0,shared
n18002,4,1.0,1.0,1.0,1.0,1.0,shared
n18003,4,1.0,1.0,1.0,1.0,1.0,shared
n18004,4,1.0,1.0,1.0,1.0,1.0,shared
n18005,4,1.0,1.0,1.0,1.0,1.0,shared
n18006,4,1.0,1.0,1.0,1.0,1.0,shared
n18007,4,1.0,1.0,1.0,1.0,1.0,shared
n18008,4,1.0,1.0,1.0,1.0,1.0,shared
n18009,3,0.75,1.0,1.0,1.0,0.9375,shared
n18010,4,1.0,1.0,1.0,1.0,1.0,shared
n18011,4,1.0,1.0,1.0,1.0,1.0,shared
n18012,4,1.0,1.0,1.0,1.0,1.0,shared
n18013,4,1.0,1.0,1.0,1.0,1.0,shared
n18014,3,0.75,1.0,1.0,1.0,0.9375,shared
n18015,4,1.0,1.0,1.0,1.0,1.0,shared
n18016,3,0.75,1.0,1.0,1.0,0.9375,shared
n18017,4,1.0,1.0,1.0,1.0,1.0,shared
n18018,3,0.75,1.0,1.0,1.0,0.9375,shared
n18019,4,1.0,1.0,1.0,1.0,1.0,shared
n18020,4,1.0,1.0,1.0,1.0,1.0,shared
n18021,4,1.0,1.0,1.0,1.0,1.0,shared
n18022,4,1.0,1.0,1.0,1.0,1.0,shared
n18023,4,1.0,1.0,1.0,1.0,1.0,shared
n18024,3,0.75,1.0,1.0,1.0,0.9375,shared
n18025,4,1.0,1.0,1.0,1.0,1.0,shared
n18026,4,1.0,1.0,1.0,1.0,1.0,shared
n18027,4,1.0,1.0,1.0,1.0,1.0,shared
n18028,4,1.0,1.0,1.0,1.0,1.0,shared
n18029,4,1.0,1.0,1.0,1.0,1.0,shared
n18030,4,1.0,1.0,1.0,1.0,1.0,shared
n18031,4,1.0,1.0,1.0,1.0,1.0,shared
n18032,4,1.0,1.0,1.0,1.0,1.0,shared
n18033,3,0.75,1.0,1.0,1.0,0.9375,shared
n18034,4,1.0,1.0,1.0,1.0,1.0,shared
n18035,4,1.0,1.0,1.0,1.0,1.0,shared
n18036,3,0.75,1.0,1.0,1.0,0.9375,shared
n18037,4,1.0,1.0,1.0,1.0,1.0,shared
n18038,3,0.75,1.0,1.0,1.0,0.9375,shared
n18039,4,1.0,1.0,1.0,1.0,1.0,shared
n18040,3,0.75,1.0,1.0,1.0,0.9375,shared
n18041,4,1.0,1.0,1.0,1.0,1.0,shared
n18042,4,1.0,1.0,1.0,1.0,1.0,shared
n18043,4,1.0,1.0,1.0,1.0,1.0,shared
n18044,3,0.75,1.0,1.0,1.0,0.9375,shared
n18045,4,1.0,1.0,1.0,1.0,1.0,shared
n18046,4,1.0,1.0,1.0,1.0,1.0,shared
n18047,4,1.0,1.0,1.0,1.0,1.0,shared
n18048,4,1.0,1.0,1.0,1.0,1.0,shared
n18049,4,1.0,1.0,1.0,1.0,1.0,shared
n18050,3,0.75,1.0,1.0,1.0,0.9375,shared
n18051,4,1.0,1.0,1.0,1.0,1.0,shared
n18052,4,1.0,1.0,1.0,1.0,1.0,shared
n18053,4,1.0,1.0,1.0,1.0,1.0,shared
n18054,3,0.75,1.0,1.0,1.0,0.9375,shared
n18055,3,0.75,1.0,1.0,1.0,0.9375,shared
n18056,4,1.0,1.0,1.0,1.0,1.0,shared
n18057,4,1.0,1.0,1.0,1.0,1.0,shared
n18058,4,1.0,1.0,1.0,1.0,1.0,shared
n18059,4,1.0,1.0,1.0,1.0,1.0,shared
n18060,4,1.0,1.0,1.0,1.0,1.0,shared
n18061,4,1.0,1.0,1.0,1.0,1.0,shared
n18062,3,0.75,1.0,1.0,1.0,0.9375,shared
n18063,3,0.75,1.0,1.0,1.0,0.9375,shared
n18064,4,1.0,1.0,1.0,1.0,1.0,shared
n18065,4,1.0,1.0,1.0,1.0,1.0,shared
n18066,4,1.0,1.0,1.0,1.0,1.0,shared
n18067,3,0.75,1.0,1.0,1.0,0.9375,shared
n18068,3,0.75,1.0,1.0,1.0,0.9375,shared
n18069,4,1.0,1.0,1.0,1.0,1.0,shared
n18070,4,1.0,1.0,1.0,1.0,1.0,shared
n18071,4,1.0,1.0,1.0,1.0,1.0,shared
n18072,4,1.0,1.0,1.0,1.0,1.0,shared
n18073,4,1.0,1.0,1.0,1.0,1.0,shared
n18074,3,0.75,1.0,1.0,1.0,0.9375,shared
n18075,4,1.0,1.0,0.5,1.0,0.875,shared
n18076,4,1.0,1.0,1.0,1.0,1.0,shared
n18077,4,1.0,0.8,0.8,1.0,0.9,shared
n18078,4,1.0,1.0,1.0,1.0,1.0,shared
n18079,4,1.0,1.0,1.0,1.0,1.0,shared
n18080,4,1.0,1.0,1.0,1.0,1.0,shared
n18081,4,1.0,1.0,1.0,1.0,1.0,shared
n18082,4,1.0,1.0,1.0,1.0,1.0,shared
n18083,3,0.75,1.0,1.0,1.0,0.9375,shared
n18084,4,1.0,1.0,1.0,1.0,1.0,shared
n18085,4,1.0,1.0,1.0,1.0,1.0,shared
n18086,4,1.0,1.0,1.0,1.0,1.0,shared
n18087,3,0.75,1.0,1.0,1.0,0.9375,shared
n18088,4,1.0,1.0,1.0,1.0,1.0,shared
n18089,4,1.0,1.0,1.0,1.0,1.0,shared
n18090,4,1.0,1.0,1.0,1.0,1.0,shared
n18091,4,1.0,1.0,1.0,1.0,1.0,shared
n18092,4,1.0,1.0,1.0,1.0,1.0,shared
n18093,4,1.0,1.0,1.0,1.0,1.0,shared
n18094,3,0.75,1.0,1.0,1.0,0.9375,shared
n18095,4,1.0,1.0,1.0,1.0,1.0,shared
n18096,4,1.0,1.0,1.0,1.0,1.0,shared
n18097,4,1.0,1.0,1.0,1.0,1.0,shared
n18098,4,1.0,1.0,1.0,1.0,1.0,shared
n18099,4,1.0,1.0,1.0,1.0,1.0,shared
n18100,4,1.0,1.0,1.0,1.0,1.0,shared
n18101,4,1.0,1.0,1.0,1.0,1.0,shared
n18102,4,1.0,1.0,1.0,1.0,1.0,shared
n18103,3,0.75,1.0,1.0,1.0,0.9375,shared
n18104,4,1.0,1.0,1.0,1.0,1.0,shared
n18105,4,1.0,1.0,1.0,1.0,1.0,shared
n18106,3,0.75,1.0,1.0,1.0,0.9375,shared
n18107,3,0.75,1.0,1.0,1.0,0.9375,shared
n18108,4,1.0,1.0,1.0,1.0,1.0,shared
n18109,4,1.0,1.0,1.0,1.0,1.0,shared
n18110,4,1.0,1.0,1.0,1.0,1.0,shared
n18111,4,1.0,1.0,1.0,1.0,1.0,shared
n18112,4,1.0,1.0,1.0,1.0,1.0,shared
n18113,4,1.0,1.0,1.0,1.0,1.0,shared
n18114,4,1.0,1.0,1.0,1.0,1.0,shared
n18115,4,1.0,1.0,1.0,1.0,1.0,shared
n18116,4,1.0,1.0,1.0,1.0,1.0,shared
n18117,4,1.0,1.0,1.0,1.0,1.0,shared
n18118,4,1.0,0.5714285714285714,1.0,1.0,0.8928571428571428,shared
n18119,4,1.0,1.0,1.0,1.0,1.0,shared
n18120,3,0.75,1.0,1.0,1.0,0.9375,shared
n18121,4,1.0,1.0,1.0,1.0,1.0,shared
n18122,4,1.0,1.0,1.0,1.0,1.0,shared
n18123,4,1.0,1.0,1.0,1.0,1.0,shared
n18124,4,1.0,1.0,1.0,1.0,1.0,shared
n18125,3,0.75,1.0,1.0,1.0,0.9375,shared
n18126,4,1.0,1.0,1.0,1.0,1.0,shared
n18127,3,0.75,1.0,1.0,1.0,0.9375,shared
n18128,3,0.75,1.0,1.0,1.0,0.9375,shared
n18129,3,0.75,1.0,1.0,1.0,0.9375,shared
n18130,4,1.0,1.0,1.0,1.0,1.0,shared
n18131,4,1.0,1.0,1.0,1.0,1.0,shared
n18132,3,0.75,1.0,1.0,1.0,0.9375,shared
n18133,3,0.75,1.0,1.0,1.0,0.9375,shared
n18134,4,1.0,1.0,1.0,1.0,1.0,shared
n18135,3,0.75,1.0,1.0,1.0,0.9375,shared
n18136,4,1.0,1.0,1.0,1.0,1.0,shared
n18137,4,1.0,1.0,1.0,1.0,1.0,shared
n18138,4,1.0,1.0,1.0,1.0,1.0,shared
n18139,3,0.75,1.0,1.0,1.0,0.9375,shared
n18140,3,0.75,1.0,1.0,1.0,0.9375,shared
n18141,3,0.75,1.0,1.0,1.0,0.9375,shared
n18142,4,1.0,1.0,1.0,1.0,1.0,shared
n18143,4,1.0,1.0,1.0,1.0,1.0,shared
n18144,4,1.0,1.0,1.0,1.0,1.0,shared
n18145,4,1.0,1.0,1.0,1.0,1.0,shared
n18146,4,1.0,1.0,1.0,1.0,1.0,shared
n18147,4,1.0,1.0,1.0,1.0,1.0,shared
n18148,3,0.75,1.0,1.0,1.0,0.9375,shared
n18149,4,1.0,1.0,1.0,1.0,1.0,shared
n18150,4,1.0,1.0,1.0,1.0,1.0,shared
n18151,4,1.0,1.0,1.0,1.0,1.0,shared
n18152,4,1.0,1.0,1.0,1.0,1.0,shared
n18153,4,1.0,1.0,1.0,1.0,1.0,shared
n18154,4,1.0,1.0,1.0,1.0,1.0,shared
n18155,3,0.75,1.0,1.0,1.0,0.9375,shared
n18156,3,0.75,1.0,1.0,1.0,0.9375,shared
n18157,4,1.0,1.0,1.0,1.0,1.0,shared
n18158,4,1.0,1.0,1.0,1.0,1.0,shared
n18159,4,1.0,1.0,1.0,1.0,1.0,shared
n18160,4,1.0,1.0,1.0,1.0,1.0,shared
n18161,4,1.0,1.0,1.0,1.0,1.0,shared
n18162,4,1.0,1.0,1.0,1.0,1.0,shared
n18163,4,1.0,1.0,1.0,1.0,1.0,shared
n18164,4,1.0,1.0,1.0,1.0,1.0,shared
n18165,4,1.0,1.0,1.0,1.0,1.0,shared
n18166,4,1.0,1.0,1.0,1.0,1.0,shared
n18167,4,1.0,1.0,1.0,1.0,1.0,shared
n18168,4,1.0,1.0,1.0,1.0,1.0,shared
n18169,4,1.0,1.0,1.0,1.0,1.0,shared
n18170,4,1.0,1.0,1.0,1.0,1.0,shared
n18171,3,0.75,1.0,1.0,1.0,0.9375,shared
n18172,3,0.75,1.0,1.0,1.0,0.9375,shared
n18173,3,0.75,1.0,1.0,1.0,0.9375,shared
n18174,3,0.75,1.0,1.0,1.0,0.9375,shared
n18175,4,1.0,1.0,1.0,1.0,1.0,shared
n18176,4,1.0,1.0,1.0,1.0,1.0,shared
n18177,4,1.0,1.0,1.0,1.0,1.0,shared
n18178,4,1.0,1.0,1.0,1.0,1.0,shared
n18179,3,0.75,1.0,1.0,1.0,0.9375,shared
n18180,4,1.0,1.0,1.0,1.0,1.0,shared
n18181,4,1.0,1.0,1.0,1.0,1.0,shared
n18182,4,1.0,1.0,1.0,1.0,1.0,shared
n18183,3,0.75,1.0,1.0,1.0,0.9375,shared
n18184,4,1.0,1.0,1.0,1.0,1.0,shared
n18185,4,1.0,1.0,1.0,1.0,1.0,shared
n18186,4,1.0,1.0,1.0,1.0,1.0,shared
n18187,3,0.75,1.0,1.0,1.0,0.9375,shared
n18188,4,1.0,1.0,1.0,1.0,1.0,shared
n18189,4,1.0,1.0,1.0,1.0,1.0,shared
n18190,4,1.0,1.0,1.0,1.0,1.0,shared
n18191,4,1.0,1.0,1.0,1.0,1.0,shared
n18192,3,0.75,1.0,1.0,1.0,0.9375,shared
n18193,4,1.0,1.0,1.0,1.0,1.0,shared
n18194,4,1.0,1.0,1.0,1.0,1.0,shared
n18195,3,0.75,1.0,1.0,1.0,0.9375,shared
n18196,4,1.0,1.0,1.0,1.0,1.0,shared
n18197,4,1.0,1.0,1.0,1.0,1.0,shared
n18198,4,1.0,1.0,1.0,1.0,1.0,shared
n18199,3,0.75,1.0,1.0,1.0,0.9375,shared
n18200,4,1.0,1.0,1.0,1.0,1.0,shared
n18201,4,1.0,1.0,1.0,1.0,1.0,shared
n18202,3,0.75,0.5,0.5,1.0,0.6875,shared
n18203,4,1.0,1.0,1.0,1.0,1.0,shared
n18204,4,1.0,1.0,1.0,1.0,1.0,shared
n18205,4,1.0,1.0,1.0,1.0,1.0,shared
n18206,4,1.0,1.0,1.0,1.0,1.0,shared
n18207,4,1.0,1.0,1.0,1.0,1.0,shared
n18208,4,1.0,1.0,1.0,1.0,1.0,shared
n18209,3,0.75,1.0,1.0,1.0,0.9375,shared
n18210,3,0.75,1.0,1.0,1.0,0.9375,shared
n18211,4,1.0,0.75,1.0,1.0,0.9375,shared
n18212,4,1.0,1.0,1.0,1.0,1.0,shared
n18213,4,1.0,1.0,1.0,1.0,1.0,shared
n18214,3,0.75,1.0,1.0,1.0,0.9375,shared
n18215,3,0.75,1.0,1.0,1.0,0.9375,shared
n18216,4,1.0,1.0,1.0,1.0,1.0,shared
n18217,4,1.0,1.0,1.0,1.0,1.0,shared
n18218,4,1.0,1.0,1.0,1.0,1.0,shared
n18219,4,1.0,1.0,1.0,1.0,1.0,shared
n18220,3,0.75,1.0,1.0,1.0,0.9375,shared
n18221,4,1.0,1.0,1.0,1.0,1.0,shared
n18222,3,0.75,1.0,1.0,1.0,0.9375,shared
n18223,4,1.0,1.0,1.0,1.0,1.0,shared
n18224,4,1.0,1.0,1.0,1.0,1.0,shared
n18225,4,1.0,1.0,1.0,1.0,1.0,shared
n18226,4,1.0,1.0,1.0,1.0,1.0,shared
n18227,4,1.0,1.0,1.0,1.0,1.0,shared
n18228,4,1.0,1.0,1.0,1.0,1.0,shared
n18229,4,1.0,1.0,1.0,1.0,1.0,shared
n18230,4,1.0,1.0,1.0,1.0,1.0,shared
n18231,4,1.0,1.0,1.0,1.0,1.0,shared
n18232,4,1.0,1.0,1.0,1.0,1.0,shared
n18233,4,1.0,0.6666666666666666,1.0,1.0,0.9166666666666666,shared
n18234,3,0.75,1.0,1.0,1.0,0.9375,shared
n18235,4,1.0,1.0,1.0,1.0,1.0,shared
n18236,4,1.0,1.0,1.0,1.0,1.0,shared
n18237,4,1.0,1.0,1.0,1.0,1.0,shared
n18238,4,1.0,1.0,1.0,1.0,1.0,shared
n18239,4,1.0,1.0,1.0,1.0,1.0,shared
n18240,4,1.0,1.0,1.0,1.0,1.0,shared
n18241,3,0.75,1.0,1.0,1.0,0.9375,shared
n18242,4,1.0,1.0,1.0,1.0,1.0,shared
n18243,4,1.0,1.0,1.0,1.0,1.0,shared
n18244,4,1.0,1.0,1.0,1.0,1.0,shared
n18245,4,1.0,1.0,1.0,1.0,1.0,shared
n18246,4,1.0,1.0,1.0,1.0,1.0,shared
n18247,4,1.0,1.0,1.0,1.0,1.0,shared
n18248,4,1.0,1.0,1.0,1.0,1.0,shared
n18249,4,1.0,1.0,1.0,1.0,1.0,shared
n18250,3,0.75,1.0,1.0,1.0,0.9375,shared
n18251,3,0.75,1.0,1.0,1.0,0.9375,shared
n18252,4,1.0,1.0,1.0,1.0,1.0,shared
n18253,4,1.0,1.0,1.0,1.0,1.0,shared
n18254,4,1.0,1.0,1.0,1.0,1.0,shared
n18255,4,1.0,1.0,1.0,1.0,1.0,shared
n18256,3,0.75,1.0,1.0,1.0,0.9375,shared
n18257,4,1.0,1.0,1.0,1.0,1.0,shared
n18258,4,1.0,1.0,1.0,1.0,1.0,shared
n18259,3,0.75,1.0,1.0,1.0,0.9375,shared
n18260,4,1.0,1.0,1.0,1.0,1.0,shared
n18261,4,1.0,1.0,1.0,1.0,1.0,shared
n18262,3,0.75,1.0,1.0,1.0,0.9375,shared
n18263,4,1.0,1.0,1.0,1.0,1.0,shared
n18264,4,1.0,1.0,1.0,1.0,1.0,shared
n18265,4,1.0,1.0,1.0,1.0,1.0,shared
n18266,4,1.0,1.0,1.0,1.0,1.0,shared
n18267,4,1.0,1.0,1.0,1.0,1.0,shared
n18268,4,1.0,1.0,1.0,1.0,1.0,shared
n18269,4,1.0,1.0,1.0,1.0,1.0,shared
n18270,4,1.0,1.0,1.0,1.0,1.0,shared
n18271,4,1.0,1.0,1.0,1.0,1.0,shared
n18272,4,1.0,1.0,1.0,1.0,1.0,shared
n18273,4,1.0,1.0,1.0,1.0,1.0,shared
n18274,4,1.0,1.0,1.0,1.0,1.0,shared
n18275,4,1.0,1.0,1.0,1.0,1.0,shared
n18276,4,1.0,0.5,1.0,1.0,0.875,shared
n18277,4,1.0,1.0,1.0,1.0,1.0,shared
n18278,4,1.0,1.0,1.0,1.0,1.0,shared
n18279,4,1.0,1.0,1.0,1.0,1.0,shared
n18280,3,0.75,1.0,1.0,1.0,0.9375,shared
n18281,4,1.0,1.0,1.0,1.0,1.0,shared
n18282,3,0.75,1.0,1.0,1.0,0.9375,shared
n18283,4,1.0,1.0,1.0,1.0,1.0,shared
n18284,4,1.0,1.0,1.0,1.0,1.0,shared
n18285,4,1.0,1.0,1.0,1.0,1.0,shared
n18286,3,0.75,1.0,1.0,1.0,0.9375,shared
n18287,4,1.0,1.0,1.0,1.0,1.0,shared
n18288,4,1.0,1.0,1.0,1.0,1.0,shared
n18289,4,1.0,1.0,1.0,1.0,1.0,shared
n18290,4,1.0,1.0,1.0,1.0,1.0,shared
n18291,4,1.0,1.0,1.0,1.0,1.0,shared
n18292,4,1.0,1.0,1.0,1.0,1.0,shared
n18293,4,1.0,1.0,1.0,1.0,1.0,shared
n18294,4,1.0,1.0,1.0,1.0,1.0,shared
n18295,4,1.0,1.0,1.0,1.0,1.0,shared
n18296,4,1.0,1.0,1.0,1.0,1.0,shared
n18297,4,1.0,1.0,1.0,1.0,1.0,shared
n18298,4,1.0,1.0,1.0,1.0,1.0,shared
n18299,4,1.0,1.0,1.0,1.0,1.0,shared
n18300,4,1.0,1.0,1.0,1.0,1.0,shared
n18301,4,1.0,1.0,1.0,1.0,1.0,shared
n18302,4,1.0,1.0,1.0,1.0,1.0,shared
n18303,4,1.0,1.0,1.0,1.0,1.0,shared
n18304,3,0.75,1.0,1.0,1.0,0.9375,shared
n18305,4,1.0,1.0,1.0,1.0,1.0,shared
n18306,3,0.75,1.0,1.0,1.0,0.9375,shared
n18307,4,1.0,1.0,1.0,1.0,1.0,shared
n18308,4,1.0,1.0,1.0,1.0,1.0,shared
n18309,4,1.0,1.0,0.5,1.0,0.875,shared
n18310,4,1.0,1.0,1.0,1.0,1.0,shared
n18311,3,0.75,1.0,1.0,1.0,0.9375,shared
n18312,4,1.0,1.0,1.0,1.0,1.0,shared
n18313,4,1.0,1.0,1.0,1.0,1.0,shared
n18314,4,1.0,1.0,1.0,1.0,1.0,shared
n18315,4,1.0,1.0,1.0,1.0,1.0,shared
n18316,4,1.0,1.0,1.0,1.0,1.0,shared
n18317,4,1.0,1.0,1.0,1.0,1.0,shared
n18318,4,1.0,1.0,1.0,1.0,1.0,shared
n18319,4,1.0,1.0,1.0,1.0,1.0,shared
n18320,4,1.0,1.0,1.0,1.0,1.0,shared
n18321,4,1.0,1.0,1.0,1.0,1.0,shared
n18322,4,1.0,1.0,1.0,1.0,1.0,shared
n18323,4,1.0,1.0,1.0,1.0,1.0,shared
n18324,4,1.0,1.0,1.0,1.0,1.0,shared
n18325,4,1.0,1.0,1.0,1.0,1.0,shared
n18326,4,1.0,1.0,1.0,1.0,1.0,shared
n18327,4,1.0,1.0,1.0,1.0,1.0,shared
n18328,3,0.75,1.0,1.0,1.0,0.9375,shared
n18329,4,1.0,1.0,1.0,1.0,1.0,shared
n18330,3,0.75,1.0,1.0,1.0,0.9375,shared
n18331,4,1.0,1.0,1.0,1.0,1.0,shared
n18332,4,1.0,1.0,1.0,1.0,1.0,shared
n18333,4,1.0,1.0,1.0,1.0,1.0,shared
n18334,4,1.0,1.0,1.0,1.0,1.0,shared
n18335,4,1.0,1.0,1.0,1.0,1.0,shared
n18336,4,1.0,1.0,1.0,1.0,1.0,shared
n18337,4,1.0,1.0,1.0,1.0,1.0,shared
n18338,4,1.0,1.0,1.0,1.0,1.0,shared
n18339,4,1.0,1.0,1.0,1.0,1.0,shared
n18340,4,1.0,0.5,0.5,1.0,0.75,shared
n18341,4,1.0,1.0,1.0,1.0,1.0,shared
n18342,4,1.0,1.0,1.0,1.0,1.0,shared
n18343,4,1.0,1.0,1.0,1.0,1.0,shared
n18344,3,0.75,1.0,1.0,1.0,0.9375,shared
n18345,4,1.0,1.0,1.0,1.0,1.0,shared
n18346,3,0.75,1.0,1.0,1.0,0.9375,shared
n18347,4,1.0,1.0,1.0,1.0,1.0,shared
n18348,3,0.75,1.0,1.0,1.0,0.9375,shared
n18349,4,1.0,1.0,1.0,1.0,1.0,shared
n18350,4,1.0,1.0,1.0,1.0,1.0,shared
n18351,3,0.75,1.0,1.0,1.0,0.9375,shared
n18352,4,1.0,1.0,1.0,1.0,1.0,shared
n18353,4,1.0,1.0,1.0,1.0,1.0,shared
n18354,3,0.75,1.0,1.0,1.0,0.9375,shared
n18355,4,1.0,0.5,0.5,1.0,0.75,shared
n18356,4,1.0,1.0,1.0,1.0,1.0,shared
n18357,3,0.75,1.0,1.0,1.0,0.9375,shared
n18358,3,0.75,1.0,1.0,1.0,0.9375,shared
n18359,3,0.75,1.0,1.0,1.0,0.9375,shared
n18360,4,1.0,1.0,0.6666666666666666,1.0,0.9166666666666666,shared
n18361,4,1.0,0.5,0.5,1.0,0.75,shared
n18362,3,0.75,1.0,1.0,1.0,0.9375,shared
n18363,4,1.0,1.0,1.0,1.0,1.0,shared
n18364,3,0.75,1.0,1.0,1.0,0.9375,shared
n18365,4,1.0,1.0,1.0,1.0,1.0,shared
n18366,3,0.75,1.0,1.0,1.0,0.9375,shared
n18367,3,0.75,1.0,1.0,1.0,0.9375,shared
n18368,4,1.0,1.0,1.0,1.0,1.0,shared
n18369,3,0.75,1.0,1.0,1.0,0.9375,shared
n18370,3,0.75,1.0,1.0,1.0,0.9375,shared
n18371,4,1.0,1.0,1.0,1.0,1.0,shared
n18372,1,0.25,1.0,1.0,1.0,0.8125,rescued_private
n18373,4,1.0,1.0,1.0,1.0,1.0,shared
n18374,4,1.0,1.0,1.0,1.0,1.0,shared
n18375,4,1.0,1.0,1.0,1.0,1.0,shared
n18376,4,1.0,1.0,1.0,1.0,1.0,shared
n18377,4,1.0,1.0,1.0,1.0,1.0,shared
n18378,4,1.0,1.0,1.0,1.0,1.0,shared
n18379,4,1.0,1.0,1.0,1.0,1.0,shared
n18380,3,0.75,1.0,1.0,1.0,0.9375,shared
n18381,3,0.75,1.0,1.0,1.0,0.9375,shared
n18382,4,1.0,1.0,1.0,1.0,1.0,shared
n18383,3,0.75,1.0,1.0,1.0,0.9375,shared
n18384,4,1.0,1.0,1.0,1.0,1.0,shared
n18385,4,1.0,1.0,1.0,1.0,1.0,shared
n18386,3,0.75,1.0,1.0,1.0,0.9375,shared
n18387,4,1.0,1.0,1.0,1.0,1.0,shared
n18388,4,1.0,1.0,1.0,1.0,1.0,shared
n18389,4,1.0,1.0,1.0,1.0,1.0,shared
n18390,4,1.0,1.0,1.0,1.0,1.0,shared
n18391,4,1.0,1.0,1.0,1.0,1.0,shared
n18392,4,1.0,1.0,1.0,1.0,1.0,shared
n18393,4,1.0,1.0,1.0,1.0,1.0,shared
n18394,4,1.0,1.0,1.0,1.0,1.0,shared
n18395,4,1.0,1.0,1.0,1.0,1.0,shared
n18396,4,1.0,1.0,1.0,1.0,1.0,shared
n18397,4,1.0,1.0,1.0,1.0,1.0,shared
n18398,4,1.0,1.0,1.0,1.0,1.0,shared
n18399,4,1.0,1.0,1.0,1.0,1.0,shared
n18400,4,1.0,1.0,1.0,1.0,1.0,shared
n18401,4,1.0,1.0,1.0,1.0,1.0,shared
n18402,4,1.0,1.0,1.0,1.0,1.0,shared
n18403,4,1.0,1.0,1.0,1.0,1.0,shared
n18404,4,1.0,1.0,1.0,1.0,1.0,shared
n18405,4,1.0,1.0,1.0,1.0,1.0,shared
n18406,4,1.0,1.0,1.0,1.0,1.0,shared
n18407,4,1.0,1.0,1.0,1.0,1.0,shared
n18408,4,1.0,1.0,1.0,1.0,1.0,shared
n18409,4,1.0,1.0,1.0,1.0,1.0,shared
n18410,3,0.75,1.0,1.0,1.0,0.9375,shared
n18411,4,1.0,1.0,1.0,1.0,1.0,shared
n18412,4,1.0,1.0,1.0,1.0,1.0,shared
n18413,4,1.0,1.0,1.0,1.0,1.0,shared
n18414,4,1.0,1.0,1.0,1.0,1.0,shared
n18415,4,1.0,0.5714285714285714,0.5714285714285714,1.0,0.7857142857142857,shared
n18416,3,0.75,1.0,1.0,1.0,0.9375,shared
n18417,4,1.0,1.0,1.0,1.0,1.0,shared
n18418,4,1.0,1.0,1.0,1.0,1.0,shared
n18419,4,1.0,1.0,1.0,1.0,1.0,shared
n18420,4,1.0,1.0,1.0,1.0,1.0,shared
n18421,3,0.75,1.0,1.0,1.0,0.9375,shared
n18422,4,1.0,1.0,1.0,1.0,1.0,shared
n18423,4,1.0,1.0,1.0,1.0,1.0,shared
n18424,4,1.0,1.0,1.0,1.0,1.0,shared
n18425,3,0.75,1.0,1.0,1.0,0.9375,shared
n18426,4,1.0,1.0,1.0,1.0,1.0,shared
n18427,4,1.0,1.0,1.0,1.0,1.0,shared
n18428,4,1.0,1.0,1.0,1.0,1.0,shared
n18429,4,1.0,1.0,1.0,1.0,1.0,shared
n18430,4,1.0,1.0,1.0,1.0,1.0,shared
n18431,4,1.0,1.0,1.0,1.0,1.0,shared
n18432,4,1.0,1.0,1.0,1.0,1.0,shared
n18433,4,1.0,1.0,1.0,1.0,1.0,shared
n18434,4,1.0,1.0,1.0,1.0,1.0,shared
n18435,3,0.75,1.0,1.0,1.0,0.9375,shared
n18436,4,1.0,1.0,1.0,1.0,1.0,shared
n18437,4,1.0,1.0,1.0,1.0,1.0,shared
n18438,3,0.75,1.0,1.0,1.0,0.9375,shared
n18439,4,1.0,1.0,1.0,1.0,1.0,shared
n18440,4,1.0,1.0,1.0,1.0,1.0,shared
n18441,4,1.0,1.0,1.0,1.0,1.0,shared
n18442,4,1.0,1.0,1.0,1.0,1.0,shared
n18443,4,1.0,1.0,1.0,1.0,1.0,shared
n18444,4,1.0,1.0,1.0,1.0,1.0,shared
n18445,4,1.0,1.0,1.0,1.0,1.0,shared
n18446,4,1.0,1.0,1.0,1.0,1.0,shared
n18447,4,1.0,1.0,1.0,1.0,1.0,shared
n18448,4,1.0,1.0,1.0,1.0,1.0,shared
n18449,3,0.75,1.0,1.0,1.0,0.9375,shared
n18450,4,1.0,1.0,1.0,1.0,1.0,shared
n18451,3,0.75,1.0,1.0,1.0,0.9375,shared
n18452,4,1.0,1.0,1.0,1.0,1.0,shared
n18453,4,1.0,1.0,1.0,1.0,1.0,shared
n18454,3,0.75,1.0,1.0,1.0,0.9375,shared
n18455,4,1.0,1.0,1.0,1.0,1.0,shared
n18456,4,1.0,1.0,1.0,1.0,1.0,shared
n18457,4,1.0,0.75,1.0,1.0,0.9375,shared
n18458,4,1.0,1.0,1.0,1.0,1.0,shared
n18459,3,0.75,1.0,1.0,1.0,0.9375,shared
n18460,3,0.75,1.0,1.0,1.0,0.9375,shared
n18461,4,1.0,1.0,1.0,1.0,1.0,shared
n18462,4,1.0,1.0,1.0,1.0,1.0,shared
n18463,4,1.0,1.0,1.0,1.0,1.0,shared
n18464,4,1.0,1.0,1.0,1.0,1.0,shared
n18465,3,0.75,1.0,1.0,1.0,0.9375,shared
n18466,4,1.0,1.0,1.0,1.0,1.0,shared
n18467,4,1.0,1.0,1.0,1.0,1.0,shared
n18468,3,0.75,1.0,1.0,1.0,0.9375,shared
n18469,3,0.75,1.0,1.0,1.0,0.9375,shared
n18470,4,1.0,1.0,1.0,1.0,1.0,shared
n18471,4,1.0,1.0,1.0,1.0,1.0,shared
n18472,3,0.75,1.0,1.0,1.0,0.9375,shared
n18473,3,0.75,1.0,1.0,1.0,0.9375,shared
n18474,4,1.0,1.0,1.0,1.0,1.0,shared
n18475,3,0.75,1.0,1.0,1.0,0.9375,shared
n18476,4,1.0,1.0,1.0,1.0,1.0,shared
n18477,3,0.75,1.0,1.0,1.0,0.9375,shared
n18478,3,0.75,1.0,1.0,1.0,0.9375,shared
n18479,4,1.0,1.0,1.0,1.0,1.0,shared
n18480,4,1.0,1.0,1.0,1.0,1.0,shared
n18481,4,1.0,1.0,1.0,1.0,1.0,shared
n18482,4,1.0,1.0,1.0,1.0,1.0,shared
n18483,4,1.0,1.0,1.0,1.0,1.0,shared
n18484,3,0.75,1.0,1.0,1.0,0.9375,shared
n18485,4,1.0,1.0,1.0,1.0,1.0,shared
n18486,4,1.0,1.0,1.0,1.0,1.0,shared
n18487,4,1.0,1.0,1.0,1.0,1.0,shared
n18488,4,1.0,1.0,1.0,1.0,1.0,shared
n18489,3,0.75,1.0,1.0,1.0,0.9375,shared
n18490,4,1.0,1.0,1.0,1.0,1.0,shared
n18491,4,1.0,1.0,1.0,1.0,1.0,shared
n18492,4,1.0,1.0,1.0,1.0,1.0,shared
n18493,4,1.0,1.0,1.0,1.0,1.0,shared
n18494,4,1.0,1.0,1.0,1.0,1.0,shared
n18495,4,1.0,1.0,1.0,1.0,1.0,shared
n18496,4,1.0,1.0,1.0,1.0,1.0,shared
n18497,4,1.0,1.0,1.0,1.0,1.0,shared
n18498,3,0.75,1.0,1.0,1.0,0.9375,shared
n18499,4,1.0,1.0,1.0,1.0,1.0,shared
n18500,3,0.75,1.0,1.0,1.0,0.9375,shared
n18501,3,0.75,1.0,1.0,1.0,0.9375,shared
n18502,4,1.0,1.0,1.0,1.0,1.0,shared
n18503,4,1.0,1.0,1.0,1.0,1.0,shared
n18504,3,0.75,1.0,1.0,1.0,0.9375,shared
n18505,4,1.0,1.0,1.0,1.0,1.0,shared
n18506,4,1.0,1.0,1.0,1.0,1.0,shared
n18507,4,1.0,1.0,1.0,1.0,1.0,shared
n18508,4,1.0,1.0,1.0,1.0,1.0,shared
n18509,3,0.75,1.0,1.0,1.0,0.9375,shared
n18510,4,1.0,1.0,1.0,1.0,1.0,shared
n18511,3,0.75,1.0,1.0,1.0,0.9375,shared
n18512,3,0.75,1.0,1.0,1.0,0.9375,shared
n18513,4,1.0,1.0,1.0,1.0,1.0,shared
n18514,4,1.0,1.0,1.0,1.0,1.0,shared
n18515,3,0.75,1.0,1.0,1.0,0.9375,shared
n18516,3,0.75,1.0,1.0,1.0,0.9375,shared
n18517,4,1.0,1.0,1.0,1.0,1.0,shared
n18518,4,1.0,1.0,1.0,1.0,1.0,shared
n18519,3,0.75,1.0,1.0,1.0,0.9375,shared
n18520,3,0.75,1.0,1.0,1.0,0.9375,shared
n18521,3,0.75,1.0,1.0,1.0,0.9375,shared
n18522,4,1.0,1.0,1.0,1.0,1.0,shared
n18523,4,1.0,1.0,1.0,1.0,1.0,shared
n18524,3,0.75,1.0,1.0,1.0,0.9375,shared
n18525,4,1.0,1.0,1.0,1.0,1.0,shared
n18526,4,1.0,1.0,1.0,1.0,1.0,shared
n18527,4,1.0,1.0,1.0,1.0,1.0,shared
n18528,4,1.0,1.0,1.0,1.0,1.0,shared
n18529,4,1.0,1.0,1.0,1.0,1.0,shared
n18530,3,0.75,1.0,1.0,1.0,0.9375,shared
n18531,4,1.0,1.0,1.0,1.0,1.0,shared
n18532,4,1.0,1.0,1.0,1.0,1.0,shared
n18533,4,1.0,1.0,1.0,1.0,1.0,shared
n18534,4,1.0,1.0,1.0,1.0,1.0,shared
n18535,4,1.0,1.0,1.0,1.0,1.0,shared
n18536,4,1.0,1.0,1.0,1.0,1.0,shared
n18537,4,1.0,1.0,1.0,1.0,1.0,shared
n18538,4,1.0,1.0,1.0,1.0,1.0,shared
n18539,4,1.0,1.0,1.0,1.0,1.0,shared
n18540,4,1.0,1.0,1.0,1.0,1.0,shared
n18541,4,1.0,1.0,1.0,1.0,1.0,shared
n18542,4,1.0,1.0,1.0,1.0,1.0,shared
n18543,4,1.0,1.0,1.0,1.0,1.0,shared
n18544,4,1.0,1.0,1.0,1.0,1.0,shared
n18545,3,0.75,1.0,1.0,1.0,0.9375,shared
n18546,3,0.75,1.0,1.0,1.0,0.9375,shared
n18547,3,0.75,1.0,1.0,1.0,0.9375,shared
n18548,3,0.75,1.0,1.0,1.0,0.9375,shared
n18549,4,1.0,1.0,1.0,1.0,1.0,shared
n18550,4,1.0,1.0,1.0,1.0,1.0,shared
n18551,4,1.0,1.0,1.0,1.0,1.0,shared
n18552,3,0.75,1.0,1.0,1.0,0.9375,shared
n18553,4,1.0,1.0,1.0,1.0,1.0,shared
n18554,4,1.0,1.0,1.0,1.0,1.0,shared
n18555,4,1.0,1.0,1.0,1.0,1.0,shared
n18556,4,1.0,1.0,1.0,1.0,1.0,shared
n18557,4,1.0,1.0,1.0,1.0,1.0,shared
n18558,4,1.0,1.0,1.0,1.0,1.0,shared
n18559,3,0.75,1.0,1.0,1.0,0.9375,shared
n18560,4,1.0,1.0,1.0,1.0,1.0,shared
n18561,4,1.0,1.0,1.0,1.0,1.0,shared
n18562,3,0.75,1.0,1.0,1.0,0.9375,shared
n18563,3,0.75,1.0,1.0,1.0,0.9375,shared
n18564,4,1.0,1.0,1.0,1.0,1.0,shared
n18565,4,1.0,1.0,1.0,1.0,1.0,shared
n18566,3,0.75,1.0,1.0,1.0,0.9375,shared
n18567,3,0.75,1.0,1.0,1.0,0.9375,shared
n18568,4,1.0,1.0,1.0,1.0,1.0,shared
n18569,4,1.0,1.0,1.0,1.0,1.0,shared
n18570,4,1.0,1.0,1.0,1.0,1.0,shared
n18571,4,1.0,1.0,1.0,1.0,1.0,shared
n18572,4,1.0,1.0,1.0,1.0,1.0,shared
n18573,4,1.0,1.0,1.0,1.0,1.0,shared
n18574,4,1.0,1.0,1.0,1.0,1.0,shared
n18575,3,0.75,1.0,1.0,1.0,0.9375,shared
n18576,4,1.0,1.0,1.0,1.0,1.0,shared
n18577,4,1.0,1.0,1.0,1.0,1.0,shared
n18578,4,1.0,1.0,1.0,1.0,1.0,shared
n18579,3,0.75,1.0,1.0,1.0,0.9375,shared
n18580,4,1.0,1.0,1.0,1.0,1.0,shared
n18581,4,1.0,1.0,1.0,1.0,1.0,shared
n18582,4,1.0,1.0,1.0,1.0,1.0,shared
n18583,4,1.0,1.0,1.0,1.0,1.0,shared
n18584,4,1.0,1.0,1.0,1.0,1.0,shared
n18585,3,0.75,1.0,1.0,1.0,0.9375,shared
n18586,4,1.0,1.0,1.0,1.0,1.0,shared
n18587,4,1.0,1.0,1.0,1.0,1.0,shared
n18588,3,0.75,1.0,1.0,1.0,0.9375,shared
n18589,4,1.0,1.0,1.0,1.0,1.0,shared
n18590,3,0.75,1.0,1.0,1.0,0.9375,shared
n18591,4,1.0,1.0,1.0,1.0,1.0,shared
n18592,4,1.0,1.0,1.0,1.0,1.0,shared
n18593,4,1.0,1.0,1.0,1.0,1.0,shared
n18594,4,1.0,1.0,1.0,1.0,1.0,shared
n18595,4,1.0,1.0,1.0,1.0,1.0,shared
n18596,4,1.0,1.0,1.0,1.0,1.0,shared
n18597,4,1.0,1.0,1.0,1.0,1.0,shared
n18598,4,1.0,1.0,1.0,1.0,1.0,shared
n18599,4,1.0,0.5714285714285714,0.5714285714285714,1.0,0.7857142857142857,shared
n18600,3,0.75,1.0,1.0,1.0,0.9375,shared
n18601,4,1.0,1.0,1.0,1.0,1.0,shared
n18602,4,1.0,1.0,1.0,1.0,1.0,shared
n18603,4,1.0,1.0,1.0,1.0,1.0,shared
n18604,4,1.0,1.0,1.0,1.0,1.0,shared
n18605,4,1.0,1.0,1.0,1.0,1.0,shared
n18606,4,1.0,1.0,1.0,1.0,1.0,shared
n18607,4,1.0,1.0,1.0,1.0,1.0,shared
n18608,4,1.0,1.0,1.0,1.0,1.0,shared
n18609,3,0.75,1.0,1.0,1.0,0.9375,shared
n18610,4,1.0,1.0,1.0,1.0,1.0,shared
n18611,4,1.0,1.0,1.0,1.0,1.0,shared
n18612,3,0.75,1.0,1.0,1.0,0.9375,shared
n18613,4,1.0,1.0,1.0,1.0,1.0,shared
n18614,4,1.0,0.5,0.5,1.0,0.75,shared
n18615,4,1.0,1.0,1.0,1.0,1.0,shared
n18616,4,1.0,1.0,1.0,1.0,1.0,shared
n18617,4,1.0,1.0,1.0,1.0,1.0,shared
n18618,3,0.75,1.0,1.0,1.0,0.9375,shared
n18619,3,0.75,1.0,1.0,1.0,0.9375,shared
n18620,4,1.0,1.0,1.0,1.0,1.0,shared
n18621,4,1.0,1.0,1.0,1.0,1.0,shared
n18622,3,0.75,1.0,1.0,1.0,0.9375,shared
n18623,4,1.0,1.0,1.0,1.0,1.0,shared
n18624,3,0.75,1.0,1.0,1.0,0.9375,shared
n18625,4,1.0,1.0,1.0,1.0,1.0,shared
n18626,3,0.75,1.0,1.0,1.0,0.9375,shared
n18627,3,0.75,1.0,1.0,1.0,0.9375,shared
n18628,4,1.0,1.0,1.0,1.0,1.0,shared
n18629,4,1.0,1.0,1.0,1.0,1.0,shared
n18630,4,1.0,1.0,1.0,1.0,1.0,shared
n18631,3,0.75,1.0,1.0,1.0,0.9375,shared
n18632,4,1.0,1.0,1.0,1.0,1.0,shared
n18633,4,1.0,1.0,1.0,1.0,1.0,shared
n18634,4,1.0,1.0,1.0,1.0,1.0,shared
n18635,4,1.0,1.0,1.0,1.0,1.0,shared
n18636,4,1.0,1.0,1.0,1.0,1.0,shared
n18637,4,1.0,1.0,1.0,1.0,1.0,shared
n18638,4,1.0,1.0,1.0,1.0,1.0,shared
n18639,4,1.0,1.0,1.0,1.0,1.0,shared
n18640,3,0.75,1.0,1.0,1.0,0.9375,shared
n18641,4,1.0,1.0,1.0,1.0,1.0,shared
n18642,4,1.0,1.0,1.0,1.0,1.0,shared
n18643,4,1.0,1.0,1.0,1.0,1.0,shared
n18644,4,1.0,1.0,1.0,1.0,1.0,shared
n18645,4,1.0,1.0,1.0,1.0,1.0,shared
n18646,4,1.0,1.0,1.0,1.0,1.0,shared
n18647,4,1.0,1.0,1.0,1.0,1.0,shared
n18648,4,1.0,1.0,1.0,1.0,1.0,shared
n18649,4,1.0,1.0,1.0,1.0,1.0,shared
n18650,3,0.75,1.0,1.0,1.0,0.9375,shared
n18651,4,1.0,1.0,1.0,1.0,1.0,shared
n18652,3,0.75,1.0,1.0,1.0,0.9375,shared
n18653,4,1.0,1.0,1.0,1.0,1.0,shared
n18654,3,0.75,1.0,1.0,1.0,0.9375,shared
n18655,4,1.0,1.0,1.0,1.0,1.0,shared
n18656,4,1.0,1.0,1.0,1.0,1.0,shared
n18657,4,1.0,1.0,1.0,1.0,1.0,shared
n18658,4,1.0,1.0,1.0,1.0,1.0,shared
n18659,4,1.0,1.0,1.0,1.0,1.0,shared
n18660,4,1.0,0.5714285714285714,1.0,1.0,0.8928571428571428,shared
n18661,4,1.0,1.0,1.0,1.0,1.0,shared
n18662,4,1.0,1.0,1.0,1.0,1.0,shared
n18663,4,1.0,1.0,1.0,1.0,1.0,shared
n18664,3,0.75,1.0,1.0,1.0,0.9375,shared
n18665,3,0.75,1.0,1.0,1.0,0.9375,shared
n18666,3,0.75,1.0,1.0,1.0,0.9375,shared
n18667,4,1.0,1.0,1.0,1.0,1.0,shared
n18668,4,1.0,1.0,1.0,1.0,1.0,shared
n18669,4,1.0,1.0,1.0,1.0,1.0,shared
n18670,4,1.0,1.0,1.0,1.0,1.0,shared
n18671,4,1.0,1.0,1.0,1.0,1.0,shared
n18672,3,0.75,1.0,1.0,1.0,0.9375,shared
n18673,4,1.0,1.0,1.0,1.0,1.0,shared
n18674,4,1.0,1.0,1.0,1.0,1.0,shared
n18675,4,1.0,1.0,1.0,1.0,1.0,shared
n18676,4,1.0,1.0,1.0,1.0,1.0,shared
n18677,4,1.0,1.0,1.0,1.0,1.0,shared
n18678,4,1.0,1.0,1.0,1.0,1.0,shared
n18679,3,0.75,1.0,1.0,1.0,0.9375,shared
n18680,3,0.75,1.0,1.0,1.0,0.9375,shared
n18681,4,1.0,1.0,1.0,1.0,1.0,shared
n18682,4,1.0,1.0,1.0,1.0,1.0,shared
n18683,3,0.75,1.0,1.0,1.0,0.9375,shared
n18684,3,0.75,1.0,1.0,1.0,0.9375,shared
n18685,3,0.75,1.0,1.0,1.0,0.9375,shared
n18686,4,1.0,1.0,1.0,1.0,1.0,shared
n18687,4,1.0,1.0,1.0,1.0,1.0,shared
n18688,3,0.75,1.0,1.0,1.0,0.9375,shared
n18689,4,1.0,1.0,1.0,1.0,1.0,shared
n18690,3,0.75,1.0,1.0,1.0,0.9375,shared
n18691,4,1.0,1.0,1.0,1.0,1.0,shared
n18692,4,1.0,1.0,1.0,1.0,1.0,shared
n18693,4,1.0,1.0,1.0,1.0,1.0,shared
n18694,3,0.75,1.0,1.0,1.0,0.9375,shared
n18695,4,1.0,1.0,1.0,1.0,1.0,shared
n18696,4,1.0,1.0,1.0,1.0,1.0,shared
n18697,4,1.0,1.0,1.0,1.0,1.0,shared
n18698,4,1.0,1.0,1.0,1.0,1.0,shared
n18699,4,1.0,1.0,1.0,1.0,1.0,shared
n18700,4,1.0,1.0,1.0,1.0,1.0,shared
n18701,4,1.0,1.0,1.0,1.0,1.0,shared
n18702,4,1.0,1.0,1.0,1.0,1.0,shared
n18703,4,1.0,1.0,1.0,1.0,1.0,shared
n18704,4,1.0,1.0,1.0,1.0,1.0,shared
n18705,4,1.0,1.0,1.0,1.0,1.0,shared
n18706,4,1.0,1.0,1.0,1.0,1.0,shared
n18707,4,1.0,1.0,1.0,1.0,1.0,shared
n18708,4,1.0,1.0,1.0,1.0,1.0,shared
n18709,4,1.0,1.0,1.0,1.0,1.0,shared
n18710,3,0.75,1.0,1.0,1.0,0.9375,shared
n18711,4,1.0,1.0,1.0,1.0,1.0,shared
n18712,4,1.0,1.0,1.0,1.0,1.0,shared
n18713,4,1.0,1.0,1.0,1.0,1.0,shared
n18714,3,0.75,1.0,1.0,1.0,0.9375,shared
n18715,4,1.0,1.0,1.0,1.0,1.0,shared
n18716,4,1.0,1.0,1.0,1.0,1.0,shared
n18717,4,1.0,1.0,1.0,1.0,1.0,shared
n18718,3,0.75,1.0,1.0,1.0,0.9375,shared
n18719,4,1.0,1.0,1.0,1.0,1.0,shared
n18720,3,0.75,1.0,1.0,1.0,0.9375,shared
n18721,4,1.0,1.0,1.0,1.0,1.0,shared
n18722,4,1.0,1.0,1.0,1.0,1.0,shared
n18723,4,1.0,1.0,1.0,1.0,1.0,shared
n18724,4,1.0,1.0,1.0,1.0,1.0,shared
n18725,3,0.75,1.0,1.0,1.0,0.9375,shared
n18726,4,1.0,1.0,1.0,1.0,1.0,shared
n18727,4,1.0,1.0,1.0,1.0,1.0,shared
n18728,4,1.0,1.0,1.0,1.0,1.0,shared
n18729,4,1.0,1.0,1.0,1.0,1.0,shared
n18730,3,0.75,1.0,1.0,1.0,0.9375,shared
n18731,3,0.75,1.0,1.0,1.0,0.9375,shared
n18732,3,0.75,1.0,1.0,1.0,0.9375,shared
n18733,4,1.0,1.0,1.0,1.0,1.0,shared
n18734,4,1.0,1.0,1.0,1.0,1.0,shared
n18735,4,1.0,1.0,1.0,1.0,1.0,shared
n18736,4,1.0,1.0,1.0,1.0,1.0,shared
n18737,4,1.0,1.0,1.0,1.0,1.0,shared
n18738,3,0.75,1.0,1.0,1.0,0.9375,shared
n18739,4,1.0,1.0,1.0,1.0,1.0,shared
n18740,4,1.0,1.0,1.0,1.0,1.0,shared
n18741,4,1.0,1.0,1.0,1.0,1.0,shared
n18742,4,1.0,1.0,1.0,1.0,1.0,shared
n18743,4,1.0,0.75,0.5,1.0,0.8125,shared
n18744,3,0.75,1.0,1.0,1.0,0.9375,shared
n18745,4,1.0,1.0,1.0,1.0,1.0,shared
n18746,4,1.0,1.0,1.0,1.0,1.0,shared
n18747,4,1.0,1.0,1.0,1.0,1.0,shared
n18748,4,1.0,1.0,1.0,1.0,1.0,shared
n18749,3,0.75,1.0,1.0,1.0,0.9375,shared
n18750,4,1.0,1.0,1.0,1.0,1.0,shared
n18751,4,1.0,1.0,1.0,1.0,1.0,shared
n18752,4,1.0,1.0,1.0,1.0,1.0,shared
n18753,4,1.0,1.0,1.0,1.0,1.0,shared
n18754,4,1.0,1.0,1.0,1.0,1.0,shared
n18755,4,1.0,1.0,1.0,1.0,1.0,shared
n18756,4,1.0,1.0,1.0,1.0,1.0,shared
n18757,4,1.0,1.0,1.0,1.0,1.0,shared
n18758,4,1.0,1.0,1.0,1.0,1.0,shared
n18759,4,1.0,1.0,1.0,1.0,1.0,shared
n18760,4,1.0,1.0,1.0,1.0,1.0,shared
n18761,4,1.0,1.0,1.0,1.0,1.0,shared
n18762,4,1.0,1.0,1.0,1.0,1.0,shared
n18763,3,0.75,1.0,1.0,1.0,0.9375,shared
n18764,4,1.0,1.0,1.0,1.0,1.0,shared
n18765,3,0.75,1.0,1.0,1.0,0.9375,shared
n18766,3,0.75,1.0,1.0,1.0,0.9375,shared
n18767,4,1.0,1.0,1.0,1.0,1.0,shared
n18768,4,1.0,1.0,1.0,1.0,1.0,shared
n18769,4,1.0,1.0,1.0,1.0,1.0,shared
n18770,4,1.0,1.0,1.0,1.0,1.0,shared
n18771,4,1.0,1.0,1.0,1.0,1.0,shared
n18772,3,0.75,1.0,1.0,1.0,0.9375,shared
n18773,4,1.0,1.0,1.0,1.0,1.0,shared
n18774,4,1.0,1.0,1.0,1.0,1.0,shared
n18775,3,0.75,1.0,1.0,1.0,0.9375,shared
n18776,4,1.0,1.0,1.0,1.0,1.0,shared
n18777,3,0.75,1.0,1.0,1.0,0.9375,shared
n18778,4,1.0,1.0,1.0,1.0,1.0,shared
n18779,4,1.0,1.0,1.0,1.0,1.0,shared
n18780,3,0.75,1.0,1.0,1.0,0.9375,shared
n18781,4,1.0,1.0,1.0,1.0,1.0,shared
n18782,4,1.0,1.0,1.0,1.0,1.0,shared
n18783,4,1.0,1.0,1.0,1.0,1.0,shared
n18784,3,0.75,1.0,1.0,1.0,0.9375,shared
n18785,4,1.0,1.0,1.0,1.0,1.0,shared
n18786,4,1.0,0.5,0.5,1.0,0.75,shared
n18787,3,0.75,1.0,1.0,1.0,0.9375,shared
n18788,4,1.0,0.5714285714285714,0.5714285714285714,1.0,0.7857142857142857,shared
n18789,4,1.0,1.0,1.0,1.0,1.0,shared
n18790,4,1.0,1.0,1.0,1.0,1.0,shared
n18791,3,0.75,1.0,1.0,1.0,0.9375,shared
n18792,3,0.75,1.0,1.0,1.0,0.9375,shared
n18793,4,1.0,1.0,1.0,1.0,1.0,shared
n18794,4,1.0,1.0,1.0,1.0,1.0,shared
n18795,4,1.0,1.0,1.0,1.0,1.0,shared
n18796,3,0.75,1.0,1.0,1.0,0.9375,shared
n18797,3,0.75,1.0,1.0,1.0,0.9375,shared
n18798,3,0.75,1.0,1.0,1.0,0.9375,shared
n18799,4,1.0,1.0,1.0,1.0,1.0,shared
n18800,4,1.0,1.0,1.0,1.0,1.0,shared
n18801,4,1.0,1.0,1.0,1.0,1.0,shared
n18802,4,1.0,1.0,1.0,1.0,1.0,shared
n18803,4,1.0,0.5714285714285714,0.5714285714285714,1.0,0.7857142857142857,shared
n18804,3,0.75,1.0,1.0,1.0,0.9375,shared
n18805,4,1.0,1.0,1.0,1.0,1.0,shared
n18806,4,1.0,1.0,1.0,1.0,1.0,shared
n18807,3,0.75,1.0,1.0,1.0,0.9375,shared
n18808,3,0.75,1.0,1.0,1.0,0.9375,shared
n18809,4,1.0,1.0,1.0,1.0,1.0,shared
n18810,4,1.0,1.0,1.0,1.0,1.0,shared
n18811,4,1.0,1.0,1.0,1.0,1.0,shared
n18812,4,1.0,1.0,1.0,1.0,1.0,shared
n18813,4,1.0,1.0,1.0,1.0,1.0,shared
n18814,4,1.0,1.0,1.0,1.0,1.0,shared
n18815,4,1.0,1.0,1.0,1.0,1.0,shared
n18816,4,1.0,1.0,1.0,1.0,1.0,shared
n18817,4,1.0,1.0,1.0,1.0,1.0,shared
n18818,4,1.0,1.0,1.0,1.0,1.0,shared
n18819,4,1.0,1.0,1.0,1.0,1.0,shared
n18820,4,1.0,1.0,1.0,1.0,1.0,shared
n18821,3,0.75,1.0,1.0,1.0,0.9375,shared
n18822,4,1.0,1.0,1.0,1.0,1.0,shared
n18823,4,1.0,1.0,1.0,1.0,1.0,shared
n18824,3,0.75,1.0,1.0,1.0,0.9375,shared
n18825,3,0.75,1.0,1.0,1.0,0.9375,shared
n18826,4,1.0,1.0,1.0,1.0,1.0,shared
n18827,4,1.0,1.0,1.0,1.0,1.0,shared
n18828,3,0.75,1.0,1.0,1.0,0.9375,shared
n18829,3,0.75,1.0,1.0,1.0,0.9375,shared
n18830,4,1.0,1.0,1.0,1.0,1.0,shared
n18831,4,1.0,1.0,1.0,1.0,1.0,shared
n18832,4,1.0,1.0,1.0,1.0,1.0,shared
n18833,4,1.0,1.0,1.0,1.0,1.0,shared
n18834,3,0.75,1.0,1.0,1.0,0.9375,shared
n18835,4,1.0,1.0,1.0,1.0,1.0,shared
n18836,3,0.75,1.0,1.0,1.0,0.9375,shared
n18837,4,1.0,1.0,1.0,1.0,1.0,shared
n18838,4,1.0,1.0,1.0,1.0,1.0,shared
n18839,4,1.0,1.0,1.0,1.0,1.0,shared
n18840,4,1.0,1.0,1.0,1.0,1.0,shared
n18841,4,1.0,1.0,1.0,1.0,1.0,shared
n18842,4,1.0,1.0,1.0,1.0,1.0,shared
n18843,4,1.0,1.0,1.0,1.0,1.0,shared
n18844,4,1.0,1.0,1.0,1.0,1.0,shared
n18845,4,1.0,1.0,1.0,1.0,1.0,shared
n18846,4,1.0,1.0,1.0,1.0,1.0,shared
n18847,4,1.0,1.0,1.0,1.0,1.0,shared
n18848,4,1.0,1.0,1.0,1.0,1.0,shared
n18849,4,1.0,1.0,1.0,1.0,1.0,shared
n18850,4,1.0,1.0,1.0,1.0,1.0,shared
n18851,4,1.0,1.0,1.0,1.0,1.0,shared
n18852,4,1.0,1.0,1.0,1.0,1.0,shared
n18853,3,0.75,1.0,1.0,1.0,0.9375,shared
n18854,3,0.75,1.0,1.0,1.0,0.9375,shared
n18855,4,1.0,1.0,1.0,1.0,1.0,shared
n18856,3,0.75,1.0,1.0,1.0,0.9375,shared
n18857,4,1.0,1.0,1.0,1.0,1.0,shared
n18858,4,1.0,1.0,1.0,1.0,1.0,shared
n18859,3,0.75,1.0,1.0,1.0,0.9375,shared
n18860,4,1.0,1.0,1.0,1.0,1.0,shared
n18861,4,1.0,1.0,1.0,1.0,1.0,shared
n18862,4,1.0,1.0,1.0,1.0,1.0,shared
n18863,4,1.0,1.0,1.0,1.0,1.0,shared
n18864,4,1.0,1.0,1.0,1.0,1.0,shared
n18865,4,1.0,1.0,1.0,1.0,1.0,shared
n18866,4,1.0,1.0,1.0,1.0,1.0,shared
n18867,3,0.75,1.0,1.0,1.0,0.9375,shared
n18868,4,1.0,1.0,1.0,1.0,1.0,shared
n18869,4,1.0,1.0,1.0,1.0,1.0,shared
n18870,3,0.75,1.0,1.0,1.0,0.9375,shared
n18871,3,0.75,1.0,1.0,1.0,0.9375,shared
n18872,3,0.75,1.0,1.0,1.0,0.9375,shared
n18873,4,1.0,1.0,1.0,1.0,1.0,shared
n18874,4,1.0,1.0,1.0,1.0,1.0,shared
n18875,4,1.0,1.0,1.0,1.0,1.0,shared
n18876,3,0.75,1.0,1.0,1.0,0.9375,shared
n18877,4,1.0,1.0,1.0,1.0,1.0,shared
n18878,4,1.0,1.0,1.0,1.0,1.0,shared
n18879,4,1.0,1.0,1.0,1.0,1.0,shared
n18880,4,1.0,1.0,1.0,1.0,1.0,shared
n18881,4,1.0,1.0,1.0,1.0,1.0,shared
n18882,3,0.75,1.0,1.0,1.0,0.9375,shared
n18883,4,1.0,1.0,1.0,1.0,1.0,shared
n18884,4,1.0,1.0,1.0,1.0,1.0,shared
n18885,3,0.75,1.0,1.0,1.0,0.9375,shared
n18886,4,1.0,1.0,1.0,1.0,1.0,shared
n18887,4,1.0,1.0,1.0,1.0,1.0,shared
n18888,3,0.75,1.0,1.0,1.0,0.9375,shared
n18889,4,1.0,1.0,1.0,1.0,1.0,shared
n18890,4,1.0,1.0,1.0,1.0,1.0,shared
n18891,4,1.0,1.0,1.0,1.0,1.0,shared
n18892,4,1.0,0.56,0.72,1.0,0.8200000000000001,shared
n18893,4,1.0,1.0,1.0,1.0,1.0,shared
n18894,3,0.75,1.0,1.0,1.0,0.9375,shared
n18895,3,0.75,1.0,1.0,1.0,0.9375,shared
n18896,4,1.0,1.0,1.0,1.0,1.0,shared
n18897,4,1.0,1.0,1.0,1.0,1.0,shared
n18898,4,1.0,1.0,1.0,1.0,1.0,shared
n18899,4,1.0,1.0,1.0,1.0,1.0,shared
n18900,4,1.0,1.0,1.0,1.0,1.0,shared
n18901,4,1.0,1.0,1.0,1.0,1.0,shared
n18902,4,1.0,1.0,1.0,1.0,1.0,shared
n18903,4,1.0,1.0,1.0,1.0,1.0,shared
n18904,3,0.75,1.0,1.0,1.0,0.9375,shared
n18905,3,0.75,1.0,1.0,1.0,0.9375,shared
n18906,4,1.0,1.0,1.0,1.0,1.0,shared
n18907,3,0.75,1.0,1.0,1.0,0.9375,shared
n18908,3,0.75,1.0,1.0,1.0,0.9375,shared
n18909,4,1.0,1.0,1.0,1.0,1.0,shared
n18910,3,0.75,1.0,1.0,1.0,0.9375,shared
n18911,3,0.75,1.0,1.0,1.0,0.9375,shared
n18912,4,1.0,1.0,1.0,1.0,1.0,shared
n18913,4,1.0,1.0,1.0,1.0,1.0,shared
n18914,4,1.0,1.0,1.0,1.0,1.0,shared
n18915,4,1.0,1.0,1.0,1.0,1.0,shared
n18916,4,1.0,1.0,1.0,1.0,1.0,shared
n18917,4,1.0,0.5714285714285714,0.5714285714285714,1.0,0.7857142857142857,shared
n18918,4,1.0,1.0,1.0,1.0,1.0,shared
n18919,4,1.0,1.0,1.0,1.0,1.0,shared
n18920,4,1.0,1.0,1.0,1.0,1.0,shared
n18921,4,1.0,1.0,1.0,1.0,1.0,shared
n18922,3,0.75,1.0,1.0,1.0,0.9375,shared
n18923,4,1.0,1.0,1.0,1.0,1.0,shared
n18924,4,1.0,1.0,1.0,1.0,1.0,shared
n18925,4,1.0,1.0,1.0,1.0,1.0,shared
n18926,4,1.0,1.0,1.0,1.0,1.0,shared
n18927,4,1.0,1.0,1.0,1.0,1.0,shared
n18928,4,1.0,1.0,1.0,1.0,1.0,shared
n18929,4,1.0,1.0,1.0,1.0,1.0,shared
n18930,4,1.0,1.0,1.0,1.0,1.0,shared
n18931,3,0.75,1.0,1.0,1.0,0.9375,shared
n18932,4,1.0,1.0,1.0,1.0,1.0,shared
n18933,3,0.75,1.0,1.0,1.0,0.9375,shared
n18934,4,1.0,1.0,1.0,1.0,1.0,shared
n18935,4,1.0,0.6129032258064516,0.5161290322580645,1.0,0.782258064516129,shared
n18936,3,0.75,1.0,1.0,1.0,0.9375,shared
n18937,4,1.0,1.0,1.0,1.0,1.0,shared
n18938,4,1.0,1.0,1.0,1.0,1.0,shared
n18939,4,1.0,1.0,1.0,1.0,1.0,shared
n18940,4,1.0,1.0,1.0,1.0,1.0,shared
n18941,4,1.0,1.0,1.0,1.0,1.0,shared
n18942,3,0.75,1.0,1.0,1.0,0.9375,shared
n18943,3,0.75,1.0,1.0,1.0,0.9375,shared
n18944,4,1.0,1.0,1.0,1.0,1.0,shared
n18945,3,0.75,1.0,1.0,1.0,0.9375,shared
n18946,4,1.0,1.0,1.0,1.0,1.0,shared
n18947,3,0.75,1.0,1.0,1.0,0.9375,shared
n18948,4,1.0,1.0,1.0,1.0,1.0,shared
n18949,3,0.75,1.0,1.0,1.0,0.9375,shared
n18950,4,1.0,1.0,1.0,1.0,1.0,shared
n18951,3,0.75,1.0,1.0,1.0,0.9375,shared
n18952,4,1.0,1.0,1.0,1.0,1.0,shared
n18953,3,0.75,1.0,1.0,1.0,0.9375,shared
n18954,4,1.0,1.0,1.0,1.0,1.0,shared
n18955,4,1.0,1.0,1.0,1.0,1.0,shared
n18956,4,1.0,1.0,1.0,1.0,1.0,shared
n18957,4,1.0,1.0,1.0,1.0,1.0,shared
n18958,4,1.0,1.0,1.0,1.0,1.0,shared
n18959,4,1.0,1.0,1.0,1.0,1.0,shared
n18960,4,1.0,1.0,1.0,1.0,1.0,shared
n18961,4,1.0,0.5333333333333333,1.0,1.0,0.8833333333333333,shared
n18962,3,0.75,1.0,1.0,1.0,0.9375,shared
n18963,4,1.0,1.0,1.0,1.0,1.0,shared
n18964,4,1.0,1.0,1.0,1.0,1.0,shared
n18965,4,1.0,1.0,1.0,1.0,1.0,shared
n18966,3,0.75,1.0,1.0,1.0,0.9375,shared
n18967,3,0.75,1.0,1.0,1.0,0.9375,shared
n18968,4,1.0,1.0,1.0,1.0,1.0,shared
n18969,4,1.0,1.0,1.0,1.0,1.0,shared
n18970,4,1.0,1.0,1.0,1.0,1.0,shared
n18971,4,1.0,1.0,1.0,1.0,1.0,shared
n18972,4,1.0,1.0,1.0,1.0,1.0,shared
n18973,4,1.0,1.0,1.0,1.0,1.0,shared
n18974,3,0.75,1.0,1.0,1.0,0.9375,shared
n18975,4,1.0,1.0,1.0,1.0,1.0,shared
n18976,3,0.75,1.0,1.0,1.0,0.9375,shared
n18977,4,1.0,1.0,1.0,1.0,1.0,shared
n18978,3,0.75,1.0,1.0,1.0,0.9375,shared
n18979,4,1.0,1.0,1.0,1.0,1.0,shared
n18980,3,0.75,1.0,1.0,1.0,0.9375,shared
n18981,3,0.75,1.0,1.0,1.0,0.9375,shared
n18982,3,0.75,1.0,1.0,1.0,0.9375,shared
n18983,4,1.0,1.0,1.0,1.0,1.0,shared
n18984,4,1.0,1.0,1.0,1.0,1.0,shared
n18985,4,1.0,1.0,1.0,1.0,1.0,shared
n18986,4,1.0,1.0,1.0,1.0,1.0,shared
n18987,4,1.0,1.0,1.0,1.0,1.0,shared
n18988,3,0.75,1.0,1.0,1.0,0.9375,shared
n18989,3,0.75,1.0,1.0,1.0,0.9375,shared
n18990,3,0.75,1.0,1.0,1.0,0.9375,shared
n18991,4,1.0,1.0,1.0,1.0,1.0,shared
n18992,3,0.75,1.0,1.0,1.0,0.9375,shared
n18993,3,0.75,1.0,1.0,1.0,0.9375,shared
n18994,4,1.0,1.0,1.0,1.0,1.0,shared
n18995,4,1.0,1.0,1.0,1.0,1.0,shared
n18996,4,1.0,1.0,1.0,1.0,1.0,shared
n18997,4,1.0,1.0,1.0,1.0,1.0,shared
n18998,4,1.0,0.5,0.5,1.0,0.75,shared
n18999,3,0.75,1.0,1.0,1.0,0.9375,shared
n19000,4,1.0,1.0,1.0,1.0,1.0,shared
n19001,4,1.0,1.0,1.0,1.0,1.0,shared
n19002,4,1.0,1.0,1.0,1.0,1.0,shared
n19003,4,1.0,1.0,1.0,1.0,1.0,shared
n19004,4,1.0,1.0,1.0,1.0,1.0,shared
n19005,3,0.75,1.0,1.0,1.0,0.9375,shared
n19006,3,0.75,1.0,1.0,1.0,0.9375,shared
n19007,4,1.0,1.0,1.0,1.0,1.0,shared
n19008,4,1.0,1.0,1.0,1.0,1.0,shared
n19009,4,1.0,1.0,1.0,1.0,1.0,shared
n19010,4,1.0,1.0,1.0,1.0,1.0,shared
n19011,4,1.0,1.0,1.0,1.0,1.0,shared
n19012,4,1.0,1.0,1.0,1.0,1.0,shared
n19013,4,1.0,1.0,1.0,1.0,1.0,shared
n19014,4,1.0,1.0,1.0,1.0,1.0,shared
n19015,4,1.0,1.0,1.0,1.0,1.0,shared
n19016,4,1.0,1.0,1.0,1.0,1.0,shared
n19017,4,1.0,0.5,0.5,1.0,0.75,shared
n19018,4,1.0,1.0,1.0,1.0,1.0,shared
n19019,4,1.0,1.0,1.0,1.0,1.0,shared
n19020,3,0.75,1.0,1.0,1.0,0.9375,shared
n19021,4,1.0,1.0,1.0,1.0,1.0,shared
n19022,3,0.75,1.0,1.0,1.0,0.9375,shared
n19023,4,1.0,1.0,1.0,1.0,1.0,shared
n19024,4,1.0,1.0,1.0,1.0,1.0,shared
n19025,4,1.0,1.0,1.0,1.0,1.0,shared
n19026,4,1.0,1.0,1.0,1.0,1.0,shared
n19027,4,1.0,1.0,1.0,1.0,1.0,shared
n19028,4,1.0,1.0,1.0,1.0,1.0,shared
n19029,4,1.0,1.0,1.0,1.0,1.0,shared
n19030,3,0.75,1.0,1.0,1.0,0.9375,shared
n19031,3,0.75,1.0,1.0,1.0,0.9375,shared
n19032,4,1.0,1.0,1.0,1.0,1.0,shared
n19033,4,1.0,1.0,1.0,1.0,1.0,shared
n19034,4,1.0,1.0,1.0,1.0,1.0,shared
n19035,4,1.0,1.0,1.0,1.0,1.0,shared
n19036,4,1.0,1.0,1.0,1.0,1.0,shared
n19037,3,0.75,1.0,1.0,1.0,0.9375,shared
n19038,4,1.0,1.0,1.0,1.0,1.0,shared
n19039,4,1.0,1.0,1.0,1.0,1.0,shared
n19040,3,0.75,1.0,1.0,1.0,0.9375,shared
n19041,4,1.0,1.0,1.0,1.0,1.0,shared
n19042,4,1.0,1.0,1.0,1.0,1.0,shared
n19043,4,1.0,1.0,1.0,1.0,1.0,shared
n19044,3,0.75,1.0,1.0,1.0,0.9375,shared
n19045,3,0.75,1.0,1.0,1.0,0.9375,shared
n19046,3,0.75,1.0,1.0,1.0,0.9375,shared
n19047,3,0.75,1.0,1.0,1.0,0.9375,shared
n19048,4,1.0,1.0,1.0,1.0,1.0,shared
n19049,4,1.0,1.0,1.0,1.0,1.0,shared
n19050,3,0.75,1.0,1.0,1.0,0.9375,shared
n19051,4,1.0,1.0,1.0,1.0,1.0,shared
n19052,4,1.0,1.0,1.0,1.0,1.0,shared
n19053,4,1.0,1.0,1.0,1.0,1.0,shared
n19054,3,0.75,1.0,1.0,1.0,0.9375,shared
n19055,4,1.0,1.0,1.0,1.0,1.0,shared
n19056,4,1.0,1.0,1.0,1.0,1.0,shared
n19057,4,1.0,1.0,1.0,1.0,1.0,shared
n19058,3,0.75,1.0,1.0,1.0,0.9375,shared
n19059,4,1.0,1.0,1.0,1.0,1.0,shared
n19060,3,0.75,1.0,1.0,1.0,0.9375,shared
n19061,4,1.0,1.0,1.0,1.0,1.0,shared
n19062,4,1.0,1.0,1.0,1.0,1.0,shared
n19063,3,0.75,1.0,1.0,1.0,0.9375,shared
n19064,4,1.0,1.0,1.0,1.0,1.0,shared
n19065,3,0.75,1.0,1.0,1.0,0.9375,shared
n19066,4,1.0,1.0,1.0,1.0,1.0,shared
n19067,4,1.0,1.0,1.0,1.0,1.0,shared
n19068,4,1.0,1.0,1.0,1.0,1.0,shared
n19069,4,1.0,1.0,1.0,1.0,1.0,shared
n19070,4,1.0,1.0,1.0,1.0,1.0,shared
n19071,4,1.0,1.0,1.0,1.0,1.0,shared
n19072,4,1.0,1.0,1.0,1.0,1.0,shared
n19073,4,1.0,1.0,1.0,1.0,1.0,shared
n19074,4,1.0,1.0,1.0,1.0,1.0,shared
n19075,4,1.0,1.0,1.0,1.0,1.0,shared
n19076,4,1.0,1.0,1.0,1.0,1.0,shared
n19077,4,1.0,1.0,1.0,1.0,1.0,shared
n19078,4,1.0,1.0,1.0,1.0,1.0,shared
n19079,4,1.0,1.0,1.0,1.0,1.0,shared
n19080,3,0.75,1.0,1.0,1.0,0.9375,shared
n19081,3,0.75,1.0,1.0,1.0,0.9375,shared
n19082,4,1.0,1.0,1.0,1.0,1.0,shared
n19083,4,1.0,1.0,1.0,1.0,1.0,shared
n19084,4,1.0,1.0,1.0,1.0,1.0,shared
n19085,4,1.0,1.0,1.0,1.0,1.0,shared
n19086,3,0.75,1.0,1.0,1.0,0.9375,shared
n19087,3,0.75,1.0,1.0,1.0,0.9375,shared
n19088,4,1.0,1.0,1.0,1.0,1.0,shared
n19089,3,0.75,1.0,1.0,1.0,0.9375,shared
n19090,4,1.0,0.5714285714285714,0.5714285714285714,1.0,0.7857142857142857,shared
n19091,3,0.75,1.0,1.0,1.0,0.9375,shared
n19092,3,0.75,1.0,1.0,1.0,0.9375,shared
n19093,4,1.0,1.0,1.0,1.0,1.0,shared
n19094,4,1.0,0.5714285714285714,0.5714285714285714,1.0,0.7857142857142857,shared
n19095,4,1.0,1.0,1.0,1.0,1.0,shared
n19096,4,1.0,1.0,1.0,1.0,1.0,shared
n19097,4,1.0,1.0,1.0,1.0,1.0,shared
n19098,4,1.0,1.0,1.0,1.0,1.0,shared
n19099,3,0.75,1.0,1.0,1.0,0.9375,shared
n19100,4,1.0,1.0,1.0,1.0,1.0,shared
n19101,3,0.75,1.0,1.0,1.0,0.9375,shared
n19102,4,1.0,1.0,1.0,1.0,1.0,shared
n19103,4,1.0,1.0,1.0,1.0,1.0,shared
n19104,3,0.75,1.0,1.0,1.0,0.9375,shared
n19105,4,1.0,1.0,1.0,1.0,1.0,shared
n19106,4,1.0,1.0,1.0,1.0,1.0,shared
n19107,4,1.0,1.0,1.0,1.0,1.0,shared
n19108,4,1.0,1.0,1.0,1.0,1.0,shared
n19109,4,1.0,1.0,1.0,1.0,1.0,shared
n19110,4,1.0,1.0,1.0,1.0,1.0,shared
n19111,4,1.0,1.0,1.0,1.0,1.0,shared
n19112,4,1.0,1.0,1.0,1.0,1.0,shared
n19113,4,1.0,1.0,1.0,1.0,1.0,shared
n19114,4,1.0,1.0,1.0,1.0,1.0,shared
n19115,4,1.0,1.0,1.0,1.0,1.0,shared
n19116,4,1.0,1.0,1.0,1.0,1.0,shared
n19117,3,0.75,1.0,1.0,1.0,0.9375,shared
n19118,4,1.0,1.0,1.0,1.0,1.0,shared
n19119,4,1.0,1.0,1.0,1.0,1.0,shared
n19120,4,1.0,1.0,1.0,1.0,1.0,shared
n19121,3,0.75,1.0,1.0,1.0,0.9375,shared
n19122,3,0.75,1.0,1.0,1.0,0.9375,shared
n19123,3,0.75,1.0,1.0,1.0,0.9375,shared
n19124,4,1.0,1.0,1.0,1.0,1.0,shared
n19125,4,1.0,1.0,1.0,1.0,1.0,shared
n19126,4,1.0,1.0,1.0,1.0,1.0,shared
n19127,4,1.0,1.0,1.0,1.0,1.0,shared
n19128,4,1.0,1.0,1.0,1.0,1.0,shared
n19129,4,1.0,1.0,1.0,1.0,1.0,shared
n19130,4,1.0,1.0,1.0,1.0,1.0,shared
n19131,4,1.0,1.0,1.0,1.0,1.0,shared
n19132,3,0.75,1.0,1.0,1.0,0.9375,shared
n19133,3,0.75,1.0,1.0,1.0,0.9375,shared
n19134,4,1.0,1.0,1.0,1.0,1.0,shared
n19135,3,0.75,0.5,0.5,1.0,0.6875,shared
n19136,4,1.0,1.0,1.0,1.0,1.0,shared
n19137,4,1.0,1.0,1.0,1.0,1.0,shared
n19138,3,0.75,1.0,1.0,1.0,0.9375,shared
n19139,4,1.0,1.0,1.0,1.0,1.0,shared
n19140,4,1.0,1.0,1.0,1.0,1.0,shared
n19141,4,1.0,1.0,1.0,1.0,1.0,shared
n19142,4,1.0,1.0,1.0,1.0,1.0,shared
n19143,4,1.0,1.0,1.0,1.0,1.0,shared
n19144,4,1.0,1.0,1.0,1.0,1.0,shared
n19145,4,1.0,1.0,1.0,1.0,1.0,shared
n19146,4,1.0,1.0,1.0,1.0,1.0,shared
n19147,3,0.75,1.0,1.0,1.0,0.9375,shared
n19148,3,0.75,1.0,1.0,1.0,0.9375,shared
n19149,4,1.0,1.0,1.0,1.0,1.0,shared
n19150,4,1.0,1.0,1.0,1.0,1.0,shared
n19151,4,1.0,1.0,1.0,1.0,1.0,shared
n19152,3,0.75,1.0,1.0,1.0,0.9375,shared
n19153,4,1.0,1.0,1.0,1.0,1.0,shared
n19154,4,1.0,1.0,1.0,1.0,1.0,shared
n19155,4,1.0,1.0,1.0,1.0,1.0,shared
n19156,4,1.0,1.0,1.0,1.0,1.0,shared
n19157,3,0.75,0.5,0.5,1.0,0.6875,shared
n19158,3,0.75,1.0,1.0,1.0,0.9375,shared
n19159,4,1.0,1.0,1.0,1.0,1.0,shared
n19160,3,0.75,1.0,1.0,1.0,0.9375,shared
n19161,3,0.75,1.0,1.0,1.0,0.9375,shared
n19162,4,1.0,1.0,1.0,1.0,1.0,shared
n19163,4,1.0,1.0,1.0,1.0,1.0,shared
n19164,4,1.0,1.0,1.0,1.0,1.0,shared
n19165,3,0.75,1.0,1.0,1.0,0.9375,shared
n19166,4,1.0,1.0,1.0,1.0,1.0,shared
n19167,4,1.0,1.0,1.0,1.0,1.0,shared
n19168,4,1.0,1.0,1.0,1.0,1.0,shared
n19169,4,1.0,1.0,1.0,1.0,1.0,shared
n19170,3,0.75,1.0,1.0,1.0,0.9375,shared
n19171,4,1.0,1.0,1.0,1.0,1.0,shared
n19172,4,1.0,1.0,1.0,1.0,1.0,shared
n19173,4,1.0,1.0,1.0,1.0,1.0,shared
n19174,4,1.0,1.0,1.0,1.0,1.0,shared
n19175,4,1.0,1.0,1.0,1.0,1.0,shared
n19176,4,1.0,1.0,1.0,1.0,1.0,shared
n19177,4,1.0,1.0,1.0,1.0,1.0,shared
n19178,4,1.0,1.0,1.0,1.0,1.0,shared
n19179,4,1.0,1.0,1.0,1.0,1.0,shared
n19180,4,1.0,1.0,1.0,1.0,1.0,shared
n19181,3,0.75,1.0,1.0,1.0,0.9375,shared
n19182,3,0.75,1.0,1.0,1.0,0.9375,shared
n19183,4,1.0,1.0,1.0,1.0,1.0,shared
n19184,4,1.0,1.0,1.0,1.0,1.0,shared
n19185,4,1.0,1.0,1.0,1.0,1.0,shared
n19186,3,0.75,1.0,1.0,1.0,0.9375,shared
n19187,3,0.75,1.0,1.0,1.0,0.9375,shared
n19188,4,1.0,1.0,1.0,1.0,1.0,shared
n19189,4,1.0,1.0,1.0,1.0,1.0,shared
n19190,4,1.0,1.0,1.0,1.0,1.0,shared
n19191,4,1.0,1.0,1.0,1.0,1.0,shared
n19192,4,1.0,1.0,1.0,1.0,1.0,shared
n19193,3,0.75,1.0,1.0,1.0,0.9375,shared
n19194,3,0.75,1.0,1.0,1.0,0.9375,shared
n19195,4,1.0,1.0,1.0,1.0,1.0,shared
n19196,3,0.75,1.0,1.0,1.0,0.9375,shared
n19197,4,1.0,1.0,1.0,1.0,1.0,shared
n19198,4,1.0,1.0,1.0,1.0,1.0,shared
n19199,4,1.0,1.0,1.0,1.0,1.0,shared
n19200,4,1.0,1.0,1.0,1.0,1.0,shared
n19201,4,1.0,1.0,1.0,1.0,1.0,shared
n19202,3,0.75,1.0,1.0,1.0,0.9375,shared
n19203,4,1.0,1.0,1.0,1.0,1.0,shared
n19204,4,1.0,1.0,1.0,1.0,1.0,shared
n19205,4,1.0,1.0,1.0,1.0,1.0,shared
n19206,4,1.0,1.0,1.0,1.0,1.0,shared
n19207,3,0.75,1.0,1.0,1.0,0.9375,shared
n19208,4,1.0,1.0,1.0,1.0,1.0,shared
n19209,4,1.0,1.0,1.0,1.0,1.0,shared
n19210,4,1.0,1.0,1.0,1.0,1.0,shared
n19211,3,0.75,1.0,1.0,1.0,0.9375,shared
n19212,4,1.0,1.0,1.0,1.0,1.0,shared
n19213,4,1.0,1.0,1.0,1.0,1.0,shared
n19214,4,1.0,1.0,1.0,1.0,1.0,shared
n19215,4,1.0,1.0,1.0,1.0,1.0,shared
n19216,4,1.0,1.0,1.0,1.0,1.0,shared
n19217,4,1.0,1.0,1.0,1.0,1.0,shared
n19218,4,1.0,1.0,1.0,1.0,1.0,shared
n19219,4,1.0,1.0,1.0,1.0,1.0,shared
n19220,4,1.0,1.0,1.0,1.0,1.0,shared
n19221,4,1.0,1.0,1.0,1.0,1.0,shared
n19222,4,1.0,1.0,1.0,1.0,1.0,shared
n19223,3,0.75,1.0,1.0,1.0,0.9375,shared
n19224,4,1.0,1.0,1.0,1.0,1.0,shared
n19225,4,1.0,1.0,1.0,1.0,1.0,shared
n19226,3,0.75,1.0,1.0,1.0,0.9375,shared
n19227,4,1.0,1.0,1.0,1.0,1.0,shared
n19228,4,1.0,1.0,1.0,1.0,1.0,shared
n19229,4,1.0,1.0,1.0,1.0,1.0,shared
n19230,4,1.0,1.0,1.0,1.0,1.0,shared
n19231,4,1.0,1.0,1.0,1.0,1.0,shared
n19232,4,1.0,1.0,1.0,1.0,1.0,shared
n19233,4,1.0,1.0,1.0,1.0,1.0,shared
n19234,4,1.0,1.0,1.0,1.0,1.0,shared
n19235,4,1.0,1.0,1.0,1.0,1.0,shared
n19236,4,1.0,1.0,1.0,1.0,1.0,shared
n19237,4,1.0,1.0,1.0,1.0,1.0,shared
n19238,4,1.0,1.0,1.0,1.0,1.0,shared
n19239,4,1.0,1.0,1.0,1.0,1.0,shared
n19240,4,1.0,1.0,1.0,1.0,1.0,shared
n19241,4,1.0,1.0,1.0,1.0,1.0,shared
n19242,4,1.0,1.0,1.0,1.0,1.0,shared
n19243,4,1.0,1.0,1.0,1.0,1.0,shared
n19244,4,1.0,1.0,1.0,1.0,1.0,shared
n19245,4,1.0,1.0,1.0,1.0,1.0,shared
n19246,4,1.0,1.0,1.0,1.0,1.0,shared
n19247,3,0.75,1.0,1.0,1.0,0.9375,shared
n19248,4,1.0,1.0,1.0,1.0,1.0,shared
n19249,4,1.0,1.0,1.0,1.0,1.0,shared
n19250,4,1.0,1.0,1.0,1.0,1.0,shared
n19251,4,1.0,1.0,1.0,1.0,1.0,shared
n19252,4,1.0,1.0,1.0,1.0,1.0,shared
n19253,4,1.0,1.0,1.0,1.0,1.0,shared
n19254,4,1.0,1.0,1.0,1.0,1.0,shared
n19255,3,0.75,1.0,1.0,1.0,0.9375,shared
n19256,3,0.75,1.0,1.0,1.0,0.9375,shared
n19257,4,1.0,1.0,1.0,1.0,1.0,shared
n19258,3,0.75,1.0,1.0,1.0,0.9375,shared
n19259,3,0.75,1.0,1.0,1.0,0.9375,shared
n19260,4,1.0,1.0,1.0,1.0,1.0,shared
n19261,4,1.0,1.0,1.0,1.0,1.0,shared
n19262,4,1.0,1.0,1.0,1.0,1.0,shared
n19263,3,0.75,1.0,1.0,1.0,0.9375,shared
n19264,4,1.0,1.0,1.0,1.0,1.0,shared
n19265,4,1.0,1.0,1.0,1.0,1.0,shared
n19266,4,1.0,1.0,1.0,1.0,1.0,shared
n19267,4,1.0,1.0,1.0,1.0,1.0,shared
n19268,4,1.0,1.0,1.0,1.0,1.0,shared
n19269,4,1.0,1.0,1.0,1.0,1.0,shared
n19270,4,1.0,1.0,1.0,1.0,1.0,shared
n19271,4,1.0,1.0,1.0,1.0,1.0,shared
n19272,4,1.0,1.0,1.0,1.0,1.0,shared
n19273,4,1.0,1.0,1.0,1.0,1.0,shared
n19274,4,1.0,1.0,1.0,1.0,1.0,shared
n19275,4,1.0,1.0,1.0,1.0,1.0,shared
n19276,4,1.0,0.5714285714285714,0.5714285714285714,1.0,0.7857142857142857,shared
n19277,4,1.0,1.0,1.0,1.0,1.0,shared
n19278,4,1.0,1.0,1.0,1.0,1.0,shared
n19279,4,1.0,1.0,1.0,1.0,1.0,shared
n19280,4,1.0,1.0,1.0,1.0,1.0,shared
n19281,4,1.0,1.0,1.0,1.0,1.0,shared
n19282,4,1.0,1.0,1.0,1.0,1.0,shared
n19283,4,1.0,1.0,1.0,1.0,1.0,shared
n19284,4,1.0,1.0,1.0,1.0,1.0,shared
n19285,4,1.0,1.0,0.8,1.0,0.95,shared
n19286,4,1.0,1.0,1.0,1.0,1.0,shared
n19287,3,0.75,1.0,1.0,1.0,0.9375,shared
n19288,4,1.0,1.0,1.0,1.0,1.0,shared
n19289,4,1.0,1.0,1.0,1.0,1.0,shared
n19290,4,1.0,1.0,1.0,1.0,1.0,shared
n19291,3,0.75,1.0,1.0,1.0,0.9375,shared
n19292,3,0.75,1.0,1.0,1.0,0.9375,shared
n19293,3,0.75,1.0,1.0,1.0,0.9375,shared
n19294,3,0.75,1.0,1.0,1.0,0.9375,shared
n19295,4,1.0,1.0,1.0,1.0,1.0,shared
n19296,4,1.0,1.0,1.0,1.0,1.0,shared
n19297,4,1.0,1.0,1.0,1.0,1.0,shared
n19298,4,1.0,1.0,1.0,1.0,1.0,shared
n19299,3,0.75,1.0,1.0,1.0,0.9375,shared
n19300,3,0.75,0.5,0.5,1.0,0.6875,shared
n19301,4,1.0,1.0,1.0,1.0,1.0,shared
n19302,4,1.0,1.0,1.0,1.0,1.0,shared
n19303,4,1.0,1.0,1.0,1.0,1.0,shared
n19304,4,1.0,1.0,1.0,1.0,1.0,shared
n19305,4,1.0,1.0,1.0,1.0,1.0,shared
n19306,3,0.75,1.0,1.0,1.0,0.9375,shared
n19307,4,1.0,1.0,1.0,1.0,1.0,shared
n19308,4,1.0,1.0,1.0,1.0,1.0,shared
n19309,3,0.75,1.0,1.0,1.0,0.9375,shared
n19310,3,0.75,1.0,1.0,1.0,0.9375,shared
n19311,3,0.75,1.0,1.0,1.0,0.9375,shared
n19312,3,0.75,1.0,1.0,1.0,0.9375,shared
n19313,4,1.0,1.0,1.0,1.0,1.0,shared
n19314,4,1.0,1.0,1.0,1.0,1.0,shared
n19315,4,1.0,1.0,1.0,1.0,1.0,shared
n19316,4,1.0,1.0,1.0,1.0,1.0,shared
n19317,4,1.0,1.0,1.0,1.0,1.0,shared
n19318,4,1.0,1.0,1.0,1.0,1.0,shared
n19319,3,0.75,1.0,1.0,1.0,0.9375,shared
n19320,4,1.0,1.0,1.0,1.0,1.0,shared
n19321,4,1.0,1.0,1.0,1.0,1.0,shared
n19322,3,0.75,1.0,1.0,1.0,0.9375,shared
n19323,4,1.0,1.0,1.0,1.0,1.0,shared
n19324,4,1.0,1.0,1.0,1.0,1.0,shared
n19325,4,1.0,1.0,1.0,1.0,1.0,shared
n19326,4,1.0,1.0,1.0,1.0,1.0,shared
n19327,4,1.0,1.0,1.0,1.0,1.0,shared
n19328,4,1.0,0.631578947368421,0.631578947368421,1.0,0.8157894736842105,shared
n19329,4,1.0,0.5,0.5,1.0,0.75,shared
n19330,4,1.0,1.0,1.0,1.0,1.0,shared
n19331,3,0.75,1.0,1.0,1.0,0.9375,shared
n19332,4,1.0,1.0,1.0,1.0,1.0,shared
n19333,4,1.0,1.0,1.0,1.0,1.0,shared
n19334,4,1.0,1.0,1.0,1.0,1.0,shared
n19335,4,1.0,1.0,1.0,1.0,1.0,shared
n19336,4,1.0,1.0,1.0,1.0,1.0,shared
n19337,4,1.0,1.0,1.0,1.0,1.0,shared
n19338,3,0.75,1.0,1.0,1.0,0.9375,shared
n19339,4,1.0,1.0,1.0,1.0,1.0,shared
n19340,4,1.0,1.0,1.0,1.0,1.0,shared
n19341,4,1.0,1.0,1.0,1.0,1.0,shared
n19342,3,0.75,1.0,1.0,1.0,0.9375,shared
n19343,4,1.0,1.0,1.0,1.0,1.0,shared
n19344,4,1.0,1.0,1.0,1.0,1.0,shared
n19345,3,0.75,1.0,1.0,1.0,0.9375,shared
n19346,3,0.75,1.0,1.0,1.0,0.9375,shared
n19347,3,0.75,1.0,1.0,1.0,0.9375,shared
n19348,4,1.0,1.0,1.0,1.0,1.0,shared
n19349,4,1.0,1.0,1.0,1.0,1.0,shared
n19350,4,1.0,1.0,1.0,1.0,1.0,shared
n19351,4,1.0,1.0,1.0,1.0,1.0,shared
n19352,3,0.75,1.0,1.0,1.0,0.9375,shared
n19353,4,1.0,1.0,1.0,1.0,1.0,shared
n19354,4,1.0,1.0,1.0,1.0,1.0,shared
n19355,4,1.0,1.0,1.0,1.0,1.0,shared
n19356,4,1.0,1.0,1.0,1.0,1.0,shared
n19357,4,1.0,1.0,1.0,1.0,1.0,shared
n19358,4,1.0,1.0,1.0,1.0,1.0,shared
n19359,4,1.0,1.0,1.0,1.0,1.0,shared
n19360,4,1.0,1.0,1.0,1.0,1.0,shared
n19361,4,1.0,1.0,1.0,1.0,1.0,shared
n19362,4,1.0,1.0,1.0,1.0,1.0,shared
n19363,3,0.75,1.0,1.0,1.0,0.9375,shared
n19364,4,1.0,1.0,1.0,1.0,1.0,shared
n19365,3,0.75,1.0,1.0,1.0,0.9375,shared
n19366,4,1.0,1.0,1.0,1.0,1.0,shared
n19367,4,1.0,1.0,1.0,1.0,1.0,shared
n19368,3,0.75,1.0,1.0,1.0,0.9375,shared
n19369,4,1.0,1.0,1.0,1.0,1.0,shared
n19370,3,0.75,1.0,1.0,1.0,0.9375,shared
n19371,4,1.0,1.0,1.0,1.0,1.0,shared
n19372,4,1.0,1.0,1.0,1.0,1.0,shared
n19373,4,1.0,1.0,1.0,1.0,1.0,shared
n19374,4,1.0,1.0,1.0,1.0,1.0,shared
n19375,3,0.75,1.0,1.0,1.0,0.9375,shared
n19376,4,1.0,1.0,1.0,1.0,1.0,shared
n19377,4,1.0,1.0,1.0,1.0,1.0,shared
n19378,4,1.0,1.0,1.0,1.0,1.0,shared
n19379,4,1.0,1.0,1.0,1.0,1.0,shared
n19380,4,1.0,1.0,1.0,1.0,1.0,shared
n19381,3,0.75,1.0,1.0,1.0,0.9375,shared
n19382,3,0.75,1.0,1.0,1.0,0.9375,shared
n19383,3,0.75,1.0,1.0,1.0,0.9375,shared
n19384,4,1.0,1.0,1.0,1.0,1.0,shared
n19385,3,0.75,0.6666666666666666,1.0,1.0,0.8541666666666666,shared
n19386,3,0.75,1.0,1.0,1.0,0.9375,shared
n19387,4,1.0,1.0,1.0,1.0,1.0,shared
n19388,3,0.75,1.0,1.0,1.0,0.9375,shared
n19389,4,1.0,1.0,1.0,1.0,1.0,shared
n19390,4,1.0,1.0,1.0,1.0,1.0,shared
n19391,4,1.0,1.0,1.0,1.0,1.0,shared
n19392,4,1.0,0.5,0.5,1.0,0.75,shared
n19393,4,1.0,1.0,1.0,1.0,1.0,shared
n19394,4,1.0,1.0,1.0,1.0,1.0,shared
n19395,4,1.0,1.0,1.0,1.0,1.0,shared
n19396,4,1.0,1.0,1.0,1.0,1.0,shared
n19397,4,1.0,1.0,1.0,1.0,1.0,shared
n19398,4,1.0,1.0,1.0,1.0,1.0,shared
n19399,3,0.75,1.0,1.0,1.0,0.9375,shared
n19400,3,0.75,1.0,1.0,1.0,0.9375,shared
n19401,3,0.75,1.0,1.0,1.0,0.9375,shared
n19402,4,1.0,1.0,1.0,1.0,1.0,shared
n19403,4,1.0,1.0,1.0,1.0,1.0,shared
n19404,4,1.0,1.0,1.0,1.0,1.0,shared
n19405,4,1.0,1.0,1.0,1.0,1.0,shared
n19406,4,1.0,1.0,1.0,1.0,1.0,shared
n19407,4,1.0,1.0,1.0,1.0,1.0,shared
n19408,4,1.0,1.0,1.0,1.0,1.0,shared
n19409,4,1.0,1.0,1.0,1.0,1.0,shared
n19410,4,1.0,1.0,0.5,1.0,0.875,shared
n19411,3,0.75,1.0,1.0,1.0,0.9375,shared
n19412,4,1.0,1.0,1.0,1.0,1.0,shared
n19413,4,1.0,1.0,1.0,1.0,1.0,shared
n19414,4,1.0,1.0,1.0,1.0,1.0,shared
n19415,4,1.0,1.0,1.0,1.0,1.0,shared
n19416,4,1.0,1.0,1.0,1.0,1.0,shared
n19417,3,0.75,1.0,1.0,1.0,0.9375,shared
n19418,4,1.0,1.0,1.0,1.0,1.0,shared
n19419,4,1.0,1.0,1.0,1.0,1.0,shared
n19420,3,0.75,1.0,1.0,1.0,0.9375,shared
n19421,4,1.0,0.5714285714285714,0.5714285714285714,1.0,0.7857142857142857,shared
n19422,4,1.0,1.0,1.0,1.0,1.0,shared
n19423,3,0.75,1.0,1.0,1.0,0.9375,shared
n19424,4,1.0,1.0,1.0,1.0,1.0,shared
n19425,4,1.0,1.0,1.0,1.0,1.0,shared
n19426,4,1.0,1.0,1.0,1.0,1.0,shared
n19427,4,1.0,1.0,1.0,1.0,1.0,shared
n19428,3,0.75,1.0,1.0,1.0,0.9375,shared
n19429,3,0.75,1.0,1.0,1.0,0.9375,shared
n19430,4,1.0,1.0,1.0,1.0,1.0,shared
n19431,4,1.0,1.0,1.0,1.0,1.0,shared
n19432,3,0.75,1.0,1.0,1.0,0.9375,shared
n19433,3,0.75,1.0,1.0,1.0,0.9375,shared
n19434,4,1.0,1.0,1.0,1.0,1.0,shared
n19435,3,0.75,1.0,1.0,1.0,0.9375,shared
n19436,3,0.75,0.6666666666666666,0.6666666666666666,1.0,0.7708333333333333,shared
n19437,4,1.0,1.0,1.0,1.0,1.0,shared
n19438,3,0.75,1.0,1.0,1.0,0.9375,shared
n19439,4,1.0,1.0,1.0,1.0,1.0,shared
n19440,4,1.0,1.0,1.0,1.0,1.0,shared
n19441,4,1.0,1.0,1.0,1.0,1.0,shared
n19442,3,0.75,1.0,1.0,1.0,0.9375,shared
n19443,4,1.0,1.0,1.0,1.0,1.0,shared
n19444,4,1.0,1.0,1.0,1.0,1.0,shared
n19445,4,1.0,1.0,1.0,1.0,1.0,shared
n19446,3,0.75,1.0,1.0,1.0,0.9375,shared
n19447,4,1.0,1.0,1.0,1.0,1.0,shared
n19448,4,1.0,1.0,1.0,1.0,1.0,shared
n19449,3,0.75,1.0,1.0,1.0,0.9375,shared
n19450,4,1.0,1.0,1.0,1.0,1.0,shared
n19451,3,0.75,1.0,1.0,1.0,0.9375,shared
n19452,3,0.75,1.0,1.0,1.0,0.9375,shared
n19453,3,0.75,1.0,1.0,1.0,0.9375,shared
n19454,4,1.0,1.0,1.0,1.0,1.0,shared
n19455,4,1.0,1.0,1.0,1.0,1.0,shared
n19456,4,1.0,1.0,1.0,1.0,1.0,shared
n19457,4,1.0,1.0,1.0,1.0,1.0,shared
n19458,4,1.0,1.0,1.0,1.0,1.0,shared
n19459,3,0.75,1.0,1.0,1.0,0.9375,shared
n19460,4,1.0,1.0,1.0,1.0,1.0,shared
n19461,4,1.0,1.0,1.0,1.0,1.0,shared
n19462,3,0.75,1.0,1.0,1.0,0.9375,shared
n19463,4,1.0,1.0,1.0,1.0,1.0,shared
n19464,3,0.75,1.0,1.0,1.0,0.9375,shared
n19465,3,0.75,1.0,1.0,1.0,0.9375,shared
n19466,3,0.75,1.0,1.0,1.0,0.9375,shared
n19467,4,1.0,1.0,1.0,1.0,1.0,shared
n19468,3,0.75,1.0,1.0,1.0,0.9375,shared
n19469,3,0.75,1.0,1.0,1.0,0.9375,shared
n19470,4,1.0,1.0,1.0,1.0,1.0,shared
n19471,3,0.75,1.0,1.0,1.0,0.9375,shared
n19472,3,0.75,1.0,1.0,1.0,0.9375,shared
n19473,4,1.0,1.0,1.0,1.0,1.0,shared
n19474,4,1.0,1.0,1.0,1.0,1.0,shared
n19475,3,0.75,1.0,1.0,1.0,0.9375,shared
n19476,4,1.0,1.0,1.0,1.0,1.0,shared
n19477,4,1.0,1.0,1.0,1.0,1.0,shared
n19478,4,1.0,1.0,1.0,1.0,1.0,shared
n19479,3,0.75,1.0,1.0,1.0,0.9375,shared
n19480,4,1.0,1.0,1.0,1.0,1.0,shared
n19481,4,1.0,1.0,1.0,1.0,1.0,shared
n19482,3,0.75,1.0,1.0,1.0,0.9375,shared
n19483,4,1.0,1.0,1.0,1.0,1.0,shared
n19484,4,1.0,1.0,1.0,1.0,1.0,shared
n19485,3,0.75,1.0,1.0,1.0,0.9375,shared
n19486,4,1.0,1.0,0.7333333333333333,1.0,0.9333333333333333,shared
n19487,4,1.0,1.0,1.0,1.0,1.0,shared
n19488,4,1.0,1.0,1.0,1.0,1.0,shared
n19489,4,1.0,1.0,1.0,1.0,1.0,shared
n19490,4,1.0,1.0,1.0,1.0,1.0,shared
n19491,3,0.75,1.0,1.0,1.0,0.9375,shared
n19492,3,0.75,1.0,1.0,1.0,0.9375,shared
n19493,4,1.0,1.0,1.0,1.0,1.0,shared
n19494,3,0.75,1.0,1.0,1.0,0.9375,shared
n19495,4,1.0,1.0,1.0,1.0,1.0,shared
n19496,4,1.0,1.0,1.0,1.0,1.0,shared
n19497,4,1.0,1.0,1.0,1.0,1.0,shared
n19498,4,1.0,1.0,1.0,1.0,1.0,shared
n19499,4,1.0,1.0,1.0,1.0,1.0,shared
n19500,4,1.0,1.0,1.0,1.0,1.0,shared
n19501,4,1.0,1.0,1.0,1.0,1.0,shared
n19502,4,1.0,1.0,1.0,1.0,1.0,shared
n19503,3,0.75,1.0,1.0,1.0,0.9375,shared
n19504,3,0.75,1.0,1.0,1.0,0.9375,shared
n19505,4,1.0,1.0,1.0,1.0,1.0,shared
n19506,4,1.0,1.0,1.0,1.0,1.0,shared
n19507,4,1.0,1.0,1.0,1.0,1.0,shared
n19508,4,1.0,1.0,1.0,1.0,1.0,shared
n19509,4,1.0,1.0,1.0,1.0,1.0,shared
n19510,4,1.0,1.0,1.0,1.0,1.0,shared
n19511,3,0.75,1.0,1.0,1.0,0.9375,shared
n19512,3,0.75,1.0,1.0,1.0,0.9375,shared
n19513,4,1.0,1.0,1.0,1.0,1.0,shared
n19514,3,0.75,1.0,0.5,1.0,0.8125,shared
n19515,4,1.0,1.0,1.0,1.0,1.0,shared
n19516,4,1.0,1.0,1.0,1.0,1.0,shared
n19517,4,1.0,1.0,1.0,1.0,1.0,shared
n19518,4,1.0,1.0,1.0,1.0,1.0,shared
n19519,4,1.0,1.0,1.0,1.0,1.0,shared
n19520,3,0.75,1.0,1.0,1.0,0.9375,shared
n19521,4,1.0,1.0,1.0,1.0,1.0,shared
n19522,4,1.0,1.0,1.0,1.0,1.0,shared
n19523,4,1.0,1.0,1.0,1.0,1.0,shared
n19524,3,0.75,1.0,1.0,1.0,0.9375,shared
n19525,4,1.0,1.0,1.0,1.0,1.0,shared
n19526,3,0.75,1.0,1.0,1.0,0.9375,shared
n19527,4,1.0,1.0,1.0,1.0,1.0,shared
n19528,3,0.75,1.0,1.0,1.0,0.9375,shared
n19529,4,1.0,1.0,1.0,1.0,1.0,shared
n19530,3,0.75,1.0,1.0,1.0,0.9375,shared
n19531,3,0.75,1.0,1.0,1.0,0.9375,shared
n19532,4,1.0,1.0,1.0,1.0,1.0,shared
n19533,4,1.0,1.0,1.0,1.0,1.0,shared
n19534,4,1.0,1.0,1.0,1.0,1.0,shared
n19535,4,1.0,1.0,1.0,1.0,1.0,shared
n19536,4,1.0,1.0,1.0,1.0,1.0,shared
n19537,4,1.0,1.0,1.0,1.0,1.0,shared
n19538,4,1.0,1.0,1.0,1.0,1.0,shared
n19539,4,1.0,1.0,1.0,1.0,1.0,shared
n19540,4,1.0,1.0,1.0,1.0,1.0,shared
n19541,3,0.75,1.0,1.0,1.0,0.9375,shared
n19542,4,1.0,1.0,1.0,1.0,1.0,shared
n19543,4,1.0,1.0,1.0,1.0,1.0,shared
n19544,4,1.0,1.0,1.0,1.0,1.0,shared
n19545,4,1.0,1.0,1.0,1.0,1.0,shared
n19546,4,1.0,1.0,1.0,1.0,1.0,shared
n19547,4,1.0,1.0,1.0,1.0,1.0,shared
n19548,4,1.0,1.0,1.0,1.0,1.0,shared
n19549,4,1.0,1.0,1.0,1.0,1.0,shared
n19550,4,1.0,1.0,1.0,1.0,1.0,shared
n19551,4,1.0,1.0,1.0,1.0,1.0,shared
n19552,4,1.0,1.0,1.0,1.0,1.0,shared
n19553,4,1.0,1.0,1.0,1.0,1.0,shared
n19554,4,1.0,1.0,1.0,1.0,1.0,shared
n19555,3,0.75,1.0,1.0,1.0,0.9375,shared
n19556,4,1.0,1.0,1.0,1.0,1.0,shared
n19557,4,1.0,1.0,1.0,1.0,1.0,shared
n19558,4,1.0,1.0,1.0,1.0,1.0,shared
n19559,4,1.0,1.0,1.0,1.0,1.0,shared
n19560,4,1.0,1.0,1.0,1.0,1.0,shared
n19561,3,0.75,1.0,1.0,1.0,0.9375,shared
n19562,3,0.75,1.0,1.0,1.0,0.9375,shared
n19563,4,1.0,1.0,1.0,1.0,1.0,shared
n19564,4,1.0,1.0,1.0,1.0,1.0,shared
n19565,4,1.0,1.0,1.0,1.0,1.0,shared
n19566,4,1.0,1.0,1.0,1.0,1.0,shared
n19567,3,0.75,1.0,1.0,1.0,0.9375,shared
n19568,4,1.0,1.0,1.0,1.0,1.0,shared
n19569,4,1.0,1.0,1.0,1.0,1.0,shared
n19570,4,1.0,1.0,1.0,1.0,1.0,shared
n19571,4,1.0,1.0,1.0,1.0,1.0,shared
n19572,4,1.0,1.0,0.6666666666666666,1.0,0.9166666666666666,shared
n19573,4,1.0,1.0,1.0,1.0,1.0,shared
n19574,4,1.0,1.0,1.0,1.0,1.0,shared
n19575,4,1.0,1.0,1.0,1.0,1.0,shared
n19576,3,0.75,1.0,1.0,1.0,0.9375,shared
n19577,4,1.0,1.0,1.0,1.0,1.0,shared
n19578,4,1.0,1.0,1.0,1.0,1.0,shared
n19579,4,1.0,1.0,1.0,1.0,1.0,shared
n19580,4,1.0,1.0,1.0,1.0,1.0,shared
n19581,4,1.0,1.0,1.0,1.0,1.0,shared
n19582,3,0.75,1.0,1.0,1.0,0.9375,shared
n19583,4,1.0,1.0,1.0,1.0,1.0,shared
n19584,4,1.0,1.0,1.0,1.0,1.0,shared
n19585,4,1.0,1.0,1.0,1.0,1.0,shared
n19586,4,1.0,1.0,1.0,1.0,1.0,shared
n19587,4,1.0,1.0,1.0,1.0,1.0,shared
n19588,3,0.75,1.0,1.0,1.0,0.9375,shared
n19589,3,0.75,1.0,1.0,1.0,0.9375,shared
n19590,4,1.0,1.0,1.0,1.0,1.0,shared
n19591,3,0.75,1.0,1.0,1.0,0.9375,shared
n19592,4,1.0,1.0,1.0,1.0,1.0,shared
n19593,3,0.75,1.0,1.0,1.0,0.9375,shared
n19594,4,1.0,1.0,1.0,1.0,1.0,shared
n19595,4,1.0,0.5,1.0,1.0,0.875,shared
n19596,3,0.75,0.5,0.5,1.0,0.6875,shared
n19597,4,1.0,1.0,1.0,1.0,1.0,shared
n19598,4,1.0,1.0,1.0,1.0,1.0,shared
n19599,4,1.0,1.0,1.0,1.0,1.0,shared
n19600,4,1.0,1.0,1.0,1.0,1.0,shared
n19601,3,0.75,1.0,1.0,1.0,0.9375,shared
n19602,4,1.0,1.0,0.5,1.0,0.875,shared
n19603,4,1.0,1.0,1.0,1.0,1.0,shared
n19604,4,1.0,1.0,1.0,1.0,1.0,shared
n19605,3,0.75,1.0,1.0,1.0,0.9375,shared
n19606,3,0.75,1.0,1.0,1.0,0.9375,shared
n19607,3,0.75,1.0,1.0,1.0,0.9375,shared
n19608,4,1.0,1.0,1.0,1.0,1.0,shared
n19609,4,1.0,1.0,1.0,1.0,1.0,shared
n19610,4,1.0,1.0,1.0,1.0,1.0,shared
n19611,4,1.0,1.0,1.0,1.0,1.0,shared
n19612,4,1.0,1.0,1.0,1.0,1.0,shared
n19613,4,1.0,1.0,1.0,1.0,1.0,shared
n19614,4,1.0,1.0,1.0,1.0,1.0,shared
n19615,3,0.75,1.0,1.0,1.0,0.9375,shared
n19616,4,1.0,1.0,1.0,1.0,1.0,shared
n19617,4,1.0,1.0,1.0,1.0,1.0,shared
n19618,3,0.75,1.0,1.0,1.0,0.9375,shared
n19619,4,1.0,1.0,1.0,1.0,1.0,shared
n19620,4,1.0,1.0,1.0,1.0,1.0,shared
n19621,3,0.75,1.0,1.0,1.0,0.9375,shared
n19622,4,1.0,1.0,1.0,1.0,1.0,shared
n19623,4,1.0,1.0,1.0,1.0,1.0,shared
n19624,4,1.0,1.0,1.0,1.0,1.0,shared
n19625,4,1.0,1.0,1.0,1.0,1.0,shared
n19626,4,1.0,1.0,1.0,1.0,1.0,shared
n19627,4,1.0,1.0,1.0,1.0,1.0,shared
n19628,3,0.75,1.0,1.0,1.0,0.9375,shared
n19629,4,1.0,1.0,1.0,1.0,1.0,shared
n19630,4,1.0,1.0,1.0,1.0,1.0,shared
n19631,4,1.0,1.0,1.0,1.0,1.0,shared
n19632,4,1.0,1.0,1.0,1.0,1.0,shared
n19633,4,1.0,1.0,1.0,1.0,1.0,shared
n19634,4,1.0,1.0,1.0,1.0,1.0,shared
n19635,4,1.0,1.0,1.0,1.0,1.0,shared
n19636,4,1.0,1.0,1.0,1.0,1.0,shared
n19637,4,1.0,1.0,1.0,1.0,1.0,shared
n19638,4,1.0,1.0,1.0,1.0,1.0,shared
n19639,4,1.0,1.0,1.0,1.0,1.0,shared
n19640,4,1.0,1.0,1.0,1.0,1.0,shared
n19641,4,1.0,1.0,1.0,1.0,1.0,shared
n19642,4,1.0,1.0,1.0,1.0,1.0,shared
n19643,3,0.75,1.0,1.0,1.0,0.9375,shared
n19644,4,1.0,1.0,1.0,1.0,1.0,shared
n19645,3,0.75,1.0,1.0,1.0,0.9375,shared
n19646,4,1.0,1.0,1.0,1.0,1.0,shared
n19647,4,1.0,1.0,1.0,1.0,1.0,shared
n19648,3,0.75,1.0,1.0,1.0,0.9375,shared
n19649,3,0.75,1.0,1.0,1.0,0.9375,shared
n19650,4,1.0,1.0,1.0,1.0,1.0,shared
n19651,4,1.0,1.0,1.0,1.0,1.0,shared
n19652,4,1.0,1.0,1.0,1.0,1.0,shared
n19653,4,1.0,1.0,1.0,1.0,1.0,shared
n19654,4,1.0,1.0,1.0,1.0,1.0,shared
n19655,4,1.0,1.0,1.0,1.0,1.0,shared
n19656,4,1.0,1.0,1.0,1.0,1.0,shared
n19657,4,1.0,1.0,1.0,1.0,1.0,shared
n19658,4,1.0,1.0,1.0,1.0,1.0,shared
n19659,4,1.0,1.0,1.0,1.0,1.0,shared
n19660,4,1.0,1.0,1.0,1.0,1.0,shared
n19661,4,1.0,1.0,1.0,1.0,1.0,shared
n19662,3,0.75,1.0,1.0,1.0,0.9375,shared
n19663,4,1.0,1.0,1.0,1.0,1.0,shared
n19664,4,1.0,1.0,1.0,1.0,1.0,shared
n19665,4,1.0,1.0,1.0,1.0,1.0,shared
n19666,4,1.0,1.0,1.0,1.0,1.0,shared
n19667,3,0.75,1.0,1.0,1.0,0.9375,shared
n19668,3,0.75,1.0,1.0,1.0,0.9375,shared
n19669,4,1.0,1.0,1.0,1.0,1.0,shared
n19670,3,0.75,1.0,1.0,1.0,0.9375,shared
n19671,4,1.0,1.0,1.0,1.0,1.0,shared
n19672,4,1.0,1.0,1.0,1.0,1.0,shared
n19673,3,0.75,1.0,1.0,1.0,0.9375,shared
n19674,4,1.0,1.0,1.0,1.0,1.0,shared
n19675,3,0.75,1.0,1.0,1.0,0.9375,shared
n19676,4,1.0,1.0,1.0,1.0,1.0,shared
n19677,4,1.0,1.0,1.0,1.0,1.0,shared
n19678,4,1.0,1.0,1.0,1.0,1.0,shared
n19679,4,1.0,1.0,1.0,1.0,1.0,shared
n19680,4,1.0,1.0,1.0,1.0,1.0,shared
n19681,4,1.0,1.0,1.0,1.0,1.0,shared
n19682,4,1.0,1.0,1.0,1.0,1.0,shared
n19683,4,1.0,1.0,1.0,1.0,1.0,shared
n19684,3,0.75,1.0,1.0,1.0,0.9375,shared
n19685,4,1.0,0.5714285714285714,1.0,1.0,0.8928571428571428,shared
n19686,3,0.75,1.0,1.0,1.0,0.9375,shared
n19687,4,1.0,1.0,1.0,1.0,1.0,shared
n19688,3,0.75,1.0,1.0,1.0,0.9375,shared
n19689,4,1.0,1.0,1.0,1.0,1.0,shared
n19690,4,1.0,1.0,1.0,1.0,1.0,shared
n19691,4,1.0,1.0,1.0,1.0,1.0,shared
n19692,4,1.0,1.0,1.0,1.0,1.0,shared
n19693,4,1.0,1.0,1.0,1.0,1.0,shared
n19694,4,1.0,1.0,1.0,1.0,1.0,shared
n19695,4,1.0,1.0,1.0,1.0,1.0,shared
n19696,4,1.0,1.0,1.0,1.0,1.0,shared
n19697,4,1.0,1.0,1.0,1.0,1.0,shared
n19698,4,1.0,1.0,1.0,1.0,1.0,shared
n19699,4,1.0,1.0,1.0,1.0,1.0,shared
n19700,4,1.0,1.0,1.0,1.0,1.0,shared
n19701,4,1.0,1.0,1.0,1.0,1.0,shared
n19702,3,0.75,1.0,1.0,1.0,0.9375,shared
n19703,4,1.0,1.0,1.0,1.0,1.0,shared
n19704,4,1.0,1.0,1.0,1.0,1.0,shared
n19705,4,1.0,1.0,1.0,1.0,1.0,shared
n19706,4,1.0,1.0,1.0,1.0,1.0,shared
n19707,4,1.0,1.0,1.0,1.0,1.0,shared
n19708,4,1.0,1.0,1.0,1.0,1.0,shared
n19709,4,1.0,1.0,1.0,1.0,1.0,shared
n19710,4,1.0,1.0,1.0,1.0,1.0,shared
n19711,4,1.0,1.0,1.0,1.0,1.0,shared
n19712,4,1.0,1.0,1.0,1.0,1.0,shared
n19713,4,1.0,1.0,1.0,1.0,1.0,shared
n19714,4,1.0,1.0,1.0,1.0,1.0,shared
n19715,4,1.0,1.0,1.0,1.0,1.0,shared
n19716,4,1.0,1.0,1.0,1.0,1.0,shared
n19717,4,1.0,1.0,1.0,1.0,1.0,shared
n19718,4,1.0,1.0,1.0,1.0,1.0,shared
n19719,4,1.0,1.0,1.0,1.0,1.0,shared
n19720,4,1.0,1.0,1.0,1.0,1.0,shared
n19721,4,1.0,1.0,1.0,1.0,1.0,shared
n19722,4,1.0,1.0,1.0,1.0,1.0,shared
n19723,4,1.0,0.5,0.5,1.0,0.75,shared
n19724,3,0.75,1.0,1.0,1.0,0.9375,shared
n19725,4,1.0,1.0,1.0,1.0,1.0,shared
n19726,4,1.0,1.0,1.0,1.0,1.0,shared
n19727,4,1.0,1.0,1.0,1.0,1.0,shared
n19728,3,0.75,1.0,1.0,1.0,0.9375,shared
n19729,4,1.0,1.0,1.0,1.0,1.0,shared
n19730,4,1.0,1.0,1.0,1.0,1.0,shared
n19731,4,1.0,1.0,1.0,1.0,1.0,shared
n19732,4,1.0,1.0,1.0,1.0,1.0,shared
n19733,4,1.0,1.0,1.0,1.0,1.0,shared
n19734,3,0.75,1.0,1.0,1.0,0.9375,shared
n19735,4,1.0,0.5,0.5,1.0,0.75,shared
n19736,4,1.0,1.0,1.0,1.0,1.0,shared
n19737,4,1.0,1.0,1.0,1.0,1.0,shared
n19738,4,1.0,1.0,1.0,1.0,1.0,shared
n19739,4,1.0,1.0,1.0,1.0,1.0,shared
n19740,3,0.75,1.0,1.0,1.0,0.9375,shared
n19741,4,1.0,1.0,1.0,1.0,1.0,shared
n19742,3,0.75,1.0,1.0,1.0,0.9375,shared
n19743,4,1.0,1.0,1.0,1.0,1.0,shared
n19744,3,0.75,1.0,1.0,1.0,0.9375,shared
n19745,4,1.0,1.0,1.0,1.0,1.0,shared
n19746,4,1.0,0.5,0.5,1.0,0.75,shared
n19747,4,1.0,1.0,1.0,1.0,1.0,shared
n19748,4,1.0,1.0,1.0,1.0,1.0,shared
n19749,3,0.75,1.0,1.0,1.0,0.9375,shared
n19750,4,1.0,1.0,1.0,1.0,1.0,shared
n19751,4,1.0,1.0,1.0,1.0,1.0,shared
n19752,4,1.0,1.0,1.0,1.0,1.0,shared
n19753,3,0.75,1.0,1.0,1.0,0.9375,shared
n19754,3,0.75,1.0,1.0,1.0,0.9375,shared
n19755,4,1.0,1.0,1.0,1.0,1.0,shared
n19756,4,1.0,1.0,1.0,1.0,1.0,shared
n19757,4,1.0,1.0,1.0,1.0,1.0,shared
n19758,4,1.0,1.0,1.0,1.0,1.0,shared
n19759,4,1.0,1.0,1.0,1.0,1.0,shared
n19760,3,0.75,1.0,1.0,1.0,0.9375,shared
n19761,3,0.75,1.0,1.0,1.0,0.9375,shared
n19762,4,1.0,1.0,1.0,1.0,1.0,shared
n19763,4,1.0,1.0,1.0,1.0,1.0,shared
n19764,4,1.0,1.0,1.0,1.0,1.0,shared
n19765,4,1.0,1.0,1.0,1.0,1.0,shared
n19766,4,1.0,1.0,1.0,1.0,1.0,shared
n19767,4,1.0,1.0,1.0,1.0,1.0,shared
n19768,4,1.0,0.4666666666666667,0.7333333333333333,1.0,0.8,shared
n19769,3,0.75,1.0,1.0,1.0,0.9375,shared
n19770,3,0.75,1.0,1.0,1.0,0.9375,shared
n19771,4,1.0,1.0,1.0,1.0,1.0,shared
n19772,4,1.0,1.0,1.0,1.0,1.0,shared
n19773,3,0.75,1.0,1.0,1.0,0.9375,shared
n19774,3,0.75,1.0,1.0,1.0,0.9375,shared
n19775,4,1.0,1.0,1.0,1.0,1.0,shared
n19776,4,1.0,1.0,1.0,1.0,1.0,shared
n19777,4,1.0,1.0,1.0,1.0,1.0,shared
n19778,4,1.0,1.0,1.0,1.0,1.0,shared
n19779,4,1.0,1.0,1.0,1.0,1.0,shared
n19780,4,1.0,1.0,1.0,1.0,1.0,shared
n19781,4,1.0,1.0,1.0,1.0,1.0,shared
n19782,4,1.0,1.0,1.0,1.0,1.0,shared
n19783,3,0.75,1.0,1.0,1.0,0.9375,shared
n19784,4,1.0,1.0,1.0,1.0,1.0,shared
n19785,4,1.0,1.0,1.0,1.0,1.0,shared
n19786,3,0.75,1.0,1.0,1.0,0.9375,shared
n19787,3,0.75,1.0,1.0,1.0,0.9375,shared
n19788,4,1.0,1.0,1.0,1.0,1.0,shared
n19789,4,1.0,1.0,1.0,1.0,1.0,shared
n19790,4,1.0,1.0,1.0,1.0,1.0,shared
n19791,3,0.75,1.0,1.0,1.0,0.9375,shared
n19792,4,1.0,1.0,1.0,1.0,1.0,shared
n19793,3,0.75,1.0,1.0,1.0,0.9375,shared
n19794,4,1.0,1.0,1.0,1.0,1.0,shared
n19795,4,1.0,1.0,1.0,1.0,1.0,shared
n19796,3,0.75,1.0,1.0,1.0,0.9375,shared
n19797,4,1.0,1.0,1.0,1.0,1.0,shared
n19798,4,1.0,1.0,1.0,1.0,1.0,shared
n19799,4,1.0,1.0,1.0,1.0,1.0,shared
n19800,4,1.0,1.0,1.0,1.0,1.0,shared
n19801,3,0.75,1.0,1.0,1.0,0.9375,shared
n19802,4,1.0,1.0,1.0,1.0,1.0,shared
n19803,3,0.75,1.0,1.0,1.0,0.9375,shared
n19804,4,1.0,1.0,1.0,1.0,1.0,shared
n19805,4,1.0,1.0,1.0,1.0,1.0,shared
n19806,4,1.0,0.5,0.5,1.0,0.75,shared
n19807,4,1.0,1.0,1.0,1.0,1.0,shared
n19808,4,1.0,1.0,1.0,1.0,1.0,shared
n19809,3,0.75,1.0,1.0,1.0,0.9375,shared
n19810,4,1.0,1.0,1.0,1.0,1.0,shared
n19811,4,1.0,1.0,1.0,1.0,1.0,shared
n19812,4,1.0,1.0,1.0,1.0,1.0,shared
n19813,3,0.75,1.0,1.0,1.0,0.9375,shared
n19814,4,1.0,1.0,1.0,1.0,1.0,shared
n19815,4,1.0,1.0,1.0,1.0,1.0,shared
n19816,3,0.75,1.0,1.0,1.0,0.9375,shared
n19817,3,0.75,1.0,1.0,1.0,0.9375,shared
n19818,4,1.0,1.0,1.0,1.0,1.0,shared
n19819,4,1.0,1.0,1.0,1.0,1.0,shared
n19820,4,1.0,1.0,1.0,1.0,1.0,shared
n19821,4,1.0,1.0,1.0,1.0,1.0,shared
n19822,4,1.0,1.0,1.0,1.0,1.0,shared
n19823,4,1.0,1.0,1.0,1.0,1.0,shared
n19824,4,1.0,1.0,1.0,1.0,1.0,shared
n19825,4,1.0,1.0,1.0,1.0,1.0,shared
n19826,4,1.0,1.0,1.0,1.0,1.0,shared
n19827,3,0.75,1.0,1.0,1.0,0.9375,shared
n19828,3,0.75,1.0,1.0,1.0,0.9375,shared
n19829,3,0.75,1.0,1.0,1.0,0.9375,shared
n19830,4,1.0,1.0,1.0,1.0,1.0,shared
n19831,4,1.0,1.0,1.0,1.0,1.0,shared
n19832,3,0.75,1.0,1.0,1.0,0.9375,shared
n19833,4,1.0,1.0,1.0,1.0,1.0,shared
n19834,4,1.0,1.0,1.0,1.0,1.0,shared
n19835,4,1.0,1.0,0.5,1.0,0.875,shared
n19836,3,0.75,1.0,1.0,1.0,0.9375,shared
n19837,4,1.0,1.0,1.0,1.0,1.0,shared
n19838,4,1.0,1.0,1.0,1.0,1.0,shared
n19839,3,0.75,1.0,1.0,1.0,0.9375,shared
n19840,4,1.0,1.0,1.0,1.0,1.0,shared
n19841,4,1.0,1.0,1.0,1.0,1.0,shared
n19842,3,0.75,1.0,1.0,1.0,0.9375,shared
n19843,4,1.0,1.0,1.0,1.0,1.0,shared
n19844,3,0.75,1.0,1.0,1.0,0.9375,shared
n19845,4,1.0,1.0,1.0,1.0,1.0,shared
n19846,3,0.75,1.0,1.0,1.0,0.9375,shared
n19847,4,1.0,1.0,1.0,1.0,1.0,shared
n19848,3,0.75,1.0,1.0,1.0,0.9375,shared
n19849,3,0.75,1.0,1.0,1.0,0.9375,shared
n19850,3,0.75,1.0,1.0,1.0,0.9375,shared
n19851,3,0.75,1.0,1.0,1.0,0.9375,shared
n19852,4,1.0,1.0,1.0,1.0,1.0,shared
n19853,3,0.75,1.0,1.0,1.0,0.9375,shared
n19854,4,1.0,1.0,1.0,1.0,1.0,shared
n19855,3,0.75,1.0,1.0,1.0,0.9375,shared
n19856,4,1.0,1.0,1.0,1.0,1.0,shared
n19857,4,1.0,1.0,1.0,1.0,1.0,shared
n19858,3,0.75,1.0,1.0,1.0,0.9375,shared
n19859,4,1.0,1.0,1.0,1.0,1.0,shared
n19860,4,1.0,1.0,1.0,1.0,1.0,shared
n19861,3,0.75,1.0,1.0,1.0,0.9375,shared
n19862,4,1.0,1.0,1.0,1.0,1.0,shared
n19863,4,1.0,1.0,1.0,1.0,1.0,shared
n19864,4,1.0,1.0,1.0,1.0,1.0,shared
n19865,4,1.0,1.0,1.0,1.0,1.0,shared
n19866,3,0.75,1.0,1.0,1.0,0.9375,shared
n19867,4,1.0,1.0,1.0,1.0,1.0,shared
n19868,3,0.75,1.0,1.0,1.0,0.9375,shared
n19869,4,1.0,1.0,1.0,1.0,1.0,shared
n19870,4,1.0,1.0,1.0,1.0,1.0,shared
n19871,3,0.75,1.0,1.0,1.0,0.9375,shared
n19872,4,1.0,1.0,1.0,1.0,1.0,shared
n19873,4,1.0,1.0,1.0,1.0,1.0,shared
n19874,4,1.0,1.0,1.0,1.0,1.0,shared
n19875,3,0.75,1.0,1.0,1.0,0.9375,shared
n19876,3,0.75,1.0,1.0,1.0,0.9375,shared
n19877,4,1.0,1.0,1.0,1.0,1.0,shared
n19878,4,1.0,1.0,1.0,1.0,1.0,shared
n19879,4,1.0,1.0,1.0,1.0,1.0,shared
n19880,4,1.0,1.0,1.0,1.0,1.0,shared
n19881,4,1.0,1.0,1.0,1.0,1.0,shared
n19882,3,0.75,1.0,1.0,1.0,0.9375,shared
n19883,4,1.0,1.0,1.0,1.0,1.0,shared
n19884,4,1.0,1.0,1.0,1.0,1.0,shared
n19885,4,1.0,1.0,1.0,1.0,1.0,shared
n19886,4,1.0,1.0,1.0,1.0,1.0,shared
n19887,4,1.0,1.0,1.0,1.0,1.0,shared
n19888,4,1.0,1.0,1.0,1.0,1.0,shared
n19889,3,0.75,1.0,1.0,1.0,0.9375,shared
n19890,3,0.75,1.0,1.0,1.0,0.9375,shared
n19891,4,1.0,1.0,1.0,1.0,1.0,shared
n19892,4,1.0,1.0,1.0,1.0,1.0,shared
n19893,4,1.0,1.0,1.0,1.0,1.0,shared
n19894,4,1.0,1.0,1.0,1.0,1.0,shared
n19895,4,1.0,1.0,1.0,1.0,1.0,shared
n19896,4,1.0,1.0,1.0,1.0,1.0,shared
n19897,4,1.0,1.0,1.0,1.0,1.0,shared
n19898,4,1.0,1.0,1.0,1.0,1.0,shared
n19899,3,0.75,1.0,1.0,1.0,0.9375,shared
n19900,4,1.0,1.0,1.0,1.0,1.0,shared
n19901,3,0.75,1.0,1.0,1.0,0.9375,shared
n19902,3,0.75,1.0,1.0,1.0,0.9375,shared
n19903,4,1.0,1.0,1.0,1.0,1.0,shared
n19904,4,1.0,1.0,1.0,1.0,1.0,shared
n19905,4,1.0,1.0,1.0,1.0,1.0,shared
n19906,3,0.75,1.0,1.0,1.0,0.9375,shared
n19907,4,1.0,1.0,1.0,1.0,1.0,shared
n19908,4,1.0,1.0,1.0,1.0,1.0,shared
n19909,4,1.0,1.0,1.0,1.0,1.0,shared
n19910,4,1.0,1.0,1.0,1.0,1.0,shared
n19911,4,1.0,1.0,1.0,1.0,1.0,shared
n19912,4,1.0,1.0,1.0,1.0,1.0,shared
n19913,4,1.0,1.0,1.0,1.0,1.0,shared
n19914,4,1.0,1.0,1.0,1.0,1.0,shared
n19915,4,1.0,1.0,1.0,1.0,1.0,shared
n19916,3,0.75,1.0,1.0,1.0,0.9375,shared
n19917,4,1.0,1.0,1.0,1.0,1.0,shared
n19918,4,1.0,1.0,1.0,1.0,1.0,shared
n19919,4,1.0,1.0,1.0,1.0,1.0,shared
n19920,4,1.0,1.0,1.0,1.0,1.0,shared
n19921,4,1.0,1.0,1.0,1.0,1.0,shared
n19922,4,1.0,1.0,1.0,1.0,1.0,shared
n19923,4,1.0,1.0,1.0,1.0,1.0,shared
n19924,4,1.0,1.0,1.0,1.0,1.0,shared
n19925,4,1.0,1.0,1.0,1.0,1.0,shared
n19926,4,1.0,1.0,1.0,1.0,1.0,shared
n19927,4,1.0,1.0,1.0,1.0,1.0,shared
n19928,4,1.0,1.0,1.0,1.0,1.0,shared
n19929,4,1.0,1.0,1.0,1.0,1.0,shared
n19930,3,0.75,1.0,1.0,1.0,0.9375,shared
n19931,4,1.0,1.0,1.0,1.0,1.0,shared
n19932,3,0.75,1.0,1.0,1.0,0.9375,shared
n19933,4,1.0,1.0,1.0,1.0,1.0,shared
n19934,4,1.0,1.0,1.0,1.0,1.0,shared
n19935,4,1.0,1.0,1.0,1.0,1.0,shared
n19936,4,1.0,1.0,1.0,1.0,1.0,shared
n19937,4,1.0,1.0,1.0,1.0,1.0,shared
n19938,4,1.0,1.0,1.0,1.0,1.0,shared
n19939,4,1.0,1.0,1.0,1.0,1.0,shared
n19940,4,1.0,1.0,1.0,1.0,1.0,shared
n19941,4,1.0,1.0,1.0,1.0,1.0,shared
n19942,3,0.75,1.0,1.0,1.0,0.9375,shared
n19943,3,0.75,1.0,1.0,1.0,0.9375,shared
n19944,4,1.0,1.0,1.0,1.0,1.0,shared
n19945,4,1.0,1.0,1.0,1.0,1.0,shared
n19946,4,1.0,1.0,1.0,1.0,1.0,shared
n19947,4,1.0,1.0,1.0,1.0,1.0,shared
n19948,4,1.0,1.0,1.0,1.0,1.0,shared
n19949,4,1.0,1.0,1.0,1.0,1.0,shared
n19950,4,1.0,1.0,1.0,1.0,1.0,shared
n19951,4,1.0,1.0,1.0,1.0,1.0,shared
n19952,4,1.0,1.0,1.0,1.0,1.0,shared
n19953,4,1.0,1.0,1.0,1.0,1.0,shared
n19954,4,1.0,1.0,1.0,1.0,1.0,shared
n19955,4,1.0,1.0,1.0,1.0,1.0,shared
n19956,4,1.0,1.0,1.0,1.0,1.0,shared
n19957,4,1.0,1.0,1.0,1.0,1.0,shared
n19958,3,0.75,1.0,1.0,1.0,0.9375,shared
n19959,4,1.0,0.5,0.5,1.0,0.75,shared
n19960,4,1.0,1.0,1.0,1.0,1.0,shared
n19961,3,0.75,1.0,1.0,1.0,0.9375,shared
n19962,4,1.0,1.0,1.0,1.0,1.0,shared
n19963,4,1.0,1.0,1.0,1.0,1.0,shared
n19964,4,1.0,1.0,1.0,1.0,1.0,shared
n19965,4,1.0,1.0,1.0,1.0,1.0,shared
n19966,3,0.75,1.0,1.0,1.0,0.9375,shared
n19967,4,1.0,0.5,0.5,1.0,0.75,shared
n19968,4,1.0,1.0,1.0,1.0,1.0,shared
n19969,4,1.0,1.0,1.0,1.0,1.0,shared
n19970,4,1.0,1.0,1.0,1.0,1.0,shared
n19971,4,1.0,1.0,1.0,1.0,1.0,shared
n19972,4,1.0,1.0,1.0,1.0,1.0,shared
n19973,4,1.0,1.0,1.0,1.0,1.0,shared
n19974,4,1.0,1.0,1.0,1.0,1.0,shared
n19975,4,1.0,1.0,1.0,1.0,1.0,shared
n19976,4,1.0,1.0,1.0,1.0,1.0,shared
n19977,3,0.75,1.0,1.0,1.0,0.9375,shared
n19978,4,1.0,1.0,1.0,1.0,1.0,shared
n19979,4,1.0,1.0,1.0,1.0,1.0,shared
n19980,4,1.0,1.0,1.0,1.0,1.0,shared
n19981,4,1.0,1.0,1.0,1.0,1.0,shared
n19982,4,1.0,1.0,1.0,1.0,1.0,shared
n19983,4,1.0,1.0,1.0,1.0,1.0,shared
n19984,3,0.75,1.0,1.0,1.0,0.9375,shared
n19985,4,1.0,1.0,1.0,1.0,1.0,shared
n19986,4,1.0,1.0,1.0,1.0,1.0,shared
n19987,4,1.0,1.0,1.0,1.0,1.0,shared
n19988,4,1.0,1.0,1.0,1.0,1.0,shared
n19989,4,1.0,1.0,1.0,1.0,1.0,shared
n19990,3,0.75,1.0,1.0,1.0,0.9375,shared
n19991,4,1.0,1.0,1.0,1.0,1.0,shared
n19992,4,1.0,1.0,1.0,1.0,1.0,shared
n19993,4,1.0,1.0,1.0,1.0,1.0,shared
n19994,4,1.0,1.0,1.0,1.0,1.0,shared
n19995,4,1.0,1.0,1.0,1.0,1.0,shared
n19996,3,0.75,1.0,1.0,1.0,0.9375,shared
n19997,3,0.75,1.0,1.0,1.0,0.9375,shared
n19998,4,1.0,1.0,1.0,1.0,1.0,shared
n19999,4,1.0,1.0,1.0,1.0,1.0,shared
n20000,4,1.0,1.0,1.0,1.0,1.0,shared
n20001,4,1.0,1.0,1.0,1.0,1.0,shared
n20002,4,1.0,1.0,1.0,1.0,1.0,shared
n20003,3,0.75,1.0,1.0,1.0,0.9375,shared
n20004,4,1.0,1.0,1.0,1.0,1.0,shared
n20005,4,1.0,1.0,1.0,1.0,1.0,shared
n20006,3,0.75,0.5,0.5,1.0,0.6875,shared
n20007,4,1.0,1.0,1.0,1.0,1.0,shared
n20008,4,1.0,1.0,1.0,1.0,1.0,shared
n20009,3,0.75,1.0,1.0,1.0,0.9375,shared
n20010,4,1.0,1.0,1.0,1.0,1.0,shared
n20011,4,1.0,1.0,1.0,1.0,1.0,shared
n20012,4,1.0,1.0,1.0,1.0,1.0,shared
n20013,4,1.0,1.0,1.0,1.0,1.0,shared
n20014,3,0.75,1.0,1.0,1.0,0.9375,shared
n20015,4,1.0,1.0,1.0,1.0,1.0,shared
n20016,4,1.0,1.0,1.0,1.0,1.0,shared
n20017,3,0.75,1.0,1.0,1.0,0.9375,shared
n20018,3,0.75,1.0,1.0,1.0,0.9375,shared
n20019,4,1.0,1.0,1.0,1.0,1.0,shared
n20020,4,1.0,1.0,1.0,1.0,1.0,shared
n20021,4,1.0,1.0,1.0,1.0,1.0,shared
n20022,4,1.0,1.0,1.0,1.0,1.0,shared
n20023,4,1.0,1.0,1.0,1.0,1.0,shared
n20024,4,1.0,1.0,1.0,1.0,1.0,shared
n20025,4,1.0,1.0,1.0,1.0,1.0,shared
n20026,4,1.0,1.0,1.0,1.0,1.0,shared
n20027,4,1.0,1.0,1.0,1.0,1.0,shared
n20028,4,1.0,1.0,1.0,1.0,1.0,shared
n20029,4,1.0,1.0,1.0,1.0,1.0,shared
n20030,4,1.0,1.0,1.0,1.0,1.0,shared
n20031,4,1.0,1.0,1.0,1.0,1.0,shared
n20032,4,1.0,1.0,1.0,1.0,1.0,shared
n20033,4,1.0,1.0,1.0,1.0,1.0,shared
n20034,3,0.75,1.0,1.0,1.0,0.9375,shared
n20035,4,1.0,0.7272727272727273,1.0,1.0,0.9318181818181819,shared
n20036,3,0.75,1.0,1.0,1.0,0.9375,shared
n20037,4,1.0,1.0,1.0,1.0,1.0,shared
n20038,4,1.0,1.0,1.0,1.0,1.0,shared
n20039,4,1.0,1.0,1.0,1.0,1.0,shared
n20040,4,1.0,1.0,1.0,1.0,1.0,shared
n20041,4,1.0,1.0,1.0,1.0,1.0,shared
n20042,4,1.0,1.0,1.0,1.0,1.0,shared
n20043,4,1.0,1.0,1.0,1.0,1.0,shared
n20044,4,1.0,1.0,1.0,1.0,1.0,shared
n20045,4,1.0,1.0,1.0,1.0,1.0,shared
n20046,4,1.0,1.0,1.0,1.0,1.0,shared
n20047,3,0.75,1.0,1.0,1.0,0.9375,shared
n20048,4,1.0,1.0,1.0,1.0,1.0,shared
n20049,3,0.75,1.0,1.0,1.0,0.9375,shared
n20050,3,0.75,1.0,1.0,1.0,0.9375,shared
n20051,4,1.0,1.0,1.0,1.0,1.0,shared
n20052,4,1.0,1.0,1.0,1.0,1.0,shared
n20053,4,1.0,1.0,1.0,1.0,1.0,shared
n20054,4,1.0,1.0,1.0,1.0,1.0,shared
n20055,4,1.0,1.0,1.0,1.0,1.0,shared
n20056,4,1.0,1.0,1.0,1.0,1.0,shared
n20057,3,0.75,1.0,1.0,1.0,0.9375,shared
n20058,3,0.75,1.0,1.0,1.0,0.9375,shared
n20059,4,1.0,1.0,1.0,1.0,1.0,shared
n20060,4,1.0,1.0,1.0,1.0,1.0,shared
n20061,4,1.0,1.0,1.0,1.0,1.0,shared
n20062,4,1.0,1.0,1.0,1.0,1.0,shared
n20063,4,1.0,1.0,1.0,1.0,1.0,shared
n20064,4,1.0,1.0,1.0,1.0,1.0,shared
n20065,4,1.0,1.0,1.0,1.0,1.0,shared
n20066,4,1.0,1.0,1.0,1.0,1.0,shared
n20067,4,1.0,1.0,1.0,1.0,1.0,shared
n20068,4,1.0,1.0,1.0,1.0,1.0,shared
n20069,3,0.75,1.0,1.0,1.0,0.9375,shared
n20070,4,1.0,1.0,1.0,1.0,1.0,shared
n20071,3,0.75,1.0,1.0,1.0,0.9375,shared
n20072,3,0.75,1.0,1.0,1.0,0.9375,shared
n20073,4,1.0,1.0,1.0,1.0,1.0,shared
n20074,3,0.75,1.0,1.0,1.0,0.9375,shared
n20075,4,1.0,1.0,1.0,1.0,1.0,shared
n20076,4,1.0,1.0,1.0,1.0,1.0,shared
n20077,4,1.0,1.0,1.0,1.0,1.0,shared
n20078,4,1.0,1.0,1.0,1.0,1.0,shared
n20079,3,0.75,1.0,1.0,1.0,0.9375,shared
n20080,4,1.0,1.0,1.0,1.0,1.0,shared
n20081,4,1.0,1.0,1.0,1.0,1.0,shared
n20082,4,1.0,1.0,1.0,1.0,1.0,shared
n20083,4,1.0,1.0,1.0,1.0,1.0,shared
n20084,3,0.75,1.0,1.0,1.0,0.9375,shared
n20085,4,1.0,1.0,1.0,1.0,1.0,shared
n20086,3,0.75,1.0,1.0,1.0,0.9375,shared
n20087,4,1.0,0.5,0.5,1.0,0.75,shared
n20088,4,1.0,1.0,1.0,1.0,1.0,shared
n20089,3,0.75,1.0,1.0,1.0,0.9375,shared
n20090,4,1.0,1.0,1.0,1.0,1.0,shared
n20091,4,1.0,1.0,1.0,1.0,1.0,shared
n20092,4,1.0,1.0,1.0,1.0,1.0,shared
n20093,3,0.75,1.0,1.0,1.0,0.9375,shared
n20094,4,1.0,1.0,1.0,1.0,1.0,shared
n20095,4,1.0,1.0,1.0,1.0,1.0,shared
n20096,3,0.75,1.0,1.0,1.0,0.9375,shared
n20097,3,0.75,1.0,1.0,1.0,0.9375,shared
n20098,4,1.0,1.0,1.0,1.0,1.0,shared
n20099,4,1.0,1.0,1.0,1.0,1.0,shared
n20100,3,0.75,1.0,1.0,1.0,0.9375,shared
n20101,4,1.0,1.0,1.0,1.0,1.0,shared
n20102,4,1.0,1.0,1.0,1.0,1.0,shared
n20103,4,1.0,1.0,1.0,1.0,1.0,shared
n20104,4,1.0,1.0,1.0,1.0,1.0,shared
n20105,4,1.0,0.5714285714285714,0.5714285714285714,1.0,0.7857142857142857,shared
n20106,4,1.0,1.0,1.0,1.0,1.0,shared
n20107,4,1.0,1.0,1.0,1.0,1.0,shared
n20108,4,1.0,1.0,1.0,1.0,1.0,shared
n20109,3,0.75,1.0,1.0,1.0,0.9375,shared
n20110,4,1.0,1.0,1.0,1.0,1.0,shared
n20111,4,1.0,1.0,1.0,1.0,1.0,shared
n20112,4,1.0,1.0,1.0,1.0,1.0,shared
n20113,4,1.0,1.0,1.0,1.0,1.0,shared
n20114,3,0.75,1.0,1.0,1.0,0.9375,shared
n20115,4,1.0,1.0,1.0,1.0,1.0,shared
n20116,4,1.0,1.0,1.0,1.0,1.0,shared
n20117,4,1.0,1.0,1.0,1.0,1.0,shared
n20118,4,1.0,1.0,1.0,1.0,1.0,shared
n20119,4,1.0,1.0,1.0,1.0,1.0,shared
n20120,4,1.0,1.0,1.0,1.0,1.0,shared
n20121,4,1.0,1.0,1.0,1.0,1.0,shared
n20122,4,1.0,1.0,1.0,1.0,1.0,shared
n20123,4,1.0,1.0,1.0,1.0,1.0,shared
n20124,4,1.0,1.0,1.0,1.0,1.0,shared
n20125,4,1.0,1.0,1.0,1.0,1.0,shared
n20126,4,1.0,1.0,1.0,1.0,1.0,shared
n20127,4,1.0,1.0,1.0,1.0,1.0,shared
n20128,4,1.0,1.0,1.0,1.0,1.0,shared
n20129,3,0.75,1.0,1.0,1.0,0.9375,shared
n20130,4,1.0,1.0,1.0,1.0,1.0,shared
n20131,4,1.0,1.0,1.0,1.0,1.0,shared
n20132,4,1.0,1.0,1.0,1.0,1.0,shared
n20133,4,1.0,1.0,1.0,1.0,1.0,shared
n20134,4,1.0,1.0,1.0,1.0,1.0,shared
n20135,3,0.75,1.0,1.0,1.0,0.9375,shared
n20136,4,1.0,1.0,1.0,1.0,1.0,shared
n20137,4,1.0,1.0,1.0,1.0,1.0,shared
n20138,4,1.0,1.0,1.0,1.0,1.0,shared
n20139,4,1.0,1.0,1.0,1.0,1.0,shared
n20140,3,0.75,1.0,1.0,1.0,0.9375,shared
n20141,4,1.0,1.0,1.0,1.0,1.0,shared
n20142,4,1.0,1.0,1.0,1.0,1.0,shared
n20143,4,1.0,1.0,1.0,1.0,1.0,shared
n20144,4,1.0,1.0,1.0,1.0,1.0,shared
n20145,3,0.75,1.0,1.0,1.0,0.9375,shared
n20146,4,1.0,1.0,1.0,1.0,1.0,shared
n20147,4,1.0,1.0,1.0,1.0,1.0,shared
n20148,4,1.0,1.0,1.0,1.0,1.0,shared
n20149,4,1.0,1.0,1.0,1.0,1.0,shared
n20150,4,1.0,1.0,1.0,1.0,1.0,shared
n20151,4,1.0,1.0,1.0,1.0,1.0,shared
n20152,4,1.0,1.0,1.0,1.0,1.0,shared
n20153,4,1.0,1.0,1.0,1.0,1.0,shared
n20154,4,1.0,1.0,1.0,1.0,1.0,shared
n20155,4,1.0,1.0,1.0,1.0,1.0,shared
n20156,4,1.0,1.0,1.0,1.0,1.0,shared
n20157,4,1.0,1.0,1.0,1.0,1.0,shared
n20158,4,1.0,1.0,1.0,1.0,1.0,shared
n20159,4,1.0,1.0,1.0,1.0,1.0,shared
n20160,4,1.0,1.0,1.0,1.0,1.0,shared
n20161,4,1.0,1.0,1.0,1.0,1.0,shared
n20162,4,1.0,1.0,1.0,1.0,1.0,shared
n20163,3,0.75,1.0,1.0,1.0,0.9375,shared
n20164,4,1.0,1.0,1.0,1.0,1.0,shared
n20165,4,1.0,1.0,1.0,1.0,1.0,shared
n20166,4,1.0,1.0,1.0,1.0,1.0,shared
n20167,4,1.0,1.0,1.0,1.0,1.0,shared
n20168,4,1.0,1.0,1.0,1.0,1.0,shared
n20169,4,1.0,1.0,1.0,1.0,1.0,shared
n20170,4,1.0,1.0,1.0,1.0,1.0,shared
n20171,4,1.0,1.0,1.0,1.0,1.0,shared
n20172,4,1.0,1.0,1.0,1.0,1.0,shared
n20173,4,1.0,1.0,1.0,1.0,1.0,shared
n20174,4,1.0,1.0,1.0,1.0,1.0,shared
n20175,4,1.0,1.0,1.0,1.0,1.0,shared
n20176,4,1.0,1.0,1.0,1.0,1.0,shared
n20177,4,1.0,1.0,1.0,1.0,1.0,shared
n20178,4,1.0,1.0,1.0,1.0,1.0,shared
n20179,4,1.0,1.0,1.0,1.0,1.0,shared
n20180,4,1.0,1.0,1.0,1.0,1.0,shared
n20181,4,1.0,1.0,1.0,1.0,1.0,shared
n20182,3,0.75,1.0,1.0,1.0,0.9375,shared
n20183,4,1.0,1.0,1.0,1.0,1.0,shared
n20184,3,0.75,1.0,1.0,1.0,0.9375,shared
n20185,4,1.0,1.0,1.0,1.0,1.0,shared
n20186,4,1.0,1.0,1.0,1.0,1.0,shared
n20187,4,1.0,1.0,1.0,1.0,1.0,shared
n20188,4,1.0,1.0,1.0,1.0,1.0,shared
n20189,4,1.0,1.0,1.0,1.0,1.0,shared
n20190,4,1.0,1.0,1.0,1.0,1.0,shared
n20191,4,1.0,1.0,1.0,1.0,1.0,shared
n20192,4,1.0,1.0,1.0,1.0,1.0,shared
n20193,4,1.0,1.0,1.0,1.0,1.0,shared
n20194,4,1.0,1.0,1.0,1.0,1.0,shared
n20195,4,1.0,1.0,1.0,1.0,1.0,shared
n20196,3,0.75,1.0,1.0,1.0,0.9375,shared
n20197,4,1.0,1.0,1.0,1.0,1.0,shared
n20198,4,1.0,1.0,1.0,1.0,1.0,shared
n20199,4,1.0,1.0,1.0,1.0,1.0,shared
n20200,4,1.0,1.0,1.0,1.0,1.0,shared
n20201,3,0.75,1.0,1.0,1.0,0.9375,shared
n20202,4,1.0,1.0,1.0,1.0,1.0,shared
n20203,4,1.0,1.0,1.0,1.0,1.0,shared
n20204,4,1.0,1.0,1.0,1.0,1.0,shared
n20205,4,1.0,1.0,1.0,1.0,1.0,shared
n20206,4,1.0,1.0,1.0,1.0,1.0,shared
n20207,4,1.0,1.0,1.0,1.0,1.0,shared
n20208,4,1.0,1.0,1.0,1.0,1.0,shared
n20209,4,1.0,1.0,1.0,1.0,1.0,shared
n20210,4,1.0,1.0,1.0,1.0,1.0,shared
n20211,4,1.0,1.0,1.0,1.0,1.0,shared
n20212,4,1.0,1.0,1.0,1.0,1.0,shared
n20213,4,1.0,1.0,1.0,1.0,1.0,shared
n20214,3,0.75,1.0,1.0,1.0,0.9375,shared
n20215,3,0.75,1.0,1.0,1.0,0.9375,shared
n20216,4,1.0,1.0,1.0,1.0,1.0,shared
n20217,3,0.75,1.0,1.0,1.0,0.9375,shared
n20218,4,1.0,1.0,1.0,1.0,1.0,shared
n20219,4,1.0,1.0,1.0,1.0,1.0,shared
n20220,4,1.0,1.0,1.0,1.0,1.0,shared
n20221,4,1.0,1.0,1.0,1.0,1.0,shared
n20222,4,1.0,1.0,1.0,1.0,1.0,shared
n20223,4,1.0,1.0,1.0,1.0,1.0,shared
n20224,4,1.0,1.0,1.0,1.0,1.0,shared
n20225,4,1.0,1.0,1.0,1.0,1.0,shared
n20226,4,1.0,1.0,1.0,1.0,1.0,shared
n20227,4,1.0,1.0,1.0,1.0,1.0,shared
n20228,4,1.0,1.0,1.0,1.0,1.0,shared
n20229,4,1.0,1.0,1.0,1.0,1.0,shared
n20230,4,1.0,1.0,1.0,1.0,1.0,shared
n20231,4,1.0,1.0,1.0,1.0,1.0,shared
n20232,4,1.0,1.0,1.0,1.0,1.0,shared
n20233,4,1.0,1.0,1.0,1.0,1.0,shared
n20234,3,0.75,1.0,1.0,1.0,0.9375,shared
n20235,3,0.75,1.0,1.0,1.0,0.9375,shared
n20236,4,1.0,1.0,1.0,1.0,1.0,shared
n20237,3,0.75,1.0,1.0,1.0,0.9375,shared
n20238,4,1.0,1.0,1.0,1.0,1.0,shared
n20239,3,0.75,1.0,1.0,1.0,0.9375,shared
n20240,4,1.0,1.0,1.0,1.0,1.0,shared
n20241,4,1.0,1.0,1.0,1.0,1.0,shared
n20242,4,1.0,1.0,1.0,1.0,1.0,shared
n20243,4,1.0,1.0,1.0,1.0,1.0,shared
n20244,4,1.0,1.0,1.0,1.0,1.0,shared
n20245,4,1.0,1.0,1.0,1.0,1.0,shared
n20246,4,1.0,1.0,1.0,1.0,1.0,shared
n20247,3,0.75,1.0,1.0,1.0,0.9375,shared
n20248,3,0.75,1.0,1.0,1.0,0.9375,shared
n20249,4,1.0,1.0,1.0,1.0,1.0,shared
n20250,4,1.0,1.0,1.0,1.0,1.0,shared
n20251,4,1.0,1.0,1.0,1.0,1.0,shared
n20252,4,1.0,1.0,1.0,1.0,1.0,shared
n20253,4,1.0,1.0,1.0,1.0,1.0,shared
n20254,4,1.0,1.0,1.0,1.0,1.0,shared
n20255,4,1.0,1.0,1.0,1.0,1.0,shared
n20256,4,1.0,1.0,1.0,1.0,1.0,shared
n20257,4,1.0,1.0,1.0,1.0,1.0,shared
n20258,4,1.0,1.0,1.0,1.0,1.0,shared
n20259,3,0.75,1.0,1.0,1.0,0.9375,shared
n20260,3,0.75,1.0,1.0,1.0,0.9375,shared
n20261,4,1.0,1.0,1.0,1.0,1.0,shared
n20262,3,0.75,1.0,1.0,1.0,0.9375,shared
n20263,4,1.0,1.0,1.0,1.0,1.0,shared
n20264,4,1.0,1.0,1.0,1.0,1.0,shared
n20265,4,1.0,1.0,1.0,1.0,1.0,shared
n20266,3,0.75,1.0,1.0,1.0,0.9375,shared
n20267,4,1.0,1.0,1.0,1.0,1.0,shared
n20268,4,1.0,1.0,1.0,1.0,1.0,shared
n20269,4,1.0,1.0,1.0,1.0,1.0,shared
n20270,3,0.75,1.0,1.0,1.0,0.9375,shared
n20271,4,1.0,1.0,1.0,1.0,1.0,shared
n20272,4,1.0,1.0,1.0,1.0,1.0,shared
n20273,4,1.0,1.0,1.0,1.0,1.0,shared
n20274,4,1.0,1.0,1.0,1.0,1.0,shared
n20275,4,1.0,1.0,1.0,1.0,1.0,shared
n20276,4,1.0,1.0,1.0,1.0,1.0,shared
n20277,4,1.0,1.0,1.0,1.0,1.0,shared
n20278,4,1.0,1.0,1.0,1.0,1.0,shared
n20279,4,1.0,1.0,1.0,1.0,1.0,shared
n20280,3,0.75,1.0,1.0,1.0,0.9375,shared
n20281,3,0.75,1.0,1.0,1.0,0.9375,shared
n20282,4,1.0,1.0,1.0,1.0,1.0,shared
n20283,4,1.0,1.0,1.0,1.0,1.0,shared
n20284,4,1.0,1.0,1.0,1.0,1.0,shared
n20285,4,1.0,1.0,1.0,1.0,1.0,shared
n20286,4,1.0,1.0,1.0,1.0,1.0,shared
n20287,4,1.0,1.0,1.0,1.0,1.0,shared
n20288,3,0.75,1.0,1.0,1.0,0.9375,shared
n20289,4,1.0,1.0,1.0,1.0,1.0,shared
n20290,4,1.0,1.0,1.0,1.0,1.0,shared
n20291,4,1.0,1.0,1.0,1.0,1.0,shared
n20292,4,1.0,1.0,1.0,1.0,1.0,shared
n20293,4,1.0,1.0,1.0,1.0,1.0,shared
n20294,4,1.0,1.0,1.0,1.0,1.0,shared
n20295,4,1.0,1.0,1.0,1.0,1.0,shared
n20296,4,1.0,1.0,1.0,1.0,1.0,shared
n20297,3,0.75,1.0,1.0,1.0,0.9375,shared
n20298,4,1.0,1.0,1.0,1.0,1.0,shared
n20299,3,0.75,1.0,1.0,1.0,0.9375,shared
n20300,4,1.0,1.0,1.0,1.0,1.0,shared
n20301,3,0.75,1.0,1.0,1.0,0.9375,shared
n20302,4,1.0,1.0,1.0,1.0,1.0,shared
n20303,4,1.0,1.0,1.0,1.0,1.0,shared
n20304,3,0.75,1.0,1.0,1.0,0.9375,shared
n20305,4,1.0,1.0,1.0,1.0,1.0,shared
n20306,4,1.0,1.0,1.0,1.0,1.0,shared
n20307,4,1.0,1.0,1.0,1.0,1.0,shared
n20308,4,1.0,1.0,1.0,1.0,1.0,shared
n20309,3,0.75,1.0,1.0,1.0,0.9375,shared
n20310,4,1.0,1.0,1.0,1.0,1.0,shared
n20311,4,1.0,1.0,1.0,1.0,1.0,shared
n20312,4,1.0,1.0,1.0,1.0,1.0,shared
n20313,3,0.75,1.0,1.0,1.0,0.9375,shared
n20314,4,1.0,1.0,1.0,1.0,1.0,shared
n20315,4,1.0,1.0,1.0,1.0,1.0,shared
n20316,4,1.0,1.0,1.0,1.0,1.0,shared
n20317,4,1.0,1.0,1.0,1.0,1.0,shared
n20318,4,1.0,1.0,1.0,1.0,1.0,shared
n20319,4,1.0,1.0,1.0,1.0,1.0,shared
n20320,4,1.0,1.0,1.0,1.0,1.0,shared
n20321,4,1.0,1.0,1.0,1.0,1.0,shared
n20322,3,0.75,1.0,1.0,1.0,0.9375,shared
n20323,4,1.0,1.0,0.5714285714285714,1.0,0.8928571428571428,shared
n20324,4,1.0,1.0,1.0,1.0,1.0,shared
n20325,4,1.0,1.0,1.0,1.0,1.0,shared
n20326,4,1.0,1.0,1.0,1.0,1.0,shared
n20327,4,1.0,1.0,1.0,1.0,1.0,shared
n20328,4,1.0,1.0,1.0,1.0,1.0,shared
n20329,4,1.0,1.0,1.0,1.0,1.0,shared
n20330,4,1.0,1.0,1.0,1.0,1.0,shared
n20331,4,1.0,1.0,1.0,1.0,1.0,shared
n20332,4,1.0,1.0,1.0,1.0,1.0,shared
n20333,4,1.0,1.0,1.0,1.0,1.0,shared
n20334,4,1.0,1.0,1.0,1.0,1.0,shared
n20335,4,1.0,1.0,1.0,1.0,1.0,shared
n20336,4,1.0,1.0,1.0,1.0,1.0,shared
n20337,3,0.75,1.0,1.0,1.0,0.9375,shared
n20338,4,1.0,1.0,1.0,1.0,1.0,shared
n20339,4,1.0,1.0,1.0,1.0,1.0,shared
n20340,4,1.0,1.0,1.0,1.0,1.0,shared
n20341,4,1.0,1.0,1.0,1.0,1.0,shared
n20342,4,1.0,1.0,1.0,1.0,1.0,shared
n20343,4,1.0,1.0,1.0,1.0,1.0,shared
n20344,4,1.0,1.0,1.0,1.0,1.0,shared
n20345,4,1.0,1.0,1.0,1.0,1.0,shared
n20346,4,1.0,1.0,1.0,1.0,1.0,shared
n20347,4,1.0,1.0,1.0,1.0,1.0,shared
n20348,4,1.0,1.0,1.0,1.0,1.0,shared
n20349,4,1.0,1.0,1.0,1.0,1.0,shared
n20350,4,1.0,1.0,1.0,1.0,1.0,shared
n20351,4,1.0,1.0,1.0,1.0,1.0,shared
n20352,4,1.0,1.0,1.0,1.0,1.0,shared
n20353,4,1.0,1.0,1.0,1.0,1.0,shared
n20354,3,0.75,1.0,1.0,1.0,0.9375,shared
n20355,4,1.0,1.0,1.0,1.0,1.0,shared
n20356,3,0.75,1.0,1.0,1.0,0.9375,shared
n20357,4,1.0,1.0,1.0,1.0,1.0,shared
n20358,3,0.75,1.0,1.0,1.0,0.9375,shared
n20359,3,0.75,1.0,1.0,1.0,0.9375,shared
n20360,4,1.0,1.0,1.0,1.0,1.0,shared
n20361,3,0.75,1.0,1.0,1.0,0.9375,shared
n20362,4,1.0,1.0,1.0,1.0,1.0,shared
n20363,4,1.0,1.0,1.0,1.0,1.0,shared
n20364,4,1.0,1.0,1.0,1.0,1.0,shared
n20365,3,0.75,1.0,1.0,1.0,0.9375,shared
n20366,4,1.0,1.0,1.0,1.0,1.0,shared
n20367,4,1.0,1.0,1.0,1.0,1.0,shared
n20368,4,1.0,1.0,1.0,1.0,1.0,shared
n20369,4,1.0,1.0,1.0,1.0,1.0,shared
n20370,4,1.0,1.0,1.0,1.0,1.0,shared
n20371,4,1.0,1.0,1.0,1.0,1.0,shared
n20372,4,1.0,1.0,1.0,1.0,1.0,shared
n20373,4,1.0,1.0,1.0,1.0,1.0,shared
n20374,4,1.0,1.0,1.0,1.0,1.0,shared
n20375,4,1.0,1.0,1.0,1.0,1.0,shared
n20376,4,1.0,1.0,1.0,1.0,1.0,shared
n20377,3,0.75,1.0,1.0,1.0,0.9375,shared
n20378,4,1.0,1.0,1.0,1.0,1.0,shared
n20379,4,1.0,1.0,1.0,1.0,1.0,shared
n20380,4,1.0,1.0,1.0,1.0,1.0,shared
n20381,4,1.0,1.0,1.0,1.0,1.0,shared
n20382,4,1.0,1.0,1.0,1.0,1.0,shared
n20383,3,0.75,1.0,1.0,1.0,0.9375,shared
n20384,4,1.0,1.0,1.0,1.0,1.0,shared
n20385,4,1.0,1.0,1.0,1.0,1.0,shared
n20386,3,0.75,1.0,1.0,1.0,0.9375,shared
n20387,4,1.0,1.0,1.0,1.0,1.0,shared
n20388,3,0.75,1.0,1.0,1.0,0.9375,shared
n20389,4,1.0,1.0,1.0,1.0,1.0,shared
n20390,4,1.0,1.0,1.0,1.0,1.0,shared
n20391,4,1.0,1.0,1.0,1.0,1.0,shared
n20392,4,1.0,1.0,1.0,1.0,1.0,shared
n20393,4,1.0,1.0,1.0,1.0,1.0,shared
n20394,4,1.0,1.0,1.0,1.0,1.0,shared
n20395,3,0.75,1.0,1.0,1.0,0.9375,shared
n20396,4,1.0,1.0,1.0,1.0,1.0,shared
n20397,3,0.75,1.0,1.0,1.0,0.9375,shared
n20398,4,1.0,1.0,1.0,1.0,1.0,shared
n20399,4,1.0,1.0,1.0,1.0,1.0,shared
n20400,3,0.75,1.0,1.0,1.0,0.9375,shared
n20401,4,1.0,1.0,1.0,1.0,1.0,shared
n20402,4,1.0,1.0,1.0,1.0,1.0,shared
n20403,4,1.0,1.0,1.0,1.0,1.0,shared
n20404,4,1.0,1.0,1.0,1.0,1.0,shared
n20405,4,1.0,1.0,1.0,1.0,1.0,shared
n20406,4,1.0,1.0,1.0,1.0,1.0,shared
n20407,4,1.0,1.0,1.0,1.0,1.0,shared
n20408,4,1.0,1.0,1.0,1.0,1.0,shared
n20409,4,1.0,1.0,1.0,1.0,1.0,shared
n20410,3,0.75,1.0,1.0,1.0,0.9375,shared
n20411,4,1.0,1.0,1.0,1.0,1.0,shared
n20412,3,0.75,1.0,1.0,1.0,0.9375,shared
n20413,4,1.0,1.0,1.0,1.0,1.0,shared
n20414,4,1.0,1.0,1.0,1.0,1.0,shared
n20415,4,1.0,1.0,1.0,1.0,1.0,shared
n20416,4,1.0,1.0,1.0,1.0,1.0,shared
n20417,4,1.0,1.0,1.0,1.0,1.0,shared
n20418,4,1.0,1.0,1.0,1.0,1.0,shared
n20419,3,0.75,1.0,1.0,1.0,0.9375,shared
n20420,4,1.0,1.0,1.0,1.0,1.0,shared
n20421,4,1.0,1.0,1.0,1.0,1.0,shared
n20422,4,1.0,1.0,1.0,1.0,1.0,shared
n20423,3,0.75,1.0,1.0,1.0,0.9375,shared
n20424,4,1.0,1.0,1.0,1.0,1.0,shared
n20425,4,1.0,1.0,1.0,1.0,1.0,shared
n20426,4,1.0,1.0,1.0,1.0,1.0,shared
n20427,4,1.0,1.0,1.0,1.0,1.0,shared
n20428,4,1.0,1.0,1.0,1.0,1.0,shared
n20429,4,1.0,1.0,1.0,1.0,1.0,shared
n20430,4,1.0,1.0,1.0,1.0,1.0,shared
n20431,4,1.0,1.0,1.0,1.0,1.0,shared
n20432,4,1.0,1.0,1.0,1.0,1.0,shared
n20433,4,1.0,1.0,1.0,1.0,1.0,shared
n20434,4,1.0,1.0,1.0,1.0,1.0,shared
n20435,4,1.0,0.5714285714285714,0.5714285714285714,1.0,0.7857142857142857,shared
n20436,4,1.0,1.0,1.0,1.0,1.0,shared
n20437,4,1.0,1.0,1.0,1.0,1.0,shared
n20438,4,1.0,1.0,1.0,1.0,1.0,shared
n20439,3,0.75,1.0,1.0,1.0,0.9375,shared
n20440,4,1.0,1.0,0.5714285714285714,1.0,0.8928571428571428,shared
n20441,4,1.0,1.0,1.0,1.0,1.0,shared
n20442,4,1.0,1.0,1.0,1.0,1.0,shared
n20443,4,1.0,1.0,1.0,1.0,1.0,shared
n20444,4,1.0,1.0,1.0,1.0,1.0,shared
n20445,4,1.0,1.0,1.0,1.0,1.0,shared
n20446,4,1.0,1.0,1.0,1.0,1.0,shared
n20447,3,0.75,1.0,1.0,1.0,0.9375,shared
n20448,4,1.0,1.0,1.0,1.0,1.0,shared
n20449,4,1.0,1.0,1.0,1.0,1.0,shared
n20450,4,1.0,1.0,1.0,1.0,1.0,shared
n20451,4,1.0,1.0,1.0,1.0,1.0,shared
n20452,3,0.75,1.0,1.0,1.0,0.9375,shared
n20453,4,1.0,1.0,1.0,1.0,1.0,shared
n20454,4,1.0,1.0,1.0,1.0,1.0,shared
n20455,4,1.0,1.0,0.5,1.0,0.875,shared
n20456,4,1.0,1.0,1.0,1.0,1.0,shared
n20457,4,1.0,1.0,1.0,1.0,1.0,shared
n20458,4,1.0,1.0,1.0,1.0,1.0,shared
n20459,4,1.0,1.0,1.0,1.0,1.0,shared
n20460,4,1.0,1.0,1.0,1.0,1.0,shared
n20461,4,1.0,1.0,1.0,1.0,1.0,shared
n20462,4,1.0,1.0,1.0,1.0,1.0,shared
n20463,4,1.0,1.0,1.0,1.0,1.0,shared
n20464,4,1.0,1.0,1.0,1.0,1.0,shared
n20465,4,1.0,1.0,1.0,1.0,1.0,shared
n20466,4,1.0,1.0,1.0,1.0,1.0,shared
n20467,4,1.0,1.0,1.0,1.0,1.0,shared
n20468,4,1.0,1.0,1.0,1.0,1.0,shared
n20469,3,0.75,1.0,1.0,1.0,0.9375,shared
n20470,4,1.0,1.0,1.0,1.0,1.0,shared
n20471,4,1.0,1.0,1.0,1.0,1.0,shared
n20472,4,1.0,1.0,1.0,1.0,1.0,shared
n20473,4,1.0,1.0,1.0,1.0,1.0,shared
n20474,4,1.0,1.0,1.0,1.0,1.0,shared
n20475,4,1.0,1.0,1.0,1.0,1.0,shared
n20476,4,1.0,1.0,1.0,1.0,1.0,shared
n20477,4,1.0,1.0,1.0,1.0,1.0,shared
n20478,4,1.0,1.0,1.0,1.0,1.0,shared
n20479,4,1.0,1.0,1.0,1.0,1.0,shared
n20480,4,1.0,1.0,0.7333333333333333,1.0,0.9333333333333333,shared
n20481,4,1.0,1.0,1.0,1.0,1.0,shared
n20482,4,1.0,1.0,1.0,1.0,1.0,shared
n20483,4,1.0,1.0,1.0,1.0,1.0,shared
n20484,4,1.0,1.0,1.0,1.0,1.0,shared
n20485,4,1.0,1.0,1.0,1.0,1.0,shared
n20486,4,1.0,1.0,1.0,1.0,1.0,shared
n20487,4,1.0,1.0,1.0,1.0,1.0,shared
n20488,3,0.75,1.0,1.0,1.0,0.9375,shared
n20489,4,1.0,1.0,1.0,1.0,1.0,shared
n20490,4,1.0,1.0,1.0,1.0,1.0,shared
n20491,4,1.0,1.0,1.0,1.0,1.0,shared
n20492,4,1.0,1.0,1.0,1.0,1.0,shared
n20493,4,1.0,1.0,1.0,1.0,1.0,shared
n20494,4,1.0,1.0,1.0,1.0,1.0,shared
n20495,4,1.0,1.0,1.0,1.0,1.0,shared
n20496,4,1.0,1.0,1.0,1.0,1.0,shared
n20497,4,1.0,1.0,1.0,1.0,1.0,shared
n20498,4,1.0,1.0,1.0,1.0,1.0,shared
n20499,4,1.0,1.0,1.0,1.0,1.0,shared
n20500,4,1.0,1.0,1.0,1.0,1.0,shared
n20501,4,1.0,1.0,1.0,1.0,1.0,shared
n20502,3,0.75,1.0,1.0,1.0,0.9375,shared
n20503,4,1.0,1.0,1.0,1.0,1.0,shared
n20504,4,1.0,1.0,1.0,1.0,1.0,shared
n20505,4,1.0,1.0,1.0,1.0,1.0,shared
n20506,4,1.0,1.0,1.0,1.0,1.0,shared
n20507,3,0.75,1.0,1.0,1.0,0.9375,shared
n20508,4,1.0,1.0,1.0,1.0,1.0,shared
n20509,4,1.0,1.0,1.0,1.0,1.0,shared
n20510,4,1.0,1.0,1.0,1.0,1.0,shared
n20511,4,1.0,1.0,1.0,1.0,1.0,shared
n20512,4,1.0,1.0,1.0,1.0,1.0,shared
n20513,4,1.0,1.0,1.0,1.0,1.0,shared
n20514,3,0.75,1.0,1.0,1.0,0.9375,shared
n20515,3,0.75,1.0,1.0,1.0,0.9375,shared
n20516,4,1.0,1.0,1.0,1.0,1.0,shared
n20517,3,0.75,1.0,1.0,1.0,0.9375,shared
n20518,4,1.0,1.0,1.0,1.0,1.0,shared
n20519,4,1.0,1.0,1.0,1.0,1.0,shared
n20520,4,1.0,1.0,1.0,1.0,1.0,shared
n20521,3,0.75,1.0,1.0,1.0,0.9375,shared
n20522,4,1.0,1.0,1.0,1.0,1.0,shared
n20523,3,0.75,1.0,1.0,1.0,0.9375,shared
n20524,4,1.0,1.0,1.0,1.0,1.0,shared
n20525,3,0.75,1.0,1.0,1.0,0.9375,shared
n20526,3,0.75,1.0,1.0,1.0,0.9375,shared
n20527,4,1.0,1.0,1.0,1.0,1.0,shared
n20528,3,0.75,1.0,1.0,1.0,0.9375,shared
n20529,4,1.0,1.0,1.0,1.0,1.0,shared
n20530,3,0.75,1.0,1.0,1.0,0.9375,shared
n20531,4,1.0,1.0,1.0,1.0,1.0,shared
n20532,4,1.0,1.0,1.0,1.0,1.0,shared
n20533,3,0.75,1.0,1.0,1.0,0.9375,shared
n20534,4,1.0,1.0,1.0,1.0,1.0,shared
n20535,4,1.0,1.0,1.0,1.0,1.0,shared
n20536,4,1.0,1.0,1.0,1.0,1.0,shared
n20537,3,0.75,1.0,1.0,1.0,0.9375,shared
n20538,4,1.0,1.0,1.0,1.0,1.0,shared
n20539,4,1.0,1.0,1.0,1.0,1.0,shared
n20540,4,1.0,1.0,1.0,1.0,1.0,shared
n20541,4,1.0,1.0,1.0,1.0,1.0,shared
n20542,4,1.0,1.0,1.0,1.0,1.0,shared
n20543,3,0.75,1.0,1.0,1.0,0.9375,shared
n20544,4,1.0,1.0,1.0,1.0,1.0,shared
n20545,4,1.0,1.0,1.0,1.0,1.0,shared
n20546,4,1.0,1.0,1.0,1.0,1.0,shared
n20547,4,1.0,1.0,1.0,1.0,1.0,shared
n20548,3,0.75,1.0,1.0,1.0,0.9375,shared
n20549,3,0.75,1.0,1.0,1.0,0.9375,shared
n20550,4,1.0,1.0,1.0,1.0,1.0,shared
n20551,4,1.0,1.0,1.0,1.0,1.0,shared
n20552,4,1.0,1.0,1.0,1.0,1.0,shared
n20553,4,1.0,1.0,1.0,1.0,1.0,shared
n20554,3,0.75,1.0,1.0,1.0,0.9375,shared
n20555,4,1.0,1.0,1.0,1.0,1.0,shared
n20556,4,1.0,1.0,1.0,1.0,1.0,shared
n20557,3,0.75,1.0,1.0,1.0,0.9375,shared
n20558,3,0.75,1.0,1.0,1.0,0.9375,shared
n20559,4,1.0,1.0,1.0,1.0,1.0,shared
n20560,4,1.0,1.0,1.0,1.0,1.0,shared
n20561,4,1.0,1.0,1.0,1.0,1.0,shared
n20562,3,0.75,1.0,1.0,1.0,0.9375,shared
n20563,4,1.0,1.0,1.0,1.0,1.0,shared
n20564,4,1.0,1.0,1.0,1.0,1.0,shared
n20565,3,0.75,1.0,1.0,1.0,0.9375,shared
n20566,4,1.0,1.0,1.0,1.0,1.0,shared
n20567,4,1.0,1.0,1.0,1.0,1.0,shared
n20568,4,1.0,1.0,1.0,1.0,1.0,shared
n20569,4,1.0,1.0,1.0,1.0,1.0,shared
n20570,3,0.75,1.0,1.0,1.0,0.9375,shared
n20571,3,0.75,1.0,1.0,1.0,0.9375,shared
n20572,4,1.0,1.0,1.0,1.0,1.0,shared
n20573,4,1.0,1.0,1.0,1.0,1.0,shared
n20574,4,1.0,1.0,1.0,1.0,1.0,shared
n20575,4,1.0,1.0,1.0,1.0,1.0,shared
n20576,4,1.0,1.0,1.0,1.0,1.0,shared
n20577,3,0.75,1.0,1.0,1.0,0.9375,shared
n20578,4,1.0,1.0,1.0,1.0,1.0,shared
n20579,4,1.0,1.0,1.0,1.0,1.0,shared
n20580,4,1.0,1.0,1.0,1.0,1.0,shared
n20581,3,0.75,1.0,1.0,1.0,0.9375,shared
n20582,4,1.0,1.0,1.0,1.0,1.0,shared
n20583,4,1.0,1.0,1.0,1.0,1.0,shared
n20584,4,1.0,1.0,1.0,1.0,1.0,shared
n20585,3,0.75,1.0,1.0,1.0,0.9375,shared
n20586,4,1.0,1.0,1.0,1.0,1.0,shared
n20587,4,1.0,1.0,1.0,1.0,1.0,shared
n20588,4,1.0,1.0,1.0,1.0,1.0,shared
n20589,4,1.0,1.0,1.0,1.0,1.0,shared
n20590,3,0.75,1.0,1.0,1.0,0.9375,shared
n20591,4,1.0,1.0,1.0,1.0,1.0,shared
n20592,4,1.0,1.0,1.0,1.0,1.0,shared
n20593,4,1.0,1.0,1.0,1.0,1.0,shared
n20594,4,1.0,1.0,1.0,1.0,1.0,shared
n20595,3,0.75,1.0,1.0,1.0,0.9375,shared
n20596,4,1.0,1.0,1.0,1.0,1.0,shared
n20597,3,0.75,1.0,1.0,1.0,0.9375,shared
n20598,4,1.0,1.0,1.0,1.0,1.0,shared
n20599,4,1.0,1.0,1.0,1.0,1.0,shared
n20600,3,0.75,1.0,1.0,1.0,0.9375,shared
n20601,4,1.0,1.0,1.0,1.0,1.0,shared
n20602,4,1.0,0.5,0.5,1.0,0.75,shared
n20603,4,1.0,1.0,1.0,1.0,1.0,shared
n20604,4,1.0,1.0,1.0,1.0,1.0,shared
n20605,4,1.0,1.0,1.0,1.0,1.0,shared
n20606,3,0.75,1.0,1.0,1.0,0.9375,shared
n20607,4,1.0,1.0,1.0,1.0,1.0,shared
n20608,4,1.0,1.0,1.0,1.0,1.0,shared
n20609,4,1.0,1.0,1.0,1.0,1.0,shared
n20610,4,1.0,1.0,1.0,1.0,1.0,shared
n20611,4,1.0,1.0,1.0,1.0,1.0,shared
n20612,4,1.0,1.0,0.5714285714285714,1.0,0.8928571428571428,shared
n20613,3,0.75,1.0,1.0,1.0,0.9375,shared
n20614,3,0.75,1.0,1.0,1.0,0.9375,shared
n20615,4,1.0,0.5,0.5,1.0,0.75,shared
n20616,4,1.0,1.0,1.0,1.0,1.0,shared
n20617,4,1.0,1.0,1.0,1.0,1.0,shared
n20618,4,1.0,1.0,1.0,1.0,1.0,shared
n20619,4,1.0,1.0,1.0,1.0,1.0,shared
n20620,4,1.0,1.0,1.0,1.0,1.0,shared
n20621,4,1.0,1.0,1.0,1.0,1.0,shared
n20622,4,1.0,1.0,1.0,1.0,1.0,shared
n20623,4,1.0,1.0,1.0,1.0,1.0,shared
n20624,4,1.0,1.0,1.0,1.0,1.0,shared
n20625,4,1.0,1.0,1.0,1.0,1.0,shared
n20626,3,0.75,1.0,1.0,1.0,0.9375,shared
n20627,4,1.0,1.0,1.0,1.0,1.0,shared
n20628,3,0.75,1.0,1.0,1.0,0.9375,shared
n20629,4,1.0,0.5,0.5,1.0,0.75,shared
n20630,3,0.75,1.0,1.0,1.0,0.9375,shared
n20631,3,0.75,1.0,1.0,1.0,0.9375,shared
n20632,4,1.0,1.0,1.0,1.0,1.0,shared
n20633,4,1.0,1.0,1.0,1.0,1.0,shared
n20634,4,1.0,1.0,1.0,1.0,1.0,shared
n20635,3,0.75,1.0,1.0,1.0,0.9375,shared
n20636,4,1.0,1.0,1.0,1.0,1.0,shared
n20637,4,1.0,1.0,1.0,1.0,1.0,shared
n20638,4,1.0,1.0,1.0,1.0,1.0,shared
n20639,4,1.0,1.0,1.0,1.0,1.0,shared
n20640,3,0.75,1.0,1.0,1.0,0.9375,shared
n20641,4,1.0,1.0,1.0,1.0,1.0,shared
n20642,4,1.0,1.0,1.0,1.0,1.0,shared
n20643,4,1.0,1.0,1.0,1.0,1.0,shared
n20644,4,1.0,1.0,1.0,1.0,1.0,shared
n20645,4,1.0,1.0,1.0,1.0,1.0,shared
n20646,4,1.0,1.0,1.0,1.0,1.0,shared
n20647,4,1.0,1.0,1.0,1.0,1.0,shared
n20648,4,1.0,1.0,1.0,1.0,1.0,shared
n20649,4,1.0,1.0,1.0,1.0,1.0,shared
n20650,4,1.0,0.5714285714285714,0.5714285714285714,1.0,0.7857142857142857,shared
n20651,4,1.0,1.0,1.0,1.0,1.0,shared
n20652,4,1.0,1.0,1.0,1.0,1.0,shared
n20653,4,1.0,1.0,1.0,1.0,1.0,shared
n20654,3,0.75,1.0,1.0,1.0,0.9375,shared
n20655,4,1.0,1.0,1.0,1.0,1.0,shared
n20656,4,1.0,1.0,1.0,1.0,1.0,shared
n20657,4,1.0,1.0,1.0,1.0,1.0,shared
n20658,3,0.75,1.0,1.0,1.0,0.9375,shared
n20659,4,1.0,1.0,1.0,1.0,1.0,shared
n20660,3,0.75,1.0,1.0,1.0,0.9375,shared
n20661,4,1.0,1.0,1.0,1.0,1.0,shared
n20662,4,1.0,1.0,1.0,1.0,1.0,shared
n20663,3,0.75,1.0,1.0,1.0,0.9375,shared
n20664,4,1.0,1.0,1.0,1.0,1.0,shared
n20665,4,1.0,1.0,1.0,1.0,1.0,shared
n20666,3,0.75,1.0,1.0,1.0,0.9375,shared
n20667,4,1.0,1.0,1.0,1.0,1.0,shared
n20668,4,1.0,1.0,1.0,1.0,1.0,shared
n20669,4,1.0,1.0,1.0,1.0,1.0,shared
n20670,4,1.0,1.0,1.0,1.0,1.0,shared
n20671,4,1.0,1.0,1.0,1.0,1.0,shared
n20672,4,1.0,1.0,1.0,1.0,1.0,shared
n20673,4,1.0,1.0,1.0,1.0,1.0,shared
n20674,3,0.75,1.0,1.0,1.0,0.9375,shared
n20675,4,1.0,1.0,1.0,1.0,1.0,shared
n20676,4,1.0,1.0,1.0,1.0,1.0,shared
n20677,4,1.0,1.0,1.0,1.0,1.0,shared
n20678,4,1.0,1.0,1.0,1.0,1.0,shared
n20679,4,1.0,1.0,1.0,1.0,1.0,shared
n20680,4,1.0,1.0,1.0,1.0,1.0,shared
n20681,4,1.0,1.0,1.0,1.0,1.0,shared
n20682,4,1.0,1.0,1.0,1.0,1.0,shared
n20683,4,1.0,1.0,1.0,1.0,1.0,shared
n20684,4,1.0,1.0,1.0,1.0,1.0,shared
n20685,3,0.75,1.0,1.0,1.0,0.9375,shared
n20686,4,1.0,1.0,1.0,1.0,1.0,shared
n20687,4,1.0,1.0,1.0,1.0,1.0,shared
n20688,4,1.0,1.0,1.0,1.0,1.0,shared
n20689,4,1.0,1.0,1.0,1.0,1.0,shared
n20690,4,1.0,1.0,1.0,1.0,1.0,shared
n20691,4,1.0,1.0,1.0,1.0,1.0,shared
n20692,4,1.0,1.0,1.0,1.0,1.0,shared
n20693,4,1.0,1.0,1.0,1.0,1.0,shared
n20694,4,1.0,1.0,1.0,1.0,1.0,shared
n20695,4,1.0,1.0,1.0,1.0,1.0,shared
n20696,3,0.75,1.0,1.0,1.0,0.9375,shared
n20697,4,1.0,1.0,1.0,1.0,1.0,shared
n20698,4,1.0,1.0,1.0,1.0,1.0,shared
n20699,4,1.0,1.0,1.0,1.0,1.0,shared
n20700,4,1.0,1.0,1.0,1.0,1.0,shared
n20701,4,1.0,1.0,1.0,1.0,1.0,shared
n20702,4,1.0,1.0,1.0,1.0,1.0,shared
n20703,4,1.0,1.0,1.0,1.0,1.0,shared
n20704,4,1.0,1.0,1.0,1.0,1.0,shared
n20705,3,0.75,1.0,1.0,1.0,0.9375,shared
n20706,4,1.0,1.0,1.0,1.0,1.0,shared
n20707,4,1.0,1.0,1.0,1.0,1.0,shared
n20708,4,1.0,1.0,1.0,1.0,1.0,shared
n20709,3,0.75,1.0,1.0,1.0,0.9375,shared
n20710,4,1.0,1.0,1.0,1.0,1.0,shared
n20711,4,1.0,1.0,1.0,1.0,1.0,shared
n20712,4,1.0,1.0,1.0,1.0,1.0,shared
n20713,4,1.0,1.0,1.0,1.0,1.0,shared
n20714,4,1.0,1.0,1.0,1.0,1.0,shared
n20715,4,1.0,1.0,1.0,1.0,1.0,shared
n20716,4,1.0,1.0,1.0,1.0,1.0,shared
n20717,4,1.0,1.0,1.0,1.0,1.0,shared
n20718,4,1.0,1.0,1.0,1.0,1.0,shared
n20719,3,0.75,1.0,1.0,1.0,0.9375,shared
n20720,4,1.0,1.0,1.0,1.0,1.0,shared
n20721,4,1.0,1.0,1.0,1.0,1.0,shared
n20722,4,1.0,1.0,1.0,1.0,1.0,shared
n20723,4,1.0,1.0,1.0,1.0,1.0,shared
n20724,4,1.0,0.5714285714285714,0.5714285714285714,1.0,0.7857142857142857,shared
n20725,4,1.0,1.0,1.0,1.0,1.0,shared
n20726,4,1.0,1.0,1.0,1.0,1.0,shared
n20727,4,1.0,1.0,1.0,1.0,1.0,shared
n20728,3,0.75,1.0,1.0,1.0,0.9375,shared
n20729,4,1.0,1.0,1.0,1.0,1.0,shared
n20730,4,1.0,1.0,1.0,1.0,1.0,shared
n20731,3,0.75,1.0,1.0,1.0,0.9375,shared
n20732,3,0.75,1.0,1.0,1.0,0.9375,shared
n20733,4,1.0,1.0,1.0,1.0,1.0,shared
n20734,4,1.0,1.0,1.0,1.0,1.0,shared
n20735,4,1.0,1.0,1.0,1.0,1.0,shared
n20736,3,0.75,1.0,1.0,1.0,0.9375,shared
n20737,4,1.0,1.0,1.0,1.0,1.0,shared
n20738,4,1.0,1.0,1.0,1.0,1.0,shared
n20739,4,1.0,1.0,1.0,1.0,1.0,shared
n20740,4,1.0,1.0,1.0,1.0,1.0,shared
n20741,4,1.0,1.0,1.0,1.0,1.0,shared
n20742,4,1.0,1.0,1.0,1.0,1.0,shared
n20743,4,1.0,1.0,1.0,1.0,1.0,shared
n20744,4,1.0,1.0,1.0,1.0,1.0,shared
n20745,4,1.0,1.0,1.0,1.0,1.0,shared
n20746,4,1.0,1.0,1.0,1.0,1.0,shared
n20747,4,1.0,1.0,1.0,1.0,1.0,shared
n20748,4,1.0,1.0,1.0,1.0,1.0,shared
n20749,4,1.0,1.0,1.0,1.0,1.0,shared
n20750,3,0.75,1.0,1.0,1.0,0.9375,shared
n20751,4,1.0,1.0,1.0,1.0,1.0,shared
n20752,4,1.0,1.0,1.0,1.0,1.0,shared
n20753,4,1.0,1.0,1.0,1.0,1.0,shared
n20754,4,1.0,1.0,0.5,1.0,0.875,shared
n20755,4,1.0,1.0,1.0,1.0,1.0,shared
n20756,4,1.0,1.0,1.0,1.0,1.0,shared
n20757,3,0.75,1.0,1.0,1.0,0.9375,shared
n20758,4,1.0,1.0,1.0,1.0,1.0,shared
n20759,3,0.75,1.0,1.0,1.0,0.9375,shared
n20760,4,1.0,1.0,1.0,1.0,1.0,shared
n20761,4,1.0,1.0,1.0,1.0,1.0,shared
n20762,4,1.0,1.0,1.0,1.0,1.0,shared
n20763,3,0.75,1.0,1.0,1.0,0.9375,shared
n20764,4,1.0,1.0,1.0,1.0,1.0,shared
n20765,4,1.0,1.0,1.0,1.0,1.0,shared
n20766,3,0.75,1.0,1.0,1.0,0.9375,shared
n20767,4,1.0,1.0,1.0,1.0,1.0,shared
n20768,4,1.0,1.0,1.0,1.0,1.0,shared
n20769,4,1.0,1.0,1.0,1.0,1.0,shared
n20770,4,1.0,1.0,1.0,1.0,1.0,shared
n20771,4,1.0,1.0,1.0,1.0,1.0,shared
n20772,4,1.0,1.0,1.0,1.0,1.0,shared
n20773,4,1.0,1.0,1.0,1.0,1.0,shared
n20774,3,0.75,1.0,1.0,1.0,0.9375,shared
n20775,4,1.0,1.0,1.0,1.0,1.0,shared
n20776,4,1.0,1.0,1.0,1.0,1.0,shared
n20777,3,0.75,1.0,1.0,1.0,0.9375,shared
n20778,4,1.0,1.0,1.0,1.0,1.0,shared
n20779,4,1.0,1.0,1.0,1.0,1.0,shared
n20780,4,1.0,1.0,1.0,1.0,1.0,shared
n20781,4,1.0,1.0,1.0,1.0,1.0,shared
n20782,4,1.0,1.0,1.0,1.0,1.0,shared
n20783,4,1.0,1.0,1.0,1.0,1.0,shared
n20784,3,0.75,1.0,1.0,1.0,0.9375,shared
n20785,4,1.0,1.0,1.0,1.0,1.0,shared
n20786,4,1.0,1.0,1.0,1.0,1.0,shared
n20787,4,1.0,1.0,1.0,1.0,1.0,shared
n20788,4,1.0,1.0,1.0,1.0,1.0,shared
n20789,3,0.75,1.0,1.0,1.0,0.9375,shared
n20790,4,1.0,1.0,1.0,1.0,1.0,shared
n20791,4,1.0,1.0,1.0,1.0,1.0,shared
n20792,4,1.0,1.0,1.0,1.0,1.0,shared
n20793,4,1.0,1.0,1.0,1.0,1.0,shared
n20794,3,0.75,1.0,1.0,1.0,0.9375,shared
n20795,4,1.0,1.0,1.0,1.0,1.0,shared
n20796,4,1.0,1.0,1.0,1.0,1.0,shared
n20797,4,1.0,1.0,1.0,1.0,1.0,shared
n20798,4,1.0,1.0,1.0,1.0,1.0,shared
n20799,3,0.75,1.0,1.0,1.0,0.9375,shared
n20800,4,1.0,0.5714285714285714,0.5714285714285714,1.0,0.7857142857142857,shared
n20801,4,1.0,1.0,1.0,1.0,1.0,shared
n20802,4,1.0,1.0,1.0,1.0,1.0,shared
n20803,4,1.0,1.0,1.0,1.0,1.0,shared
n20804,4,1.0,1.0,1.0,1.0,1.0,shared
n20805,4,1.0,1.0,1.0,1.0,1.0,shared
n20806,4,1.0,1.0,1.0,1.0,1.0,shared
n20807,4,1.0,1.0,1.0,1.0,1.0,shared
n20808,4,1.0,0.5,0.5,1.0,0.75,shared
n20809,4,1.0,1.0,1.0,1.0,1.0,shared
n20810,4,1.0,1.0,1.0,1.0,1.0,shared
n20811,4,1.0,1.0,1.0,1.0,1.0,shared
n20812,3,0.75,1.0,1.0,1.0,0.9375,shared
n20813,3,0.75,1.0,1.0,1.0,0.9375,shared
n20814,3,0.75,1.0,1.0,1.0,0.9375,shared
n20815,4,1.0,1.0,1.0,1.0,1.0,shared
n20816,3,0.75,1.0,1.0,1.0,0.9375,shared
n20817,4,1.0,1.0,1.0,1.0,1.0,shared
n20818,3,0.75,1.0,1.0,1.0,0.9375,shared
n20819,4,1.0,1.0,1.0,1.0,1.0,shared
n20820,4,1.0,1.0,1.0,1.0,1.0,shared
n20821,4,1.0,1.0,1.0,1.0,1.0,shared
n20822,4,1.0,1.0,1.0,1.0,1.0,shared
n20823,4,1.0,1.0,1.0,1.0,1.0,shared
n20824,4,1.0,1.0,1.0,1.0,1.0,shared
n20825,4,1.0,1.0,1.0,1.0,1.0,shared
n20826,4,1.0,1.0,1.0,1.0,1.0,shared
n20827,4,1.0,1.0,1.0,1.0,1.0,shared
n20828,4,1.0,1.0,1.0,1.0,1.0,shared
n20829,4,1.0,1.0,1.0,1.0,1.0,shared
n20830,3,0.75,1.0,1.0,1.0,0.9375,shared
n20831,4,1.0,1.0,1.0,1.0,1.0,shared
n20832,4,1.0,0.5,0.5,1.0,0.75,shared
n20833,4,1.0,1.0,1.0,1.0,1.0,shared
n20834,3,0.75,1.0,1.0,1.0,0.9375,shared
n20835,4,1.0,1.0,1.0,1.0,1.0,shared
n20836,4,1.0,1.0,1.0,1.0,1.0,shared
n20837,4,1.0,1.0,1.0,1.0,1.0,shared
n20838,4,1.0,1.0,1.0,1.0,1.0,shared
n20839,4,1.0,1.0,1.0,1.0,1.0,shared
n20840,4,1.0,0.5,0.5,1.0,0.75,shared
n20841,4,1.0,1.0,1.0,1.0,1.0,shared
n20842,3,0.75,1.0,1.0,1.0,0.9375,shared
n20843,4,1.0,0.5,1.0,1.0,0.875,shared
n20844,4,1.0,1.0,1.0,1.0,1.0,shared
n20845,4,1.0,1.0,1.0,1.0,1.0,shared
n20846,3,0.75,1.0,1.0,1.0,0.9375,shared
n20847,4,1.0,1.0,1.0,1.0,1.0,shared
n20848,4,1.0,1.0,1.0,1.0,1.0,shared
n20849,4,1.0,1.0,1.0,1.0,1.0,shared
n20850,4,1.0,1.0,1.0,1.0,1.0,shared
n20851,4,1.0,1.0,1.0,1.0,1.0,shared
n20852,4,1.0,1.0,1.0,1.0,1.0,shared
n20853,4,1.0,1.0,1.0,1.0,1.0,shared
n20854,4,1.0,1.0,1.0,1.0,1.0,shared
n20855,4,1.0,1.0,1.0,1.0,1.0,shared
n20856,4,1.0,1.0,1.0,1.0,1.0,shared
n20857,4,1.0,1.0,1.0,1.0,1.0,shared
n20858,4,1.0,1.0,1.0,1.0,1.0,shared
n20859,3,0.75,1.0,1.0,1.0,0.9375,shared
n20860,4,1.0,1.0,1.0,1.0,1.0,shared
n20861,4,1.0,1.0,1.0,1.0,1.0,shared
n20862,3,0.75,1.0,1.0,1.0,0.9375,shared
n20863,4,1.0,1.0,1.0,1.0,1.0,shared
n20864,4,1.0,1.0,1.0,1.0,1.0,shared
n20865,4,1.0,1.0,1.0,1.0,1.0,shared
n20866,4,1.0,1.0,1.0,1.0,1.0,shared
n20867,4,1.0,1.0,1.0,1.0,1.0,shared
n20868,4,1.0,1.0,1.0,1.0,1.0,shared
n20869,4,1.0,1.0,1.0,1.0,1.0,shared
n20870,4,1.0,1.0,1.0,1.0,1.0,shared
n20871,4,1.0,1.0,1.0,1.0,1.0,shared
n20872,3,0.75,1.0,1.0,1.0,0.9375,shared
n20873,4,1.0,1.0,1.0,1.0,1.0,shared
n20874,3,0.75,1.0,1.0,1.0,0.9375,shared
n20875,4,1.0,1.0,1.0,1.0,1.0,shared
n20876,4,1.0,1.0,1.0,1.0,1.0,shared
n20877,4,1.0,1.0,1.0,1.0,1.0,shared
n20878,4,1.0,1.0,1.0,1.0,1.0,shared
n20879,3,0.75,1.0,1.0,1.0,0.9375,shared
n20880,4,1.0,1.0,1.0,1.0,1.0,shared
n20881,4,1.0,1.0,1.0,1.0,1.0,shared
n20882,4,1.0,1.0,1.0,1.0,1.0,shared
n20883,4,1.0,1.0,1.0,1.0,1.0,shared
n20884,4,1.0,1.0,1.0,1.0,1.0,shared
n20885,4,1.0,1.0,1.0,1.0,1.0,shared
n20886,4,1.0,1.0,1.0,1.0,1.0,shared
n20887,4,1.0,1.0,1.0,1.0,1.0,shared
n20888,3,0.75,1.0,1.0,1.0,0.9375,shared
n20889,4,1.0,1.0,1.0,1.0,1.0,shared
n20890,4,1.0,1.0,1.0,1.0,1.0,shared
n20891,4,1.0,1.0,1.0,1.0,1.0,shared
n20892,3,0.75,1.0,1.0,1.0,0.9375,shared
n20893,4,1.0,1.0,1.0,1.0,1.0,shared
n20894,4,1.0,1.0,1.0,1.0,1.0,shared
n20895,4,1.0,1.0,1.0,1.0,1.0,shared
n20896,3,0.75,1.0,1.0,1.0,0.9375,shared
n20897,4,1.0,1.0,1.0,1.0,1.0,shared
n20898,4,1.0,1.0,0.7272727272727273,1.0,0.9318181818181819,shared
n20899,4,1.0,1.0,1.0,1.0,1.0,shared
n20900,4,1.0,1.0,1.0,1.0,1.0,shared
n20901,3,0.75,1.0,1.0,1.0,0.9375,shared
n20902,4,1.0,1.0,1.0,1.0,1.0,shared
n20903,4,1.0,1.0,1.0,1.0,1.0,shared
n20904,3,0.75,1.0,1.0,1.0,0.9375,shared
n20905,4,1.0,1.0,1.0,1.0,1.0,shared
n20906,4,1.0,1.0,1.0,1.0,1.0,shared
n20907,3,0.75,1.0,1.0,1.0,0.9375,shared
n20908,4,1.0,1.0,1.0,1.0,1.0,shared
n20909,4,1.0,1.0,1.0,1.0,1.0,shared
n20910,3,0.75,1.0,1.0,1.0,0.9375,shared
n20911,4,1.0,1.0,1.0,1.0,1.0,shared
n20912,4,1.0,1.0,1.0,1.0,1.0,shared
n20913,4,1.0,1.0,1.0,1.0,1.0,shared
n20914,4,1.0,1.0,1.0,1.0,1.0,shared
n20915,3,0.75,1.0,1.0,1.0,0.9375,shared
n20916,4,1.0,1.0,1.0,1.0,1.0,shared
n20917,4,1.0,1.0,1.0,1.0,1.0,shared
n20918,3,0.75,1.0,1.0,1.0,0.9375,shared
n20919,4,1.0,1.0,1.0,1.0,1.0,shared
n20920,4,1.0,1.0,1.0,1.0,1.0,shared
n20921,4,1.0,1.0,1.0,1.0,1.0,shared
n20922,3,0.75,1.0,1.0,1.0,0.9375,shared
n20923,4,1.0,1.0,1.0,1.0,1.0,shared
n20924,4,1.0,1.0,1.0,1.0,1.0,shared
n20925,4,1.0,1.0,1.0,1.0,1.0,shared
n20926,4,1.0,1.0,1.0,1.0,1.0,shared
n20927,4,1.0,1.0,1.0,1.0,1.0,shared
n20928,4,1.0,1.0,1.0,1.0,1.0,shared
n20929,3,0.75,1.0,1.0,1.0,0.9375,shared
n20930,4,1.0,0.5714285714285714,0.5714285714285714,1.0,0.7857142857142857,shared
n20931,4,1.0,1.0,1.0,1.0,1.0,shared
n20932,4,1.0,1.0,1.0,1.0,1.0,shared
n20933,4,1.0,1.0,1.0,1.0,1.0,shared
n20934,4,1.0,1.0,1.0,1.0,1.0,shared
n20935,4,1.0,1.0,1.0,1.0,1.0,shared
n20936,4,1.0,1.0,1.0,1.0,1.0,shared
n20937,3,0.75,0.5,1.0,1.0,0.8125,shared
n20938,4,1.0,1.0,1.0,1.0,1.0,shared
n20939,4,1.0,0.5,0.5,1.0,0.75,shared
n20940,4,1.0,1.0,1.0,1.0,1.0,shared
n20941,3,0.75,1.0,1.0,1.0,0.9375,shared
n20942,4,1.0,1.0,1.0,1.0,1.0,shared
n20943,4,1.0,1.0,1.0,1.0,1.0,shared
n20944,4,1.0,1.0,1.0,1.0,1.0,shared
n20945,4,1.0,1.0,1.0,1.0,1.0,shared
n20946,4,1.0,1.0,1.0,1.0,1.0,shared
n20947,4,1.0,1.0,1.0,1.0,1.0,shared
n20948,4,1.0,1.0,1.0,1.0,1.0,shared
n20949,4,1.0,0.5,0.5,1.0,0.75,shared
n20950,4,1.0,1.0,1.0,1.0,1.0,shared
n20951,4,1.0,1.0,1.0,1.0,1.0,shared
n20952,4,1.0,1.0,1.0,1.0,1.0,shared
n20953,4,1.0,1.0,1.0,1.0,1.0,shared
n20954,3,0.75,1.0,1.0,1.0,0.9375,shared
n20955,4,1.0,1.0,1.0,1.0,1.0,shared
n20956,4,1.0,1.0,1.0,1.0,1.0,shared
n20957,3,0.75,1.0,1.0,1.0,0.9375,shared
n20958,4,1.0,1.0,1.0,1.0,1.0,shared
n20959,4,1.0,1.0,0.5,1.0,0.875,shared
n20960,3,0.75,1.0,1.0,1.0,0.9375,shared
n20961,3,0.75,1.0,1.0,1.0,0.9375,shared
n20962,3,0.75,1.0,1.0,1.0,0.9375,shared
n20963,4,1.0,1.0,1.0,1.0,1.0,shared
n20964,4,1.0,1.0,1.0,1.0,1.0,shared
n20965,3,0.75,1.0,1.0,1.0,0.9375,shared
n20966,3,0.75,1.0,1.0,1.0,0.9375,shared
n20967,3,0.75,1.0,1.0,1.0,0.9375,shared
n20968,4,1.0,1.0,1.0,1.0,1.0,shared
n20969,4,1.0,1.0,1.0,1.0,1.0,shared
n20970,4,1.0,1.0,1.0,1.0,1.0,shared
n20971,4,1.0,1.0,1.0,1.0,1.0,shared
n20972,4,1.0,1.0,1.0,1.0,1.0,shared
n20973,4,1.0,1.0,1.0,1.0,1.0,shared
n20974,4,1.0,1.0,1.0,1.0,1.0,shared
n20975,3,0.75,1.0,1.0,1.0,0.9375,shared
n20976,4,1.0,1.0,1.0,1.0,1.0,shared
n20977,4,1.0,1.0,1.0,1.0,1.0,shared
n20978,4,1.0,1.0,1.0,1.0,1.0,shared
n20979,4,1.0,1.0,1.0,1.0,1.0,shared
n20980,3,0.75,1.0,1.0,1.0,0.9375,shared
n20981,4,1.0,1.0,1.0,1.0,1.0,shared
n20982,4,1.0,1.0,1.0,1.0,1.0,shared
n20983,4,1.0,1.0,1.0,1.0,1.0,shared
n20984,4,1.0,1.0,1.0,1.0,1.0,shared
n20985,4,1.0,1.0,1.0,1.0,1.0,shared
n20986,4,1.0,1.0,1.0,1.0,1.0,shared
n20987,4,1.0,1.0,1.0,1.0,1.0,shared
n20988,4,1.0,1.0,1.0,1.0,1.0,shared
n20989,3,0.75,1.0,1.0,1.0,0.9375,shared
n20990,4,1.0,1.0,1.0,1.0,1.0,shared
n20991,4,1.0,1.0,1.0,1.0,1.0,shared
n20992,4,1.0,1.0,1.0,1.0,1.0,shared
n20993,4,1.0,1.0,1.0,1.0,1.0,shared
n20994,4,1.0,1.0,1.0,1.0,1.0,shared
n20995,4,1.0,1.0,1.0,1.0,1.0,shared
n20996,4,1.0,1.0,1.0,1.0,1.0,shared
n20997,3,0.75,1.0,1.0,1.0,0.9375,shared
n20998,4,1.0,1.0,1.0,1.0,1.0,shared
n20999,4,1.0,1.0,1.0,1.0,1.0,shared
n21000,4,1.0,1.0,1.0,1.0,1.0,shared
n21001,4,1.0,1.0,1.0,1.0,1.0,shared
n21002,4,1.0,1.0,1.0,1.0,1.0,shared
n21003,4,1.0,1.0,1.0,1.0,1.0,shared
n21004,4,1.0,1.0,1.0,1.0,1.0,shared
n21005,4,1.0,1.0,1.0,1.0,1.0,shared
n21006,4,1.0,1.0,1.0,1.0,1.0,shared
n21007,4,1.0,1.0,1.0,1.0,1.0,shared
n21008,4,1.0,1.0,1.0,1.0,1.0,shared
n21009,4,1.0,1.0,1.0,1.0,1.0,shared
n21010,4,1.0,1.0,1.0,1.0,1.0,shared
n21011,4,1.0,1.0,1.0,1.0,1.0,shared
n21012,3,0.75,1.0,1.0,1.0,0.9375,shared
n21013,4,1.0,1.0,1.0,1.0,1.0,shared
n21014,4,1.0,1.0,1.0,1.0,1.0,shared
n21015,4,1.0,1.0,1.0,1.0,1.0,shared
n21016,4,1.0,1.0,1.0,1.0,1.0,shared
n21017,3,0.75,1.0,1.0,1.0,0.9375,shared
n21018,4,1.0,1.0,1.0,1.0,1.0,shared
n21019,4,1.0,1.0,1.0,1.0,1.0,shared
n21020,4,1.0,1.0,1.0,1.0,1.0,shared
n21021,4,1.0,1.0,1.0,1.0,1.0,shared
n21022,4,1.0,1.0,1.0,1.0,1.0,shared
n21023,4,1.0,1.0,1.0,1.0,1.0,shared
n21024,4,1.0,1.0,1.0,1.0,1.0,shared
n21025,4,1.0,1.0,1.0,1.0,1.0,shared
n21026,4,1.0,1.0,1.0,1.0,1.0,shared
n21027,4,1.0,1.0,1.0,1.0,1.0,shared
n21028,4,1.0,1.0,1.0,1.0,1.0,shared
n21029,4,1.0,1.0,1.0,1.0,1.0,shared
n21030,4,1.0,1.0,1.0,1.0,1.0,shared
n21031,4,1.0,1.0,1.0,1.0,1.0,shared
n21032,4,1.0,1.0,1.0,1.0,1.0,shared
n21033,4,1.0,1.0,1.0,1.0,1.0,shared
n21034,4,1.0,1.0,1.0,1.0,1.0,shared
n21035,3,0.75,1.0,1.0,1.0,0.9375,shared
n21036,4,1.0,1.0,1.0,1.0,1.0,shared
n21037,4,1.0,1.0,1.0,1.0,1.0,shared
n21038,4,1.0,1.0,1.0,1.0,1.0,shared
n21039,3,0.75,1.0,1.0,1.0,0.9375,shared
n21040,4,1.0,1.0,1.0,1.0,1.0,shared
n21041,4,1.0,1.0,1.0,1.0,1.0,shared
n21042,4,1.0,1.0,1.0,1.0,1.0,shared
n21043,4,1.0,1.0,1.0,1.0,1.0,shared
n21044,4,1.0,1.0,1.0,1.0,1.0,shared
n21045,4,1.0,1.0,1.0,1.0,1.0,shared
n21046,3,0.75,1.0,1.0,1.0,0.9375,shared
n21047,4,1.0,1.0,1.0,1.0,1.0,shared
n21048,4,1.0,1.0,1.0,1.0,1.0,shared
n21049,3,0.75,1.0,1.0,1.0,0.9375,shared
n21050,4,1.0,1.0,1.0,1.0,1.0,shared
n21051,4,1.0,1.0,1.0,1.0,1.0,shared
n21052,4,1.0,1.0,1.0,1.0,1.0,shared
n21053,4,1.0,1.0,1.0,1.0,1.0,shared
n21054,4,1.0,1.0,1.0,1.0,1.0,shared
n21055,4,1.0,1.0,1.0,1.0,1.0,shared
n21056,3,0.75,1.0,1.0,1.0,0.9375,shared
n21057,4,1.0,1.0,1.0,1.0,1.0,shared
n21058,3,0.75,1.0,1.0,1.0,0.9375,shared
n21059,3,0.75,1.0,1.0,1.0,0.9375,shared
n21060,4,1.0,1.0,1.0,1.0,1.0,shared
n21061,3,0.75,1.0,1.0,1.0,0.9375,shared
n21062,4,1.0,1.0,1.0,1.0,1.0,shared
n21063,4,1.0,1.0,1.0,1.0,1.0,shared
n21064,4,1.0,1.0,1.0,1.0,1.0,shared
n21065,4,1.0,1.0,1.0,1.0,1.0,shared
n21066,4,1.0,1.0,1.0,1.0,1.0,shared
n21067,4,1.0,1.0,1.0,1.0,1.0,shared
n21068,4,1.0,1.0,1.0,1.0,1.0,shared
n21069,4,1.0,1.0,1.0,1.0,1.0,shared
n21070,4,1.0,1.0,0.5789473684210527,1.0,0.8947368421052632,shared
n21071,3,0.75,1.0,1.0,1.0,0.9375,shared
n21072,4,1.0,1.0,1.0,1.0,1.0,shared
n21073,4,1.0,1.0,1.0,1.0,1.0,shared
n21074,4,1.0,1.0,1.0,1.0,1.0,shared
n21075,4,1.0,1.0,1.0,1.0,1.0,shared
n21076,4,1.0,1.0,1.0,1.0,1.0,shared
n21077,4,1.0,1.0,1.0,1.0,1.0,shared
n21078,4,1.0,1.0,1.0,1.0,1.0,shared
n21079,3,0.75,1.0,1.0,1.0,0.9375,shared
n21080,4,1.0,1.0,1.0,1.0,1.0,shared
n21081,4,1.0,1.0,1.0,1.0,1.0,shared
n21082,3,0.75,1.0,1.0,1.0,0.9375,shared
n21083,4,1.0,1.0,1.0,1.0,1.0,shared
n21084,4,1.0,1.0,1.0,1.0,1.0,shared
n21085,4,1.0,1.0,1.0,1.0,1.0,shared
n21086,3,0.75,1.0,1.0,1.0,0.9375,shared
n21087,3,0.75,1.0,1.0,1.0,0.9375,shared
n21088,3,0.75,1.0,1.0,1.0,0.9375,shared
n21089,3,0.75,1.0,1.0,1.0,0.9375,shared
n21090,4,1.0,1.0,1.0,1.0,1.0,shared
n21091,3,0.75,1.0,1.0,1.0,0.9375,shared
n21092,4,1.0,1.0,1.0,1.0,1.0,shared
n21093,4,1.0,1.0,1.0,1.0,1.0,shared
n21094,3,0.75,1.0,1.0,1.0,0.9375,shared
n21095,4,1.0,1.0,1.0,1.0,1.0,shared
n21096,4,1.0,1.0,1.0,1.0,1.0,shared
n21097,4,1.0,1.0,1.0,1.0,1.0,shared
n21098,4,1.0,1.0,1.0,1.0,1.0,shared
n21099,3,0.75,1.0,1.0,1.0,0.9375,shared
n21100,4,1.0,1.0,1.0,1.0,1.0,shared
n21101,4,1.0,1.0,1.0,1.0,1.0,shared
n21102,4,1.0,1.0,1.0,1.0,1.0,shared
n21103,3,0.75,1.0,1.0,1.0,0.9375,shared
n21104,3,0.75,1.0,1.0,1.0,0.9375,shared
n21105,4,1.0,1.0,1.0,1.0,1.0,shared
n21106,4,1.0,1.0,1.0,1.0,1.0,shared
n21107,4,1.0,1.0,1.0,1.0,1.0,shared
n21108,4,1.0,1.0,1.0,1.0,1.0,shared
n21109,4,1.0,1.0,1.0,1.0,1.0,shared
n21110,4,1.0,1.0,1.0,1.0,1.0,shared
n21111,4,1.0,1.0,1.0,1.0,1.0,shared
n21112,3,0.75,1.0,1.0,1.0,0.9375,shared
n21113,3,0.75,1.0,1.0,1.0,0.9375,shared
n21114,4,1.0,1.0,1.0,1.0,1.0,shared
n21115,4,1.0,1.0,1.0,1.0,1.0,shared
n21116,3,0.75,1.0,1.0,1.0,0.9375,shared
n21117,4,1.0,1.0,1.0,1.0,1.0,shared
n21118,4,1.0,1.0,1.0,1.0,1.0,shared
n21119,4,1.0,1.0,1.0,1.0,1.0,shared
n21120,4,1.0,1.0,1.0,1.0,1.0,shared
n21121,4,1.0,1.0,1.0,1.0,1.0,shared
n21122,4,1.0,1.0,1.0,1.0,1.0,shared
n21123,4,1.0,1.0,1.0,1.0,1.0,shared
n21124,4,1.0,1.0,1.0,1.0,1.0,shared
n21125,4,1.0,1.0,1.0,1.0,1.0,shared
n21126,4,1.0,1.0,1.0,1.0,1.0,shared
n21127,4,1.0,1.0,1.0,1.0,1.0,shared
n21128,4,1.0,1.0,1.0,1.0,1.0,shared
n21129,4,1.0,1.0,1.0,1.0,1.0,shared
n21130,4,1.0,1.0,1.0,1.0,1.0,shared
n21131,4,1.0,1.0,1.0,1.0,1.0,shared
n21132,4,1.0,1.0,1.0,1.0,1.0,shared
n21133,4,1.0,1.0,1.0,1.0,1.0,shared
n21134,4,1.0,1.0,1.0,1.0,1.0,shared
n21135,4,1.0,1.0,1.0,1.0,1.0,shared
n21136,4,1.0,1.0,1.0,1.0,1.0,shared
n21137,4,1.0,1.0,1.0,1.0,1.0,shared
n21138,4,1.0,1.0,1.0,1.0,1.0,shared
n21139,4,1.0,1.0,1.0,1.0,1.0,shared
n21140,4,1.0,1.0,1.0,1.0,1.0,shared
n21141,3,0.75,1.0,1.0,1.0,0.9375,shared
n21142,4,1.0,1.0,1.0,1.0,1.0,shared
n21143,3,0.75,1.0,1.0,1.0,0.9375,shared
n21144,3,0.75,1.0,1.0,1.0,0.9375,shared
n21145,4,1.0,1.0,1.0,1.0,1.0,shared
n21146,4,1.0,1.0,1.0,1.0,1.0,shared
n21147,4,1.0,1.0,1.0,1.0,1.0,shared
n21148,4,1.0,1.0,1.0,1.0,1.0,shared
n21149,4,1.0,1.0,1.0,1.0,1.0,shared
n21150,4,1.0,1.0,1.0,1.0,1.0,shared
n21151,4,1.0,1.0,1.0,1.0,1.0,shared
n21152,4,1.0,1.0,1.0,1.0,1.0,shared
n21153,4,1.0,1.0,1.0,1.0,1.0,shared
n21154,4,1.0,1.0,1.0,1.0,1.0,shared
n21155,4,1.0,1.0,1.0,1.0,1.0,shared
n21156,4,1.0,1.0,1.0,1.0,1.0,shared
n21157,4,1.0,1.0,1.0,1.0,1.0,shared
n21158,4,1.0,1.0,1.0,1.0,1.0,shared
n21159,4,1.0,1.0,1.0,1.0,1.0,shared
n21160,4,1.0,1.0,1.0,1.0,1.0,shared
n21161,3,0.75,1.0,1.0,1.0,0.9375,shared
n21162,4,1.0,1.0,1.0,1.0,1.0,shared
n21163,4,1.0,1.0,1.0,1.0,1.0,shared
n21164,3,0.75,1.0,1.0,1.0,0.9375,shared
n21165,4,1.0,1.0,1.0,1.0,1.0,shared
n21166,4,1.0,1.0,1.0,1.0,1.0,shared
n21167,4,1.0,1.0,1.0,1.0,1.0,shared
n21168,4,1.0,1.0,1.0,1.0,1.0,shared
n21169,4,1.0,1.0,1.0,1.0,1.0,shared
n21170,3,0.75,1.0,1.0,1.0,0.9375,shared
n21171,3,0.75,1.0,1.0,1.0,0.9375,shared
n21172,4,1.0,1.0,1.0,1.0,1.0,shared
n21173,4,1.0,1.0,1.0,1.0,1.0,shared
n21174,4,1.0,1.0,1.0,1.0,1.0,shared
n21175,4,1.0,1.0,1.0,1.0,1.0,shared
n21176,4,1.0,1.0,1.0,1.0,1.0,shared
n21177,4,1.0,1.0,1.0,1.0,1.0,shared
n21178,4,1.0,1.0,1.0,1.0,1.0,shared
n21179,3,0.75,1.0,1.0,1.0,0.9375,shared
n21180,3,0.75,1.0,1.0,1.0,0.9375,shared
n21181,4,1.0,1.0,1.0,1.0,1.0,shared
n21182,4,1.0,1.0,1.0,1.0,1.0,shared
n21183,3,0.75,1.0,1.0,1.0,0.9375,shared
n21184,4,1.0,1.0,1.0,1.0,1.0,shared
n21185,4,1.0,1.0,1.0,1.0,1.0,shared
n21186,4,1.0,1.0,1.0,1.0,1.0,shared
n21187,4,1.0,1.0,1.0,1.0,1.0,shared
n21188,3,0.75,1.0,1.0,1.0,0.9375,shared
n21189,4,1.0,1.0,1.0,1.0,1.0,shared
n21190,4,1.0,1.0,1.0,1.0,1.0,shared
n21191,3,0.75,1.0,1.0,1.0,0.9375,shared
n21192,4,1.0,1.0,1.0,1.0,1.0,shared
n21193,3,0.75,1.0,1.0,1.0,0.9375,shared
n21194,4,1.0,1.0,1.0,1.0,1.0,shared
n21195,4,1.0,1.0,1.0,1.0,1.0,shared
n21196,4,1.0,1.0,1.0,1.0,1.0,shared
n21197,4,1.0,1.0,1.0,1.0,1.0,shared
n21198,4,1.0,1.0,1.0,1.0,1.0,shared
n21199,4,1.0,1.0,1.0,1.0,1.0,shared
n21200,3,0.75,1.0,1.0,1.0,0.9375,shared
n21201,4,1.0,1.0,1.0,1.0,1.0,shared
n21202,4,1.0,1.0,1.0,1.0,1.0,shared
n21203,4,1.0,1.0,1.0,1.0,1.0,shared
n21204,4,1.0,1.0,1.0,1.0,1.0,shared
n21205,3,0.75,1.0,1.0,1.0,0.9375,shared
n21206,4,1.0,1.0,1.0,1.0,1.0,shared
n21207,4,1.0,1.0,1.0,1.0,1.0,shared
n21208,4,1.0,1.0,1.0,1.0,1.0,shared
n21209,4,1.0,1.0,1.0,1.0,1.0,shared
n21210,4,1.0,1.0,1.0,1.0,1.0,shared
n21211,4,1.0,1.0,1.0,1.0,1.0,shared
n21212,4,1.0,1.0,1.0,1.0,1.0,shared
n21213,4,1.0,1.0,1.0,1.0,1.0,shared
n21214,4,1.0,1.0,1.0,1.0,1.0,shared
n21215,4,1.0,1.0,1.0,1.0,1.0,shared
n21216,4,1.0,1.0,1.0,1.0,1.0,shared
n21217,4,1.0,1.0,1.0,1.0,1.0,shared
n21218,4,1.0,1.0,1.0,1.0,1.0,shared
n21219,4,1.0,1.0,1.0,1.0,1.0,shared
n21220,4,1.0,1.0,1.0,1.0,1.0,shared
n21221,4,1.0,1.0,1.0,1.0,1.0,shared
n21222,3,0.75,1.0,1.0,1.0,0.9375,shared
n21223,4,1.0,1.0,1.0,1.0,1.0,shared
n21224,4,1.0,1.0,1.0,1.0,1.0,shared
n21225,3,0.75,1.0,1.0,1.0,0.9375,shared
n21226,4,1.0,1.0,1.0,1.0,1.0,shared
n21227,4,1.0,1.0,1.0,1.0,1.0,shared
n21228,4,1.0,1.0,1.0,1.0,1.0,shared
n21229,4,1.0,1.0,1.0,1.0,1.0,shared
n21230,4,1.0,1.0,1.0,1.0,1.0,shared
n21231,4,1.0,1.0,1.0,1.0,1.0,shared
n21232,4,1.0,1.0,1.0,1.0,1.0,shared
n21233,4,1.0,1.0,1.0,1.0,1.0,shared
n21234,3,0.75,1.0,1.0,1.0,0.9375,shared
n21235,4,1.0,1.0,1.0,1.0,1.0,shared
n21236,4,1.0,1.0,1.0,1.0,1.0,shared
n21237,4,1.0,1.0,1.0,1.0,1.0,shared
n21238,3,0.75,1.0,1.0,1.0,0.9375,shared
n21239,4,1.0,1.0,1.0,1.0,1.0,shared
n21240,3,0.75,1.0,1.0,1.0,0.9375,shared
n21241,4,1.0,1.0,1.0,1.0,1.0,shared
n21242,4,1.0,1.0,1.0,1.0,1.0,shared
n21243,4,1.0,1.0,1.0,1.0,1.0,shared
n21244,4,1.0,1.0,1.0,1.0,1.0,shared
n21245,4,1.0,1.0,1.0,1.0,1.0,shared
n21246,3,0.75,1.0,1.0,1.0,0.9375,shared
n21247,4,1.0,1.0,1.0,1.0,1.0,shared
n21248,4,1.0,1.0,1.0,1.0,1.0,shared
n21249,4,1.0,1.0,1.0,1.0,1.0,shared
n21250,4,1.0,1.0,1.0,1.0,1.0,shared
n21251,4,1.0,1.0,1.0,1.0,1.0,shared
n21252,4,1.0,1.0,1.0,1.0,1.0,shared
n21253,4,1.0,1.0,1.0,1.0,1.0,shared
n21254,4,1.0,1.0,1.0,1.0,1.0,shared
n21255,3,0.75,1.0,1.0,1.0,0.9375,shared
n21256,4,1.0,1.0,1.0,1.0,1.0,shared
n21257,3,0.75,1.0,1.0,1.0,0.9375,shared
n21258,4,1.0,1.0,1.0,1.0,1.0,shared
n21259,4,1.0,1.0,1.0,1.0,1.0,shared
n21260,4,1.0,1.0,1.0,1.0,1.0,shared
n21261,4,1.0,1.0,1.0,1.0,1.0,shared
n21262,4,1.0,1.0,1.0,1.0,1.0,shared
n21263,4,1.0,1.0,1.0,1.0,1.0,shared
n21264,4,1.0,1.0,1.0,1.0,1.0,shared
n21265,4,1.0,1.0,1.0,1.0,1.0,shared
n21266,3,0.75,1.0,1.0,1.0,0.9375,shared
n21267,4,1.0,1.0,1.0,1.0,1.0,shared
n21268,4,1.0,1.0,1.0,1.0,1.0,shared
n21269,4,1.0,1.0,1.0,1.0,1.0,shared
n21270,4,1.0,1.0,1.0,1.0,1.0,shared
n21271,4,1.0,1.0,1.0,1.0,1.0,shared
n21272,4,1.0,1.0,1.0,1.0,1.0,shared
n21273,4,1.0,1.0,1.0,1.0,1.0,shared
n21274,4,1.0,1.0,1.0,1.0,1.0,shared
n21275,4,1.0,1.0,1.0,1.0,1.0,shared
n21276,4,1.0,1.0,1.0,1.0,1.0,shared
n21277,4,1.0,0.5714285714285714,0.5714285714285714,1.0,0.7857142857142857,shared
n21278,4,1.0,1.0,1.0,1.0,1.0,shared
n21279,4,1.0,1.0,1.0,1.0,1.0,shared
n21280,3,0.75,1.0,1.0,1.0,0.9375,shared
n21281,4,1.0,1.0,1.0,1.0,1.0,shared
n21282,4,1.0,1.0,1.0,1.0,1.0,shared
n21283,4,1.0,1.0,1.0,1.0,1.0,shared
n21284,4,1.0,1.0,1.0,1.0,1.0,shared
n21285,4,1.0,1.0,1.0,1.0,1.0,shared
n21286,4,1.0,1.0,1.0,1.0,1.0,shared
n21287,4,1.0,1.0,1.0,1.0,1.0,shared
n21288,4,1.0,1.0,1.0,1.0,1.0,shared
n21289,3,0.75,1.0,1.0,1.0,0.9375,shared
n21290,4,1.0,1.0,1.0,1.0,1.0,shared
n21291,4,1.0,1.0,1.0,1.0,1.0,shared
n21292,4,1.0,1.0,1.0,1.0,1.0,shared
n21293,4,1.0,1.0,1.0,1.0,1.0,shared
n21294,4,1.0,1.0,1.0,1.0,1.0,shared
n21295,4,1.0,1.0,1.0,1.0,1.0,shared
n21296,4,1.0,1.0,1.0,1.0,1.0,shared
n21297,4,1.0,1.0,1.0,1.0,1.0,shared
n21298,4,1.0,1.0,1.0,1.0,1.0,shared
n21299,3,0.75,1.0,1.0,1.0,0.9375,shared
n21300,4,1.0,1.0,1.0,1.0,1.0,shared
n21301,4,1.0,1.0,1.0,1.0,1.0,shared
n21302,4,1.0,1.0,1.0,1.0,1.0,shared
n21303,4,1.0,1.0,1.0,1.0,1.0,shared
n21304,4,1.0,1.0,1.0,1.0,1.0,shared
n21305,3,0.75,1.0,1.0,1.0,0.9375,shared
n21306,4,1.0,1.0,1.0,1.0,1.0,shared
n21307,4,1.0,1.0,1.0,1.0,1.0,shared
n21308,3,0.75,1.0,1.0,1.0,0.9375,shared
n21309,4,1.0,0.5,1.0,1.0,0.875,shared
n21310,4,1.0,1.0,1.0,1.0,1.0,shared
n21311,4,1.0,1.0,1.0,1.0,1.0,shared
n21312,4,1.0,1.0,1.0,1.0,1.0,shared
n21313,4,1.0,1.0,1.0,1.0,1.0,shared
n21314,4,1.0,1.0,1.0,1.0,1.0,shared
n21315,4,1.0,1.0,1.0,1.0,1.0,shared
n21316,4,1.0,1.0,1.0,1.0,1.0,shared
n21317,3,0.75,1.0,1.0,1.0,0.9375,shared
n21318,3,0.75,1.0,1.0,1.0,0.9375,shared
n21319,4,1.0,1.0,1.0,1.0,1.0,shared
n21320,4,1.0,1.0,1.0,1.0,1.0,shared
n21321,4,1.0,1.0,1.0,1.0,1.0,shared
n21322,3,0.75,1.0,1.0,1.0,0.9375,shared
n21323,4,1.0,1.0,1.0,1.0,1.0,shared
n21324,4,1.0,1.0,1.0,1.0,1.0,shared
n21325,3,0.75,1.0,1.0,1.0,0.9375,shared
n21326,4,1.0,1.0,1.0,1.0,1.0,shared
n21327,4,1.0,1.0,1.0,1.0,1.0,shared
n21328,4,1.0,1.0,1.0,1.0,1.0,shared
n21329,4,1.0,1.0,1.0,1.0,1.0,shared
n21330,4,1.0,1.0,1.0,1.0,1.0,shared
n21331,4,1.0,1.0,1.0,1.0,1.0,shared
n21332,3,0.75,1.0,1.0,1.0,0.9375,shared
n21333,4,1.0,1.0,1.0,1.0,1.0,shared
n21334,4,1.0,1.0,1.0,1.0,1.0,shared
n21335,4,1.0,1.0,1.0,1.0,1.0,shared
n21336,4,1.0,1.0,1.0,1.0,1.0,shared
n21337,4,1.0,1.0,1.0,1.0,1.0,shared
n21338,4,1.0,1.0,1.0,1.0,1.0,shared
n21339,4,1.0,1.0,1.0,1.0,1.0,shared
n21340,4,1.0,1.0,1.0,1.0,1.0,shared
n21341,4,1.0,1.0,1.0,1.0,1.0,shared
n21342,4,1.0,1.0,1.0,1.0,1.0,shared
n21343,4,1.0,1.0,1.0,1.0,1.0,shared
n21344,4,1.0,0.5,0.5,1.0,0.75,shared
n21345,4,1.0,1.0,1.0,1.0,1.0,shared
n21346,4,1.0,1.0,1.0,1.0,1.0,shared
n21347,4,1.0,1.0,1.0,1.0,1.0,shared
n21348,4,1.0,1.0,1.0,1.0,1.0,shared
n21349,3,0.75,1.0,1.0,1.0,0.9375,shared
n21350,4,1.0,1.0,1.0,1.0,1.0,shared
n21351,4,1.0,1.0,1.0,1.0,1.0,shared
n21352,4,1.0,1.0,1.0,1.0,1.0,shared
n21353,4,1.0,1.0,1.0,1.0,1.0,shared
n21354,3,0.75,1.0,1.0,1.0,0.9375,shared
n21355,4,1.0,1.0,1.0,1.0,1.0,shared
n21356,4,1.0,1.0,1.0,1.0,1.0,shared
n21357,4,1.0,1.0,1.0,1.0,1.0,shared
n21358,3,0.75,1.0,1.0,1.0,0.9375,shared
n21359,4,1.0,1.0,1.0,1.0,1.0,shared
n21360,4,1.0,1.0,1.0,1.0,1.0,shared
n21361,4,1.0,0.5,0.5,1.0,0.75,shared
n21362,4,1.0,1.0,1.0,1.0,1.0,shared
n21363,4,1.0,1.0,1.0,1.0,1.0,shared
n21364,3,0.75,1.0,1.0,1.0,0.9375,shared
n21365,4,1.0,0.26666666666666666,0.26666666666666666,1.0,0.6333333333333333,shared
n21366,4,1.0,1.0,1.0,1.0,1.0,shared
n21367,4,1.0,1.0,1.0,1.0,1.0,shared
n21368,3,0.75,1.0,1.0,1.0,0.9375,shared
n21369,4,1.0,1.0,1.0,1.0,1.0,shared
n21370,4,1.0,0.3333333333333333,0.3333333333333333,1.0,0.6666666666666666,shared
n21371,4,1.0,1.0,1.0,1.0,1.0,shared
n21372,4,1.0,0.5,0.5,1.0,0.75,shared
n21373,4,1.0,1.0,1.0,1.0,1.0,shared
n21374,4,1.0,1.0,1.0,1.0,1.0,shared
n21375,4,1.0,1.0,1.0,1.0,1.0,shared
n21376,4,1.0,1.0,1.0,1.0,1.0,shared
n21377,4,1.0,1.0,1.0,1.0,1.0,shared
n21378,4,1.0,1.0,1.0,1.0,1.0,shared
n21379,4,1.0,1.0,1.0,1.0,1.0,shared
n21380,4,1.0,1.0,1.0,1.0,1.0,shared
n21381,4,1.0,1.0,1.0,1.0,1.0,shared
n21382,3,0.75,1.0,1.0,1.0,0.9375,shared
n21383,3,0.75,1.0,1.0,1.0,0.9375,shared
n21384,4,1.0,1.0,1.0,1.0,1.0,shared
n21385,4,1.0,1.0,1.0,1.0,1.0,shared
n21386,4,1.0,1.0,1.0,1.0,1.0,shared
n21387,4,1.0,1.0,1.0,1.0,1.0,shared
n21388,4,1.0,1.0,1.0,1.0,1.0,shared
n21389,4,1.0,1.0,1.0,1.0,1.0,shared
n21390,3,0.75,1.0,1.0,1.0,0.9375,shared
n21391,4,1.0,1.0,1.0,1.0,1.0,shared
n21392,4,1.0,1.0,1.0,1.0,1.0,shared
n21393,4,1.0,1.0,1.0,1.0,1.0,shared
n21394,4,1.0,1.0,1.0,1.0,1.0,shared
n21395,4,1.0,1.0,1.0,1.0,1.0,shared
n21396,3,0.75,1.0,1.0,1.0,0.9375,shared
n21397,4,1.0,1.0,1.0,1.0,1.0,shared
n21398,4,1.0,1.0,1.0,1.0,1.0,shared
n21399,4,1.0,1.0,1.0,1.0,1.0,shared
n21400,4,1.0,1.0,1.0,1.0,1.0,shared
n21401,4,1.0,1.0,1.0,1.0,1.0,shared
n21402,4,1.0,1.0,1.0,1.0,1.0,shared
n21403,4,1.0,1.0,1.0,1.0,1.0,shared
n21404,4,1.0,1.0,1.0,1.0,1.0,shared
n21405,4,1.0,1.0,1.0,1.0,1.0,shared
n21406,4,1.0,1.0,1.0,1.0,1.0,shared
n21407,4,1.0,1.0,1.0,1.0,1.0,shared
n21408,4,1.0,1.0,1.0,1.0,1.0,shared
n21409,4,1.0,1.0,1.0,1.0,1.0,shared
n21410,4,1.0,1.0,1.0,1.0,1.0,shared
n21411,4,1.0,1.0,1.0,1.0,1.0,shared
n21412,4,1.0,1.0,1.0,1.0,1.0,shared
n21413,4,1.0,1.0,1.0,1.0,1.0,shared
n21414,3,0.75,1.0,1.0,1.0,0.9375,shared
n21415,4,1.0,1.0,1.0,1.0,1.0,shared
n21416,4,1.0,1.0,1.0,1.0,1.0,shared
n21417,4,1.0,1.0,1.0,1.0,1.0,shared
n21418,3,0.75,1.0,1.0,1.0,0.9375,shared
n21419,4,1.0,1.0,1.0,1.0,1.0,shared
n21420,4,1.0,1.0,1.0,1.0,1.0,shared
n21421,4,1.0,1.0,1.0,1.0,1.0,shared
n21422,4,1.0,1.0,1.0,1.0,1.0,shared
n21423,4,1.0,1.0,1.0,1.0,1.0,shared
n21424,4,1.0,1.0,1.0,1.0,1.0,shared
n21425,4,1.0,1.0,1.0,1.0,1.0,shared
n21426,4,1.0,1.0,1.0,1.0,1.0,shared
n21427,4,1.0,1.0,1.0,1.0,1.0,shared
n21428,4,1.0,1.0,1.0,1.0,1.0,shared
n21429,4,1.0,1.0,1.0,1.0,1.0,shared
n21430,4,1.0,1.0,1.0,1.0,1.0,shared
n21431,4,1.0,1.0,1.0,1.0,1.0,shared
n21432,4,1.0,1.0,1.0,1.0,1.0,shared
n21433,4,1.0,1.0,1.0,1.0,1.0,shared
n21434,4,1.0,1.0,1.0,1.0,1.0,shared
n21435,4,1.0,0.5,0.5,1.0,0.75,shared
n21436,4,1.0,1.0,1.0,1.0,1.0,shared
n21437,4,1.0,1.0,1.0,1.0,1.0,shared
n21438,4,1.0,1.0,1.0,1.0,1.0,shared
n21439,4,1.0,1.0,1.0,1.0,1.0,shared
n21440,4,1.0,1.0,1.0,1.0,1.0,shared
n21441,3,0.75,1.0,1.0,1.0,0.9375,shared
n21442,4,1.0,1.0,1.0,1.0,1.0,shared
n21443,4,1.0,1.0,1.0,1.0,1.0,shared
n21444,4,1.0,1.0,1.0,1.0,1.0,shared
n21445,4,1.0,1.0,1.0,1.0,1.0,shared
n21446,4,1.0,1.0,1.0,1.0,1.0,shared
n21447,4,1.0,1.0,1.0,1.0,1.0,shared
n21448,4,1.0,1.0,1.0,1.0,1.0,shared
n21449,4,1.0,1.0,1.0,1.0,1.0,shared
n21450,4,1.0,1.0,1.0,1.0,1.0,shared
n21451,3,0.75,1.0,1.0,1.0,0.9375,shared
n21452,4,1.0,1.0,1.0,1.0,1.0,shared
n21453,3,0.75,1.0,1.0,1.0,0.9375,shared
n21454,4,1.0,1.0,1.0,1.0,1.0,shared
n21455,4,1.0,1.0,1.0,1.0,1.0,shared
n21456,4,1.0,1.0,1.0,1.0,1.0,shared
n21457,3,0.75,1.0,1.0,1.0,0.9375,shared
n21458,4,1.0,1.0,1.0,1.0,1.0,shared
n21459,4,1.0,1.0,1.0,1.0,1.0,shared
n21460,4,1.0,1.0,1.0,1.0,1.0,shared
n21461,4,1.0,1.0,1.0,1.0,1.0,shared
n21462,4,1.0,1.0,1.0,1.0,1.0,shared
n21463,4,1.0,1.0,1.0,1.0,1.0,shared
n21464,3,0.75,1.0,1.0,1.0,0.9375,shared
n21465,4,1.0,1.0,1.0,1.0,1.0,shared
n21466,4,1.0,1.0,1.0,1.0,1.0,shared
n21467,3,0.75,1.0,1.0,1.0,0.9375,shared
n21468,4,1.0,1.0,1.0,1.0,1.0,shared
n21469,4,1.0,1.0,1.0,1.0,1.0,shared
n21470,4,1.0,1.0,1.0,1.0,1.0,shared
n21471,4,1.0,1.0,1.0,1.0,1.0,shared
n21472,3,0.75,1.0,1.0,1.0,0.9375,shared
n21473,4,1.0,1.0,1.0,1.0,1.0,shared
n21474,4,1.0,1.0,1.0,1.0,1.0,shared
n21475,4,1.0,1.0,1.0,1.0,1.0,shared
n21476,4,1.0,1.0,1.0,1.0,1.0,shared
n21477,4,1.0,1.0,1.0,1.0,1.0,shared
n21478,4,1.0,1.0,1.0,1.0,1.0,shared
n21479,4,1.0,1.0,1.0,1.0,1.0,shared
n21480,4,1.0,1.0,1.0,1.0,1.0,shared
n21481,4,1.0,1.0,1.0,1.0,1.0,shared
n21482,4,1.0,1.0,1.0,1.0,1.0,shared
n21483,4,1.0,1.0,1.0,1.0,1.0,shared
n21484,3,0.75,1.0,1.0,1.0,0.9375,shared
n21485,3,0.75,1.0,1.0,1.0,0.9375,shared
n21486,4,1.0,1.0,1.0,1.0,1.0,shared
n21487,4,1.0,1.0,1.0,1.0,1.0,shared
n21488,4,1.0,1.0,1.0,1.0,1.0,shared
n21489,4,1.0,1.0,1.0,1.0,1.0,shared
n21490,4,1.0,1.0,1.0,1.0,1.0,shared
n21491,4,1.0,1.0,1.0,1.0,1.0,shared
n21492,4,1.0,1.0,1.0,1.0,1.0,shared
n21493,4,1.0,1.0,1.0,1.0,1.0,shared
n21494,4,1.0,1.0,1.0,1.0,1.0,shared
n21495,4,1.0,1.0,1.0,1.0,1.0,shared
n21496,4,1.0,1.0,1.0,1.0,1.0,shared
n21497,4,1.0,1.0,1.0,1.0,1.0,shared
n21498,4,1.0,1.0,1.0,1.0,1.0,shared
n21499,4,1.0,1.0,1.0,1.0,1.0,shared
n21500,4,1.0,1.0,1.0,1.0,1.0,shared
n21501,3,0.75,1.0,1.0,1.0,0.9375,shared
n21502,4,1.0,1.0,1.0,1.0,1.0,shared
n21503,4,1.0,1.0,1.0,1.0,1.0,shared
n21504,3,0.75,1.0,1.0,1.0,0.9375,shared
n21505,4,1.0,1.0,1.0,1.0,1.0,shared
n21506,4,1.0,1.0,1.0,1.0,1.0,shared
n21507,4,1.0,1.0,1.0,1.0,1.0,shared
n21508,4,1.0,1.0,1.0,1.0,1.0,shared
n21509,4,1.0,1.0,1.0,1.0,1.0,shared
n21510,4,1.0,1.0,1.0,1.0,1.0,shared
n21511,4,1.0,1.0,1.0,1.0,1.0,shared
n21512,4,1.0,1.0,1.0,1.0,1.0,shared
n21513,4,1.0,1.0,1.0,1.0,1.0,shared
n21514,3,0.75,1.0,1.0,1.0,0.9375,shared
n21515,4,1.0,1.0,1.0,1.0,1.0,shared
n21516,4,1.0,0.36363636363636365,0.36363636363636365,1.0,0.6818181818181819,shared
n21517,3,0.75,1.0,1.0,1.0,0.9375,shared
n21518,4,1.0,1.0,1.0,1.0,1.0,shared
n21519,4,1.0,1.0,1.0,1.0,1.0,shared
n21520,4,1.0,1.0,1.0,1.0,1.0,shared
n21521,4,1.0,1.0,1.0,1.0,1.0,shared
n21522,4,1.0,1.0,1.0,1.0,1.0,shared
n21523,4,1.0,1.0,1.0,1.0,1.0,shared
n21524,4,1.0,1.0,1.0,1.0,1.0,shared
n21525,4,1.0,1.0,1.0,1.0,1.0,shared
n21526,4,1.0,1.0,1.0,1.0,1.0,shared
n21527,4,1.0,1.0,1.0,1.0,1.0,shared
n21528,4,1.0,1.0,1.0,1.0,1.0,shared
n21529,4,1.0,1.0,1.0,1.0,1.0,shared
n21530,4,1.0,1.0,1.0,1.0,1.0,shared
n21531,3,0.75,1.0,1.0,1.0,0.9375,shared
n21532,4,1.0,1.0,1.0,1.0,1.0,shared
n21533,4,1.0,1.0,1.0,1.0,1.0,shared
n21534,4,1.0,1.0,1.0,1.0,1.0,shared
n21535,4,1.0,1.0,1.0,1.0,1.0,shared
n21536,4,1.0,1.0,1.0,1.0,1.0,shared
n21537,4,1.0,1.0,1.0,1.0,1.0,shared
n21538,3,0.75,1.0,1.0,1.0,0.9375,shared
n21539,4,1.0,1.0,1.0,1.0,1.0,shared
n21540,4,1.0,1.0,1.0,1.0,1.0,shared
n21541,4,1.0,1.0,1.0,1.0,1.0,shared
n21542,4,1.0,0.7333333333333333,0.7333333333333333,1.0,0.8666666666666667,shared
n21543,4,1.0,1.0,1.0,1.0,1.0,shared
n21544,4,1.0,0.6363636363636364,1.0,1.0,0.9090909090909091,shared
n21545,4,1.0,1.0,1.0,1.0,1.0,shared
n21546,3,0.75,1.0,1.0,1.0,0.9375,shared
n21547,4,1.0,1.0,1.0,1.0,1.0,shared
n21548,3,0.75,1.0,1.0,1.0,0.9375,shared
n21549,4,1.0,1.0,1.0,1.0,1.0,shared
n21550,4,1.0,1.0,1.0,1.0,1.0,shared
n21551,4,1.0,1.0,1.0,1.0,1.0,shared
n21552,4,1.0,1.0,1.0,1.0,1.0,shared
n21553,4,1.0,1.0,1.0,1.0,1.0,shared
n21554,3,0.75,1.0,1.0,1.0,0.9375,shared
n21555,4,1.0,1.0,1.0,1.0,1.0,shared
n21556,4,1.0,1.0,1.0,1.0,1.0,shared
n21557,4,1.0,1.0,1.0,1.0,1.0,shared
n21558,3,0.75,1.0,1.0,1.0,0.9375,shared
n21559,4,1.0,1.0,1.0,1.0,1.0,shared
n21560,4,1.0,1.0,1.0,1.0,1.0,shared
n21561,4,1.0,0.5,0.5,1.0,0.75,shared
n21562,4,1.0,1.0,1.0,1.0,1.0,shared
n21563,4,1.0,1.0,1.0,1.0,1.0,shared
n21564,4,1.0,0.5,0.5,1.0,0.75,shared
n21565,4,1.0,1.0,1.0,1.0,1.0,shared
n21566,4,1.0,1.0,1.0,1.0,1.0,shared
n21567,4,1.0,1.0,1.0,1.0,1.0,shared
n21568,4,1.0,0.5,0.5,1.0,0.75,shared
n21569,4,1.0,1.0,1.0,1.0,1.0,shared
n21570,4,1.0,1.0,1.0,1.0,1.0,shared
n21571,3,0.75,1.0,1.0,1.0,0.9375,shared
n21572,4,1.0,1.0,1.0,1.0,1.0,shared
n21573,3,0.75,1.0,1.0,1.0,0.9375,shared
n21574,4,1.0,1.0,1.0,1.0,1.0,shared
n21575,3,0.75,1.0,1.0,1.0,0.9375,shared
n21576,4,1.0,1.0,1.0,1.0,1.0,shared
n21577,4,1.0,1.0,1.0,1.0,1.0,shared
n21578,4,1.0,1.0,1.0,1.0,1.0,shared
n21579,4,1.0,1.0,1.0,1.0,1.0,shared
n21580,4,1.0,1.0,1.0,1.0,1.0,shared
n21581,4,1.0,1.0,1.0,1.0,1.0,shared
n21582,4,1.0,1.0,1.0,1.0,1.0,shared
n21583,4,1.0,1.0,1.0,1.0,1.0,shared
n21584,4,1.0,1.0,1.0,1.0,1.0,shared
n21585,4,1.0,1.0,1.0,1.0,1.0,shared
n21586,4,1.0,1.0,1.0,1.0,1.0,shared
n21587,4,1.0,1.0,1.0,1.0,1.0,shared
n21588,4,1.0,1.0,1.0,1.0,1.0,shared
n21589,3,0.75,1.0,1.0,1.0,0.9375,shared
n21590,3,0.75,1.0,1.0,1.0,0.9375,shared
n21591,4,1.0,1.0,1.0,1.0,1.0,shared
n21592,3,0.75,1.0,1.0,1.0,0.9375,shared
n21593,4,1.0,1.0,1.0,1.0,1.0,shared
n21594,4,1.0,1.0,1.0,1.0,1.0,shared
n21595,4,1.0,1.0,1.0,1.0,1.0,shared
n21596,4,1.0,1.0,1.0,1.0,1.0,shared
n21597,4,1.0,1.0,1.0,1.0,1.0,shared
n21598,4,1.0,1.0,1.0,1.0,1.0,shared
n21599,3,0.75,1.0,1.0,1.0,0.9375,shared
n21600,4,1.0,1.0,1.0,1.0,1.0,shared
n21601,4,1.0,1.0,1.0,1.0,1.0,shared
n21602,4,1.0,1.0,1.0,1.0,1.0,shared
n21603,4,1.0,1.0,1.0,1.0,1.0,shared
n21604,4,1.0,1.0,1.0,1.0,1.0,shared
n21605,4,1.0,1.0,1.0,1.0,1.0,shared
n21606,4,1.0,1.0,1.0,1.0,1.0,shared
n21607,4,1.0,1.0,1.0,1.0,1.0,shared
n21608,4,1.0,1.0,1.0,1.0,1.0,shared
n21609,3,0.75,1.0,1.0,1.0,0.9375,shared
n21610,4,1.0,1.0,1.0,1.0,1.0,shared
n21611,3,0.75,1.0,1.0,1.0,0.9375,shared
n21612,4,1.0,1.0,1.0,1.0,1.0,shared
n21613,4,1.0,1.0,1.0,1.0,1.0,shared
n21614,4,1.0,1.0,1.0,1.0,1.0,shared
n21615,3,0.75,1.0,1.0,1.0,0.9375,shared
n21616,4,1.0,1.0,1.0,1.0,1.0,shared
n21617,4,1.0,1.0,1.0,1.0,1.0,shared
n21618,3,0.75,1.0,1.0,1.0,0.9375,shared
n21619,4,1.0,1.0,1.0,1.0,1.0,shared
n21620,4,1.0,1.0,1.0,1.0,1.0,shared
n21621,4,1.0,1.0,1.0,1.0,1.0,shared
n21622,4,1.0,1.0,1.0,1.0,1.0,shared
n21623,4,1.0,1.0,1.0,1.0,1.0,shared
n21624,4,1.0,1.0,1.0,1.0,1.0,shared
n21625,4,1.0,1.0,1.0,1.0,1.0,shared
n21626,4,1.0,1.0,1.0,1.0,1.0,shared
n21627,3,0.75,1.0,1.0,1.0,0.9375,shared
n21628,4,1.0,1.0,1.0,1.0,1.0,shared
n21629,3,0.75,1.0,1.0,1.0,0.9375,shared
n21630,4,1.0,1.0,1.0,1.0,1.0,shared
n21631,4,1.0,1.0,1.0,1.0,1.0,shared
n21632,4,1.0,1.0,1.0,1.0,1.0,shared
n21633,4,1.0,1.0,1.0,1.0,1.0,shared
n21634,4,1.0,1.0,1.0,1.0,1.0,shared
n21635,4,1.0,1.0,0.42105263157894735,1.0,0.8552631578947368,shared
n21636,4,1.0,1.0,1.0,1.0,1.0,shared
n21637,4,1.0,1.0,1.0,1.0,1.0,shared
n21638,4,1.0,1.0,1.0,1.0,1.0,shared
n21639,4,1.0,1.0,1.0,1.0,1.0,shared
n21640,4,1.0,1.0,1.0,1.0,1.0,shared
n21641,4,1.0,1.0,1.0,1.0,1.0,shared
n21642,4,1.0,1.0,1.0,1.0,1.0,shared
n21643,3,0.75,1.0,1.0,1.0,0.9375,shared
n21644,4,1.0,1.0,1.0,1.0,1.0,shared
n21645,4,1.0,1.0,1.0,1.0,1.0,shared
n21646,4,1.0,1.0,1.0,1.0,1.0,shared
n21647,4,1.0,1.0,1.0,1.0,1.0,shared
n21648,4,1.0,1.0,1.0,1.0,1.0,shared
n21649,4,1.0,1.0,1.0,1.0,1.0,shared
n21650,4,1.0,1.0,1.0,1.0,1.0,shared
n21651,4,1.0,1.0,1.0,1.0,1.0,shared
n21652,4,1.0,1.0,1.0,1.0,1.0,shared
n21653,4,1.0,1.0,1.0,1.0,1.0,shared
n21654,3,0.75,1.0,1.0,1.0,0.9375,shared
n21655,3,0.75,1.0,1.0,1.0,0.9375,shared
n21656,4,1.0,1.0,1.0,1.0,1.0,shared
n21657,4,1.0,1.0,1.0,1.0,1.0,shared
n21658,4,1.0,1.0,1.0,1.0,1.0,shared
n21659,4,1.0,1.0,1.0,1.0,1.0,shared
n21660,3,0.75,1.0,1.0,1.0,0.9375,shared
n21661,4,1.0,1.0,1.0,1.0,1.0,shared
n21662,3,0.75,1.0,1.0,1.0,0.9375,shared
n21663,4,1.0,1.0,1.0,1.0,1.0,shared
n21664,4,1.0,1.0,1.0,1.0,1.0,shared
n21665,3,0.75,1.0,1.0,1.0,0.9375,shared
n21666,4,1.0,1.0,1.0,1.0,1.0,shared
n21667,3,0.75,1.0,1.0,1.0,0.9375,shared
n21668,4,1.0,1.0,1.0,1.0,1.0,shared
n21669,3,0.75,1.0,0.5,1.0,0.8125,shared
n21670,4,1.0,0.5,0.5,1.0,0.75,shared
n21671,4,1.0,1.0,1.0,1.0,1.0,shared
n21672,3,0.75,1.0,1.0,1.0,0.9375,shared
n21673,4,1.0,1.0,1.0,1.0,1.0,shared
n21674,4,1.0,1.0,1.0,1.0,1.0,shared
n21675,4,1.0,1.0,1.0,1.0,1.0,shared
n21676,4,1.0,1.0,1.0,1.0,1.0,shared
n21677,4,1.0,1.0,0.5,1.0,0.875,shared
n21678,4,1.0,1.0,1.0,1.0,1.0,shared
n21679,4,1.0,1.0,1.0,1.0,1.0,shared
n21680,4,1.0,1.0,1.0,1.0,1.0,shared
n21681,4,1.0,1.0,1.0,1.0,1.0,shared
n21682,4,1.0,1.0,1.0,1.0,1.0,shared
n21683,4,1.0,0.36363636363636365,0.36363636363636365,1.0,0.6818181818181819,shared
n21684,4,1.0,1.0,1.0,1.0,1.0,shared
n21685,4,1.0,1.0,1.0,1.0,1.0,shared
n21686,4,1.0,1.0,1.0,1.0,1.0,shared
n21687,3,0.75,1.0,1.0,1.0,0.9375,shared
n21688,4,1.0,1.0,1.0,1.0,1.0,shared
n21689,4,1.0,1.0,1.0,1.0,1.0,shared
n21690,4,1.0,1.0,1.0,1.0,1.0,shared
n21691,4,1.0,1.0,1.0,1.0,1.0,shared
n21692,3,0.75,1.0,1.0,1.0,0.9375,shared
n21693,4,1.0,1.0,1.0,1.0,1.0,shared
n21694,4,1.0,1.0,1.0,1.0,1.0,shared
n21695,4,1.0,1.0,1.0,1.0,1.0,shared
n21696,4,1.0,1.0,1.0,1.0,1.0,shared
n21697,4,1.0,1.0,1.0,1.0,1.0,shared
n21698,4,1.0,1.0,1.0,1.0,1.0,shared
n21699,4,1.0,1.0,1.0,1.0,1.0,shared
n21700,4,1.0,1.0,1.0,1.0,1.0,shared
n21701,4,1.0,1.0,1.0,1.0,1.0,shared
n21702,4,1.0,1.0,1.0,1.0,1.0,shared
n21703,3,0.75,1.0,1.0,1.0,0.9375,shared
n21704,4,1.0,1.0,1.0,1.0,1.0,shared
n21705,4,1.0,1.0,1.0,1.0,1.0,shared
n21706,4,1.0,1.0,1.0,1.0,1.0,shared
n21707,4,1.0,1.0,1.0,1.0,1.0,shared
n21708,4,1.0,1.0,1.0,1.0,1.0,shared
n21709,4,1.0,1.0,1.0,1.0,1.0,shared
n21710,3,0.75,1.0,1.0,1.0,0.9375,shared
n21711,4,1.0,1.0,1.0,1.0,1.0,shared
n21712,4,1.0,0.5555555555555556,0.6111111111111112,1.0,0.7916666666666667,shared
n21713,3,0.75,1.0,1.0,1.0,0.9375,shared
n21714,4,1.0,1.0,1.0,1.0,1.0,shared
n21715,4,1.0,1.0,1.0,1.0,1.0,shared
n21716,4,1.0,1.0,1.0,1.0,1.0,shared
n21717,4,1.0,1.0,1.0,1.0,1.0,shared
n21718,4,1.0,1.0,1.0,1.0,1.0,shared
n21719,4,1.0,1.0,1.0,1.0,1.0,shared
n21720,4,1.0,1.0,1.0,1.0,1.0,shared
n21721,4,1.0,1.0,1.0,1.0,1.0,shared
n21722,4,1.0,1.0,1.0,1.0,1.0,shared
n21723,4,1.0,1.0,1.0,1.0,1.0,shared
n21724,4,1.0,1.0,1.0,1.0,1.0,shared
n21725,4,1.0,1.0,1.0,1.0,1.0,shared
n21726,4,1.0,1.0,1.0,1.0,1.0,shared
n21727,4,1.0,1.0,0.5,1.0,0.875,shared
n21728,3,0.75,1.0,1.0,1.0,0.9375,shared
n21729,4,1.0,1.0,1.0,1.0,1.0,shared
n21730,4,1.0,1.0,1.0,1.0,1.0,shared
n21731,4,1.0,1.0,1.0,1.0,1.0,shared
n21732,4,1.0,0.5714285714285714,1.0,1.0,0.8928571428571428,shared
n21733,4,1.0,0.5,0.5,1.0,0.75,shared
n21734,4,1.0,1.0,1.0,1.0,1.0,shared
n21735,4,1.0,1.0,1.0,1.0,1.0,shared
n21736,4,1.0,1.0,1.0,1.0,1.0,shared
n21737,4,1.0,1.0,1.0,1.0,1.0,shared
n21738,4,1.0,1.0,1.0,1.0,1.0,shared
n21739,3,0.75,1.0,1.0,1.0,0.9375,shared
n21740,4,1.0,1.0,1.0,1.0,1.0,shared
n21741,4,1.0,1.0,1.0,1.0,1.0,shared
n21742,4,1.0,0.5,0.5,1.0,0.75,shared
n21743,4,1.0,1.0,1.0,1.0,1.0,shared
n21744,4,1.0,1.0,1.0,1.0,1.0,shared
n21745,4,1.0,1.0,1.0,1.0,1.0,shared
n21746,4,1.0,1.0,1.0,1.0,1.0,shared
n21747,4,1.0,1.0,1.0,1.0,1.0,shared
n21748,4,1.0,1.0,1.0,1.0,1.0,shared
n21749,4,1.0,1.0,1.0,1.0,1.0,shared
n21750,3,0.75,1.0,1.0,1.0,0.9375,shared
n21751,4,1.0,1.0,1.0,1.0,1.0,shared
n21752,4,1.0,1.0,1.0,1.0,1.0,shared
n21753,4,1.0,1.0,1.0,1.0,1.0,shared
n21754,4,1.0,1.0,1.0,1.0,1.0,shared
n21755,4,1.0,1.0,1.0,1.0,1.0,shared
n21756,3,0.75,1.0,1.0,1.0,0.9375,shared
n21757,3,0.75,1.0,1.0,1.0,0.9375,shared
n21758,4,1.0,1.0,1.0,1.0,1.0,shared
n21759,4,1.0,1.0,1.0,1.0,1.0,shared
n21760,4,1.0,1.0,1.0,1.0,1.0,shared
n21761,4,1.0,1.0,1.0,1.0,1.0,shared
n21762,4,1.0,1.0,1.0,1.0,1.0,shared
n21763,3,0.75,1.0,1.0,1.0,0.9375,shared
n21764,4,1.0,1.0,1.0,1.0,1.0,shared
n21765,4,1.0,1.0,1.0,1.0,1.0,shared
n21766,4,1.0,1.0,1.0,1.0,1.0,shared
n21767,4,1.0,1.0,1.0,1.0,1.0,shared
n21768,4,1.0,1.0,1.0,1.0,1.0,shared
n21769,3,0.75,1.0,1.0,1.0,0.9375,shared
n21770,4,1.0,1.0,1.0,1.0,1.0,shared
n21771,4,1.0,1.0,1.0,1.0,1.0,shared
n21772,4,1.0,1.0,1.0,1.0,1.0,shared
n21773,4,1.0,1.0,1.0,1.0,1.0,shared
n21774,4,1.0,1.0,1.0,1.0,1.0,shared
n21775,3,0.75,1.0,1.0,1.0,0.9375,shared
n21776,4,1.0,1.0,1.0,1.0,1.0,shared
n21777,4,1.0,0.5,0.5,1.0,0.75,shared
n21778,3,0.75,1.0,1.0,1.0,0.9375,shared
n21779,4,1.0,0.5714285714285714,0.5714285714285714,1.0,0.7857142857142857,shared
n21780,4,1.0,1.0,1.0,1.0,1.0,shared
n21781,4,1.0,1.0,1.0,1.0,1.0,shared
n21782,4,1.0,1.0,1.0,1.0,1.0,shared
n21783,4,1.0,1.0,1.0,1.0,1.0,shared
n21784,4,1.0,1.0,1.0,1.0,1.0,shared
n21785,4,1.0,1.0,1.0,1.0,1.0,shared
n21786,4,1.0,1.0,1.0,1.0,1.0,shared
n21787,4,1.0,1.0,1.0,1.0,1.0,shared
n21788,4,1.0,1.0,1.0,1.0,1.0,shared
n21789,4,1.0,1.0,1.0,1.0,1.0,shared
n21790,4,1.0,1.0,1.0,1.0,1.0,shared
n21791,4,1.0,1.0,1.0,1.0,1.0,shared
n21792,3,0.75,1.0,1.0,1.0,0.9375,shared
n21793,4,1.0,1.0,1.0,1.0,1.0,shared
n21794,4,1.0,1.0,1.0,1.0,1.0,shared
n21795,3,0.75,1.0,1.0,1.0,0.9375,shared
n21796,4,1.0,1.0,1.0,1.0,1.0,shared
n21797,4,1.0,1.0,1.0,1.0,1.0,shared
n21798,4,1.0,1.0,1.0,1.0,1.0,shared
n21799,4,1.0,1.0,1.0,1.0,1.0,shared
n21800,4,1.0,1.0,1.0,1.0,1.0,shared
n21801,4,1.0,1.0,1.0,1.0,1.0,shared
n21802,4,1.0,1.0,1.0,1.0,1.0,shared
n21803,4,1.0,1.0,1.0,1.0,1.0,shared
n21804,3,0.75,1.0,1.0,1.0,0.9375,shared
n21805,4,1.0,1.0,1.0,1.0,1.0,shared
n21806,4,1.0,1.0,1.0,1.0,1.0,shared
n21807,4,1.0,1.0,1.0,1.0,1.0,shared
n21808,3,0.75,1.0,1.0,1.0,0.9375,shared
n21809,4,1.0,1.0,1.0,1.0,1.0,shared
n21810,4,1.0,1.0,1.0,1.0,1.0,shared
n21811,4,1.0,1.0,1.0,1.0,1.0,shared
n21812,4,1.0,1.0,1.0,1.0,1.0,shared
n21813,4,1.0,1.0,1.0,1.0,1.0,shared
n21814,4,1.0,1.0,1.0,1.0,1.0,shared
n21815,3,0.75,1.0,1.0,1.0,0.9375,shared
n21816,4,1.0,1.0,1.0,1.0,1.0,shared
n21817,4,1.0,1.0,1.0,1.0,1.0,shared
n21818,3,0.75,1.0,1.0,1.0,0.9375,shared
n21819,4,1.0,1.0,1.0,1.0,1.0,shared
n21820,4,1.0,1.0,1.0,1.0,1.0,shared
n21821,3,0.75,1.0,1.0,1.0,0.9375,shared
n21822,4,1.0,1.0,1.0,1.0,1.0,shared
n21823,4,1.0,1.0,1.0,1.0,1.0,shared
n21824,3,0.75,1.0,1.0,1.0,0.9375,shared
n21825,4,1.0,1.0,1.0,1.0,1.0,shared
n21826,4,1.0,1.0,1.0,1.0,1.0,shared
n21827,4,1.0,1.0,1.0,1.0,1.0,shared
n21828,4,1.0,1.0,1.0,1.0,1.0,shared
n21829,4,1.0,1.0,1.0,1.0,1.0,shared
n21830,4,1.0,1.0,1.0,1.0,1.0,shared
n21831,4,1.0,1.0,1.0,1.0,1.0,shared
n21832,4,1.0,1.0,1.0,1.0,1.0,shared
n21833,4,1.0,1.0,1.0,1.0,1.0,shared
n21834,4,1.0,1.0,1.0,1.0,1.0,shared
n21835,4,1.0,1.0,1.0,1.0,1.0,shared
n21836,3,0.75,1.0,1.0,1.0,0.9375,shared
n21837,4,1.0,1.0,1.0,1.0,1.0,shared
n21838,4,1.0,1.0,1.0,1.0,1.0,shared
n21839,4,1.0,1.0,1.0,1.0,1.0,shared
n21840,4,1.0,0.5,0.5,1.0,0.75,shared
n21841,4,1.0,1.0,1.0,1.0,1.0,shared
n21842,4,1.0,1.0,1.0,1.0,1.0,shared
n21843,3,0.75,1.0,1.0,1.0,0.9375,shared
n21844,4,1.0,1.0,1.0,1.0,1.0,shared
n21845,4,1.0,1.0,1.0,1.0,1.0,shared
n21846,4,1.0,1.0,1.0,1.0,1.0,shared
n21847,4,1.0,1.0,1.0,1.0,1.0,shared
n21848,4,1.0,1.0,1.0,1.0,1.0,shared
n21849,1,0.25,1.0,1.0,1.0,0.8125,rescued_private
n21850,3,0.75,1.0,1.0,1.0,0.9375,shared
n21851,4,1.0,1.0,1.0,1.0,1.0,shared
n21852,4,1.0,1.0,1.0,1.0,1.0,shared
n21853,4,1.0,1.0,1.0,1.0,1.0,shared
n21854,4,1.0,1.0,1.0,1.0,1.0,shared
n21855,4,1.0,1.0,1.0,1.0,1.0,shared
n21856,4,1.0,1.0,1.0,1.0,1.0,shared
n21857,3,0.75,1.0,1.0,1.0,0.9375,shared
n21858,4,1.0,1.0,1.0,1.0,1.0,shared
n21859,4,1.0,1.0,1.0,1.0,1.0,shared
n21860,4,1.0,1.0,1.0,1.0,1.0,shared
n21861,3,0.75,1.0,1.0,1.0,0.9375,shared
n21862,4,1.0,1.0,1.0,1.0,1.0,shared
n21863,3,0.75,1.0,1.0,1.0,0.9375,shared
n21864,4,1.0,1.0,1.0,1.0,1.0,shared
n21865,4,1.0,1.0,1.0,1.0,1.0,shared
n21866,4,1.0,1.0,1.0,1.0,1.0,shared
n21867,3,0.75,1.0,1.0,1.0,0.9375,shared
n21868,4,1.0,1.0,1.0,1.0,1.0,shared
n21869,4,1.0,1.0,1.0,1.0,1.0,shared
n21870,4,1.0,1.0,1.0,1.0,1.0,shared
n21871,3,0.75,1.0,1.0,1.0,0.9375,shared
n21872,3,0.75,0.5,1.0,1.0,0.8125,shared
n21873,4,1.0,1.0,1.0,1.0,1.0,shared
n21874,4,1.0,1.0,1.0,1.0,1.0,shared
n21875,4,1.0,0.5714285714285714,0.5714285714285714,1.0,0.7857142857142857,shared
n21876,3,0.75,1.0,1.0,1.0,0.9375,shared
n21877,4,1.0,1.0,1.0,1.0,1.0,shared
n21878,4,1.0,1.0,1.0,1.0,1.0,shared
n21879,4,1.0,1.0,1.0,1.0,1.0,shared
n21880,4,1.0,1.0,1.0,1.0,1.0,shared
n21881,4,1.0,1.0,1.0,1.0,1.0,shared
n21882,4,1.0,1.0,1.0,1.0,1.0,shared
n21883,4,1.0,1.0,1.0,1.0,1.0,shared
n21884,4,1.0,1.0,1.0,1.0,1.0,shared
n21885,4,1.0,1.0,1.0,1.0,1.0,shared
n21886,4,1.0,1.0,1.0,1.0,1.0,shared
n21887,4,1.0,1.0,1.0,1.0,1.0,shared
n21888,4,1.0,1.0,1.0,1.0,1.0,shared
n21889,4,1.0,1.0,1.0,1.0,1.0,shared
n21890,4,1.0,1.0,1.0,1.0,1.0,shared
n21891,4,1.0,1.0,1.0,1.0,1.0,shared
n21892,4,1.0,1.0,1.0,1.0,1.0,shared
n21893,4,1.0,1.0,1.0,1.0,1.0,shared
n21894,3,0.75,1.0,1.0,1.0,0.9375,shared
n21895,4,1.0,1.0,1.0,1.0,1.0,shared
n21896,4,1.0,1.0,1.0,1.0,1.0,shared
n21897,4,1.0,1.0,1.0,1.0,1.0,shared
n21898,4,1.0,0.3333333333333333,0.3333333333333333,1.0,0.6666666666666666,shared
n21899,4,1.0,1.0,1.0,1.0,1.0,shared
n21900,4,1.0,0.5,0.5,1.0,0.75,shared
n21901,4,1.0,1.0,1.0,1.0,1.0,shared
n21902,4,1.0,1.0,1.0,1.0,1.0,shared
n21903,3,0.75,1.0,1.0,1.0,0.9375,shared
n21904,4,1.0,1.0,1.0,1.0,1.0,shared
n21905,4,1.0,1.0,1.0,1.0,1.0,shared
n21906,4,1.0,1.0,1.0,1.0,1.0,shared
n21907,4,1.0,0.36363636363636365,0.6363636363636364,1.0,0.75,shared
n21908,4,1.0,0.5714285714285714,0.5714285714285714,1.0,0.7857142857142857,shared
n21909,3,0.75,1.0,1.0,1.0,0.9375,shared
n21910,4,1.0,1.0,1.0,1.0,1.0,shared
n21911,4,1.0,0.5714285714285714,0.5714285714285714,1.0,0.7857142857142857,shared
n21912,4,1.0,1.0,1.0,1.0,1.0,shared
n21913,4,1.0,0.2857142857142857,0.2857142857142857,1.0,0.6428571428571428,shared
